image_id,source,group,class,x1,y1,x2,y2,width,height,area,aspect,min_side,small,tiny,elongated,edge
0001388270-Raw01-f_00001.jpg,numeric,0001388270,zonglie,3153.0,1473.0,3184.0,2037.0,31.0,564.0,17484.0,18.193548387096776,31.0,0,0,1,0
0001388270-Raw01-f_00001.jpg,numeric,0001388270,jiaza,1148.0,2178.0,1191.0,2335.0,43.0,157.0,6751.0,3.6511627906976742,43.0,0,0,0,0
0001388270-Raw01-f_00001.jpg,numeric,0001388270,zonglie,3155.0,1080.0,3185.0,1343.0,30.0,263.0,7890.0,8.766666666666667,30.0,0,0,1,0
0001388609-Raw00-f_00007.jpg,numeric,0001388609,mamianmakeng,1459.0,1524.0,1502.0,1561.0,43.0,37.0,1591.0,1.162162162162162,37.0,0,0,0,0
0001389370-Raw01-f_00002.jpg,numeric,0001389370,zonglie,1915.0,512.0,1959.0,1447.0,44.0,935.0,41140.0,21.25,44.0,0,0,1,0
0001389370-Raw01-f_00002.jpg,numeric,0001389370,zonglie,1939.0,1594.0,1957.0,1699.0,18.0,105.0,1890.0,5.833333333333333,18.0,0,0,1,0
0001389511-Raw02-f_00002.jpg,numeric,0001389511,yanghuatiepi,2856.0,1290.0,2874.0,1333.0,18.0,43.0,774.0,2.388888888888889,18.0,0,0,0,0
0001389511-Raw02-f_00002.jpg,numeric,0001389511,yanghuatiepi,2634.0,848.0,2651.0,905.0,17.0,57.0,969.0,3.3529411764705883,17.0,0,0,0,0
0001389511-Raw02-f_00002.jpg,numeric,0001389511,yanghuatiepi,2868.0,269.0,2918.0,327.0,50.0,58.0,2900.0,1.16,50.0,0,0,0,0
0001389511-Raw02-f_00002.jpg,numeric,0001389511,yanghuatiepi,2357.0,205.0,2791.0,712.0,434.0,507.0,220038.0,1.1682027649769586,434.0,0,0,0,0
0001389511-Raw02-f_00002.jpg,numeric,0001389511,yanghuatiepi,2356.0,2866.0,2410.0,2904.0,54.0,38.0,2052.0,1.4210526315789473,38.0,0,0,0,0
0001389511-Raw02-f_00002.jpg,numeric,0001389511,yanghuatiepi,2972.0,1283.0,3030.0,1331.0,58.0,48.0,2784.0,1.2083333333333333,48.0,0,0,0,0
0001389516-Raw01-f_00002.jpg,numeric,0001389516,zonglie,1021.0,308.0,1067.0,1463.0,46.0,1155.0,53130.0,25.108695652173914,46.0,0,0,1,0
0001390648-Raw01-f_00002.jpg,numeric,0001390648,yanghuatiepi,2936.0,2530.0,2958.0,2588.0,22.0,58.0,1276.0,2.6363636363636362,22.0,0,0,0,0
0001390648-Raw01-f_00005.jpg,numeric,0001390648,yanghuatiepi,1462.0,2074.0,1493.0,2113.0,31.0,39.0,1209.0,1.2580645161290323,31.0,0,0,0,0
0001390648-Raw01-f_00006.jpg,numeric,0001390648,yanghuatiepi,1946.0,1401.0,1993.0,1424.0,47.0,23.0,1081.0,2.0434782608695654,23.0,0,0,0,0
0001395654-Raw01-f_00004.jpg,numeric,0001395654,zonglie,360.0,1849.0,419.0,3000.0,59.0,1151.0,67909.0,19.508474576271187,59.0,0,0,1,1
0001396042-Raw01-f_00001.jpg,numeric,0001396042,zonglie,1283.0,817.0,1351.0,3000.0,68.0,2183.0,148444.0,32.10294117647059,68.0,0,0,1,1
0001396586-Raw00-f_00001.jpg,numeric,0001396586,yanghuatiepi,3872.0,2834.0,3905.0,2861.0,33.0,27.0,891.0,1.2222222222222223,27.0,0,0,0,0
0001396586-Raw00-f_00001.jpg,numeric,0001396586,yanghuatiepi,2230.0,236.0,2259.0,255.0,29.0,19.0,551.0,1.5263157894736843,19.0,0,0,0,0
0001396586-Raw00-f_00001.jpg,numeric,0001396586,yanghuatiepi,2284.0,1512.0,2346.0,1539.0,62.0,27.0,1674.0,2.2962962962962963,27.0,0,0,0,0
0001396586-Raw01-f_00000.jpg,numeric,0001396586,yanghuatiepi,2228.0,2710.0,2300.0,2805.0,72.0,95.0,6840.0,1.3194444444444444,72.0,0,0,0,0
0001396714-Raw00-f_00002.jpg,numeric,0001396714,yanghuatiepi,875.0,544.0,913.0,600.0,38.0,56.0,2128.0,1.4736842105263157,38.0,0,0,0,0
0001396714-Raw00-f_00002.jpg,numeric,0001396714,jiaza,1551.0,1013.0,1959.0,1942.0,408.0,929.0,379032.0,2.2769607843137254,408.0,0,0,0,0
0001396714-Raw00-f_00004.jpg,numeric,0001396714,jiaza,2024.0,1.0,2127.0,504.0,103.0,503.0,51809.0,4.883495145631068,103.0,0,0,0,1
0001396714-Raw00-f_00008.jpg,numeric,0001396714,yanghuatiepi,1655.0,102.0,1692.0,134.0,37.0,32.0,1184.0,1.15625,32.0,0,0,0,0
0001396894-Raw00-f_00002.jpg,numeric,0001396894,yanghuatiepi,2804.0,1729.0,2864.0,1768.0,60.0,39.0,2340.0,1.5384615384615385,39.0,0,0,0,0
0001397421-Raw01-f_00009.jpg,numeric,0001397421,mamianmakeng,1332.0,870.0,1439.0,999.0,107.0,129.0,13803.0,1.205607476635514,107.0,0,0,0,0
0001398404-Raw01-f_00003.jpg,numeric,0001398404,yanghuatiepi,3118.0,2022.0,3211.0,2110.0,93.0,88.0,8184.0,1.0568181818181819,88.0,0,0,0,0
0001399164-Raw00-f_00007.jpg,numeric,0001399164,mamianmakeng,1193.0,1899.0,1217.0,1925.0,24.0,26.0,624.0,1.0833333333333333,24.0,0,0,0,0
0001399164-Raw01-f_00006.jpg,numeric,0001399164,mamianmakeng,2111.0,1816.0,2145.0,1862.0,34.0,46.0,1564.0,1.3529411764705883,34.0,0,0,0,0
0001399164-Raw02-f_00005.jpg,numeric,0001399164,mamianmakeng,2460.0,787.0,2497.0,820.0,37.0,33.0,1221.0,1.121212121212121,33.0,0,0,0,0
0001399164-Raw02-f_00005.jpg,numeric,0001399164,mamianmakeng,3462.0,2892.0,3505.0,2939.0,43.0,47.0,2021.0,1.0930232558139534,43.0,0,0,0,0
0001399164-Raw03-f_00005.jpg,numeric,0001399164,mamianmakeng,995.0,1541.0,1017.0,1569.0,22.0,28.0,616.0,1.2727272727272727,22.0,0,0,0,0
0001399164-Raw03-f_00005.jpg,numeric,0001399164,mamianmakeng,591.0,1351.0,618.0,1379.0,27.0,28.0,756.0,1.037037037037037,27.0,0,0,0,0
0001399164-Raw03-f_00005.jpg,numeric,0001399164,mamianmakeng,816.0,1313.0,831.0,1330.0,15.0,17.0,255.0,1.1333333333333333,15.0,1,0,0,0
0001399164-Raw03-f_00005.jpg,numeric,0001399164,mamianmakeng,583.0,1855.0,605.0,1882.0,22.0,27.0,594.0,1.2272727272727273,22.0,0,0,0,0
0001399164-Raw03-f_00005.jpg,numeric,0001399164,mamianmakeng,1534.0,1575.0,1556.0,1595.0,22.0,20.0,440.0,1.1,20.0,0,0,0,0
0001399164-Raw03-f_00005.jpg,numeric,0001399164,mamianmakeng,248.0,1099.0,270.0,1120.0,22.0,21.0,462.0,1.0476190476190477,21.0,0,0,0,0
0001399652-Raw01-f_00006.jpg,numeric,0001399652,zonglie,1407.0,7.0,1440.0,1478.0,33.0,1471.0,48543.0,44.57575757575758,33.0,0,0,1,1
0001399652-Raw01-f_00006.jpg,numeric,0001399652,zonglie,1411.0,1616.0,1440.0,1857.0,29.0,241.0,6989.0,8.310344827586206,29.0,0,0,1,0
0001399652-Raw01-f_00008.jpg,numeric,0001399652,zonglie,1434.0,2601.0,1465.0,2958.0,31.0,357.0,11067.0,11.516129032258064,31.0,0,0,1,0
0001399652-Raw01-f_00008.jpg,numeric,0001399652,zonglie,1420.0,2.0,1467.0,2425.0,47.0,2423.0,113881.0,51.5531914893617,47.0,0,0,1,1
0001399652-Raw01-f_00008.jpg,numeric,0001399652,zonglie,1417.0,2468.0,1442.0,2547.0,25.0,79.0,1975.0,3.16,25.0,0,0,0,0
0001399899-Raw01-f_00009.jpg,numeric,0001399899,zonglie,3784.0,1830.0,3825.0,2742.0,41.0,912.0,37392.0,22.24390243902439,41.0,0,0,1,0
0001399899-Raw01-f_00009.jpg,numeric,0001399899,zonglie,3779.0,884.0,3814.0,1327.0,35.0,443.0,15505.0,12.657142857142857,35.0,0,0,1,0
0001399899-Raw01-f_00009.jpg,numeric,0001399899,zonglie,3788.0,1414.0,3814.0,1479.0,26.0,65.0,1690.0,2.5,26.0,0,0,0,0
0001400153-Raw00-f_00008.jpg,numeric,0001400153,mamianmakeng,2564.0,2015.0,2644.0,2071.0,80.0,56.0,4480.0,1.4285714285714286,56.0,0,0,0,0
0001400153-Raw00-f_00008.jpg,numeric,0001400153,mamianmakeng,1646.0,780.0,1710.0,835.0,64.0,55.0,3520.0,1.1636363636363636,55.0,0,0,0,0
0001400157-Raw02-f_00002.jpg,numeric,0001400157,mamianmakeng,3122.0,1629.0,3158.0,1647.0,36.0,18.0,648.0,2.0,18.0,0,0,0,0
0001400157-Raw02-f_00002.jpg,numeric,0001400157,mamianmakeng,3430.0,1091.0,3477.0,1111.0,47.0,20.0,940.0,2.35,20.0,0,0,0,0
0001400157-Raw02-f_00002.jpg,numeric,0001400157,mamianmakeng,1756.0,1452.0,1787.0,1473.0,31.0,21.0,651.0,1.4761904761904763,21.0,0,0,0,0
0001400157-Raw02-f_00002.jpg,numeric,0001400157,mamianmakeng,3401.0,786.0,3437.0,805.0,36.0,19.0,684.0,1.894736842105263,19.0,0,0,0,0
0001400157-Raw02-f_00002.jpg,numeric,0001400157,mamianmakeng,1324.0,1158.0,1347.0,1169.0,23.0,11.0,253.0,2.090909090909091,11.0,1,0,0,0
0001400157-Raw02-f_00002.jpg,numeric,0001400157,mamianmakeng,2958.0,1341.0,2981.0,1356.0,23.0,15.0,345.0,1.5333333333333334,15.0,1,0,0,0
0001400157-Raw02-f_00002.jpg,numeric,0001400157,mamianmakeng,3312.0,1268.0,3340.0,1283.0,28.0,15.0,420.0,1.8666666666666667,15.0,1,0,0,0
0001400157-Raw02-f_00002.jpg,numeric,0001400157,yanghuatiepi,2527.0,1769.0,2559.0,1785.0,32.0,16.0,512.0,2.0,16.0,0,0,0,0
0001400160-Raw00-f_00000.jpg,numeric,0001400160,mamianmakeng,1748.0,2899.0,1782.0,2924.0,34.0,25.0,850.0,1.36,25.0,0,0,0,0
0001400160-Raw00-f_00000.jpg,numeric,0001400160,mamianmakeng,1863.0,2932.0,1886.0,2950.0,23.0,18.0,414.0,1.2777777777777777,18.0,0,0,0,0
0001400160-Raw00-f_00000.jpg,numeric,0001400160,mamianmakeng,2002.0,2858.0,2028.0,2870.0,26.0,12.0,312.0,2.1666666666666665,12.0,1,0,0,0
0001400160-Raw02-f_00006.jpg,numeric,0001400160,yanghuatiepi,1184.0,974.0,1201.0,1003.0,17.0,29.0,493.0,1.7058823529411764,17.0,0,0,0,0
0001400164-Raw01-f_00008.jpg,numeric,0001400164,mamianmakeng,3865.0,1904.0,3942.0,1965.0,77.0,61.0,4697.0,1.2622950819672132,61.0,0,0,0,0
0001400164-Raw02-f_00006.jpg,numeric,0001400164,mamianmakeng,2933.0,351.0,2975.0,379.0,42.0,28.0,1176.0,1.5,28.0,0,0,0,0
0001400164-Raw02-f_00006.jpg,numeric,0001400164,mamianmakeng,3617.0,1298.0,3655.0,1320.0,38.0,22.0,836.0,1.7272727272727273,22.0,0,0,0,0
0001400164-Raw02-f_00006.jpg,numeric,0001400164,mamianmakeng,3667.0,2258.0,3715.0,2287.0,48.0,29.0,1392.0,1.6551724137931034,29.0,0,0,0,0
0001400164-Raw02-f_00006.jpg,numeric,0001400164,mamianmakeng,2129.0,2467.0,2152.0,2485.0,23.0,18.0,414.0,1.2777777777777777,18.0,0,0,0,0
0001400164-Raw02-f_00006.jpg,numeric,0001400164,mamianmakeng,3005.0,1500.0,3029.0,1525.0,24.0,25.0,600.0,1.0416666666666667,24.0,0,0,0,0
0001400164-Raw02-f_00006.jpg,numeric,0001400164,mamianmakeng,2835.0,712.0,2860.0,731.0,25.0,19.0,475.0,1.3157894736842106,19.0,0,0,0,0
0001400164-Raw02-f_00008.jpg,numeric,0001400164,mamianmakeng,461.0,1890.0,533.0,1949.0,72.0,59.0,4248.0,1.2203389830508475,59.0,0,0,0,0
0001400164-Raw03-f_00006.jpg,numeric,0001400164,mamianmakeng,1853.0,1257.0,1890.0,1280.0,37.0,23.0,851.0,1.608695652173913,23.0,0,0,0,0
0001400164-Raw03-f_00006.jpg,numeric,0001400164,mamianmakeng,854.0,771.0,916.0,818.0,62.0,47.0,2914.0,1.3191489361702127,47.0,0,0,0,0
0001400164-Raw03-f_00006.jpg,numeric,0001400164,mamianmakeng,165.0,2261.0,212.0,2289.0,47.0,28.0,1316.0,1.6785714285714286,28.0,0,0,0,0
0001400164-Raw03-f_00006.jpg,numeric,0001400164,mamianmakeng,117.0,1302.0,154.0,1326.0,37.0,24.0,888.0,1.5416666666666667,24.0,0,0,0,0
0001400164-Raw03-f_00006.jpg,numeric,0001400164,mamianmakeng,1915.0,2732.0,1939.0,2754.0,24.0,22.0,528.0,1.0909090909090908,22.0,0,0,0,0
0001400165-Raw00-f_00005.jpg,numeric,0001400165,mamianmakeng,1962.0,289.0,2027.0,330.0,65.0,41.0,2665.0,1.5853658536585367,41.0,0,0,0,0
0001400165-Raw00-f_00005.jpg,numeric,0001400165,mamianmakeng,1030.0,1288.0,1052.0,1306.0,22.0,18.0,396.0,1.2222222222222223,18.0,0,0,0,0
0001400166-Raw00-f_00006.jpg,numeric,0001400166,gunyin,2560.0,1520.0,2615.0,1539.0,55.0,19.0,1045.0,2.8947368421052633,19.0,0,0,0,0
0001400166-Raw00-f_00006.jpg,numeric,0001400166,mamianmakeng,2962.0,1516.0,2994.0,1539.0,32.0,23.0,736.0,1.391304347826087,23.0,0,0,0,0
0001400166-Raw01-f_00001.jpg,numeric,0001400166,mamianmakeng,3712.0,1930.0,3741.0,1976.0,29.0,46.0,1334.0,1.5862068965517242,29.0,0,0,0,0
0001400166-Raw01-f_00001.jpg,numeric,0001400166,yiwuyaru,3648.0,2607.0,3688.0,2651.0,40.0,44.0,1760.0,1.1,40.0,0,0,0,0
0001400166-Raw01-f_00002.jpg,numeric,0001400166,mamianmakeng,3340.0,450.0,3376.0,482.0,36.0,32.0,1152.0,1.125,32.0,0,0,0,0
0001400166-Raw01-f_00002.jpg,numeric,0001400166,mamianmakeng,4025.0,156.0,4051.0,182.0,26.0,26.0,676.0,1.0,26.0,0,0,0,0
0001400166-Raw01-f_00002.jpg,numeric,0001400166,mamianmakeng,3364.0,1417.0,3391.0,1441.0,27.0,24.0,648.0,1.125,24.0,0,0,0,0
0001400264-Raw03-f_00009.jpg,numeric,0001400264,jieba,1108.0,2.0,1213.0,118.0,105.0,116.0,12180.0,1.1047619047619048,105.0,0,0,0,1
0001401010-Raw02-f_00003.jpg,numeric,0001401010,jieba,1161.0,907.0,1189.0,1004.0,28.0,97.0,2716.0,3.4642857142857144,28.0,0,0,0,0
0001401010-Raw02-f_00003.jpg,numeric,0001401010,jieba,1142.0,1502.0,1189.0,1661.0,47.0,159.0,7473.0,3.382978723404255,47.0,0,0,0,0
0001401010-Raw02-f_00003.jpg,numeric,0001401010,jieba,1160.0,2765.0,1199.0,2880.0,39.0,115.0,4485.0,2.948717948717949,39.0,0,0,0,0
0001401415-Raw02-f_00006.jpg,numeric,0001401415,mamianmakeng,165.0,2796.0,228.0,2840.0,63.0,44.0,2772.0,1.4318181818181819,44.0,0,0,0,0
0001401945-Raw02-f_00004.jpg,numeric,0001401945,jieba,3759.0,1104.0,3797.0,1205.0,38.0,101.0,3838.0,2.6578947368421053,38.0,0,0,0,0
0001402648-Raw01-f_00004.jpg,numeric,0001402648,yanghuatiepi,1219.0,177.0,1270.0,221.0,51.0,44.0,2244.0,1.1590909090909092,44.0,0,0,0,0
0001402648-Raw01-f_00004.jpg,numeric,0001402648,yanghuatiepi,2505.0,971.0,2569.0,1004.0,64.0,33.0,2112.0,1.9393939393939394,33.0,0,0,0,0
0001402648-Raw01-f_00007.jpg,numeric,0001402648,yanghuatiepi,2597.0,515.0,2619.0,540.0,22.0,25.0,550.0,1.1363636363636365,22.0,0,0,0,0
0001403861-Raw01-f_00005.jpg,numeric,0001403861,zonglie,2349.0,1.0,2394.0,1785.0,45.0,1784.0,80280.0,39.644444444444446,45.0,0,0,1,1
0001403861-Raw01-f_00005.jpg,numeric,0001403861,zonglie,2319.0,1877.0,2349.0,1986.0,30.0,109.0,3270.0,3.6333333333333333,30.0,0,0,0,0
0001404083-Raw01-f_00010.jpg,numeric,0001404083,jiaza,25.0,1923.0,84.0,2164.0,59.0,241.0,14219.0,4.084745762711864,59.0,0,0,0,0
0001404083-Raw03-f_00003.jpg,numeric,0001404083,yanghuatiepi,2556.0,2904.0,2594.0,2932.0,38.0,28.0,1064.0,1.3571428571428572,28.0,0,0,0,0
0001404083-Raw03-f_00003.jpg,numeric,0001404083,yanghuatiepi,2752.0,2912.0,2795.0,2953.0,43.0,41.0,1763.0,1.048780487804878,41.0,0,0,0,0
0001404083-Raw03-f_00003.jpg,numeric,0001404083,yanghuatiepi,2624.0,83.0,2764.0,1403.0,140.0,1320.0,184800.0,9.428571428571429,140.0,0,0,1,0
0001404284-Raw01-f_00002.jpg,numeric,0001404284,zonglie,833.0,300.0,873.0,1445.0,40.0,1145.0,45800.0,28.625,40.0,0,0,1,0
0001404284-Raw01-f_00002.jpg,numeric,0001404284,zonglie,801.0,1713.0,872.0,2998.0,71.0,1285.0,91235.0,18.098591549295776,71.0,0,0,1,1
0001404284-Raw01-f_00002.jpg,numeric,0001404284,zonglie,826.0,113.0,853.0,237.0,27.0,124.0,3348.0,4.592592592592593,27.0,0,0,0,0
0001404397-Raw00-f_00011.jpg,numeric,0001404397,mamianmakeng,1618.0,1515.0,1653.0,1540.0,35.0,25.0,875.0,1.4,25.0,0,0,0,0
0001404397-Raw00-f_00011.jpg,numeric,0001404397,mamianmakeng,2895.0,1883.0,2968.0,1943.0,73.0,60.0,4380.0,1.2166666666666666,60.0,0,0,0,0
0001404397-Raw00-f_00011.jpg,numeric,0001404397,mamianmakeng,1460.0,2311.0,1505.0,2344.0,45.0,33.0,1485.0,1.3636363636363635,33.0,0,0,0,0
0001404397-Raw00-f_00011.jpg,numeric,0001404397,mamianmakeng,1236.0,1915.0,1265.0,1939.0,29.0,24.0,696.0,1.2083333333333333,24.0,0,0,0,0
0001404397-Raw00-f_00011.jpg,numeric,0001404397,mamianmakeng,1974.0,1687.0,2012.0,1740.0,38.0,53.0,2014.0,1.394736842105263,38.0,0,0,0,0
0001404397-Raw00-f_00011.jpg,numeric,0001404397,mamianmakeng,2255.0,2296.0,2309.0,2343.0,54.0,47.0,2538.0,1.148936170212766,47.0,0,0,0,0
0001404397-Raw00-f_00011.jpg,numeric,0001404397,mamianmakeng,2737.0,2435.0,2759.0,2457.0,22.0,22.0,484.0,1.0,22.0,0,0,0,0
0001404397-Raw00-f_00011.jpg,numeric,0001404397,mamianmakeng,2499.0,2080.0,2521.0,2103.0,22.0,23.0,506.0,1.0454545454545454,22.0,0,0,0,0
0001404397-Raw00-f_00011.jpg,numeric,0001404397,mamianmakeng,2557.0,2468.0,2584.0,2493.0,27.0,25.0,675.0,1.08,25.0,0,0,0,0
0001404397-Raw00-f_00011.jpg,numeric,0001404397,mamianmakeng,3012.0,1958.0,3040.0,1998.0,28.0,40.0,1120.0,1.4285714285714286,28.0,0,0,0,0
0001404397-Raw00-f_00011.jpg,numeric,0001404397,mamianmakeng,1824.0,2179.0,1852.0,2206.0,28.0,27.0,756.0,1.037037037037037,27.0,0,0,0,0
0001404397-Raw00-f_00011.jpg,numeric,0001404397,mamianmakeng,2219.0,1696.0,2246.0,1718.0,27.0,22.0,594.0,1.2272727272727273,22.0,0,0,0,0
0001404397-Raw00-f_00011.jpg,numeric,0001404397,mamianmakeng,3307.0,1798.0,3327.0,1824.0,20.0,26.0,520.0,1.3,20.0,0,0,0,0
0001404397-Raw00-f_00011.jpg,numeric,0001404397,mamianmakeng,2818.0,2472.0,2836.0,2492.0,18.0,20.0,360.0,1.1111111111111112,18.0,0,0,0,0
0001404397-Raw00-f_00011.jpg,numeric,0001404397,mamianmakeng,2903.0,2117.0,2930.0,2140.0,27.0,23.0,621.0,1.173913043478261,23.0,0,0,0,0
0001404397-Raw00-f_00011.jpg,numeric,0001404397,mamianmakeng,2285.0,2155.0,2310.0,2178.0,25.0,23.0,575.0,1.0869565217391304,23.0,0,0,0,0
0001404398-Raw00-f_00001.jpg,numeric,0001404398,mamianmakeng,3317.0,2559.0,3356.0,2596.0,39.0,37.0,1443.0,1.054054054054054,37.0,0,0,0,0
0001404398-Raw00-f_00001.jpg,numeric,0001404398,mamianmakeng,3195.0,1436.0,3233.0,1462.0,38.0,26.0,988.0,1.4615384615384615,26.0,0,0,0,0
0001404398-Raw00-f_00001.jpg,numeric,0001404398,mamianmakeng,3558.0,2259.0,3591.0,2292.0,33.0,33.0,1089.0,1.0,33.0,0,0,0,0
0001404398-Raw00-f_00001.jpg,numeric,0001404398,mamianmakeng,1756.0,918.0,1788.0,936.0,32.0,18.0,576.0,1.7777777777777777,18.0,0,0,0,0
0001404398-Raw00-f_00001.jpg,numeric,0001404398,mamianmakeng,1406.0,1307.0,1453.0,1354.0,47.0,47.0,2209.0,1.0,47.0,0,0,0,0
0001404398-Raw00-f_00001.jpg,numeric,0001404398,mamianmakeng,3057.0,1682.0,3082.0,1700.0,25.0,18.0,450.0,1.3888888888888888,18.0,0,0,0,0
0001404398-Raw01-f_00001.jpg,numeric,0001404398,mamianmakeng,1357.0,1812.0,1399.0,1849.0,42.0,37.0,1554.0,1.135135135135135,37.0,0,0,0,0
0001404398-Raw01-f_00001.jpg,numeric,0001404398,mamianmakeng,2240.0,1385.0,2267.0,1409.0,27.0,24.0,648.0,1.125,24.0,0,0,0,0
0001404398-Raw01-f_00001.jpg,numeric,0001404398,mamianmakeng,155.0,2269.0,189.0,2302.0,34.0,33.0,1122.0,1.0303030303030303,33.0,0,0,0,0
0001404398-Raw01-f_00002.jpg,numeric,0001404398,mamianmakeng,1514.0,123.0,1549.0,150.0,35.0,27.0,945.0,1.2962962962962963,27.0,0,0,0,0
0001405563-Raw01-f_00010.jpg,numeric,0001405563,zonglie,2012.0,1882.0,2062.0,2627.0,50.0,745.0,37250.0,14.9,50.0,0,0,1,0
0001405563-Raw01-f_00010.jpg,numeric,0001405563,zonglie,2028.0,2711.0,2060.0,2890.0,32.0,179.0,5728.0,5.59375,32.0,0,0,1,0
0001405587-Raw01-f_00004.jpg,numeric,0001405587,zonglie,4008.0,2518.0,4055.0,2998.0,47.0,480.0,22560.0,10.212765957446809,47.0,0,0,1,1
0001405587-Raw01-f_00005.jpg,numeric,0001405587,zonglie,4017.0,1.0,4057.0,417.0,40.0,416.0,16640.0,10.4,40.0,0,0,1,1
0001406455-Raw02-f_00007.jpg,numeric,0001406455,yiwuyaru,457.0,872.0,491.0,907.0,34.0,35.0,1190.0,1.0294117647058822,34.0,0,0,0,0
0001406455-Raw02-f_00007.jpg,numeric,0001406455,yiwuyaru,1376.0,1430.0,1414.0,1457.0,38.0,27.0,1026.0,1.4074074074074074,27.0,0,0,0,0
0001406455-Raw02-f_00007.jpg,numeric,0001406455,yiwuyaru,1369.0,436.0,1401.0,465.0,32.0,29.0,928.0,1.103448275862069,29.0,0,0,0,0
0001406455-Raw02-f_00007.jpg,numeric,0001406455,yiwuyaru,473.0,750.0,501.0,779.0,28.0,29.0,812.0,1.0357142857142858,28.0,0,0,0,0
0001406455-Raw02-f_00007.jpg,numeric,0001406455,yiwuyaru,1375.0,1365.0,1397.0,1380.0,22.0,15.0,330.0,1.4666666666666666,15.0,1,0,0,0
0001406455-Raw02-f_00007.jpg,numeric,0001406455,yiwuyaru,1371.0,1483.0,1388.0,1492.0,17.0,9.0,153.0,1.8888888888888888,9.0,1,0,0,0
0001408907-Raw00-f_00010.jpg,numeric,0001408907,mamianmakeng,1920.0,2444.0,1953.0,2470.0,33.0,26.0,858.0,1.2692307692307692,26.0,0,0,0,0
0001408907-Raw00-f_00010.jpg,numeric,0001408907,mamianmakeng,1986.0,2647.0,2013.0,2668.0,27.0,21.0,567.0,1.2857142857142858,21.0,0,0,0,0
0001408907-Raw00-f_00010.jpg,numeric,0001408907,mamianmakeng,4078.0,1257.0,4093.0,1278.0,15.0,21.0,315.0,1.4,15.0,1,0,0,1
0001408907-Raw00-f_00011.jpg,numeric,0001408907,mamianmakeng,2526.0,1237.0,2552.0,1258.0,26.0,21.0,546.0,1.2380952380952381,21.0,0,0,0,0
0001408913-Raw00-f_00013.jpg,numeric,0001408913,mamianmakeng,1660.0,1156.0,1684.0,1176.0,24.0,20.0,480.0,1.2,20.0,0,0,0,0
0001408913-Raw00-f_00013.jpg,numeric,0001408913,mamianmakeng,1572.0,1362.0,1601.0,1384.0,29.0,22.0,638.0,1.3181818181818181,22.0,0,0,0,0
0001408913-Raw00-f_00013.jpg,numeric,0001408913,mamianmakeng,2024.0,716.0,2043.0,731.0,19.0,15.0,285.0,1.2666666666666666,15.0,1,0,0,0
0001408913-Raw00-f_00013.jpg,numeric,0001408913,mamianmakeng,1298.0,923.0,1310.0,935.0,12.0,12.0,144.0,1.0,12.0,1,0,0,0
0001408913-Raw00-f_00013.jpg,numeric,0001408913,mamianmakeng,1149.0,570.0,1168.0,587.0,19.0,17.0,323.0,1.1176470588235294,17.0,0,0,0,0
0001408913-Raw00-f_00013.jpg,numeric,0001408913,mamianmakeng,1084.0,856.0,1103.0,878.0,19.0,22.0,418.0,1.1578947368421053,19.0,0,0,0,0
0001408913-Raw00-f_00013.jpg,numeric,0001408913,mamianmakeng,1392.0,702.0,1418.0,718.0,26.0,16.0,416.0,1.625,16.0,0,0,0,0
0001408913-Raw00-f_00013.jpg,numeric,0001408913,mamianmakeng,1245.0,1247.0,1269.0,1269.0,24.0,22.0,528.0,1.0909090909090908,22.0,0,0,0,0
0001408913-Raw00-f_00013.jpg,numeric,0001408913,mamianmakeng,1548.0,1017.0,1560.0,1030.0,12.0,13.0,156.0,1.0833333333333333,12.0,1,0,0,0
0001408913-Raw00-f_00013.jpg,numeric,0001408913,mamianmakeng,2045.0,330.0,2060.0,343.0,15.0,13.0,195.0,1.1538461538461537,13.0,1,0,0,0
0001408914-Raw00-f_00000.jpg,numeric,0001408914,mamianmakeng,1849.0,2333.0,1886.0,2349.0,37.0,16.0,592.0,2.3125,16.0,0,0,0,0
0001408915-Raw00-f_00003.jpg,numeric,0001408915,mamianmakeng,1091.0,2588.0,1118.0,2610.0,27.0,22.0,594.0,1.2272727272727273,22.0,0,0,0,0
0001408915-Raw00-f_00003.jpg,numeric,0001408915,mamianmakeng,1001.0,2433.0,1071.0,2463.0,70.0,30.0,2100.0,2.3333333333333335,30.0,0,0,0,0
0001408915-Raw00-f_00004.jpg,numeric,0001408915,mamianmakeng,3817.0,1100.0,3843.0,1121.0,26.0,21.0,546.0,1.2380952380952381,21.0,0,0,0,0
0001408915-Raw00-f_00009.jpg,numeric,0001408915,mamianmakeng,1847.0,1387.0,1888.0,1419.0,41.0,32.0,1312.0,1.28125,32.0,0,0,0,0
0001408915-Raw00-f_00009.jpg,numeric,0001408915,mamianmakeng,2095.0,210.0,2127.0,240.0,32.0,30.0,960.0,1.0666666666666667,30.0,0,0,0,0
0001408915-Raw00-f_00009.jpg,numeric,0001408915,mamianmakeng,1660.0,824.0,1686.0,845.0,26.0,21.0,546.0,1.2380952380952381,21.0,0,0,0,0
0001408915-Raw00-f_00009.jpg,numeric,0001408915,mamianmakeng,1425.0,2123.0,1446.0,2148.0,21.0,25.0,525.0,1.1904761904761905,21.0,0,0,0,0
0001408915-Raw00-f_00009.jpg,numeric,0001408915,mamianmakeng,2981.0,2584.0,3000.0,2599.0,19.0,15.0,285.0,1.2666666666666666,15.0,1,0,0,0
0001408915-Raw00-f_00009.jpg,numeric,0001408915,mamianmakeng,2851.0,1473.0,2874.0,1495.0,23.0,22.0,506.0,1.0454545454545454,22.0,0,0,0,0
0001408915-Raw00-f_00009.jpg,numeric,0001408915,mamianmakeng,1748.0,574.0,1770.0,596.0,22.0,22.0,484.0,1.0,22.0,0,0,0,0
0001408915-Raw00-f_00009.jpg,numeric,0001408915,mamianmakeng,2677.0,1013.0,2698.0,1028.0,21.0,15.0,315.0,1.4,15.0,1,0,0,0
0001408915-Raw00-f_00009.jpg,numeric,0001408915,mamianmakeng,2647.0,859.0,2673.0,873.0,26.0,14.0,364.0,1.8571428571428572,14.0,1,0,0,0
0001408915-Raw00-f_00009.jpg,numeric,0001408915,mamianmakeng,2956.0,2496.0,2973.0,2518.0,17.0,22.0,374.0,1.2941176470588236,17.0,0,0,0,0
0001408915-Raw00-f_00009.jpg,numeric,0001408915,mamianmakeng,3051.0,675.0,3073.0,692.0,22.0,17.0,374.0,1.2941176470588236,17.0,0,0,0,0
0001408915-Raw00-f_00009.jpg,numeric,0001408915,mamianmakeng,2848.0,1484.0,2876.0,1504.0,28.0,20.0,560.0,1.4,20.0,0,0,0,0
0001408915-Raw00-f_00010.jpg,numeric,0001408915,mamianmakeng,2154.0,923.0,2177.0,942.0,23.0,19.0,437.0,1.2105263157894737,19.0,0,0,0,0
0001408915-Raw00-f_00010.jpg,numeric,0001408915,mamianmakeng,3877.0,385.0,3896.0,408.0,19.0,23.0,437.0,1.2105263157894737,19.0,0,0,0,0
0001408916-Raw00-f_00004.jpg,numeric,0001408916,mamianmakeng,1285.0,2939.0,1316.0,2977.0,31.0,38.0,1178.0,1.2258064516129032,31.0,0,0,0,0
0001408916-Raw01-f_00005.jpg,numeric,0001408916,mamianmakeng,141.0,1892.0,172.0,1920.0,31.0,28.0,868.0,1.1071428571428572,28.0,0,0,0,0
0001408916-Raw01-f_00005.jpg,numeric,0001408916,mamianmakeng,1837.0,2294.0,1876.0,2327.0,39.0,33.0,1287.0,1.1818181818181819,33.0,0,0,0,0
0001408916-Raw01-f_00005.jpg,numeric,0001408916,mamianmakeng,1796.0,1748.0,1831.0,1788.0,35.0,40.0,1400.0,1.1428571428571428,35.0,0,0,0,0
0001408916-Raw01-f_00005.jpg,numeric,0001408916,mamianmakeng,164.0,634.0,202.0,675.0,38.0,41.0,1558.0,1.0789473684210527,38.0,0,0,0,0
0001408917-Raw00-f_00008.jpg,numeric,0001408917,mamianmakeng,2032.0,2249.0,2054.0,2269.0,22.0,20.0,440.0,1.1,20.0,0,0,0,0
0001408917-Raw00-f_00008.jpg,numeric,0001408917,mamianmakeng,3967.0,2568.0,3993.0,2591.0,26.0,23.0,598.0,1.1304347826086956,23.0,0,0,0,0
0001408917-Raw00-f_00008.jpg,numeric,0001408917,mamianmakeng,3321.0,2616.0,3345.0,2628.0,24.0,12.0,288.0,2.0,12.0,1,0,0,0
0001408917-Raw00-f_00008.jpg,numeric,0001408917,mamianmakeng,3127.0,2883.0,3144.0,2897.0,17.0,14.0,238.0,1.2142857142857142,14.0,1,0,0,0
0001408917-Raw00-f_00008.jpg,numeric,0001408917,mamianmakeng,2094.0,2315.0,2113.0,2332.0,19.0,17.0,323.0,1.1176470588235294,17.0,0,0,0,0
0001408917-Raw00-f_00008.jpg,numeric,0001408917,mamianmakeng,2273.0,2687.0,2297.0,2706.0,24.0,19.0,456.0,1.263157894736842,19.0,0,0,0,0
0001408917-Raw02-f_00008.jpg,numeric,0001408917,mamianmakeng,1.0,2184.0,62.0,2252.0,61.0,68.0,4148.0,1.1147540983606556,61.0,0,0,0,1
0001408917-Raw02-f_00008.jpg,numeric,0001408917,mamianmakeng,465.0,2198.0,505.0,2239.0,40.0,41.0,1640.0,1.025,40.0,0,0,0,0
0001408917-Raw02-f_00008.jpg,numeric,0001408917,mamianmakeng,140.0,2033.0,165.0,2051.0,25.0,18.0,450.0,1.3888888888888888,18.0,0,0,0,0
0001408917-Raw02-f_00008.jpg,numeric,0001408917,mamianmakeng,925.0,1693.0,956.0,1716.0,31.0,23.0,713.0,1.3478260869565217,23.0,0,0,0,0
0001408918-Raw01-f_00001.jpg,numeric,0001408918,mamianmakeng,2586.0,2706.0,2615.0,2735.0,29.0,29.0,841.0,1.0,29.0,0,0,0,0
0001408918-Raw01-f_00001.jpg,numeric,0001408918,mamianmakeng,1193.0,2786.0,1223.0,2822.0,30.0,36.0,1080.0,1.2,30.0,0,0,0,0
0001408918-Raw01-f_00001.jpg,numeric,0001408918,mamianmakeng,2907.0,2746.0,2933.0,2773.0,26.0,27.0,702.0,1.0384615384615385,26.0,0,0,0,0
0001408918-Raw01-f_00001.jpg,numeric,0001408918,mamianmakeng,2923.0,1216.0,2948.0,1234.0,25.0,18.0,450.0,1.3888888888888888,18.0,0,0,0,0
0001408918-Raw01-f_00002.jpg,numeric,0001408918,mamianmakeng,2673.0,1484.0,2715.0,1518.0,42.0,34.0,1428.0,1.2352941176470589,34.0,0,0,0,0
0001408918-Raw01-f_00002.jpg,numeric,0001408918,mamianmakeng,2033.0,977.0,2055.0,998.0,22.0,21.0,462.0,1.0476190476190477,21.0,0,0,0,0
0001408918-Raw01-f_00002.jpg,numeric,0001408918,mamianmakeng,2632.0,1541.0,2656.0,1558.0,24.0,17.0,408.0,1.411764705882353,17.0,0,0,0,0
0001408918-Raw01-f_00002.jpg,numeric,0001408918,mamianmakeng,258.0,490.0,293.0,510.0,35.0,20.0,700.0,1.75,20.0,0,0,0,0
0001408918-Raw01-f_00002.jpg,numeric,0001408918,mamianmakeng,3025.0,1506.0,3044.0,1522.0,19.0,16.0,304.0,1.1875,16.0,0,0,0,0
0001408921-Raw00-f_00010.jpg,numeric,0001408921,mamianmakeng,2316.0,365.0,2340.0,386.0,24.0,21.0,504.0,1.1428571428571428,21.0,0,0,0,0
0001408921-Raw00-f_00010.jpg,numeric,0001408921,mamianmakeng,2508.0,2183.0,2530.0,2211.0,22.0,28.0,616.0,1.2727272727272727,22.0,0,0,0,0
0001408921-Raw00-f_00010.jpg,numeric,0001408921,mamianmakeng,3490.0,2391.0,3508.0,2406.0,18.0,15.0,270.0,1.2,15.0,1,0,0,0
0001408921-Raw00-f_00010.jpg,numeric,0001408921,mamianmakeng,3250.0,337.0,3273.0,354.0,23.0,17.0,391.0,1.3529411764705883,17.0,0,0,0,0
0001410086-Raw01-f_00004.jpg,numeric,0001410086,mamianmakeng,2290.0,299.0,2337.0,347.0,47.0,48.0,2256.0,1.0212765957446808,47.0,0,0,0,0
0001410086-Raw01-f_00004.jpg,numeric,0001410086,mamianmakeng,1640.0,578.0,1705.0,667.0,65.0,89.0,5785.0,1.3692307692307693,65.0,0,0,0,0
0001410086-Raw01-f_00004.jpg,numeric,0001410086,mamianmakeng,2115.0,22.0,2156.0,55.0,41.0,33.0,1353.0,1.2424242424242424,33.0,0,0,0,0
0001410086-Raw02-f_00000.jpg,numeric,0001410086,mamianmakeng,3000.0,2923.0,3142.0,3000.0,142.0,77.0,10934.0,1.844155844155844,77.0,0,0,0,1
0001410086-Raw02-f_00003.jpg,numeric,0001410086,mamianmakeng,404.0,2510.0,436.0,2537.0,32.0,27.0,864.0,1.1851851851851851,27.0,0,0,0,0
0001410086-Raw02-f_00003.jpg,numeric,0001410086,mamianmakeng,2214.0,2514.0,2246.0,2562.0,32.0,48.0,1536.0,1.5,32.0,0,0,0,0
0001410225-Raw02-f_00006.jpg,numeric,0001410225,mamianmakeng,860.0,1571.0,899.0,1604.0,39.0,33.0,1287.0,1.1818181818181819,33.0,0,0,0,0
0001410225-Raw02-f_00006.jpg,numeric,0001410225,mamianmakeng,1457.0,1698.0,1473.0,1718.0,16.0,20.0,320.0,1.25,16.0,0,0,0,0
0001411186-Raw02-f_00004.jpg,numeric,0001411186,zonglie,1346.0,805.0,1395.0,1691.0,49.0,886.0,43414.0,18.081632653061224,49.0,0,0,1,0
0001411271-Raw01-f_00004.jpg,numeric,0001411271,zonglie,4046.0,1654.0,4096.0,3000.0,50.0,1346.0,67300.0,26.92,50.0,0,0,1,1
0001411271-Raw01-f_00005.jpg,numeric,0001411271,zonglie,4056.0,1.0,4095.0,617.0,39.0,616.0,24024.0,15.794871794871796,39.0,0,0,1,1
0001411271-Raw02-f_00005.jpg,numeric,0001411271,zonglie,632.0,1.0,671.0,583.0,39.0,582.0,22698.0,14.923076923076923,39.0,0,0,1,1
0001412099-Raw03-f_00006.jpg,numeric,0001412099,jieba,1868.0,783.0,1892.0,830.0,24.0,47.0,1128.0,1.9583333333333333,24.0,0,0,0,0
0001412099-Raw03-f_00006.jpg,numeric,0001412099,jieba,1871.0,964.0,1893.0,1006.0,22.0,42.0,924.0,1.9090909090909092,22.0,0,0,0,0
0001412099-Raw03-f_00006.jpg,numeric,0001412099,jieba,1867.0,865.0,1891.0,888.0,24.0,23.0,552.0,1.0434782608695652,23.0,0,0,0,0
0001412099-Raw03-f_00006.jpg,numeric,0001412099,jieba,1870.0,1021.0,1894.0,1164.0,24.0,143.0,3432.0,5.958333333333333,24.0,0,0,1,0
0001412099-Raw03-f_00006.jpg,numeric,0001412099,jieba,1871.0,1186.0,1894.0,1238.0,23.0,52.0,1196.0,2.260869565217391,23.0,0,0,0,0
0001412099-Raw03-f_00006.jpg,numeric,0001412099,jieba,1869.0,314.0,1894.0,741.0,25.0,427.0,10675.0,17.08,25.0,0,0,1,0
0001412099-Raw03-f_00006.jpg,numeric,0001412099,jieba,1867.0,1273.0,1891.0,1311.0,24.0,38.0,912.0,1.5833333333333333,24.0,0,0,0,0
0001412099-Raw03-f_00006.jpg,numeric,0001412099,jieba,1862.0,1366.0,1895.0,1390.0,33.0,24.0,792.0,1.375,24.0,0,0,0,0
0001412099-Raw03-f_00006.jpg,numeric,0001412099,jieba,1862.0,1405.0,1891.0,1427.0,29.0,22.0,638.0,1.3181818181818181,22.0,0,0,0,0
0001412099-Raw03-f_00006.jpg,numeric,0001412099,jieba,1864.0,1469.0,1894.0,1539.0,30.0,70.0,2100.0,2.3333333333333335,30.0,0,0,0,0
0001412099-Raw03-f_00006.jpg,numeric,0001412099,jieba,1863.0,1557.0,1893.0,1578.0,30.0,21.0,630.0,1.4285714285714286,21.0,0,0,0,0
0001412099-Raw03-f_00006.jpg,numeric,0001412099,jieba,1867.0,1750.0,1892.0,1776.0,25.0,26.0,650.0,1.04,25.0,0,0,0,0
0001412099-Raw03-f_00006.jpg,numeric,0001412099,jieba,1870.0,1846.0,1893.0,2147.0,23.0,301.0,6923.0,13.08695652173913,23.0,0,0,1,0
0001412099-Raw03-f_00006.jpg,numeric,0001412099,jieba,1865.0,2611.0,1890.0,2747.0,25.0,136.0,3400.0,5.44,25.0,0,0,1,0
0001412099-Raw03-f_00006.jpg,numeric,0001412099,jieba,1866.0,2790.0,1892.0,2847.0,26.0,57.0,1482.0,2.1923076923076925,26.0,0,0,0,0
0001412099-Raw03-f_00006.jpg,numeric,0001412099,jieba,1866.0,2850.0,1891.0,2992.0,25.0,142.0,3550.0,5.68,25.0,0,0,1,1
0001412099-Raw03-f_00006.jpg,numeric,0001412099,jieba,1864.0,2318.0,1891.0,2544.0,27.0,226.0,6102.0,8.37037037037037,27.0,0,0,1,0
0001412163-Raw01-f_00004.jpg,numeric,0001412163,yiwuyaru,2890.0,2059.0,2927.0,2092.0,37.0,33.0,1221.0,1.121212121212121,33.0,0,0,0,0
0001412163-Raw01-f_00004.jpg,numeric,0001412163,mamianmakeng,3341.0,2335.0,3368.0,2362.0,27.0,27.0,729.0,1.0,27.0,0,0,0,0
0001412682-Raw03-f_00008.jpg,numeric,0001412682,mamianmakeng,1694.0,560.0,1720.0,608.0,26.0,48.0,1248.0,1.8461538461538463,26.0,0,0,0,0
0001412925-Raw02-f_00008.jpg,numeric,0001412925,mamianmakeng,2140.0,2856.0,2164.0,2884.0,24.0,28.0,672.0,1.1666666666666667,24.0,0,0,0,0
0001412925-Raw02-f_00009.jpg,numeric,0001412925,mamianmakeng,265.0,446.0,310.0,484.0,45.0,38.0,1710.0,1.1842105263157894,38.0,0,0,0,0
0001412925-Raw02-f_00009.jpg,numeric,0001412925,mamianmakeng,872.0,2913.0,915.0,2969.0,43.0,56.0,2408.0,1.302325581395349,43.0,0,0,0,0
0001412925-Raw02-f_00009.jpg,numeric,0001412925,mamianmakeng,2263.0,2728.0,2285.0,2751.0,22.0,23.0,506.0,1.0454545454545454,22.0,0,0,0,0
0001412925-Raw02-f_00009.jpg,numeric,0001412925,mamianmakeng,3350.0,1498.0,3383.0,1528.0,33.0,30.0,990.0,1.1,30.0,0,0,0,0
0001412925-Raw02-f_00009.jpg,numeric,0001412925,mamianmakeng,650.0,1024.0,677.0,1049.0,27.0,25.0,675.0,1.08,25.0,0,0,0,0
0001412925-Raw02-f_00009.jpg,numeric,0001412925,mamianmakeng,2860.0,2071.0,2879.0,2085.0,19.0,14.0,266.0,1.3571428571428572,14.0,1,0,0,0
0001412925-Raw02-f_00009.jpg,numeric,0001412925,mamianmakeng,3085.0,2348.0,3102.0,2361.0,17.0,13.0,221.0,1.3076923076923077,13.0,1,0,0,0
0001412925-Raw02-f_00009.jpg,numeric,0001412925,mamianmakeng,2976.0,2281.0,2991.0,2292.0,15.0,11.0,165.0,1.3636363636363635,11.0,1,0,0,0
0001412925-Raw02-f_00009.jpg,numeric,0001412925,mamianmakeng,2273.0,2000.0,2288.0,2020.0,15.0,20.0,300.0,1.3333333333333333,15.0,1,0,0,0
0001412925-Raw02-f_00009.jpg,numeric,0001412925,mamianmakeng,2646.0,1990.0,2656.0,2002.0,10.0,12.0,120.0,1.2,10.0,1,0,0,0
0001412925-Raw02-f_00010.jpg,numeric,0001412925,mamianmakeng,233.0,1.0,301.0,78.0,68.0,77.0,5236.0,1.1323529411764706,68.0,0,0,0,1
0001412925-Raw02-f_00010.jpg,numeric,0001412925,mamianmakeng,3667.0,1229.0,3698.0,1277.0,31.0,48.0,1488.0,1.5483870967741935,31.0,0,0,0,0
0001412925-Raw02-f_00010.jpg,numeric,0001412925,gunyin,1152.0,2180.0,1255.0,2213.0,103.0,33.0,3399.0,3.121212121212121,33.0,0,0,0,0
0001412971-Raw00-f_00014.jpg,numeric,0001412971,mamianmakeng,2352.0,1976.0,2384.0,2000.0,32.0,24.0,768.0,1.3333333333333333,24.0,0,0,0,0
0001412971-Raw00-f_00014.jpg,numeric,0001412971,gunyin,3558.0,1835.0,3605.0,1859.0,47.0,24.0,1128.0,1.9583333333333333,24.0,0,0,0,0
0001412971-Raw02-f_00001.jpg,numeric,0001412971,gunyin,705.0,376.0,814.0,407.0,109.0,31.0,3379.0,3.5161290322580645,31.0,0,0,0,0
0001412971-Raw02-f_00001.jpg,numeric,0001412971,yanghuatiepi,1890.0,2494.0,1924.0,2519.0,34.0,25.0,850.0,1.36,25.0,0,0,0,0
0001412971-Raw02-f_00001.jpg,numeric,0001412971,yanghuatiepi,2732.0,2726.0,2817.0,2750.0,85.0,24.0,2040.0,3.5416666666666665,24.0,0,0,0,0
0001412971-Raw02-f_00001.jpg,numeric,0001412971,yanghuatiepi,1564.0,0.0,1641.0,16.0,77.0,16.0,1232.0,4.8125,16.0,0,0,0,1
0001413817-Raw02-f_00004.jpg,numeric,0001413817,yanghuatiepi,3368.0,1690.0,3412.0,1703.0,44.0,13.0,572.0,3.3846153846153846,13.0,1,0,0,0
0001413853-Raw00-f_00005.jpg,numeric,0001413853,mamianmakeng,3529.0,900.0,3557.0,932.0,28.0,32.0,896.0,1.1428571428571428,28.0,0,0,0,0
0001413853-Raw01-f_00005.jpg,numeric,0001413853,mamianmakeng,97.0,908.0,128.0,941.0,31.0,33.0,1023.0,1.064516129032258,31.0,0,0,0,0
0001413853-Raw01-f_00006.jpg,numeric,0001413853,mamianmakeng,1350.0,253.0,1377.0,282.0,27.0,29.0,783.0,1.0740740740740742,27.0,0,0,0,0
0001414756-Raw01-f_00006.jpg,numeric,0001414756,jiaza,2039.0,1901.0,2108.0,2123.0,69.0,222.0,15318.0,3.217391304347826,69.0,0,0,0,0
0001414921-Raw00-f_00001.jpg,numeric,0001414921,zonglie,1464.0,611.0,1496.0,834.0,32.0,223.0,7136.0,6.96875,32.0,0,0,1,0
0001414921-Raw00-f_00001.jpg,numeric,0001414921,zonglie,1526.0,388.0,1559.0,649.0,33.0,261.0,8613.0,7.909090909090909,33.0,0,0,1,0
0001414933-Raw00-f_00004.jpg,numeric,0001414933,mamianmakeng,2389.0,1428.0,2485.0,1539.0,96.0,111.0,10656.0,1.15625,96.0,0,0,0,0
0001414933-Raw00-f_00004.jpg,numeric,0001414933,zonglie,2861.0,2385.0,2889.0,3000.0,28.0,615.0,17220.0,21.964285714285715,28.0,0,0,1,1
0001414933-Raw00-f_00004.jpg,numeric,0001414933,zonglie,2867.0,2216.0,2892.0,2324.0,25.0,108.0,2700.0,4.32,25.0,0,0,0,0
0001416282-Raw01-f_00004.jpg,numeric,0001416282,mamianmakeng,2065.0,2102.0,2100.0,2136.0,35.0,34.0,1190.0,1.0294117647058822,34.0,0,0,0,0
0001416282-Raw01-f_00004.jpg,numeric,0001416282,mamianmakeng,1690.0,2363.0,1731.0,2398.0,41.0,35.0,1435.0,1.1714285714285715,35.0,0,0,0,0
0001416284-Raw02-f_00005.jpg,numeric,0001416284,mamianmakeng,1086.0,1023.0,1177.0,1079.0,91.0,56.0,5096.0,1.625,56.0,0,0,0,0
0001416284-Raw02-f_00005.jpg,numeric,0001416284,mamianmakeng,1239.0,943.0,1260.0,972.0,21.0,29.0,609.0,1.380952380952381,21.0,0,0,0,0
0001416284-Raw02-f_00005.jpg,numeric,0001416284,mamianmakeng,1346.0,758.0,1376.0,788.0,30.0,30.0,900.0,1.0,30.0,0,0,0,0
0001416364-Raw00-f_00008.jpg,numeric,0001416364,jiaza,4027.0,2616.0,4046.0,2812.0,19.0,196.0,3724.0,10.31578947368421,19.0,0,0,1,0
0001416364-Raw00-f_00008.jpg,numeric,0001416364,jiaza,2892.0,2319.0,2918.0,2468.0,26.0,149.0,3874.0,5.730769230769231,26.0,0,0,1,0
0001416364-Raw00-f_00008.jpg,numeric,0001416364,zonglie,3049.0,2508.0,3075.0,3000.0,26.0,492.0,12792.0,18.923076923076923,26.0,0,0,1,1
0001416364-Raw00-f_00008.jpg,numeric,0001416364,zonglie,2855.0,2367.0,2880.0,2502.0,25.0,135.0,3375.0,5.4,25.0,0,0,1,0
0001416364-Raw00-f_00008.jpg,numeric,0001416364,jiaza,3771.0,2707.0,3784.0,2821.0,13.0,114.0,1482.0,8.76923076923077,13.0,1,0,1,0
0001416364-Raw00-f_00009.jpg,numeric,0001416364,jiaza,2589.0,867.0,2705.0,1225.0,116.0,358.0,41528.0,3.086206896551724,116.0,0,0,0,0
0001416364-Raw00-f_00009.jpg,numeric,0001416364,jiaza,2812.0,1484.0,2847.0,1577.0,35.0,93.0,3255.0,2.657142857142857,35.0,0,0,0,0
0001416364-Raw00-f_00009.jpg,numeric,0001416364,jiaza,2808.0,1283.0,2848.0,1514.0,40.0,231.0,9240.0,5.775,40.0,0,0,1,0
0001416364-Raw00-f_00009.jpg,numeric,0001416364,jiaza,2650.0,1484.0,2688.0,1711.0,38.0,227.0,8626.0,5.973684210526316,38.0,0,0,1,0
0001416364-Raw00-f_00009.jpg,numeric,0001416364,jiaza,2721.0,1658.0,2748.0,1818.0,27.0,160.0,4320.0,5.925925925925926,27.0,0,0,1,0
0001416364-Raw00-f_00009.jpg,numeric,0001416364,jiaza,2888.0,1903.0,2909.0,2015.0,21.0,112.0,2352.0,5.333333333333333,21.0,0,0,1,0
0001416364-Raw00-f_00009.jpg,numeric,0001416364,jiaza,3094.0,1.0,3106.0,54.0,12.0,53.0,636.0,4.416666666666667,12.0,1,0,0,1
0001416364-Raw00-f_00009.jpg,numeric,0001416364,jiaza,3008.0,1190.0,3028.0,1388.0,20.0,198.0,3960.0,9.9,20.0,0,0,1,0
0001416364-Raw00-f_00009.jpg,numeric,0001416364,jiaza,2644.0,1311.0,2682.0,1516.0,38.0,205.0,7790.0,5.394736842105263,38.0,0,0,1,0
0001416364-Raw00-f_00009.jpg,numeric,0001416364,jieba,2579.0,1556.0,2626.0,1641.0,47.0,85.0,3995.0,1.8085106382978724,47.0,0,0,0,0
0001416364-Raw00-f_00009.jpg,numeric,0001416364,jieba,2524.0,1607.0,2555.0,1665.0,31.0,58.0,1798.0,1.8709677419354838,31.0,0,0,0,0
0001416364-Raw00-f_00009.jpg,numeric,0001416364,jieba,2370.0,1748.0,2434.0,1793.0,64.0,45.0,2880.0,1.4222222222222223,45.0,0,0,0,0
0001416364-Raw00-f_00009.jpg,numeric,0001416364,jieba,2842.0,2102.0,2886.0,2142.0,44.0,40.0,1760.0,1.1,40.0,0,0,0,0
0001416364-Raw00-f_00009.jpg,numeric,0001416364,jiaza,2538.0,2090.0,2616.0,2144.0,78.0,54.0,4212.0,1.4444444444444444,54.0,0,0,0,0
0001416364-Raw00-f_00009.jpg,numeric,0001416364,jiaza,2616.0,547.0,2660.0,671.0,44.0,124.0,5456.0,2.8181818181818183,44.0,0,0,0,0
0001416364-Raw01-f_00002.jpg,numeric,0001416364,jiaza,2567.0,1403.0,2586.0,1456.0,19.0,53.0,1007.0,2.789473684210526,19.0,0,0,0,0
0001416364-Raw01-f_00002.jpg,numeric,0001416364,jiaza,37.0,390.0,50.0,447.0,13.0,57.0,741.0,4.384615384615385,13.0,1,0,0,0
0001416364-Raw01-f_00002.jpg,numeric,0001416364,jiaza,2643.0,1666.0,2659.0,1729.0,16.0,63.0,1008.0,3.9375,16.0,0,0,0,0
0001416364-Raw01-f_00002.jpg,numeric,0001416364,jiaza,2589.0,1358.0,2616.0,1456.0,27.0,98.0,2646.0,3.6296296296296298,27.0,0,0,0,0
0001416364-Raw01-f_00002.jpg,numeric,0001416364,yanghuatiepi,371.0,1484.0,405.0,1504.0,34.0,20.0,680.0,1.7,20.0,0,0,0,0
0001416364-Raw01-f_00003.jpg,numeric,0001416364,jiaza,3347.0,2130.0,3362.0,2167.0,15.0,37.0,555.0,2.466666666666667,15.0,1,0,0,0
0001416364-Raw01-f_00003.jpg,numeric,0001416364,jiaza,2462.0,660.0,2483.0,755.0,21.0,95.0,1995.0,4.523809523809524,21.0,0,0,0,0
0001416364-Raw01-f_00005.jpg,numeric,0001416364,jiaza,1286.0,2400.0,1296.0,2446.0,10.0,46.0,460.0,4.6,10.0,1,0,0,0
0001416364-Raw01-f_00005.jpg,numeric,0001416364,jiaza,2224.0,2660.0,2232.0,2706.0,8.0,46.0,368.0,5.75,8.0,1,0,1,0
0001416364-Raw01-f_00005.jpg,numeric,0001416364,jiaza,2038.0,2555.0,2062.0,2679.0,24.0,124.0,2976.0,5.166666666666667,24.0,0,0,1,0
0001416970-Raw01-f_00005.jpg,numeric,0001416970,jiaza,2610.0,2386.0,2627.0,2488.0,17.0,102.0,1734.0,6.0,17.0,0,0,1,0
0001416970-Raw02-f_00003.jpg,numeric,0001416970,jieba,446.0,1369.0,547.0,1429.0,101.0,60.0,6060.0,1.6833333333333333,60.0,0,0,0,0
0001416970-Raw02-f_00003.jpg,numeric,0001416970,jieba,280.0,1360.0,309.0,1401.0,29.0,41.0,1189.0,1.4137931034482758,29.0,0,0,0,0
0001416970-Raw02-f_00003.jpg,numeric,0001416970,jieba,247.0,1252.0,280.0,1282.0,33.0,30.0,990.0,1.1,30.0,0,0,0,0
0001416970-Raw02-f_00003.jpg,numeric,0001416970,jieba,201.0,1122.0,242.0,1162.0,41.0,40.0,1640.0,1.025,40.0,0,0,0,0
0001416970-Raw02-f_00005.jpg,numeric,0001416970,yiwuyaru,3902.0,1000.0,3955.0,1042.0,53.0,42.0,2226.0,1.2619047619047619,42.0,0,0,0,0
0001416970-Raw02-f_00005.jpg,numeric,0001416970,jiaza,2780.0,2704.0,2792.0,2775.0,12.0,71.0,852.0,5.916666666666667,12.0,1,0,1,0
0001417541-Raw00-f_00005.jpg,numeric,0001417541,yiwuyaru,1112.0,20.0,1154.0,188.0,42.0,168.0,7056.0,4.0,42.0,0,0,0,0
0001417541-Raw00-f_00005.jpg,numeric,0001417541,qilie,1084.0,2243.0,1150.0,2400.0,66.0,157.0,10362.0,2.378787878787879,66.0,0,0,0,0
0001417541-Raw02-f_00007.jpg,numeric,0001417541,jieba,3797.0,1742.0,3812.0,1785.0,15.0,43.0,645.0,2.8666666666666667,15.0,1,0,0,0
0001417541-Raw02-f_00007.jpg,numeric,0001417541,jieba,3798.0,1628.0,3824.0,1694.0,26.0,66.0,1716.0,2.5384615384615383,26.0,0,0,0,0
0001417541-Raw02-f_00011.jpg,numeric,0001417541,qilie,3694.0,1295.0,3731.0,1740.0,37.0,445.0,16465.0,12.027027027027026,37.0,0,0,1,0
0001417541-Raw02-f_00011.jpg,numeric,0001417541,qilie,3700.0,2138.0,3730.0,2401.0,30.0,263.0,7890.0,8.766666666666667,30.0,0,0,1,0
0001417541-Raw02-f_00011.jpg,numeric,0001417541,qilie,3707.0,1920.0,3726.0,2072.0,19.0,152.0,2888.0,8.0,19.0,0,0,1,0
0001417541-Raw03-f_00006.jpg,numeric,0001417541,qilie,269.0,578.0,308.0,1023.0,39.0,445.0,17355.0,11.41025641025641,39.0,0,0,1,0
0001417541-Raw03-f_00006.jpg,numeric,0001417541,qilie,260.0,1538.0,294.0,1944.0,34.0,406.0,13804.0,11.941176470588236,34.0,0,0,1,0
0001417541-Raw03-f_00007.jpg,numeric,0001417541,qilie,227.0,1375.0,266.0,1796.0,39.0,421.0,16419.0,10.794871794871796,39.0,0,0,1,0
0001417970-Raw01-f_00004.jpg,numeric,0001417970,zonglie,3619.0,1828.0,3665.0,2702.0,46.0,874.0,40204.0,19.0,46.0,0,0,1,0
0001417980-Raw01-f_00009.jpg,numeric,0001417980,zonglie,804.0,1906.0,846.0,2245.0,42.0,339.0,14238.0,8.071428571428571,42.0,0,0,1,0
0001418428-Raw01-f_00007.jpg,numeric,0001418428,mamianmakeng,3817.0,2060.0,3859.0,2101.0,42.0,41.0,1722.0,1.024390243902439,41.0,0,0,0,0
0001418428-Raw01-f_00008.jpg,numeric,0001418428,mamianmakeng,3525.0,147.0,3562.0,180.0,37.0,33.0,1221.0,1.121212121212121,33.0,0,0,0,0
0001418428-Raw02-f_00008.jpg,numeric,0001418428,mamianmakeng,115.0,133.0,150.0,164.0,35.0,31.0,1085.0,1.1290322580645162,31.0,0,0,0,0
0001418441-Raw00-f_00005.jpg,numeric,0001418441,mamianmakeng,2372.0,2523.0,2407.0,2546.0,35.0,23.0,805.0,1.5217391304347827,23.0,0,0,0,0
0001418441-Raw00-f_00005.jpg,numeric,0001418441,mamianmakeng,3308.0,2347.0,3332.0,2369.0,24.0,22.0,528.0,1.0909090909090908,22.0,0,0,0,0
0001418441-Raw00-f_00005.jpg,numeric,0001418441,mamianmakeng,1444.0,2181.0,1467.0,2204.0,23.0,23.0,529.0,1.0,23.0,0,0,0,0
0001418441-Raw00-f_00005.jpg,numeric,0001418441,mamianmakeng,2539.0,1711.0,2563.0,1728.0,24.0,17.0,408.0,1.411764705882353,17.0,0,0,0,0
0001418441-Raw00-f_00005.jpg,numeric,0001418441,mamianmakeng,2549.0,1636.0,2567.0,1656.0,18.0,20.0,360.0,1.1111111111111112,18.0,0,0,0,0
0001418441-Raw00-f_00005.jpg,numeric,0001418441,mamianmakeng,2018.0,962.0,2039.0,977.0,21.0,15.0,315.0,1.4,15.0,1,0,0,0
0001418441-Raw00-f_00005.jpg,numeric,0001418441,mamianmakeng,3241.0,2086.0,3267.0,2105.0,26.0,19.0,494.0,1.368421052631579,19.0,0,0,0,0
0001418444-Raw00-f_00004.jpg,numeric,0001418444,mamianmakeng,2396.0,40.0,2425.0,68.0,29.0,28.0,812.0,1.0357142857142858,28.0,0,0,0,0
0001418444-Raw01-f_00002.jpg,numeric,0001418444,mamianmakeng,2931.0,2091.0,2984.0,2129.0,53.0,38.0,2014.0,1.394736842105263,38.0,0,0,0,0
0001418444-Raw01-f_00002.jpg,numeric,0001418444,mamianmakeng,3828.0,2177.0,3865.0,2198.0,37.0,21.0,777.0,1.7619047619047619,21.0,0,0,0,0
0001418444-Raw01-f_00002.jpg,numeric,0001418444,mamianmakeng,1054.0,1760.0,1092.0,1775.0,38.0,15.0,570.0,2.533333333333333,15.0,1,0,0,0
0001418444-Raw01-f_00002.jpg,numeric,0001418444,mamianmakeng,4039.0,1285.0,4066.0,1299.0,27.0,14.0,378.0,1.9285714285714286,14.0,1,0,0,0
0001418444-Raw01-f_00002.jpg,numeric,0001418444,mamianmakeng,4054.0,1244.0,4093.0,1261.0,39.0,17.0,663.0,2.2941176470588234,17.0,0,0,0,1
0001418444-Raw01-f_00002.jpg,numeric,0001418444,mamianmakeng,3160.0,2508.0,3191.0,2523.0,31.0,15.0,465.0,2.066666666666667,15.0,1,0,0,0
0001418444-Raw01-f_00002.jpg,numeric,0001418444,mamianmakeng,3422.0,1763.0,3455.0,1776.0,33.0,13.0,429.0,2.5384615384615383,13.0,1,0,0,0
0001418444-Raw01-f_00002.jpg,numeric,0001418444,mamianmakeng,3841.0,2651.0,3865.0,2663.0,24.0,12.0,288.0,2.0,12.0,1,0,0,0
0001418444-Raw01-f_00004.jpg,numeric,0001418444,mamianmakeng,1862.0,197.0,1909.0,224.0,47.0,27.0,1269.0,1.7407407407407407,27.0,0,0,0,0
0001418444-Raw01-f_00004.jpg,numeric,0001418444,mamianmakeng,1455.0,389.0,1489.0,417.0,34.0,28.0,952.0,1.2142857142857142,28.0,0,0,0,0
0001418444-Raw01-f_00004.jpg,numeric,0001418444,mamianmakeng,3929.0,30.0,3946.0,44.0,17.0,14.0,238.0,1.2142857142857142,14.0,1,0,0,0
0001418444-Raw02-f_00002.jpg,numeric,0001418444,mamianmakeng,2115.0,2424.0,2159.0,2448.0,44.0,24.0,1056.0,1.8333333333333333,24.0,0,0,0,0
0001418444-Raw02-f_00002.jpg,numeric,0001418444,mamianmakeng,2315.0,2074.0,2353.0,2095.0,38.0,21.0,798.0,1.8095238095238095,21.0,0,0,0,0
0001418444-Raw02-f_00002.jpg,numeric,0001418444,mamianmakeng,644.0,1234.0,688.0,1253.0,44.0,19.0,836.0,2.3157894736842106,19.0,0,0,0,0
0001418444-Raw02-f_00002.jpg,numeric,0001418444,mamianmakeng,412.0,2168.0,453.0,2191.0,41.0,23.0,943.0,1.7826086956521738,23.0,0,0,0,0
0001418444-Raw02-f_00002.jpg,numeric,0001418444,mamianmakeng,629.0,1275.0,654.0,1290.0,25.0,15.0,375.0,1.6666666666666667,15.0,1,0,0,0
0001418444-Raw02-f_00004.jpg,numeric,0001418444,mamianmakeng,775.0,434.0,833.0,488.0,58.0,54.0,3132.0,1.0740740740740742,54.0,0,0,0,0
0001418444-Raw02-f_00004.jpg,numeric,0001418444,mamianmakeng,1792.0,739.0,1823.0,763.0,31.0,24.0,744.0,1.2916666666666667,24.0,0,0,0,0
0001418444-Raw02-f_00006.jpg,numeric,0001418444,mamianmakeng,692.0,1658.0,742.0,1690.0,50.0,32.0,1600.0,1.5625,32.0,0,0,0,0
0001418444-Raw02-f_00006.jpg,numeric,0001418444,mamianmakeng,795.0,2723.0,828.0,2752.0,33.0,29.0,957.0,1.1379310344827587,29.0,0,0,0,0
0001418444-Raw02-f_00006.jpg,numeric,0001418444,mamianmakeng,430.0,2876.0,458.0,2898.0,28.0,22.0,616.0,1.2727272727272727,22.0,0,0,0,0
0001418444-Raw02-f_00006.jpg,numeric,0001418444,mamianmakeng,727.0,2530.0,746.0,2548.0,19.0,18.0,342.0,1.0555555555555556,18.0,0,0,0,0
0001418444-Raw02-f_00006.jpg,numeric,0001418444,mamianmakeng,2185.0,2741.0,2198.0,2758.0,13.0,17.0,221.0,1.3076923076923077,13.0,1,0,0,0
0001418444-Raw02-f_00006.jpg,numeric,0001418444,mamianmakeng,2152.0,2087.0,2170.0,2104.0,18.0,17.0,306.0,1.0588235294117647,17.0,0,0,0,0
0001418446-Raw00-f_00001.jpg,numeric,0001418446,mamianmakeng,2374.0,1652.0,2436.0,1696.0,62.0,44.0,2728.0,1.4090909090909092,44.0,0,0,0,0
0001418446-Raw00-f_00001.jpg,numeric,0001418446,mamianmakeng,1305.0,2335.0,1328.0,2360.0,23.0,25.0,575.0,1.0869565217391304,23.0,0,0,0,0
0001418446-Raw00-f_00001.jpg,numeric,0001418446,mamianmakeng,3645.0,2137.0,3680.0,2167.0,35.0,30.0,1050.0,1.1666666666666667,30.0,0,0,0,0
0001418446-Raw00-f_00001.jpg,numeric,0001418446,mamianmakeng,2835.0,1621.0,2857.0,1636.0,22.0,15.0,330.0,1.4666666666666666,15.0,1,0,0,0
0001418446-Raw00-f_00001.jpg,numeric,0001418446,mamianmakeng,1477.0,2106.0,1498.0,2128.0,21.0,22.0,462.0,1.0476190476190477,21.0,0,0,0,0
0001418446-Raw00-f_00001.jpg,numeric,0001418446,mamianmakeng,2856.0,1505.0,2881.0,1528.0,25.0,23.0,575.0,1.0869565217391304,23.0,0,0,0,0
0001418446-Raw00-f_00001.jpg,numeric,0001418446,mamianmakeng,1944.0,1537.0,1959.0,1561.0,15.0,24.0,360.0,1.6,15.0,1,0,0,0
0001418446-Raw00-f_00001.jpg,numeric,0001418446,mamianmakeng,2926.0,1490.0,2944.0,1507.0,18.0,17.0,306.0,1.0588235294117647,17.0,0,0,0,0
0001418446-Raw00-f_00001.jpg,numeric,0001418446,mamianmakeng,2711.0,1789.0,2733.0,1808.0,22.0,19.0,418.0,1.1578947368421053,19.0,0,0,0,0
0001418446-Raw00-f_00001.jpg,numeric,0001418446,mamianmakeng,1955.0,1559.0,1977.0,1580.0,22.0,21.0,462.0,1.0476190476190477,21.0,0,0,0,0
0001418446-Raw00-f_00001.jpg,numeric,0001418446,mamianmakeng,2342.0,1860.0,2372.0,1898.0,30.0,38.0,1140.0,1.2666666666666666,30.0,0,0,0,0
0001418446-Raw00-f_00001.jpg,numeric,0001418446,mamianmakeng,3099.0,1793.0,3116.0,1809.0,17.0,16.0,272.0,1.0625,16.0,0,0,0,0
0001418446-Raw00-f_00001.jpg,numeric,0001418446,mamianmakeng,3354.0,1547.0,3368.0,1567.0,14.0,20.0,280.0,1.4285714285714286,14.0,1,0,0,0
0001418446-Raw00-f_00001.jpg,numeric,0001418446,mamianmakeng,3342.0,2706.0,3364.0,2736.0,22.0,30.0,660.0,1.3636363636363635,22.0,0,0,0,0
0001418446-Raw00-f_00002.jpg,numeric,0001418446,mamianmakeng,3773.0,1318.0,3816.0,1355.0,43.0,37.0,1591.0,1.162162162162162,37.0,0,0,0,0
0001418446-Raw00-f_00003.jpg,numeric,0001418446,mamianmakeng,2660.0,2589.0,2700.0,2619.0,40.0,30.0,1200.0,1.3333333333333333,30.0,0,0,0,0
0001418447-Raw01-f_00011.jpg,numeric,0001418447,mamianmakeng,641.0,2083.0,671.0,2101.0,30.0,18.0,540.0,1.6666666666666667,18.0,0,0,0,0
0001418447-Raw01-f_00011.jpg,numeric,0001418447,mamianmakeng,576.0,2065.0,611.0,2092.0,35.0,27.0,945.0,1.2962962962962963,27.0,0,0,0,0
0001419010-Raw01-f_00014.jpg,numeric,0001419010,jiaza,3522.0,180.0,3556.0,427.0,34.0,247.0,8398.0,7.264705882352941,34.0,0,0,1,0
0001419010-Raw01-f_00014.jpg,numeric,0001419010,jiaza,2989.0,1671.0,3021.0,1818.0,32.0,147.0,4704.0,4.59375,32.0,0,0,0,0
0001419010-Raw02-f_00014.jpg,numeric,0001419010,jiaza,102.0,162.0,138.0,409.0,36.0,247.0,8892.0,6.861111111111111,36.0,0,0,1,0
0001420758-Raw01-f_00007.jpg,numeric,0001420758,zonglie,2831.0,318.0,2868.0,559.0,37.0,241.0,8917.0,6.513513513513513,37.0,0,0,1,0
0001420760-Raw01-f_00009.jpg,numeric,0001420760,yanghuatiepi,2114.0,1774.0,2157.0,1870.0,43.0,96.0,4128.0,2.2325581395348837,43.0,0,0,0,0
0001420762-Raw01-f_00006.jpg,numeric,0001420762,yanghuatiepi,2320.0,2191.0,2351.0,2231.0,31.0,40.0,1240.0,1.2903225806451613,31.0,0,0,0,0
0001420762-Raw01-f_00007.jpg,numeric,0001420762,yanghuatiepi,3963.0,995.0,3998.0,1024.0,35.0,29.0,1015.0,1.206896551724138,29.0,0,0,0,0
0001420762-Raw01-f_00007.jpg,numeric,0001420762,yanghuatiepi,3173.0,899.0,3224.0,963.0,51.0,64.0,3264.0,1.2549019607843137,51.0,0,0,0,0
0001420762-Raw02-f_00003.jpg,numeric,0001420762,yanghuatiepi,1941.0,1359.0,1995.0,1395.0,54.0,36.0,1944.0,1.5,36.0,0,0,0,0
0001420762-Raw02-f_00004.jpg,numeric,0001420762,yanghuatiepi,1938.0,2507.0,2011.0,2566.0,73.0,59.0,4307.0,1.2372881355932204,59.0,0,0,0,0
0001420762-Raw02-f_00006.jpg,numeric,0001420762,yanghuatiepi,1648.0,1860.0,1726.0,1920.0,78.0,60.0,4680.0,1.3,60.0,0,0,0,0
0001420776-Raw01-f_00003.jpg,numeric,0001420776,zonglie,967.0,1162.0,1008.0,1380.0,41.0,218.0,8938.0,5.317073170731708,41.0,0,0,1,0
0001420776-Raw01-f_00004.jpg,numeric,0001420776,zonglie,1996.0,2739.0,2037.0,2999.0,41.0,260.0,10660.0,6.341463414634147,41.0,0,0,1,1
0001420776-Raw01-f_00006.jpg,numeric,0001420776,zonglie,857.0,563.0,903.0,824.0,46.0,261.0,12006.0,5.673913043478261,46.0,0,0,1,0
0001420776-Raw02-f_00007.jpg,numeric,0001420776,zonglie,1031.0,2022.0,1065.0,2330.0,34.0,308.0,10472.0,9.058823529411764,34.0,0,0,1,0
0001420777-Raw00-f_00002.jpg,numeric,0001420777,zonglie,1813.0,381.0,1840.0,525.0,27.0,144.0,3888.0,5.333333333333333,27.0,0,0,1,0
0001420777-Raw01-f_00005.jpg,numeric,0001420777,zonglie,1763.0,1328.0,1833.0,1944.0,70.0,616.0,43120.0,8.8,70.0,0,0,1,0
0001420780-Raw00-f_00010.jpg,numeric,0001420780,zonglie,3672.0,2258.0,3709.0,2441.0,37.0,183.0,6771.0,4.945945945945946,37.0,0,0,0,0
0001420781-Raw00-f_00004.jpg,numeric,0001420781,zonglie,3338.0,1345.0,3381.0,1514.0,43.0,169.0,7267.0,3.9302325581395348,43.0,0,0,0,0
0001420781-Raw00-f_00004.jpg,numeric,0001420781,yanghuatiepi,2922.0,2593.0,2938.0,2627.0,16.0,34.0,544.0,2.125,16.0,0,0,0,0
0001420781-Raw01-f_00009.jpg,numeric,0001420781,zonglie,1982.0,1249.0,2022.0,1947.0,40.0,698.0,27920.0,17.45,40.0,0,0,1,0
0001420781-Raw01-f_00009.jpg,numeric,0001420781,yanghuatiepi,405.0,2534.0,434.0,2579.0,29.0,45.0,1305.0,1.5517241379310345,29.0,0,0,0,0
0001420781-Raw01-f_00009.jpg,numeric,0001420781,zonglie,1967.0,1987.0,1993.0,2136.0,26.0,149.0,3874.0,5.730769230769231,26.0,0,0,1,0
0001420781-Raw02-f_00009.jpg,numeric,0001420781,zonglie,585.0,1178.0,634.0,1452.0,49.0,274.0,13426.0,5.591836734693878,49.0,0,0,1,0
0001420781-Raw02-f_00009.jpg,numeric,0001420781,jieba,3228.0,1352.0,3280.0,1395.0,52.0,43.0,2236.0,1.2093023255813953,43.0,0,0,0,0
0001420781-Raw02-f_00009.jpg,numeric,0001420781,yanghuatiepi,2984.0,1763.0,3016.0,1800.0,32.0,37.0,1184.0,1.15625,32.0,0,0,0,0
0001420833-Raw01-f_00003.jpg,numeric,0001420833,mamianmakeng,0.0,1116.0,77.0,1200.0,77.0,84.0,6468.0,1.0909090909090908,77.0,0,0,0,1
0001421035-Raw02-f_00001.jpg,numeric,0001421035,yanghuatiepi,1963.0,2177.0,2018.0,2206.0,55.0,29.0,1595.0,1.896551724137931,29.0,0,0,0,0
0001421035-Raw02-f_00001.jpg,numeric,0001421035,yanghuatiepi,2686.0,1989.0,2734.0,2008.0,48.0,19.0,912.0,2.526315789473684,19.0,0,0,0,0
0001421035-Raw02-f_00001.jpg,numeric,0001421035,yanghuatiepi,2338.0,1921.0,2369.0,1941.0,31.0,20.0,620.0,1.55,20.0,0,0,0,0
0001421035-Raw02-f_00001.jpg,numeric,0001421035,yanghuatiepi,1879.0,1819.0,1925.0,1853.0,46.0,34.0,1564.0,1.3529411764705883,34.0,0,0,0,0
0001421035-Raw02-f_00001.jpg,numeric,0001421035,yanghuatiepi,1325.0,2052.0,1379.0,2081.0,54.0,29.0,1566.0,1.8620689655172413,29.0,0,0,0,0
0001421035-Raw02-f_00001.jpg,numeric,0001421035,yanghuatiepi,504.0,2733.0,537.0,2751.0,33.0,18.0,594.0,1.8333333333333333,18.0,0,0,0,0
0001421035-Raw02-f_00001.jpg,numeric,0001421035,yanghuatiepi,787.0,2857.0,820.0,2893.0,33.0,36.0,1188.0,1.0909090909090908,33.0,0,0,0,0
0001421035-Raw03-f_00008.jpg,numeric,0001421035,yanghuatiepi,1986.0,2425.0,2015.0,2446.0,29.0,21.0,609.0,1.380952380952381,21.0,0,0,0,0
0001421035-Raw03-f_00008.jpg,numeric,0001421035,yanghuatiepi,2518.0,135.0,2594.0,204.0,76.0,69.0,5244.0,1.1014492753623188,69.0,0,0,0,0
0001421035-Raw03-f_00008.jpg,numeric,0001421035,mamianmakeng,101.0,2036.0,187.0,2103.0,86.0,67.0,5762.0,1.2835820895522387,67.0,0,0,0,0
0001421035-Raw03-f_00008.jpg,numeric,0001421035,mamianmakeng,131.0,2588.0,185.0,2641.0,54.0,53.0,2862.0,1.0188679245283019,53.0,0,0,0,0
0001421035-Raw03-f_00008.jpg,numeric,0001421035,mamianmakeng,135.0,1825.0,197.0,1862.0,62.0,37.0,2294.0,1.6756756756756757,37.0,0,0,0,0
0001422550-Raw01-f_00010.jpg,numeric,0001422550,yanghuatiepi,487.0,2958.0,543.0,3000.0,56.0,42.0,2352.0,1.3333333333333333,42.0,0,0,0,1
0001422620-Raw01-f_00006.jpg,numeric,0001422620,mamianmakeng,1732.0,897.0,1802.0,939.0,70.0,42.0,2940.0,1.6666666666666667,42.0,0,0,0,0
0001422620-Raw01-f_00006.jpg,numeric,0001422620,mamianmakeng,1015.0,638.0,1058.0,682.0,43.0,44.0,1892.0,1.0232558139534884,43.0,0,0,0,0
0001422620-Raw01-f_00006.jpg,numeric,0001422620,mamianmakeng,1732.0,896.0,1791.0,939.0,59.0,43.0,2537.0,1.372093023255814,43.0,0,0,0,0
0001422620-Raw01-f_00006.jpg,numeric,0001422620,mamianmakeng,1055.0,484.0,1138.0,592.0,83.0,108.0,8964.0,1.3012048192771084,83.0,0,0,0,0
0001422620-Raw01-f_00006.jpg,numeric,0001422620,mamianmakeng,1037.0,336.0,1122.0,407.0,85.0,71.0,6035.0,1.1971830985915493,71.0,0,0,0,0
0001422620-Raw01-f_00006.jpg,numeric,0001422620,mamianmakeng,987.0,715.0,1101.0,794.0,114.0,79.0,9006.0,1.4430379746835442,79.0,0,0,0,0
0001422620-Raw01-f_00006.jpg,numeric,0001422620,mamianmakeng,984.0,917.0,1039.0,1014.0,55.0,97.0,5335.0,1.7636363636363637,55.0,0,0,0,0
0001422620-Raw01-f_00006.jpg,numeric,0001422620,mamianmakeng,2829.0,226.0,2876.0,297.0,47.0,71.0,3337.0,1.5106382978723405,47.0,0,0,0,0
0001422620-Raw01-f_00007.jpg,numeric,0001422620,mamianmakeng,3346.0,393.0,3386.0,425.0,40.0,32.0,1280.0,1.25,32.0,0,0,0,0
0001422620-Raw01-f_00007.jpg,numeric,0001422620,mamianmakeng,3074.0,445.0,3145.0,480.0,71.0,35.0,2485.0,2.0285714285714285,35.0,0,0,0,0
0001422620-Raw01-f_00007.jpg,numeric,0001422620,mamianmakeng,3181.0,346.0,3235.0,392.0,54.0,46.0,2484.0,1.173913043478261,46.0,0,0,0,0
0001422620-Raw01-f_00007.jpg,numeric,0001422620,mamianmakeng,3293.0,334.0,3322.0,374.0,29.0,40.0,1160.0,1.3793103448275863,29.0,0,0,0,0
0001422620-Raw01-f_00007.jpg,numeric,0001422620,mamianmakeng,2843.0,156.0,2894.0,183.0,51.0,27.0,1377.0,1.8888888888888888,27.0,0,0,0,0
0001424085-Raw00-f_00008.jpg,numeric,0001424085,zonglie,3800.0,114.0,3844.0,727.0,44.0,613.0,26972.0,13.931818181818182,44.0,0,0,1,0
0001424085-Raw00-f_00008.jpg,numeric,0001424085,zonglie,1385.0,675.0,1440.0,2044.0,55.0,1369.0,75295.0,24.89090909090909,55.0,0,0,1,0
0001424328-Raw01-f_00007.jpg,numeric,0001424328,jiaza,416.0,1209.0,440.0,1302.0,24.0,93.0,2232.0,3.875,24.0,0,0,0,0
0001424882-Raw00-f_00002.jpg,numeric,0001424882,mamianmakeng,2728.0,282.0,2790.0,318.0,62.0,36.0,2232.0,1.7222222222222223,36.0,0,0,0,0
0001424882-Raw00-f_00002.jpg,numeric,0001424882,mamianmakeng,1750.0,308.0,1779.0,328.0,29.0,20.0,580.0,1.45,20.0,0,0,0,0
0001424882-Raw00-f_00002.jpg,numeric,0001424882,mamianmakeng,1446.0,996.0,1489.0,1029.0,43.0,33.0,1419.0,1.303030303030303,33.0,0,0,0,0
0001424882-Raw00-f_00002.jpg,numeric,0001424882,mamianmakeng,3687.0,836.0,3720.0,873.0,33.0,37.0,1221.0,1.121212121212121,33.0,0,0,0,0
0001424882-Raw00-f_00002.jpg,numeric,0001424882,mamianmakeng,2340.0,153.0,2374.0,191.0,34.0,38.0,1292.0,1.1176470588235294,34.0,0,0,0,0
0001424882-Raw01-f_00002.jpg,numeric,0001424882,mamianmakeng,1608.0,1200.0,1673.0,1238.0,65.0,38.0,2470.0,1.7105263157894737,38.0,0,0,0,0
0001424882-Raw01-f_00002.jpg,numeric,0001424882,mamianmakeng,1305.0,1251.0,1331.0,1268.0,26.0,17.0,442.0,1.5294117647058822,17.0,0,0,0,0
0001424882-Raw01-f_00002.jpg,numeric,0001424882,mamianmakeng,290.0,844.0,316.0,861.0,26.0,17.0,442.0,1.5294117647058822,17.0,0,0,0,0
0001424882-Raw01-f_00002.jpg,numeric,0001424882,mamianmakeng,3963.0,1154.0,3983.0,1170.0,20.0,16.0,320.0,1.25,16.0,0,0,0,0
0001424882-Raw01-f_00002.jpg,numeric,0001424882,mamianmakeng,1363.0,456.0,1384.0,474.0,21.0,18.0,378.0,1.1666666666666667,18.0,0,0,0,0
0001424892-Raw01-f_00001.jpg,numeric,0001424892,mamianmakeng,3781.0,2878.0,3812.0,2904.0,31.0,26.0,806.0,1.1923076923076923,26.0,0,0,0,0
0001424892-Raw01-f_00001.jpg,numeric,0001424892,mamianmakeng,3511.0,2236.0,3538.0,2266.0,27.0,30.0,810.0,1.1111111111111112,27.0,0,0,0,0
0001424892-Raw01-f_00001.jpg,numeric,0001424892,mamianmakeng,2765.0,2317.0,2789.0,2341.0,24.0,24.0,576.0,1.0,24.0,0,0,0,0
0001424892-Raw01-f_00001.jpg,numeric,0001424892,mamianmakeng,2911.0,2208.0,2934.0,2228.0,23.0,20.0,460.0,1.15,20.0,0,0,0,0
0001424892-Raw01-f_00001.jpg,numeric,0001424892,mamianmakeng,3640.0,2158.0,3660.0,2175.0,20.0,17.0,340.0,1.1764705882352942,17.0,0,0,0,0
0001424892-Raw01-f_00001.jpg,numeric,0001424892,mamianmakeng,3163.0,2633.0,3176.0,2647.0,13.0,14.0,182.0,1.0769230769230769,13.0,1,0,0,0
0001424892-Raw02-f_00002.jpg,numeric,0001424892,mamianmakeng,1248.0,1666.0,1280.0,1702.0,32.0,36.0,1152.0,1.125,32.0,0,0,0,0
0001424892-Raw02-f_00002.jpg,numeric,0001424892,mamianmakeng,18.0,834.0,70.0,880.0,52.0,46.0,2392.0,1.1304347826086956,46.0,0,0,0,0
0001424892-Raw02-f_00002.jpg,numeric,0001424892,mamianmakeng,967.0,30.0,1023.0,74.0,56.0,44.0,2464.0,1.2727272727272727,44.0,0,0,0,0
0001424892-Raw02-f_00002.jpg,numeric,0001424892,mamianmakeng,2189.0,1136.0,2219.0,1159.0,30.0,23.0,690.0,1.3043478260869565,23.0,0,0,0,0
0001424892-Raw02-f_00002.jpg,numeric,0001424892,mamianmakeng,926.0,81.0,965.0,118.0,39.0,37.0,1443.0,1.054054054054054,37.0,0,0,0,0
0001424892-Raw02-f_00002.jpg,numeric,0001424892,mamianmakeng,31.0,48.0,55.0,71.0,24.0,23.0,552.0,1.0434782608695652,23.0,0,0,0,0
0001424892-Raw02-f_00002.jpg,numeric,0001424892,mamianmakeng,2105.0,422.0,2129.0,440.0,24.0,18.0,432.0,1.3333333333333333,18.0,0,0,0,0
0001424892-Raw02-f_00002.jpg,numeric,0001424892,mamianmakeng,983.0,2067.0,1004.0,2086.0,21.0,19.0,399.0,1.105263157894737,19.0,0,0,0,0
0001424892-Raw02-f_00002.jpg,numeric,0001424892,mamianmakeng,3201.0,1286.0,3220.0,1307.0,19.0,21.0,399.0,1.105263157894737,19.0,0,0,0,0
0001424892-Raw02-f_00002.jpg,numeric,0001424892,mamianmakeng,723.0,1618.0,747.0,1637.0,24.0,19.0,456.0,1.263157894736842,19.0,0,0,0,0
0001427659-Raw01-f_00003.jpg,numeric,0001427659,mamianmakeng,3833.0,1658.0,3951.0,1733.0,118.0,75.0,8850.0,1.5733333333333333,75.0,0,0,0,0
0001427659-Raw02-f_00003.jpg,numeric,0001427659,mamianmakeng,382.0,1644.0,506.0,1720.0,124.0,76.0,9424.0,1.631578947368421,76.0,0,0,0,0
0001428303-Raw01-f_00001.jpg,numeric,0001428303,mamianmakeng,3952.0,1184.0,4025.0,1264.0,73.0,80.0,5840.0,1.095890410958904,73.0,0,0,0,0
0001428303-Raw01-f_00001.jpg,numeric,0001428303,mamianmakeng,3952.0,1184.0,4025.0,1264.0,73.0,80.0,5840.0,1.095890410958904,73.0,0,0,0,0
0001428303-Raw01-f_00001.jpg,numeric,0001428303,mamianmakeng,3463.0,1643.0,3494.0,1672.0,31.0,29.0,899.0,1.0689655172413792,29.0,0,0,0,0
0001428303-Raw01-f_00001.jpg,numeric,0001428303,mamianmakeng,4000.0,1610.0,4096.0,1671.0,96.0,61.0,5856.0,1.5737704918032787,61.0,0,0,0,1
0001428303-Raw02-f_00001.jpg,numeric,0001428303,mamianmakeng,559.0,1170.0,628.0,1251.0,69.0,81.0,5589.0,1.173913043478261,69.0,0,0,0,0
0001428303-Raw02-f_00001.jpg,numeric,0001428303,mamianmakeng,1325.0,1971.0,1372.0,2013.0,47.0,42.0,1974.0,1.119047619047619,42.0,0,0,0,0
0001428303-Raw02-f_00001.jpg,numeric,0001428303,mamianmakeng,1056.0,1433.0,1095.0,1461.0,39.0,28.0,1092.0,1.3928571428571428,28.0,0,0,0,0
0001428303-Raw02-f_00001.jpg,numeric,0001428303,yiwuyaru,2859.0,1672.0,2884.0,1704.0,25.0,32.0,800.0,1.28,25.0,0,0,0,0
0001428303-Raw02-f_00001.jpg,numeric,0001428303,yiwuyaru,1452.0,1358.0,1503.0,1395.0,51.0,37.0,1887.0,1.3783783783783783,37.0,0,0,0,0
0001428303-Raw02-f_00001.jpg,numeric,0001428303,mamianmakeng,648.0,1599.0,701.0,1653.0,53.0,54.0,2862.0,1.0188679245283019,53.0,0,0,0,0
0001428303-Raw02-f_00001.jpg,numeric,0001428303,mamianmakeng,927.0,1487.0,954.0,1511.0,27.0,24.0,648.0,1.125,24.0,0,0,0,0
0001428303-Raw02-f_00001.jpg,numeric,0001428303,mamianmakeng,904.0,1372.0,923.0,1388.0,19.0,16.0,304.0,1.1875,16.0,0,0,0,0
0001428303-Raw02-f_00001.jpg,numeric,0001428303,mamianmakeng,604.0,1608.0,628.0,1628.0,24.0,20.0,480.0,1.2,20.0,0,0,0,0
0001428303-Raw02-f_00001.jpg,numeric,0001428303,mamianmakeng,2457.0,2080.0,2482.0,2115.0,25.0,35.0,875.0,1.4,25.0,0,0,0,0
0001428303-Raw02-f_00001.jpg,numeric,0001428303,mamianmakeng,2099.0,2065.0,2130.0,2098.0,31.0,33.0,1023.0,1.064516129032258,31.0,0,0,0,0
0001428303-Raw02-f_00001.jpg,numeric,0001428303,mamianmakeng,1316.0,1087.0,1345.0,1105.0,29.0,18.0,522.0,1.6111111111111112,18.0,0,0,0,0
0001428303-Raw02-f_00001.jpg,numeric,0001428303,mamianmakeng,608.0,2639.0,642.0,2672.0,34.0,33.0,1122.0,1.0303030303030303,33.0,0,0,0,0
0001428808-Raw00-f_00006.jpg,numeric,0001428808,mamianmakeng,2797.0,83.0,2833.0,118.0,36.0,35.0,1260.0,1.0285714285714285,35.0,0,0,0,0
0001428808-Raw00-f_00006.jpg,numeric,0001428808,mamianmakeng,2882.0,44.0,2902.0,67.0,20.0,23.0,460.0,1.15,20.0,0,0,0,0
0001428808-Raw00-f_00006.jpg,numeric,0001428808,mamianmakeng,2988.0,221.0,3012.0,242.0,24.0,21.0,504.0,1.1428571428571428,21.0,0,0,0,0
0001428808-Raw00-f_00006.jpg,numeric,0001428808,mamianmakeng,2278.0,340.0,2298.0,361.0,20.0,21.0,420.0,1.05,20.0,0,0,0,0
0001428808-Raw00-f_00006.jpg,numeric,0001428808,mamianmakeng,2325.0,923.0,2344.0,947.0,19.0,24.0,456.0,1.263157894736842,19.0,0,0,0,0
0001428808-Raw00-f_00006.jpg,numeric,0001428808,mamianmakeng,3572.0,1002.0,3591.0,1017.0,19.0,15.0,285.0,1.2666666666666666,15.0,1,0,0,0
0001428808-Raw00-f_00009.jpg,numeric,0001428808,mamianmakeng,1844.0,1937.0,1907.0,1988.0,63.0,51.0,3213.0,1.2352941176470589,51.0,0,0,0,0
0001428808-Raw00-f_00009.jpg,numeric,0001428808,mamianmakeng,1042.0,1287.0,1098.0,1329.0,56.0,42.0,2352.0,1.3333333333333333,42.0,0,0,0,0
0001428808-Raw00-f_00009.jpg,numeric,0001428808,mamianmakeng,1932.0,2387.0,1967.0,2410.0,35.0,23.0,805.0,1.5217391304347827,23.0,0,0,0,0
0001428808-Raw00-f_00009.jpg,numeric,0001428808,mamianmakeng,2854.0,1779.0,2881.0,1805.0,27.0,26.0,702.0,1.0384615384615385,26.0,0,0,0,0
0001428808-Raw00-f_00009.jpg,numeric,0001428808,mamianmakeng,2108.0,2553.0,2164.0,2603.0,56.0,50.0,2800.0,1.12,50.0,0,0,0,0
0001428808-Raw00-f_00009.jpg,numeric,0001428808,mamianmakeng,3212.0,2678.0,3237.0,2705.0,25.0,27.0,675.0,1.08,25.0,0,0,0,0
0001428808-Raw00-f_00009.jpg,numeric,0001428808,mamianmakeng,1356.0,2107.0,1383.0,2136.0,27.0,29.0,783.0,1.0740740740740742,27.0,0,0,0,0
0001428808-Raw00-f_00009.jpg,numeric,0001428808,mamianmakeng,1818.0,1076.0,1838.0,1096.0,20.0,20.0,400.0,1.0,20.0,0,0,0,0
0001428808-Raw01-f_00009.jpg,numeric,0001428808,mamianmakeng,1262.0,1766.0,1302.0,1788.0,40.0,22.0,880.0,1.8181818181818181,22.0,0,0,0,0
0001428808-Raw01-f_00009.jpg,numeric,0001428808,mamianmakeng,1024.0,1357.0,1048.0,1378.0,24.0,21.0,504.0,1.1428571428571428,21.0,0,0,0,0
0001428808-Raw01-f_00009.jpg,numeric,0001428808,mamianmakeng,2626.0,1838.0,2656.0,1867.0,30.0,29.0,870.0,1.0344827586206897,29.0,0,0,0,0
0001428810-Raw00-f_00008.jpg,numeric,0001428810,yiwuyaru,909.0,596.0,968.0,657.0,59.0,61.0,3599.0,1.0338983050847457,59.0,0,0,0,0
0001428810-Raw00-f_00008.jpg,numeric,0001428810,mamianmakeng,1390.0,1568.0,1437.0,1605.0,47.0,37.0,1739.0,1.2702702702702702,37.0,0,0,0,0
0001428810-Raw00-f_00008.jpg,numeric,0001428810,mamianmakeng,1590.0,2171.0,1630.0,2202.0,40.0,31.0,1240.0,1.2903225806451613,31.0,0,0,0,0
0001428810-Raw00-f_00008.jpg,numeric,0001428810,mamianmakeng,1016.0,1614.0,1055.0,1655.0,39.0,41.0,1599.0,1.0512820512820513,39.0,0,0,0,0
0001428810-Raw00-f_00008.jpg,numeric,0001428810,mamianmakeng,1493.0,1620.0,1526.0,1642.0,33.0,22.0,726.0,1.5,22.0,0,0,0,0
0001428810-Raw00-f_00008.jpg,numeric,0001428810,mamianmakeng,2608.0,2042.0,2640.0,2064.0,32.0,22.0,704.0,1.4545454545454546,22.0,0,0,0,0
0001428810-Raw00-f_00008.jpg,numeric,0001428810,mamianmakeng,2987.0,2403.0,3008.0,2427.0,21.0,24.0,504.0,1.1428571428571428,21.0,0,0,0,0
0001428810-Raw00-f_00008.jpg,numeric,0001428810,mamianmakeng,1544.0,1980.0,1616.0,2017.0,72.0,37.0,2664.0,1.945945945945946,37.0,0,0,0,0
0001428810-Raw00-f_00008.jpg,numeric,0001428810,mamianmakeng,2121.0,2384.0,2151.0,2401.0,30.0,17.0,510.0,1.7647058823529411,17.0,0,0,0,0
0001428810-Raw00-f_00008.jpg,numeric,0001428810,mamianmakeng,2460.0,2288.0,2484.0,2305.0,24.0,17.0,408.0,1.411764705882353,17.0,0,0,0,0
0001428810-Raw00-f_00008.jpg,numeric,0001428810,mamianmakeng,2218.0,1988.0,2268.0,2044.0,50.0,56.0,2800.0,1.12,50.0,0,0,0,0
0001428810-Raw00-f_00008.jpg,numeric,0001428810,mamianmakeng,1659.0,1924.0,1684.0,1940.0,25.0,16.0,400.0,1.5625,16.0,0,0,0,0
0001428810-Raw00-f_00008.jpg,numeric,0001428810,mamianmakeng,1042.0,1674.0,1087.0,1704.0,45.0,30.0,1350.0,1.5,30.0,0,0,0,0
0001428810-Raw00-f_00008.jpg,numeric,0001428810,mamianmakeng,2038.0,1890.0,2078.0,1936.0,40.0,46.0,1840.0,1.15,40.0,0,0,0,0
0001428810-Raw00-f_00008.jpg,numeric,0001428810,mamianmakeng,2735.0,2436.0,2755.0,2456.0,20.0,20.0,400.0,1.0,20.0,0,0,0,0
0001428815-Raw00-f_00011.jpg,numeric,0001428815,mamianmakeng,1872.0,2539.0,1919.0,2578.0,47.0,39.0,1833.0,1.205128205128205,39.0,0,0,0,0
0001428815-Raw00-f_00011.jpg,numeric,0001428815,mamianmakeng,1300.0,2829.0,1341.0,2876.0,41.0,47.0,1927.0,1.146341463414634,41.0,0,0,0,0
0001428815-Raw00-f_00011.jpg,numeric,0001428815,mamianmakeng,1770.0,2613.0,1800.0,2636.0,30.0,23.0,690.0,1.3043478260869565,23.0,0,0,0,0
0001428815-Raw00-f_00011.jpg,numeric,0001428815,mamianmakeng,2590.0,1484.0,2611.0,1508.0,21.0,24.0,504.0,1.1428571428571428,21.0,0,0,0,0
0001428815-Raw00-f_00011.jpg,numeric,0001428815,mamianmakeng,3107.0,2421.0,3125.0,2441.0,18.0,20.0,360.0,1.1111111111111112,18.0,0,0,0,0
0001428815-Raw00-f_00011.jpg,numeric,0001428815,mamianmakeng,1815.0,2117.0,1839.0,2136.0,24.0,19.0,456.0,1.263157894736842,19.0,0,0,0,0
0001428922-Raw00-f_00012.jpg,numeric,0001428922,mamianmakeng,1441.0,1964.0,1482.0,1996.0,41.0,32.0,1312.0,1.28125,32.0,0,0,0,0
0001428922-Raw00-f_00012.jpg,numeric,0001428922,mamianmakeng,1474.0,1906.0,1499.0,1928.0,25.0,22.0,550.0,1.1363636363636365,22.0,0,0,0,0
0001428922-Raw00-f_00012.jpg,numeric,0001428922,mamianmakeng,1457.0,1872.0,1485.0,1893.0,28.0,21.0,588.0,1.3333333333333333,21.0,0,0,0,0
0001428922-Raw00-f_00012.jpg,numeric,0001428922,mamianmakeng,1763.0,1834.0,1795.0,1859.0,32.0,25.0,800.0,1.28,25.0,0,0,0,0
0001428922-Raw00-f_00013.jpg,numeric,0001428922,mamianmakeng,1522.0,486.0,1574.0,535.0,52.0,49.0,2548.0,1.0612244897959184,49.0,0,0,0,0
0001429378-Raw01-f_00002.jpg,numeric,0001429378,yanghuatiepi,2601.0,1.0,2644.0,13.0,43.0,12.0,516.0,3.5833333333333335,12.0,1,0,0,1
0001429378-Raw01-f_00002.jpg,numeric,0001429378,zonglie,2553.0,2055.0,2594.0,2556.0,41.0,501.0,20541.0,12.21951219512195,41.0,0,0,1,0
0001429919-Raw00-f_00001.jpg,numeric,0001429919,mamianmakeng,3704.0,1221.0,3736.0,1250.0,32.0,29.0,928.0,1.103448275862069,29.0,0,0,0,0
0001430517-Raw02-f_00009.jpg,numeric,0001430517,jiaza,1815.0,594.0,1832.0,671.0,17.0,77.0,1309.0,4.529411764705882,17.0,0,0,0,0
0001430517-Raw02-f_00009.jpg,numeric,0001430517,yanghuatiepi,1304.0,2330.0,1325.0,2370.0,21.0,40.0,840.0,1.9047619047619047,21.0,0,0,0,0
0001430606-Raw00-f_00005.jpg,numeric,0001430606,mamianmakeng,3103.0,956.0,3144.0,990.0,41.0,34.0,1394.0,1.2058823529411764,34.0,0,0,0,0
0001430606-Raw00-f_00005.jpg,numeric,0001430606,mamianmakeng,1937.0,1671.0,1980.0,1711.0,43.0,40.0,1720.0,1.075,40.0,0,0,0,0
0001430606-Raw00-f_00005.jpg,numeric,0001430606,mamianmakeng,3072.0,908.0,3111.0,934.0,39.0,26.0,1014.0,1.5,26.0,0,0,0,0
0001430606-Raw00-f_00005.jpg,numeric,0001430606,mamianmakeng,3072.0,1251.0,3108.0,1282.0,36.0,31.0,1116.0,1.1612903225806452,31.0,0,0,0,0
0001430606-Raw00-f_00005.jpg,numeric,0001430606,mamianmakeng,1785.0,1396.0,1814.0,1426.0,29.0,30.0,870.0,1.0344827586206897,29.0,0,0,0,0
0001430606-Raw00-f_00005.jpg,numeric,0001430606,mamianmakeng,2148.0,1224.0,2171.0,1246.0,23.0,22.0,506.0,1.0454545454545454,22.0,0,0,0,0
0001430606-Raw00-f_00005.jpg,numeric,0001430606,mamianmakeng,2412.0,2913.0,2464.0,2952.0,52.0,39.0,2028.0,1.3333333333333333,39.0,0,0,0,0
0001430606-Raw00-f_00005.jpg,numeric,0001430606,yiwuyaru,899.0,2639.0,923.0,2743.0,24.0,104.0,2496.0,4.333333333333333,24.0,0,0,0,0
0001430606-Raw00-f_00005.jpg,numeric,0001430606,mamianmakeng,1340.0,2350.0,1376.0,2379.0,36.0,29.0,1044.0,1.2413793103448276,29.0,0,0,0,0
0001430606-Raw00-f_00005.jpg,numeric,0001430606,mamianmakeng,2163.0,1846.0,2193.0,1869.0,30.0,23.0,690.0,1.3043478260869565,23.0,0,0,0,0
0001430606-Raw00-f_00013.jpg,numeric,0001430606,mamianmakeng,2402.0,1554.0,2449.0,1582.0,47.0,28.0,1316.0,1.6785714285714286,28.0,0,0,0,0
0001430606-Raw00-f_00013.jpg,numeric,0001430606,mamianmakeng,1717.0,979.0,1747.0,1006.0,30.0,27.0,810.0,1.1111111111111112,27.0,0,0,0,0
0001430606-Raw00-f_00013.jpg,numeric,0001430606,mamianmakeng,1092.0,885.0,1128.0,917.0,36.0,32.0,1152.0,1.125,32.0,0,0,0,0
0001430606-Raw00-f_00013.jpg,numeric,0001430606,mamianmakeng,1895.0,1446.0,1938.0,1501.0,43.0,55.0,2365.0,1.2790697674418605,43.0,0,0,0,0
0001430606-Raw00-f_00013.jpg,numeric,0001430606,mamianmakeng,1838.0,1158.0,1862.0,1177.0,24.0,19.0,456.0,1.263157894736842,19.0,0,0,0,0
0001430606-Raw00-f_00013.jpg,numeric,0001430606,mamianmakeng,2886.0,1508.0,2926.0,1521.0,40.0,13.0,520.0,3.076923076923077,13.0,1,0,0,0
0001430606-Raw00-f_00013.jpg,numeric,0001430606,mamianmakeng,2722.0,989.0,2739.0,1004.0,17.0,15.0,255.0,1.1333333333333333,15.0,1,0,0,0
0001430606-Raw01-f_00013.jpg,numeric,0001430606,mamianmakeng,720.0,1599.0,745.0,1623.0,25.0,24.0,600.0,1.0416666666666667,24.0,0,0,0,0
0001430617-Raw01-f_00006.jpg,numeric,0001430617,yanghuatiepi,2114.0,1069.0,2140.0,1095.0,26.0,26.0,676.0,1.0,26.0,0,0,0,0
0001430617-Raw01-f_00006.jpg,numeric,0001430617,gunyin,3783.0,1362.0,3851.0,1370.0,68.0,8.0,544.0,8.5,8.0,1,0,1,0
0001430617-Raw01-f_00006.jpg,numeric,0001430617,zonglie,2717.0,2119.0,2753.0,2453.0,36.0,334.0,12024.0,9.277777777777779,36.0,0,0,1,0
0001430617-Raw01-f_00006.jpg,numeric,0001430617,zonglie,2710.0,2540.0,2747.0,2999.0,37.0,459.0,16983.0,12.405405405405405,37.0,0,0,1,1
0001430617-Raw01-f_00006.jpg,numeric,0001430617,zonglie,2722.0,1859.0,2749.0,1961.0,27.0,102.0,2754.0,3.7777777777777777,27.0,0,0,0,0
0001430618-Raw01-f_00004.jpg,numeric,0001430618,jieba,2804.0,1687.0,2821.0,1740.0,17.0,53.0,901.0,3.1176470588235294,17.0,0,0,0,0
0001430618-Raw01-f_00004.jpg,numeric,0001430618,zonglie,2711.0,1268.0,2756.0,1789.0,45.0,521.0,23445.0,11.577777777777778,45.0,0,0,1,0
0001430618-Raw01-f_00004.jpg,numeric,0001430618,zonglie,2717.0,547.0,2744.0,673.0,27.0,126.0,3402.0,4.666666666666667,27.0,0,0,0,0
0001430618-Raw01-f_00004.jpg,numeric,0001430618,zonglie,2703.0,710.0,2733.0,949.0,30.0,239.0,7170.0,7.966666666666667,30.0,0,0,1,0
0001430618-Raw01-f_00004.jpg,numeric,0001430618,zonglie,2696.0,2421.0,2747.0,3000.0,51.0,579.0,29529.0,11.352941176470589,51.0,0,0,1,1
0001430618-Raw01-f_00004.jpg,numeric,0001430618,zonglie,2722.0,1978.0,2763.0,2206.0,41.0,228.0,9348.0,5.560975609756097,41.0,0,0,1,0
0001430618-Raw01-f_00004.jpg,numeric,0001430618,jiaza,2975.0,1219.0,2986.0,1263.0,11.0,44.0,484.0,4.0,11.0,1,0,0,0
0001430618-Raw01-f_00004.jpg,numeric,0001430618,jiaza,961.0,604.0,973.0,652.0,12.0,48.0,576.0,4.0,12.0,1,0,0,0
0001430796-Raw00-f_00012.jpg,numeric,0001430796,zonglie,1506.0,1.0,1527.0,245.0,21.0,244.0,5124.0,11.619047619047619,21.0,0,0,1,1
0001430834-Raw00-f_00012.jpg,numeric,0001430834,zonglie,2019.0,1388.0,2059.0,1829.0,40.0,441.0,17640.0,11.025,40.0,0,0,1,0
0001432069-Raw03-f_00003.jpg,numeric,0001432069,mamianmakeng,2570.0,2420.0,2606.0,2475.0,36.0,55.0,1980.0,1.5277777777777777,36.0,0,0,0,0
0001432070-Raw01-f_00001.jpg,numeric,0001432070,mamianmakeng,3053.0,1304.0,3080.0,1333.0,27.0,29.0,783.0,1.0740740740740742,27.0,0,0,0,0
0001432070-Raw01-f_00001.jpg,numeric,0001432070,mamianmakeng,3104.0,1147.0,3132.0,1173.0,28.0,26.0,728.0,1.0769230769230769,26.0,0,0,0,0
0001432070-Raw01-f_00001.jpg,numeric,0001432070,mamianmakeng,2782.0,946.0,2818.0,972.0,36.0,26.0,936.0,1.3846153846153846,26.0,0,0,0,0
0001432070-Raw01-f_00001.jpg,numeric,0001432070,mamianmakeng,3014.0,885.0,3055.0,917.0,41.0,32.0,1312.0,1.28125,32.0,0,0,0,0
0001432070-Raw01-f_00001.jpg,numeric,0001432070,mamianmakeng,2785.0,545.0,2819.0,587.0,34.0,42.0,1428.0,1.2352941176470589,34.0,0,0,0,0
0001432070-Raw01-f_00001.jpg,numeric,0001432070,mamianmakeng,2858.0,701.0,2893.0,733.0,35.0,32.0,1120.0,1.09375,32.0,0,0,0,0
0001432070-Raw01-f_00001.jpg,numeric,0001432070,mamianmakeng,3239.0,707.0,3269.0,737.0,30.0,30.0,900.0,1.0,30.0,0,0,0,0
0001432313-Raw01-f_00001.jpg,numeric,0001432313,mamianmakeng,3046.0,2342.0,3083.0,2370.0,37.0,28.0,1036.0,1.3214285714285714,28.0,0,0,0,0
0001432313-Raw01-f_00001.jpg,numeric,0001432313,mamianmakeng,3354.0,2971.0,3383.0,2993.0,29.0,22.0,638.0,1.3181818181818181,22.0,0,0,0,1
0001432313-Raw01-f_00001.jpg,numeric,0001432313,mamianmakeng,3358.0,2710.0,3389.0,2734.0,31.0,24.0,744.0,1.2916666666666667,24.0,0,0,0,0
0001432626-Raw00-f_00002.jpg,numeric,0001432626,yiwuyaru,871.0,1492.0,897.0,1575.0,26.0,83.0,2158.0,3.1923076923076925,26.0,0,0,0,0
0001432626-Raw00-f_00002.jpg,numeric,0001432626,mamianmakeng,1771.0,2124.0,1796.0,2149.0,25.0,25.0,625.0,1.0,25.0,0,0,0,0
0001432626-Raw00-f_00002.jpg,numeric,0001432626,mamianmakeng,3430.0,2901.0,3478.0,2929.0,48.0,28.0,1344.0,1.7142857142857142,28.0,0,0,0,0
0001432626-Raw01-f_00002.jpg,numeric,0001432626,mamianmakeng,3923.0,1953.0,3987.0,2004.0,64.0,51.0,3264.0,1.2549019607843137,51.0,0,0,0,0
0001432626-Raw01-f_00002.jpg,numeric,0001432626,mamianmakeng,2131.0,2194.0,2163.0,2212.0,32.0,18.0,576.0,1.7777777777777777,18.0,0,0,0,0
0001432626-Raw01-f_00002.jpg,numeric,0001432626,mamianmakeng,1664.0,1714.0,1692.0,1732.0,28.0,18.0,504.0,1.5555555555555556,18.0,0,0,0,0
0001432626-Raw01-f_00002.jpg,numeric,0001432626,mamianmakeng,16.0,2907.0,69.0,2939.0,53.0,32.0,1696.0,1.65625,32.0,0,0,0,1
0001432626-Raw01-f_00002.jpg,numeric,0001432626,mamianmakeng,2071.0,1997.0,2101.0,2017.0,30.0,20.0,600.0,1.5,20.0,0,0,0,0
0001432626-Raw01-f_00002.jpg,numeric,0001432626,mamianmakeng,3673.0,1588.0,3691.0,1604.0,18.0,16.0,288.0,1.125,16.0,0,0,0,0
0001432626-Raw01-f_00002.jpg,numeric,0001432626,mamianmakeng,3754.0,1659.0,3774.0,1673.0,20.0,14.0,280.0,1.4285714285714286,14.0,1,0,0,0
0001432632-Raw02-f_00005.jpg,numeric,0001432632,mamianmakeng,993.0,632.0,1027.0,664.0,34.0,32.0,1088.0,1.0625,32.0,0,0,0,0
0001432632-Raw02-f_00005.jpg,numeric,0001432632,mamianmakeng,1818.0,1408.0,1871.0,1442.0,53.0,34.0,1802.0,1.5588235294117647,34.0,0,0,0,0
0001432632-Raw02-f_00005.jpg,numeric,0001432632,mamianmakeng,2130.0,821.0,2155.0,842.0,25.0,21.0,525.0,1.1904761904761905,21.0,0,0,0,0
0001432632-Raw02-f_00005.jpg,numeric,0001432632,mamianmakeng,904.0,606.0,936.0,631.0,32.0,25.0,800.0,1.28,25.0,0,0,0,0
0001432632-Raw02-f_00005.jpg,numeric,0001432632,mamianmakeng,852.0,1590.0,886.0,1613.0,34.0,23.0,782.0,1.4782608695652173,23.0,0,0,0,0
0001432632-Raw02-f_00005.jpg,numeric,0001432632,mamianmakeng,465.0,257.0,505.0,312.0,40.0,55.0,2200.0,1.375,40.0,0,0,0,0
0001432632-Raw02-f_00005.jpg,numeric,0001432632,mamianmakeng,1324.0,237.0,1364.0,268.0,40.0,31.0,1240.0,1.2903225806451613,31.0,0,0,0,0
0001432632-Raw02-f_00005.jpg,numeric,0001432632,mamianmakeng,513.0,1222.0,542.0,1246.0,29.0,24.0,696.0,1.2083333333333333,24.0,0,0,0,0
0001432633-Raw00-f_00002.jpg,numeric,0001432633,mamianmakeng,3016.0,1058.0,3043.0,1082.0,27.0,24.0,648.0,1.125,24.0,0,0,0,0
0001432633-Raw00-f_00002.jpg,numeric,0001432633,mamianmakeng,3240.0,835.0,3257.0,852.0,17.0,17.0,289.0,1.0,17.0,0,0,0,0
0001432633-Raw00-f_00002.jpg,numeric,0001432633,mamianmakeng,3183.0,1027.0,3230.0,1065.0,47.0,38.0,1786.0,1.236842105263158,38.0,0,0,0,0
0001432633-Raw01-f_00001.jpg,numeric,0001432633,yiwuyaru,2217.0,2968.0,2307.0,3000.0,90.0,32.0,2880.0,2.8125,32.0,0,0,0,1
0001432633-Raw01-f_00001.jpg,numeric,0001432633,mamianmakeng,3023.0,2947.0,3092.0,2985.0,69.0,38.0,2622.0,1.8157894736842106,38.0,0,0,0,1
0001432633-Raw02-f_00002.jpg,numeric,0001432633,mamianmakeng,319.0,705.0,350.0,728.0,31.0,23.0,713.0,1.3478260869565217,23.0,0,0,0,0
0001432633-Raw02-f_00002.jpg,numeric,0001432633,yiwuyaru,2006.0,1265.0,2034.0,1291.0,28.0,26.0,728.0,1.0769230769230769,26.0,0,0,0,0
0001432633-Raw02-f_00002.jpg,numeric,0001432633,mamianmakeng,2067.0,1926.0,2099.0,1947.0,32.0,21.0,672.0,1.5238095238095237,21.0,0,0,0,0
0001432633-Raw02-f_00002.jpg,numeric,0001432633,mamianmakeng,495.0,2429.0,531.0,2445.0,36.0,16.0,576.0,2.25,16.0,0,0,0,0
0001432633-Raw02-f_00002.jpg,numeric,0001432633,mamianmakeng,561.0,2078.0,585.0,2098.0,24.0,20.0,480.0,1.2,20.0,0,0,0,0
0001432633-Raw02-f_00002.jpg,numeric,0001432633,mamianmakeng,1013.0,665.0,1039.0,694.0,26.0,29.0,754.0,1.1153846153846154,26.0,0,0,0,0
0001432633-Raw02-f_00002.jpg,numeric,0001432633,mamianmakeng,1370.0,828.0,1404.0,862.0,34.0,34.0,1156.0,1.0,34.0,0,0,0,0
0001432633-Raw02-f_00002.jpg,numeric,0001432633,mamianmakeng,122.0,836.0,156.0,870.0,34.0,34.0,1156.0,1.0,34.0,0,0,0,0
0001432633-Raw02-f_00003.jpg,numeric,0001432633,yiwuyaru,1712.0,345.0,1737.0,365.0,25.0,20.0,500.0,1.25,20.0,0,0,0,0
0001441823-Raw01-f_00002.jpg,numeric,0001441823,yanghuatiepi,1726.0,2751.0,1753.0,2772.0,27.0,21.0,567.0,1.2857142857142858,21.0,0,0,0,0
0001441823-Raw01-f_00002.jpg,numeric,0001441823,yanghuatiepi,804.0,2143.0,828.0,2170.0,24.0,27.0,648.0,1.125,24.0,0,0,0,0
0001441823-Raw01-f_00002.jpg,numeric,0001441823,yanghuatiepi,1467.0,2425.0,1490.0,2449.0,23.0,24.0,552.0,1.0434782608695652,23.0,0,0,0,0
0001441823-Raw02-f_00003.jpg,numeric,0001441823,mamianmakeng,2832.0,2701.0,3006.0,2857.0,174.0,156.0,27144.0,1.1153846153846154,156.0,0,0,0,0
0001441823-Raw02-f_00003.jpg,numeric,0001441823,mamianmakeng,3033.0,129.0,3085.0,175.0,52.0,46.0,2392.0,1.1304347826086956,46.0,0,0,0,0
0001441823-Raw02-f_00003.jpg,numeric,0001441823,mamianmakeng,3428.0,1611.0,3510.0,1707.0,82.0,96.0,7872.0,1.170731707317073,82.0,0,0,0,0
0001441823-Raw02-f_00007.jpg,numeric,0001441823,mamianmakeng,2899.0,2027.0,2997.0,2092.0,98.0,65.0,6370.0,1.5076923076923077,65.0,0,0,0,0
0001441823-Raw02-f_00007.jpg,numeric,0001441823,mamianmakeng,2891.0,1074.0,2986.0,1140.0,95.0,66.0,6270.0,1.4393939393939394,66.0,0,0,0,0
0001441823-Raw02-f_00007.jpg,numeric,0001441823,mamianmakeng,2876.0,422.0,2972.0,502.0,96.0,80.0,7680.0,1.2,80.0,0,0,0,0
0001441823-Raw02-f_00007.jpg,numeric,0001441823,mamianmakeng,3613.0,2013.0,3674.0,2118.0,61.0,105.0,6405.0,1.721311475409836,61.0,0,0,0,0
0001441823-Raw02-f_00007.jpg,numeric,0001441823,mamianmakeng,2294.0,2472.0,2387.0,2531.0,93.0,59.0,5487.0,1.576271186440678,59.0,0,0,0,0
0001441823-Raw02-f_00010.jpg,numeric,0001441823,mamianmakeng,2851.0,1901.0,3005.0,2024.0,154.0,123.0,18942.0,1.2520325203252032,123.0,0,0,0,0
0001441823-Raw02-f_00010.jpg,numeric,0001441823,mamianmakeng,2600.0,154.0,2729.0,260.0,129.0,106.0,13674.0,1.2169811320754718,106.0,0,0,0,0
0001441823-Raw02-f_00010.jpg,numeric,0001441823,mamianmakeng,3344.0,1103.0,3432.0,1215.0,88.0,112.0,9856.0,1.2727272727272727,88.0,0,0,0,0
0001441823-Raw02-f_00010.jpg,numeric,0001441823,mamianmakeng,3130.0,330.0,3276.0,459.0,146.0,129.0,18834.0,1.1317829457364341,129.0,0,0,0,0
0001441823-Raw02-f_00010.jpg,numeric,0001441823,mamianmakeng,3167.0,983.0,3235.0,1058.0,68.0,75.0,5100.0,1.1029411764705883,68.0,0,0,0,0
0001441823-Raw02-f_00010.jpg,numeric,0001441823,mamianmakeng,2710.0,1230.0,2775.0,1320.0,65.0,90.0,5850.0,1.3846153846153846,65.0,0,0,0,0
0001441823-Raw02-f_00010.jpg,numeric,0001441823,mamianmakeng,2695.0,1525.0,2740.0,1605.0,45.0,80.0,3600.0,1.7777777777777777,45.0,0,0,0,0
0001441823-Raw02-f_00010.jpg,numeric,0001441823,mamianmakeng,2957.0,1688.0,3070.0,1808.0,113.0,120.0,13560.0,1.0619469026548674,113.0,0,0,0,0
0001441823-Raw02-f_00010.jpg,numeric,0001441823,mamianmakeng,2841.0,2217.0,2883.0,2253.0,42.0,36.0,1512.0,1.1666666666666667,36.0,0,0,0,0
0001441823-Raw02-f_00010.jpg,numeric,0001441823,mamianmakeng,2655.0,1620.0,2738.0,1692.0,83.0,72.0,5976.0,1.1527777777777777,72.0,0,0,0,0
0001441823-Raw02-f_00010.jpg,numeric,0001441823,mamianmakeng,2641.0,2177.0,2706.0,2222.0,65.0,45.0,2925.0,1.4444444444444444,45.0,0,0,0,0
0001441824-Raw01-f_00010.jpg,numeric,0001441824,mamianmakeng,3398.0,1603.0,3523.0,1700.0,125.0,97.0,12125.0,1.288659793814433,97.0,0,0,0,0
0001441824-Raw01-f_00010.jpg,numeric,0001441824,mamianmakeng,3408.0,1289.0,3473.0,1342.0,65.0,53.0,3445.0,1.2264150943396226,53.0,0,0,0,0
0001441824-Raw02-f_00004.jpg,numeric,0001441824,mamianmakeng,2750.0,303.0,2890.0,404.0,140.0,101.0,14140.0,1.386138613861386,101.0,0,0,0,0
0001441824-Raw02-f_00004.jpg,numeric,0001441824,mamianmakeng,2737.0,170.0,2849.0,254.0,112.0,84.0,9408.0,1.3333333333333333,84.0,0,0,0,0
0001441824-Raw02-f_00004.jpg,numeric,0001441824,mamianmakeng,2514.0,1789.0,2649.0,1908.0,135.0,119.0,16065.0,1.134453781512605,119.0,0,0,0,0
0001441824-Raw02-f_00004.jpg,numeric,0001441824,mamianmakeng,2918.0,2593.0,2992.0,2682.0,74.0,89.0,6586.0,1.2027027027027026,74.0,0,0,0,0
0001441824-Raw02-f_00004.jpg,numeric,0001441824,mamianmakeng,2920.0,2768.0,3001.0,2844.0,81.0,76.0,6156.0,1.0657894736842106,76.0,0,0,0,0
0001441824-Raw02-f_00004.jpg,numeric,0001441824,mamianmakeng,3276.0,2774.0,3401.0,2904.0,125.0,130.0,16250.0,1.04,125.0,0,0,0,0
0001441824-Raw02-f_00004.jpg,numeric,0001441824,mamianmakeng,2884.0,1976.0,2944.0,2031.0,60.0,55.0,3300.0,1.0909090909090908,55.0,0,0,0,0
0001441824-Raw02-f_00004.jpg,numeric,0001441824,mamianmakeng,2515.0,2018.0,2597.0,2129.0,82.0,111.0,9102.0,1.353658536585366,82.0,0,0,0,0
0001441824-Raw02-f_00004.jpg,numeric,0001441824,mamianmakeng,2003.0,2585.0,2075.0,2639.0,72.0,54.0,3888.0,1.3333333333333333,54.0,0,0,0,0
0001441824-Raw02-f_00004.jpg,numeric,0001441824,mamianmakeng,2112.0,2746.0,2166.0,2803.0,54.0,57.0,3078.0,1.0555555555555556,54.0,0,0,0,0
0001441824-Raw02-f_00004.jpg,numeric,0001441824,mamianmakeng,3531.0,1555.0,3641.0,1715.0,110.0,160.0,17600.0,1.4545454545454546,110.0,0,0,0,0
0001441824-Raw02-f_00004.jpg,numeric,0001441824,mamianmakeng,2388.0,15.0,2439.0,68.0,51.0,53.0,2703.0,1.0392156862745099,51.0,0,0,0,1
0001441824-Raw02-f_00004.jpg,numeric,0001441824,mamianmakeng,3591.0,1446.0,3640.0,1482.0,49.0,36.0,1764.0,1.3611111111111112,36.0,0,0,0,0
0001441824-Raw02-f_00004.jpg,numeric,0001441824,mamianmakeng,3601.0,1276.0,3656.0,1341.0,55.0,65.0,3575.0,1.1818181818181819,55.0,0,0,0,0
0001441824-Raw02-f_00004.jpg,numeric,0001441824,mamianmakeng,3554.0,1158.0,3648.0,1245.0,94.0,87.0,8178.0,1.0804597701149425,87.0,0,0,0,0
0001441824-Raw02-f_00011.jpg,numeric,0001441824,mamianmakeng,3228.0,427.0,3377.0,553.0,149.0,126.0,18774.0,1.1825396825396826,126.0,0,0,0,0
0001441824-Raw02-f_00011.jpg,numeric,0001441824,mamianmakeng,3254.0,67.0,3334.0,140.0,80.0,73.0,5840.0,1.095890410958904,73.0,0,0,0,0
0001441824-Raw02-f_00011.jpg,numeric,0001441824,mamianmakeng,3297.0,1770.0,3391.0,1854.0,94.0,84.0,7896.0,1.119047619047619,84.0,0,0,0,0
0001441824-Raw02-f_00011.jpg,numeric,0001441824,mamianmakeng,3194.0,1796.0,3359.0,1991.0,165.0,195.0,32175.0,1.1818181818181819,165.0,0,0,0,0
0001441824-Raw02-f_00011.jpg,numeric,0001441824,mamianmakeng,3596.0,1842.0,3686.0,1917.0,90.0,75.0,6750.0,1.2,75.0,0,0,0,0
0001441824-Raw02-f_00011.jpg,numeric,0001441824,mamianmakeng,2200.0,2206.0,2294.0,2271.0,94.0,65.0,6110.0,1.4461538461538461,65.0,0,0,0,0
0001441824-Raw02-f_00011.jpg,numeric,0001441824,mamianmakeng,2614.0,1201.0,2739.0,1279.0,125.0,78.0,9750.0,1.6025641025641026,78.0,0,0,0,0
0001441824-Raw02-f_00011.jpg,numeric,0001441824,mamianmakeng,3371.0,2894.0,3457.0,2956.0,86.0,62.0,5332.0,1.3870967741935485,62.0,0,0,0,0
0001441824-Raw02-f_00011.jpg,numeric,0001441824,mamianmakeng,3493.0,711.0,3585.0,811.0,92.0,100.0,9200.0,1.0869565217391304,92.0,0,0,0,0
0001441824-Raw02-f_00011.jpg,numeric,0001441824,mamianmakeng,3623.0,82.0,3704.0,144.0,81.0,62.0,5022.0,1.3064516129032258,62.0,0,0,0,0
0001441824-Raw02-f_00011.jpg,numeric,0001441824,mamianmakeng,2571.0,187.0,2621.0,232.0,50.0,45.0,2250.0,1.1111111111111112,45.0,0,0,0,0
0001441824-Raw02-f_00011.jpg,numeric,0001441824,mamianmakeng,2395.0,2517.0,2458.0,2561.0,63.0,44.0,2772.0,1.4318181818181819,44.0,0,0,0,0
0001441824-Raw02-f_00011.jpg,numeric,0001441824,mamianmakeng,2564.0,78.0,2614.0,144.0,50.0,66.0,3300.0,1.32,50.0,0,0,0,0
0001441824-Raw02-f_00011.jpg,numeric,0001441824,mamianmakeng,1752.0,866.0,1811.0,941.0,59.0,75.0,4425.0,1.271186440677966,59.0,0,0,0,0
0001441824-Raw02-f_00011.jpg,numeric,0001441824,mamianmakeng,2654.0,1441.0,2737.0,1492.0,83.0,51.0,4233.0,1.6274509803921569,51.0,0,0,0,0
0001441824-Raw02-f_00011.jpg,numeric,0001441824,mamianmakeng,2497.0,1506.0,2568.0,1551.0,71.0,45.0,3195.0,1.5777777777777777,45.0,0,0,0,0
0001441824-Raw02-f_00011.jpg,numeric,0001441824,mamianmakeng,1815.0,57.0,1880.0,102.0,65.0,45.0,2925.0,1.4444444444444444,45.0,0,0,0,0
0001441824-Raw02-f_00011.jpg,numeric,0001441824,mamianmakeng,2196.0,2045.0,2257.0,2097.0,61.0,52.0,3172.0,1.1730769230769231,52.0,0,0,0,0
0001441824-Raw02-f_00011.jpg,numeric,0001441824,mamianmakeng,2890.0,2126.0,2941.0,2170.0,51.0,44.0,2244.0,1.1590909090909092,44.0,0,0,0,0
0001441824-Raw02-f_00011.jpg,numeric,0001441824,mamianmakeng,2153.0,2603.0,2213.0,2661.0,60.0,58.0,3480.0,1.0344827586206897,58.0,0,0,0,0
0001441825-Raw01-f_00006.jpg,numeric,0001441825,mamianmakeng,3530.0,2106.0,3607.0,2189.0,77.0,83.0,6391.0,1.077922077922078,77.0,0,0,0,0
0001441825-Raw01-f_00006.jpg,numeric,0001441825,mamianmakeng,3037.0,703.0,3108.0,790.0,71.0,87.0,6177.0,1.2253521126760563,71.0,0,0,0,0
0001441825-Raw01-f_00006.jpg,numeric,0001441825,mamianmakeng,3015.0,1636.0,3066.0,1693.0,51.0,57.0,2907.0,1.1176470588235294,51.0,0,0,0,0
0001441825-Raw01-f_00006.jpg,numeric,0001441825,mamianmakeng,2218.0,17.0,2265.0,77.0,47.0,60.0,2820.0,1.2765957446808511,47.0,0,0,0,0
0001441825-Raw01-f_00007.jpg,numeric,0001441825,mamianmakeng,2370.0,1611.0,2450.0,1680.0,80.0,69.0,5520.0,1.1594202898550725,69.0,0,0,0,0
0001441825-Raw01-f_00007.jpg,numeric,0001441825,mamianmakeng,2942.0,2035.0,3008.0,2103.0,66.0,68.0,4488.0,1.0303030303030303,66.0,0,0,0,0
0001441825-Raw01-f_00007.jpg,numeric,0001441825,mamianmakeng,2333.0,2059.0,2481.0,2143.0,148.0,84.0,12432.0,1.7619047619047619,84.0,0,0,0,0
0001441825-Raw01-f_00007.jpg,numeric,0001441825,mamianmakeng,2748.0,692.0,2791.0,729.0,43.0,37.0,1591.0,1.162162162162162,37.0,0,0,0,0
0001441825-Raw01-f_00007.jpg,numeric,0001441825,mamianmakeng,3968.0,45.0,4022.0,86.0,54.0,41.0,2214.0,1.3170731707317074,41.0,0,0,0,0
0001441825-Raw01-f_00007.jpg,numeric,0001441825,mamianmakeng,0.0,1511.0,34.0,1591.0,34.0,80.0,2720.0,2.3529411764705883,34.0,0,0,0,1
0001441825-Raw01-f_00009.jpg,numeric,0001441825,mamianmakeng,2866.0,1780.0,2956.0,1859.0,90.0,79.0,7110.0,1.139240506329114,79.0,0,0,0,0
0001441825-Raw01-f_00009.jpg,numeric,0001441825,mamianmakeng,3262.0,1227.0,3324.0,1281.0,62.0,54.0,3348.0,1.1481481481481481,54.0,0,0,0,0
0001441825-Raw01-f_00009.jpg,numeric,0001441825,mamianmakeng,3343.0,1382.0,3417.0,1458.0,74.0,76.0,5624.0,1.027027027027027,74.0,0,0,0,0
0001441825-Raw01-f_00009.jpg,numeric,0001441825,mamianmakeng,3391.0,622.0,3441.0,685.0,50.0,63.0,3150.0,1.26,50.0,0,0,0,0
0001441825-Raw01-f_00009.jpg,numeric,0001441825,mamianmakeng,2954.0,741.0,2996.0,800.0,42.0,59.0,2478.0,1.4047619047619047,42.0,0,0,0,0
0001441825-Raw01-f_00009.jpg,numeric,0001441825,mamianmakeng,2933.0,898.0,3014.0,948.0,81.0,50.0,4050.0,1.62,50.0,0,0,0,0
0001441825-Raw01-f_00010.jpg,numeric,0001441825,mamianmakeng,3544.0,482.0,3636.0,559.0,92.0,77.0,7084.0,1.1948051948051948,77.0,0,0,0,0
0001441825-Raw01-f_00010.jpg,numeric,0001441825,mamianmakeng,3960.0,1943.0,4023.0,2020.0,63.0,77.0,4851.0,1.2222222222222223,63.0,0,0,0,0
0001441825-Raw01-f_00010.jpg,numeric,0001441825,mamianmakeng,3944.0,1681.0,3998.0,1732.0,54.0,51.0,2754.0,1.0588235294117647,51.0,0,0,0,0
0001441825-Raw01-f_00010.jpg,numeric,0001441825,mamianmakeng,3618.0,1512.0,3672.0,1560.0,54.0,48.0,2592.0,1.125,48.0,0,0,0,0
0001441825-Raw01-f_00010.jpg,numeric,0001441825,mamianmakeng,3651.0,1676.0,3692.0,1723.0,41.0,47.0,1927.0,1.146341463414634,41.0,0,0,0,0
0001441825-Raw01-f_00010.jpg,numeric,0001441825,mamianmakeng,3959.0,2255.0,4022.0,2302.0,63.0,47.0,2961.0,1.3404255319148937,47.0,0,0,0,0
0001441825-Raw01-f_00010.jpg,numeric,0001441825,mamianmakeng,3981.0,2634.0,4044.0,2705.0,63.0,71.0,4473.0,1.126984126984127,63.0,0,0,0,0
0001441825-Raw01-f_00010.jpg,numeric,0001441825,mamianmakeng,3619.0,1168.0,3699.0,1262.0,80.0,94.0,7520.0,1.175,80.0,0,0,0,0
0001441825-Raw01-f_00010.jpg,numeric,0001441825,mamianmakeng,3907.0,2087.0,3971.0,2135.0,64.0,48.0,3072.0,1.3333333333333333,48.0,0,0,0,0
0001441825-Raw02-f_00001.jpg,numeric,0001441825,mamianmakeng,3112.0,1835.0,3257.0,1932.0,145.0,97.0,14065.0,1.4948453608247423,97.0,0,0,0,0
0001441825-Raw02-f_00001.jpg,numeric,0001441825,mamianmakeng,3212.0,2080.0,3332.0,2191.0,120.0,111.0,13320.0,1.0810810810810811,111.0,0,0,0,0
0001441825-Raw02-f_00001.jpg,numeric,0001441825,mamianmakeng,2055.0,1387.0,2135.0,1440.0,80.0,53.0,4240.0,1.509433962264151,53.0,0,0,0,0
0001441825-Raw02-f_00001.jpg,numeric,0001441825,mamianmakeng,3433.0,40.0,3516.0,134.0,83.0,94.0,7802.0,1.1325301204819278,83.0,0,0,0,0
0001441825-Raw02-f_00001.jpg,numeric,0001441825,mamianmakeng,3115.0,2342.0,3226.0,2407.0,111.0,65.0,7215.0,1.7076923076923076,65.0,0,0,0,0
0001441825-Raw02-f_00001.jpg,numeric,0001441825,mamianmakeng,3564.0,2080.0,3614.0,2133.0,50.0,53.0,2650.0,1.06,50.0,0,0,0,0
0001441825-Raw02-f_00001.jpg,numeric,0001441825,mamianmakeng,3338.0,915.0,3451.0,1031.0,113.0,116.0,13108.0,1.0265486725663717,113.0,0,0,0,0
0001441825-Raw02-f_00001.jpg,numeric,0001441825,mamianmakeng,2165.0,2144.0,2244.0,2189.0,79.0,45.0,3555.0,1.7555555555555555,45.0,0,0,0,0
0001441825-Raw02-f_00001.jpg,numeric,0001441825,mamianmakeng,3086.0,236.0,3136.0,298.0,50.0,62.0,3100.0,1.24,50.0,0,0,0,0
0001441825-Raw02-f_00001.jpg,numeric,0001441825,mamianmakeng,3118.0,167.0,3165.0,202.0,47.0,35.0,1645.0,1.3428571428571427,35.0,0,0,0,0
0001441825-Raw02-f_00001.jpg,numeric,0001441825,mamianmakeng,2177.0,244.0,2245.0,286.0,68.0,42.0,2856.0,1.619047619047619,42.0,0,0,0,0
0001441825-Raw02-f_00001.jpg,numeric,0001441825,mamianmakeng,2778.0,1406.0,2842.0,1471.0,64.0,65.0,4160.0,1.015625,64.0,0,0,0,0
0001441825-Raw02-f_00001.jpg,numeric,0001441825,mamianmakeng,2219.0,1422.0,2300.0,1470.0,81.0,48.0,3888.0,1.6875,48.0,0,0,0,0
0001441825-Raw02-f_00001.jpg,numeric,0001441825,mamianmakeng,3115.0,23.0,3194.0,118.0,79.0,95.0,7505.0,1.2025316455696202,79.0,0,0,0,0
0001441825-Raw02-f_00001.jpg,numeric,0001441825,mamianmakeng,3122.0,22.0,3173.0,60.0,51.0,38.0,1938.0,1.3421052631578947,38.0,0,0,0,0
0001441825-Raw02-f_00004.jpg,numeric,0001441825,mamianmakeng,2453.0,2113.0,2560.0,2214.0,107.0,101.0,10807.0,1.0594059405940595,101.0,0,0,0,0
0001441825-Raw02-f_00004.jpg,numeric,0001441825,mamianmakeng,3162.0,680.0,3234.0,747.0,72.0,67.0,4824.0,1.0746268656716418,67.0,0,0,0,0
0001441825-Raw02-f_00004.jpg,numeric,0001441825,mamianmakeng,3576.0,544.0,3639.0,600.0,63.0,56.0,3528.0,1.125,56.0,0,0,0,0
0001441825-Raw02-f_00004.jpg,numeric,0001441825,mamianmakeng,3142.0,552.0,3279.0,635.0,137.0,83.0,11371.0,1.6506024096385543,83.0,0,0,0,0
0001441825-Raw02-f_00004.jpg,numeric,0001441825,mamianmakeng,3153.0,859.0,3261.0,920.0,108.0,61.0,6588.0,1.7704918032786885,61.0,0,0,0,0
0001441825-Raw02-f_00004.jpg,numeric,0001441825,mamianmakeng,3384.0,1346.0,3471.0,1449.0,87.0,103.0,8961.0,1.1839080459770115,87.0,0,0,0,0
0001441825-Raw02-f_00004.jpg,numeric,0001441825,mamianmakeng,2111.0,232.0,2164.0,269.0,53.0,37.0,1961.0,1.4324324324324325,37.0,0,0,0,0
0001441825-Raw02-f_00004.jpg,numeric,0001441825,mamianmakeng,3569.0,2437.0,3645.0,2497.0,76.0,60.0,4560.0,1.2666666666666666,60.0,0,0,0,0
0001441825-Raw02-f_00004.jpg,numeric,0001441825,mamianmakeng,2669.0,575.0,2714.0,620.0,45.0,45.0,2025.0,1.0,45.0,0,0,0,0
0001441825-Raw02-f_00004.jpg,numeric,0001441825,mamianmakeng,3110.0,1175.0,3143.0,1214.0,33.0,39.0,1287.0,1.1818181818181819,33.0,0,0,0,0
0001441825-Raw02-f_00004.jpg,numeric,0001441825,mamianmakeng,3214.0,966.0,3256.0,1010.0,42.0,44.0,1848.0,1.0476190476190477,42.0,0,0,0,0
0001441825-Raw02-f_00006.jpg,numeric,0001441825,mamianmakeng,20.0,1438.0,88.0,1465.0,68.0,27.0,1836.0,2.5185185185185186,27.0,0,0,0,0
0001441825-Raw02-f_00006.jpg,numeric,0001441825,mamianmakeng,127.0,2090.0,204.0,2175.0,77.0,85.0,6545.0,1.103896103896104,77.0,0,0,0,0
0001441825-Raw02-f_00006.jpg,numeric,0001441825,mamianmakeng,127.0,2090.0,204.0,2175.0,77.0,85.0,6545.0,1.103896103896104,77.0,0,0,0,0
0001441825-Raw02-f_00006.jpg,numeric,0001441825,mamianmakeng,3401.0,2770.0,3472.0,2849.0,71.0,79.0,5609.0,1.1126760563380282,71.0,0,0,0,0
0001441825-Raw02-f_00006.jpg,numeric,0001441825,mamianmakeng,3237.0,2385.0,3304.0,2460.0,67.0,75.0,5025.0,1.1194029850746268,67.0,0,0,0,0
0001441825-Raw02-f_00006.jpg,numeric,0001441825,mamianmakeng,3467.0,2562.0,3528.0,2630.0,61.0,68.0,4148.0,1.1147540983606556,61.0,0,0,0,0
0001441825-Raw02-f_00006.jpg,numeric,0001441825,mamianmakeng,3396.0,2658.0,3514.0,2716.0,118.0,58.0,6844.0,2.0344827586206895,58.0,0,0,0,0
0001441825-Raw02-f_00006.jpg,numeric,0001441825,mamianmakeng,3184.0,1981.0,3252.0,2046.0,68.0,65.0,4420.0,1.0461538461538462,65.0,0,0,0,0
0001441825-Raw02-f_00006.jpg,numeric,0001441825,mamianmakeng,878.0,1312.0,947.0,1388.0,69.0,76.0,5244.0,1.1014492753623188,69.0,0,0,0,0
0001441825-Raw02-f_00006.jpg,numeric,0001441825,mamianmakeng,848.0,931.0,924.0,1028.0,76.0,97.0,7372.0,1.2763157894736843,76.0,0,0,0,0
0001441825-Raw02-f_00006.jpg,numeric,0001441825,mamianmakeng,3344.0,1705.0,3393.0,1739.0,49.0,34.0,1666.0,1.4411764705882353,34.0,0,0,0,0
0001441825-Raw02-f_00006.jpg,numeric,0001441825,mamianmakeng,3430.0,2483.0,3469.0,2521.0,39.0,38.0,1482.0,1.0263157894736843,38.0,0,0,0,0
0001441825-Raw02-f_00006.jpg,numeric,0001441825,mamianmakeng,2322.0,931.0,2376.0,987.0,54.0,56.0,3024.0,1.037037037037037,54.0,0,0,0,0
0001441825-Raw02-f_00006.jpg,numeric,0001441825,mamianmakeng,3583.0,2211.0,3626.0,2242.0,43.0,31.0,1333.0,1.3870967741935485,31.0,0,0,0,0
0001441825-Raw02-f_00010.jpg,numeric,0001441825,mamianmakeng,134.0,469.0,225.0,545.0,91.0,76.0,6916.0,1.1973684210526316,76.0,0,0,0,0
0001441825-Raw02-f_00010.jpg,numeric,0001441825,mamianmakeng,2822.0,668.0,2909.0,754.0,87.0,86.0,7482.0,1.0116279069767442,86.0,0,0,0,0
0001441825-Raw02-f_00010.jpg,numeric,0001441825,mamianmakeng,2782.0,576.0,2832.0,629.0,50.0,53.0,2650.0,1.06,50.0,0,0,0,0
0001441825-Raw02-f_00010.jpg,numeric,0001441825,mamianmakeng,2868.0,805.0,2918.0,863.0,50.0,58.0,2900.0,1.16,50.0,0,0,0,0
0001441825-Raw02-f_00010.jpg,numeric,0001441825,mamianmakeng,2380.0,1189.0,2428.0,1242.0,48.0,53.0,2544.0,1.1041666666666667,48.0,0,0,0,0
0001441825-Raw02-f_00010.jpg,numeric,0001441825,mamianmakeng,550.0,1935.0,617.0,2005.0,67.0,70.0,4690.0,1.044776119402985,67.0,0,0,0,0
0001441825-Raw02-f_00010.jpg,numeric,0001441825,mamianmakeng,3238.0,2038.0,3332.0,2185.0,94.0,147.0,13818.0,1.5638297872340425,94.0,0,0,0,0
0001441825-Raw02-f_00010.jpg,numeric,0001441825,mamianmakeng,3258.0,2682.0,3360.0,2764.0,102.0,82.0,8364.0,1.2439024390243902,82.0,0,0,0,0
0001441825-Raw02-f_00010.jpg,numeric,0001441825,mamianmakeng,3661.0,2351.0,3706.0,2436.0,45.0,85.0,3825.0,1.8888888888888888,45.0,0,0,0,0
0001441825-Raw02-f_00010.jpg,numeric,0001441825,mamianmakeng,3666.0,2622.0,3716.0,2674.0,50.0,52.0,2600.0,1.04,50.0,0,0,0,0
0001441825-Raw02-f_00010.jpg,numeric,0001441825,mamianmakeng,2312.0,1102.0,2379.0,1203.0,67.0,101.0,6767.0,1.507462686567164,67.0,0,0,0,0
0001441825-Raw02-f_00010.jpg,numeric,0001441825,mamianmakeng,3375.0,2511.0,3421.0,2552.0,46.0,41.0,1886.0,1.1219512195121952,41.0,0,0,0,0
0001441825-Raw02-f_00010.jpg,numeric,0001441825,mamianmakeng,3537.0,2024.0,3584.0,2070.0,47.0,46.0,2162.0,1.0217391304347827,46.0,0,0,0,0
0001441825-Raw02-f_00010.jpg,numeric,0001441825,mamianmakeng,3673.0,1918.0,3717.0,1963.0,44.0,45.0,1980.0,1.0227272727272727,44.0,0,0,0,0
0001441825-Raw02-f_00010.jpg,numeric,0001441825,mamianmakeng,2340.0,1011.0,2406.0,1061.0,66.0,50.0,3300.0,1.32,50.0,0,0,0,0
0001441825-Raw02-f_00010.jpg,numeric,0001441825,mamianmakeng,2453.0,1084.0,2544.0,1123.0,91.0,39.0,3549.0,2.3333333333333335,39.0,0,0,0,0
0001441825-Raw02-f_00010.jpg,numeric,0001441825,mamianmakeng,182.0,1152.0,289.0,1249.0,107.0,97.0,10379.0,1.1030927835051547,97.0,0,0,0,0
0001441825-Raw02-f_00010.jpg,numeric,0001441825,mamianmakeng,215.0,1500.0,283.0,1546.0,68.0,46.0,3128.0,1.4782608695652173,46.0,0,0,0,0
0001441825-Raw02-f_00010.jpg,numeric,0001441825,mamianmakeng,505.0,2068.0,573.0,2124.0,68.0,56.0,3808.0,1.2142857142857142,56.0,0,0,0,0
0001441825-Raw02-f_00010.jpg,numeric,0001441825,mamianmakeng,564.0,2238.0,638.0,2295.0,74.0,57.0,4218.0,1.2982456140350878,57.0,0,0,0,0
0001441825-Raw02-f_00010.jpg,numeric,0001441825,mamianmakeng,583.0,2624.0,634.0,2694.0,51.0,70.0,3570.0,1.3725490196078431,51.0,0,0,0,0
0001441825-Raw02-f_00010.jpg,numeric,0001441825,mamianmakeng,234.0,1671.0,293.0,1713.0,59.0,42.0,2478.0,1.4047619047619047,42.0,0,0,0,0
0001441825-Raw02-f_00010.jpg,numeric,0001441825,mamianmakeng,535.0,1673.0,593.0,1717.0,58.0,44.0,2552.0,1.3181818181818181,44.0,0,0,0,0
0001441825-Raw02-f_00010.jpg,numeric,0001441825,mamianmakeng,2458.0,2169.0,2516.0,2217.0,58.0,48.0,2784.0,1.2083333333333333,48.0,0,0,0,0
0001441825-Raw02-f_00010.jpg,numeric,0001441825,mamianmakeng,2226.0,2883.0,2299.0,2934.0,73.0,51.0,3723.0,1.4313725490196079,51.0,0,0,0,0
0001441825-Raw02-f_00010.jpg,numeric,0001441825,mamianmakeng,1751.0,2490.0,1814.0,2536.0,63.0,46.0,2898.0,1.3695652173913044,46.0,0,0,0,0
0001441826-Raw00-f_00009.jpg,numeric,0001441826,mamianmakeng,3951.0,1515.0,4049.0,1650.0,98.0,135.0,13230.0,1.3775510204081634,98.0,0,0,0,0
0001441826-Raw00-f_00009.jpg,numeric,0001441826,mamianmakeng,4011.0,1773.0,4094.0,1854.0,83.0,81.0,6723.0,1.0246913580246915,81.0,0,0,0,1
0001441826-Raw00-f_00009.jpg,numeric,0001441826,mamianmakeng,3304.0,567.0,3409.0,653.0,105.0,86.0,9030.0,1.2209302325581395,86.0,0,0,0,0
0001441826-Raw00-f_00009.jpg,numeric,0001441826,mamianmakeng,2268.0,2711.0,2345.0,2793.0,77.0,82.0,6314.0,1.0649350649350648,77.0,0,0,0,0
0001441826-Raw00-f_00009.jpg,numeric,0001441826,mamianmakeng,3306.0,1014.0,3380.0,1068.0,74.0,54.0,3996.0,1.3703703703703705,54.0,0,0,0,0
0001441826-Raw01-f_00001.jpg,numeric,0001441826,mamianmakeng,3917.0,521.0,3982.0,582.0,65.0,61.0,3965.0,1.0655737704918034,61.0,0,0,0,0
0001441826-Raw01-f_00001.jpg,numeric,0001441826,mamianmakeng,3687.0,418.0,3761.0,467.0,74.0,49.0,3626.0,1.510204081632653,49.0,0,0,0,0
0001441826-Raw01-f_00001.jpg,numeric,0001441826,mamianmakeng,3471.0,2876.0,3557.0,2912.0,86.0,36.0,3096.0,2.388888888888889,36.0,0,0,0,0
0001441826-Raw01-f_00003.jpg,numeric,0001441826,mamianmakeng,2320.0,2068.0,2421.0,2137.0,101.0,69.0,6969.0,1.463768115942029,69.0,0,0,0,0
0001441826-Raw01-f_00003.jpg,numeric,0001441826,mamianmakeng,3401.0,2305.0,3464.0,2376.0,63.0,71.0,4473.0,1.126984126984127,63.0,0,0,0,0
0001441826-Raw01-f_00003.jpg,numeric,0001441826,mamianmakeng,3523.0,179.0,3651.0,251.0,128.0,72.0,9216.0,1.7777777777777777,72.0,0,0,0,0
0001441826-Raw01-f_00003.jpg,numeric,0001441826,mamianmakeng,3347.0,1436.0,3444.0,1519.0,97.0,83.0,8051.0,1.1686746987951808,83.0,0,0,0,0
0001441826-Raw01-f_00003.jpg,numeric,0001441826,mamianmakeng,3601.0,1469.0,3655.0,1519.0,54.0,50.0,2700.0,1.08,50.0,0,0,0,0
0001441826-Raw01-f_00007.jpg,numeric,0001441826,mamianmakeng,3883.0,370.0,3983.0,456.0,100.0,86.0,8600.0,1.1627906976744187,86.0,0,0,0,0
0001441826-Raw01-f_00007.jpg,numeric,0001441826,mamianmakeng,493.0,495.0,575.0,601.0,82.0,106.0,8692.0,1.2926829268292683,82.0,0,0,0,0
0001441826-Raw01-f_00007.jpg,numeric,0001441826,mamianmakeng,3895.0,215.0,3985.0,301.0,90.0,86.0,7740.0,1.0465116279069768,86.0,0,0,0,0
0001441826-Raw01-f_00007.jpg,numeric,0001441826,mamianmakeng,3798.0,1699.0,3903.0,1769.0,105.0,70.0,7350.0,1.5,70.0,0,0,0,0
0001441826-Raw01-f_00007.jpg,numeric,0001441826,mamianmakeng,3401.0,984.0,3453.0,1028.0,52.0,44.0,2288.0,1.1818181818181819,44.0,0,0,0,0
0001441826-Raw01-f_00007.jpg,numeric,0001441826,mamianmakeng,3954.0,1.0,4034.0,28.0,80.0,27.0,2160.0,2.962962962962963,27.0,0,0,0,1
0001441826-Raw01-f_00007.jpg,numeric,0001441826,mamianmakeng,909.0,2163.0,955.0,2199.0,46.0,36.0,1656.0,1.2777777777777777,36.0,0,0,0,0
0001441826-Raw01-f_00008.jpg,numeric,0001441826,mamianmakeng,1629.0,1714.0,1669.0,1745.0,40.0,31.0,1240.0,1.2903225806451613,31.0,0,0,0,0
0001441826-Raw01-f_00008.jpg,numeric,0001441826,mamianmakeng,3487.0,2857.0,3555.0,2928.0,68.0,71.0,4828.0,1.0441176470588236,68.0,0,0,0,0
0001441826-Raw01-f_00008.jpg,numeric,0001441826,mamianmakeng,3515.0,2708.0,3574.0,2761.0,59.0,53.0,3127.0,1.1132075471698113,53.0,0,0,0,0
0001441826-Raw01-f_00008.jpg,numeric,0001441826,mamianmakeng,3579.0,2567.0,3641.0,2621.0,62.0,54.0,3348.0,1.1481481481481481,54.0,0,0,0,0
0001441826-Raw01-f_00008.jpg,numeric,0001441826,mamianmakeng,3546.0,604.0,3629.0,702.0,83.0,98.0,8134.0,1.180722891566265,83.0,0,0,0,0
0001441826-Raw01-f_00008.jpg,numeric,0001441826,mamianmakeng,3505.0,916.0,3598.0,1003.0,93.0,87.0,8091.0,1.0689655172413792,87.0,0,0,0,0
0001441826-Raw01-f_00008.jpg,numeric,0001441826,mamianmakeng,412.0,549.0,487.0,689.0,75.0,140.0,10500.0,1.8666666666666667,75.0,0,0,0,0
0001441826-Raw01-f_00008.jpg,numeric,0001441826,mamianmakeng,292.0,1053.0,387.0,1132.0,95.0,79.0,7505.0,1.2025316455696202,79.0,0,0,0,0
0001441826-Raw01-f_00008.jpg,numeric,0001441826,mamianmakeng,353.0,1735.0,446.0,1821.0,93.0,86.0,7998.0,1.0813953488372092,86.0,0,0,0,0
0001441826-Raw01-f_00008.jpg,numeric,0001441826,mamianmakeng,349.0,2476.0,440.0,2558.0,91.0,82.0,7462.0,1.1097560975609757,82.0,0,0,0,0
0001441826-Raw01-f_00008.jpg,numeric,0001441826,mamianmakeng,3573.0,1670.0,3646.0,1723.0,73.0,53.0,3869.0,1.3773584905660377,53.0,0,0,0,0
0001441826-Raw02-f_00003.jpg,numeric,0001441826,mamianmakeng,1.0,2290.0,57.0,2361.0,56.0,71.0,3976.0,1.2678571428571428,56.0,0,0,0,1
0001441826-Raw02-f_00003.jpg,numeric,0001441826,mamianmakeng,3093.0,1155.0,3182.0,1251.0,89.0,96.0,8544.0,1.0786516853932584,89.0,0,0,0,0
0001441826-Raw02-f_00003.jpg,numeric,0001441826,mamianmakeng,3024.0,1054.0,3151.0,1116.0,127.0,62.0,7874.0,2.0483870967741935,62.0,0,0,0,0
0001441826-Raw02-f_00003.jpg,numeric,0001441826,mamianmakeng,3061.0,2392.0,3203.0,2492.0,142.0,100.0,14200.0,1.42,100.0,0,0,0,0
0001441826-Raw02-f_00003.jpg,numeric,0001441826,mamianmakeng,3118.0,2061.0,3171.0,2128.0,53.0,67.0,3551.0,1.2641509433962264,53.0,0,0,0,0
0001441826-Raw02-f_00003.jpg,numeric,0001441826,mamianmakeng,3048.0,1814.0,3113.0,1849.0,65.0,35.0,2275.0,1.8571428571428572,35.0,0,0,0,0
0001441826-Raw02-f_00003.jpg,numeric,0001441826,mamianmakeng,3358.0,1736.0,3428.0,1795.0,70.0,59.0,4130.0,1.1864406779661016,59.0,0,0,0,0
0001441826-Raw02-f_00003.jpg,numeric,0001441826,mamianmakeng,3065.0,30.0,3125.0,64.0,60.0,34.0,2040.0,1.7647058823529411,34.0,0,0,0,0
0001441826-Raw02-f_00003.jpg,numeric,0001441826,mamianmakeng,3306.0,186.0,3346.0,212.0,40.0,26.0,1040.0,1.5384615384615385,26.0,0,0,0,0
0001441826-Raw02-f_00003.jpg,numeric,0001441826,mamianmakeng,118.0,177.0,225.0,243.0,107.0,66.0,7062.0,1.621212121212121,66.0,0,0,0,0
0001441826-Raw02-f_00003.jpg,numeric,0001441826,jieba,1975.0,128.0,2103.0,261.0,128.0,133.0,17024.0,1.0390625,128.0,0,0,0,0
0001441826-Raw02-f_00003.jpg,numeric,0001441826,mamianmakeng,3289.0,629.0,3322.0,652.0,33.0,23.0,759.0,1.434782608695652,23.0,0,0,0,0
0001441827-Raw00-f_00002.jpg,numeric,0001441827,yanghuatiepi,1779.0,1000.0,1831.0,1024.0,52.0,24.0,1248.0,2.1666666666666665,24.0,0,0,0,0
0001441827-Raw00-f_00002.jpg,numeric,0001441827,mamianmakeng,3359.0,2431.0,3498.0,2534.0,139.0,103.0,14317.0,1.3495145631067962,103.0,0,0,0,0
0001441827-Raw02-f_00005.jpg,numeric,0001441827,mamianmakeng,3933.0,466.0,4007.0,517.0,74.0,51.0,3774.0,1.4509803921568627,51.0,0,0,0,0
0001441827-Raw02-f_00005.jpg,numeric,0001441827,mamianmakeng,96.0,1706.0,186.0,1800.0,90.0,94.0,8460.0,1.0444444444444445,90.0,0,0,0,0
0001441827-Raw02-f_00005.jpg,numeric,0001441827,mamianmakeng,709.0,1273.0,780.0,1342.0,71.0,69.0,4899.0,1.0289855072463767,69.0,0,0,0,0
0001441827-Raw02-f_00005.jpg,numeric,0001441827,mamianmakeng,3477.0,399.0,3575.0,488.0,98.0,89.0,8722.0,1.101123595505618,89.0,0,0,0,0
0001441827-Raw02-f_00005.jpg,numeric,0001441827,mamianmakeng,3937.0,2924.0,3993.0,2977.0,56.0,53.0,2968.0,1.0566037735849056,53.0,0,0,0,0
0001441827-Raw02-f_00005.jpg,numeric,0001441827,mamianmakeng,3313.0,745.0,3378.0,809.0,65.0,64.0,4160.0,1.015625,64.0,0,0,0,0
0001441827-Raw02-f_00005.jpg,numeric,0001441827,mamianmakeng,48.0,930.0,125.0,1016.0,77.0,86.0,6622.0,1.1168831168831168,77.0,0,0,0,0
0001441827-Raw02-f_00005.jpg,numeric,0001441827,mamianmakeng,3594.0,362.0,3653.0,422.0,59.0,60.0,3540.0,1.0169491525423728,59.0,0,0,0,0
0001441827-Raw02-f_00005.jpg,numeric,0001441827,mamianmakeng,614.0,422.0,678.0,486.0,64.0,64.0,4096.0,1.0,64.0,0,0,0,0
0001441827-Raw02-f_00005.jpg,numeric,0001441827,mamianmakeng,2030.0,1132.0,2097.0,1197.0,67.0,65.0,4355.0,1.0307692307692307,65.0,0,0,0,0
0001441827-Raw02-f_00005.jpg,numeric,0001441827,mamianmakeng,126.0,658.0,212.0,721.0,86.0,63.0,5418.0,1.3650793650793651,63.0,0,0,0,0
0001441827-Raw02-f_00005.jpg,numeric,0001441827,mamianmakeng,651.0,906.0,731.0,952.0,80.0,46.0,3680.0,1.7391304347826086,46.0,0,0,0,0
0001441827-Raw02-f_00005.jpg,numeric,0001441827,mamianmakeng,3599.0,886.0,3667.0,952.0,68.0,66.0,4488.0,1.0303030303030303,66.0,0,0,0,0
0001441827-Raw02-f_00005.jpg,numeric,0001441827,mamianmakeng,3272.0,1846.0,3333.0,1901.0,61.0,55.0,3355.0,1.1090909090909091,55.0,0,0,0,0
0001441827-Raw02-f_00005.jpg,numeric,0001441827,mamianmakeng,1819.0,2429.0,1894.0,2537.0,75.0,108.0,8100.0,1.44,75.0,0,0,0,0
0001441827-Raw02-f_00005.jpg,numeric,0001441827,mamianmakeng,3520.0,171.0,3599.0,223.0,79.0,52.0,4108.0,1.5192307692307692,52.0,0,0,0,0
0001441827-Raw02-f_00005.jpg,numeric,0001441827,mamianmakeng,632.0,362.0,689.0,415.0,57.0,53.0,3021.0,1.0754716981132075,53.0,0,0,0,0
0001441827-Raw02-f_00005.jpg,numeric,0001441827,mamianmakeng,1254.0,268.0,1302.0,321.0,48.0,53.0,2544.0,1.1041666666666667,48.0,0,0,0,0
0001441827-Raw02-f_00005.jpg,numeric,0001441827,mamianmakeng,2093.0,2699.0,2175.0,2762.0,82.0,63.0,5166.0,1.3015873015873016,63.0,0,0,0,0
0001441827-Raw02-f_00005.jpg,numeric,0001441827,mamianmakeng,3967.0,25.0,4001.0,78.0,34.0,53.0,1802.0,1.5588235294117647,34.0,0,0,0,0
0001441827-Raw02-f_00005.jpg,numeric,0001441827,mamianmakeng,2039.0,2767.0,2103.0,2827.0,64.0,60.0,3840.0,1.0666666666666667,60.0,0,0,0,0
0001441827-Raw02-f_00005.jpg,numeric,0001441827,mamianmakeng,93.0,1159.0,141.0,1215.0,48.0,56.0,2688.0,1.1666666666666667,48.0,0,0,0,0
0001441827-Raw02-f_00005.jpg,numeric,0001441827,mamianmakeng,3342.0,1167.0,3387.0,1214.0,45.0,47.0,2115.0,1.0444444444444445,45.0,0,0,0,0
0001441827-Raw02-f_00005.jpg,numeric,0001441827,mamianmakeng,1765.0,2801.0,1827.0,2854.0,62.0,53.0,3286.0,1.169811320754717,53.0,0,0,0,0
0001441827-Raw02-f_00005.jpg,numeric,0001441827,mamianmakeng,3402.0,171.0,3468.0,209.0,66.0,38.0,2508.0,1.736842105263158,38.0,0,0,0,0
0001441827-Raw02-f_00005.jpg,numeric,0001441827,mamianmakeng,3738.0,2487.0,3859.0,2558.0,121.0,71.0,8591.0,1.704225352112676,71.0,0,0,0,0
0001441827-Raw02-f_00005.jpg,numeric,0001441827,mamianmakeng,2140.0,2766.0,2195.0,2812.0,55.0,46.0,2530.0,1.1956521739130435,46.0,0,0,0,0
0001441827-Raw02-f_00005.jpg,numeric,0001441827,mamianmakeng,3416.0,467.0,3467.0,504.0,51.0,37.0,1887.0,1.3783783783783783,37.0,0,0,0,0
0001441827-Raw02-f_00005.jpg,numeric,0001441827,mamianmakeng,1234.0,335.0,1279.0,403.0,45.0,68.0,3060.0,1.511111111111111,45.0,0,0,0,0
0001441827-Raw02-f_00005.jpg,numeric,0001441827,mamianmakeng,3631.0,2727.0,3719.0,2798.0,88.0,71.0,6248.0,1.2394366197183098,71.0,0,0,0,0
0001441827-Raw02-f_00005.jpg,numeric,0001441827,mamianmakeng,1682.0,980.0,1734.0,1019.0,52.0,39.0,2028.0,1.3333333333333333,39.0,0,0,0,0
0001441827-Raw02-f_00005.jpg,numeric,0001441827,mamianmakeng,3761.0,1499.0,3805.0,1535.0,44.0,36.0,1584.0,1.2222222222222223,36.0,0,0,0,0
0001441827-Raw02-f_00005.jpg,numeric,0001441827,mamianmakeng,3418.0,1463.0,3467.0,1502.0,49.0,39.0,1911.0,1.2564102564102564,39.0,0,0,0,0
0001441827-Raw02-f_00005.jpg,numeric,0001441827,mamianmakeng,75.0,2135.0,140.0,2185.0,65.0,50.0,3250.0,1.3,50.0,0,0,0,0
0001441827-Raw02-f_00005.jpg,numeric,0001441827,mamianmakeng,3349.0,405.0,3403.0,476.0,54.0,71.0,3834.0,1.3148148148148149,54.0,0,0,0,0
0001441827-Raw02-f_00005.jpg,numeric,0001441827,mamianmakeng,65.0,2581.0,124.0,2623.0,59.0,42.0,2478.0,1.4047619047619047,42.0,0,0,0,0
0001441827-Raw02-f_00010.jpg,numeric,0001441827,mamianmakeng,3943.0,2738.0,3999.0,2797.0,56.0,59.0,3304.0,1.0535714285714286,56.0,0,0,0,0
0001441827-Raw02-f_00010.jpg,numeric,0001441827,mamianmakeng,4019.0,2241.0,4080.0,2299.0,61.0,58.0,3538.0,1.0517241379310345,58.0,0,0,0,1
0001441827-Raw02-f_00010.jpg,numeric,0001441827,mamianmakeng,3909.0,1906.0,4006.0,2017.0,97.0,111.0,10767.0,1.1443298969072164,97.0,0,0,0,0
0001441827-Raw02-f_00010.jpg,numeric,0001441827,mamianmakeng,3791.0,1821.0,3853.0,1895.0,62.0,74.0,4588.0,1.1935483870967742,62.0,0,0,0,0
0001441827-Raw02-f_00010.jpg,numeric,0001441827,mamianmakeng,3845.0,1350.0,3898.0,1397.0,53.0,47.0,2491.0,1.127659574468085,47.0,0,0,0,0
0001441827-Raw02-f_00010.jpg,numeric,0001441827,mamianmakeng,3767.0,938.0,3845.0,1027.0,78.0,89.0,6942.0,1.141025641025641,78.0,0,0,0,0
0001441827-Raw02-f_00010.jpg,numeric,0001441827,mamianmakeng,3811.0,1060.0,3849.0,1117.0,38.0,57.0,2166.0,1.5,38.0,0,0,0,0
0001441827-Raw02-f_00010.jpg,numeric,0001441827,mamianmakeng,3975.0,829.0,4046.0,885.0,71.0,56.0,3976.0,1.2678571428571428,56.0,0,0,0,0
0001441827-Raw02-f_00010.jpg,numeric,0001441827,mamianmakeng,3964.0,685.0,4023.0,744.0,59.0,59.0,3481.0,1.0,59.0,0,0,0,0
0001441827-Raw02-f_00010.jpg,numeric,0001441827,mamianmakeng,3882.0,578.0,3943.0,639.0,61.0,61.0,3721.0,1.0,61.0,0,0,0,0
0001441827-Raw02-f_00010.jpg,numeric,0001441827,mamianmakeng,3838.0,1123.0,3876.0,1187.0,38.0,64.0,2432.0,1.6842105263157894,38.0,0,0,0,0
0001441827-Raw02-f_00010.jpg,numeric,0001441827,mamianmakeng,4036.0,1286.0,4068.0,1336.0,32.0,50.0,1600.0,1.5625,32.0,0,0,0,0
0001441827-Raw02-f_00010.jpg,numeric,0001441827,mamianmakeng,299.0,1951.0,402.0,2056.0,103.0,105.0,10815.0,1.0194174757281553,103.0,0,0,0,0
0001441827-Raw02-f_00010.jpg,numeric,0001441827,mamianmakeng,2754.0,980.0,2798.0,1024.0,44.0,44.0,1936.0,1.0,44.0,0,0,0,0
0001441827-Raw02-f_00010.jpg,numeric,0001441827,mamianmakeng,1977.0,1108.0,2025.0,1155.0,48.0,47.0,2256.0,1.0212765957446808,47.0,0,0,0,0
0001441827-Raw02-f_00010.jpg,numeric,0001441827,mamianmakeng,1958.0,1343.0,2038.0,1413.0,80.0,70.0,5600.0,1.1428571428571428,70.0,0,0,0,0
0001441827-Raw02-f_00010.jpg,numeric,0001441827,mamianmakeng,2013.0,1427.0,2059.0,1468.0,46.0,41.0,1886.0,1.1219512195121952,41.0,0,0,0,0
0001441827-Raw02-f_00010.jpg,numeric,0001441827,mamianmakeng,1920.0,1464.0,1990.0,1555.0,70.0,91.0,6370.0,1.3,70.0,0,0,0,0
0001441827-Raw02-f_00010.jpg,numeric,0001441827,mamianmakeng,1918.0,1819.0,2004.0,1946.0,86.0,127.0,10922.0,1.4767441860465116,86.0,0,0,0,0
0001441827-Raw02-f_00010.jpg,numeric,0001441827,mamianmakeng,2076.0,2339.0,2127.0,2396.0,51.0,57.0,2907.0,1.1176470588235294,51.0,0,0,0,0
0001441827-Raw02-f_00010.jpg,numeric,0001441827,mamianmakeng,3226.0,1558.0,3286.0,1610.0,60.0,52.0,3120.0,1.1538461538461537,52.0,0,0,0,0
0001441827-Raw02-f_00010.jpg,numeric,0001441827,mamianmakeng,3969.0,2948.0,4081.0,3000.0,112.0,52.0,5824.0,2.1538461538461537,52.0,0,0,0,1
0001441827-Raw02-f_00010.jpg,numeric,0001441827,mamianmakeng,3755.0,72.0,3853.0,207.0,98.0,135.0,13230.0,1.3775510204081634,98.0,0,0,0,0
0001441827-Raw02-f_00010.jpg,numeric,0001441827,mamianmakeng,284.0,2375.0,337.0,2439.0,53.0,64.0,3392.0,1.2075471698113207,53.0,0,0,0,0
0001441827-Raw02-f_00010.jpg,numeric,0001441827,mamianmakeng,746.0,1610.0,800.0,1675.0,54.0,65.0,3510.0,1.2037037037037037,54.0,0,0,0,0
0001441827-Raw02-f_00010.jpg,numeric,0001441827,mamianmakeng,964.0,1796.0,1041.0,1847.0,77.0,51.0,3927.0,1.5098039215686274,51.0,0,0,0,0
0001441827-Raw02-f_00010.jpg,numeric,0001441827,mamianmakeng,982.0,1590.0,1025.0,1612.0,43.0,22.0,946.0,1.9545454545454546,22.0,0,0,0,0
0001441827-Raw02-f_00010.jpg,numeric,0001441827,mamianmakeng,972.0,1722.0,1015.0,1745.0,43.0,23.0,989.0,1.8695652173913044,23.0,0,0,0,0
0001441827-Raw02-f_00010.jpg,numeric,0001441827,mamianmakeng,1217.0,1541.0,1263.0,1565.0,46.0,24.0,1104.0,1.9166666666666667,24.0,0,0,0,0
0001441827-Raw02-f_00010.jpg,numeric,0001441827,mamianmakeng,1343.0,927.0,1386.0,953.0,43.0,26.0,1118.0,1.6538461538461537,26.0,0,0,0,0
0001441827-Raw02-f_00010.jpg,numeric,0001441827,mamianmakeng,3400.0,2828.0,3468.0,2871.0,68.0,43.0,2924.0,1.5813953488372092,43.0,0,0,0,0
0001441827-Raw02-f_00010.jpg,numeric,0001441827,mamianmakeng,3380.0,2505.0,3424.0,2550.0,44.0,45.0,1980.0,1.0227272727272727,44.0,0,0,0,0
0001441827-Raw02-f_00010.jpg,numeric,0001441827,mamianmakeng,2020.0,2862.0,2057.0,2892.0,37.0,30.0,1110.0,1.2333333333333334,30.0,0,0,0,0
0001441827-Raw02-f_00010.jpg,numeric,0001441827,mamianmakeng,2070.0,2482.0,2106.0,2517.0,36.0,35.0,1260.0,1.0285714285714285,35.0,0,0,0,0
0001441827-Raw02-f_00010.jpg,numeric,0001441827,mamianmakeng,2066.0,2604.0,2096.0,2636.0,30.0,32.0,960.0,1.0666666666666667,30.0,0,0,0,0
0001441827-Raw02-f_00010.jpg,numeric,0001441827,mamianmakeng,2100.0,2856.0,2145.0,2890.0,45.0,34.0,1530.0,1.3235294117647058,34.0,0,0,0,0
0001441827-Raw02-f_00010.jpg,numeric,0001441827,mamianmakeng,2122.0,2930.0,2169.0,2966.0,47.0,36.0,1692.0,1.3055555555555556,36.0,0,0,0,0
0001441827-Raw02-f_00010.jpg,numeric,0001441827,mamianmakeng,1907.0,2064.0,1977.0,2145.0,70.0,81.0,5670.0,1.1571428571428573,70.0,0,0,0,0
0001441827-Raw02-f_00010.jpg,numeric,0001441827,mamianmakeng,809.0,929.0,906.0,999.0,97.0,70.0,6790.0,1.3857142857142857,70.0,0,0,0,0
0001441827-Raw02-f_00010.jpg,numeric,0001441827,mamianmakeng,798.0,669.0,858.0,712.0,60.0,43.0,2580.0,1.3953488372093024,43.0,0,0,0,0
0001441827-Raw02-f_00010.jpg,numeric,0001441827,mamianmakeng,299.0,1051.0,338.0,1090.0,39.0,39.0,1521.0,1.0,39.0,0,0,0,0
0001441827-Raw02-f_00010.jpg,numeric,0001441827,mamianmakeng,101.0,996.0,142.0,1022.0,41.0,26.0,1066.0,1.5769230769230769,26.0,0,0,0,0
0001441827-Raw02-f_00010.jpg,numeric,0001441827,mamianmakeng,735.0,1252.0,821.0,1338.0,86.0,86.0,7396.0,1.0,86.0,0,0,0,0
0001441827-Raw02-f_00010.jpg,numeric,0001441827,mamianmakeng,958.0,2378.0,1017.0,2438.0,59.0,60.0,3540.0,1.0169491525423728,59.0,0,0,0,0
0001441827-Raw02-f_00010.jpg,numeric,0001441827,mamianmakeng,1236.0,2375.0,1267.0,2410.0,31.0,35.0,1085.0,1.1290322580645162,31.0,0,0,0,0
0001441827-Raw02-f_00010.jpg,numeric,0001441827,mamianmakeng,1230.0,2511.0,1270.0,2545.0,40.0,34.0,1360.0,1.1764705882352942,34.0,0,0,0,0
0001441827-Raw02-f_00010.jpg,numeric,0001441827,mamianmakeng,1285.0,2764.0,1328.0,2803.0,43.0,39.0,1677.0,1.1025641025641026,39.0,0,0,0,0
0001441827-Raw02-f_00010.jpg,numeric,0001441827,mamianmakeng,475.0,1407.0,511.0,1436.0,36.0,29.0,1044.0,1.2413793103448276,29.0,0,0,0,0
0001441827-Raw02-f_00010.jpg,numeric,0001441827,mamianmakeng,377.0,582.0,438.0,619.0,61.0,37.0,2257.0,1.6486486486486487,37.0,0,0,0,0
0001441827-Raw02-f_00010.jpg,numeric,0001441827,mamianmakeng,387.0,750.0,441.0,782.0,54.0,32.0,1728.0,1.6875,32.0,0,0,0,0
0001441827-Raw02-f_00010.jpg,numeric,0001441827,mamianmakeng,232.0,161.0,307.0,228.0,75.0,67.0,5025.0,1.1194029850746268,67.0,0,0,0,0
0001441827-Raw02-f_00010.jpg,numeric,0001441827,mamianmakeng,214.0,1519.0,262.0,1546.0,48.0,27.0,1296.0,1.7777777777777777,27.0,0,0,0,0
0001441827-Raw02-f_00010.jpg,numeric,0001441827,mamianmakeng,644.0,2072.0,710.0,2112.0,66.0,40.0,2640.0,1.65,40.0,0,0,0,0
0001441827-Raw02-f_00010.jpg,numeric,0001441827,mamianmakeng,1938.0,1633.0,2066.0,1680.0,128.0,47.0,6016.0,2.723404255319149,47.0,0,0,0,0
0001441827-Raw02-f_00010.jpg,numeric,0001441827,mamianmakeng,1989.0,1953.0,2036.0,1993.0,47.0,40.0,1880.0,1.175,40.0,0,0,0,0
0001441827-Raw02-f_00010.jpg,numeric,0001441827,mamianmakeng,2016.0,2014.0,2044.0,2036.0,28.0,22.0,616.0,1.2727272727272727,22.0,0,0,0,0
0001441827-Raw03-f_00004.jpg,numeric,0001441827,mamianmakeng,384.0,1209.0,451.0,1308.0,67.0,99.0,6633.0,1.4776119402985075,67.0,0,0,0,0
0001441827-Raw03-f_00004.jpg,numeric,0001441827,mamianmakeng,384.0,1209.0,452.0,1307.0,68.0,98.0,6664.0,1.4411764705882353,68.0,0,0,0,0
0001441827-Raw03-f_00004.jpg,numeric,0001441827,mamianmakeng,93.0,903.0,167.0,1000.0,74.0,97.0,7178.0,1.3108108108108107,74.0,0,0,0,0
0001441827-Raw03-f_00004.jpg,numeric,0001441827,mamianmakeng,412.0,1348.0,445.0,1373.0,33.0,25.0,825.0,1.32,25.0,0,0,0,0
0001441827-Raw03-f_00004.jpg,numeric,0001441827,mamianmakeng,120.0,1215.0,148.0,1264.0,28.0,49.0,1372.0,1.75,28.0,0,0,0,0
0001441827-Raw03-f_00004.jpg,numeric,0001441827,mamianmakeng,284.0,1248.0,313.0,1283.0,29.0,35.0,1015.0,1.206896551724138,29.0,0,0,0,0
0001441827-Raw03-f_00004.jpg,numeric,0001441827,mamianmakeng,81.0,1421.0,137.0,1457.0,56.0,36.0,2016.0,1.5555555555555556,36.0,0,0,0,0
0001441827-Raw03-f_00004.jpg,numeric,0001441827,mamianmakeng,1.0,2344.0,27.0,2388.0,26.0,44.0,1144.0,1.6923076923076923,26.0,0,0,0,1
0001441827-Raw03-f_00004.jpg,numeric,0001441827,mamianmakeng,225.0,2473.0,288.0,2518.0,63.0,45.0,2835.0,1.4,45.0,0,0,0,0
0001441827-Raw03-f_00004.jpg,numeric,0001441827,mamianmakeng,123.0,587.0,158.0,642.0,35.0,55.0,1925.0,1.5714285714285714,35.0,0,0,0,0
0001441827-Raw03-f_00004.jpg,numeric,0001441827,mamianmakeng,13.0,281.0,104.0,358.0,91.0,77.0,7007.0,1.1818181818181819,77.0,0,0,0,1
0001441827-Raw03-f_00010.jpg,numeric,0001441827,mamianmakeng,384.0,584.0,440.0,640.0,56.0,56.0,3136.0,1.0,56.0,0,0,0,0
0001441827-Raw03-f_00010.jpg,numeric,0001441827,mamianmakeng,390.0,2833.0,416.0,2849.0,26.0,16.0,416.0,1.625,16.0,0,0,0,0
0001441827-Raw03-f_00010.jpg,numeric,0001441827,mamianmakeng,506.0,2244.0,565.0,2302.0,59.0,58.0,3422.0,1.0172413793103448,58.0,0,0,0,0
0001441827-Raw03-f_00010.jpg,numeric,0001441827,mamianmakeng,454.0,2826.0,483.0,2850.0,29.0,24.0,696.0,1.2083333333333333,24.0,0,0,0,0
0001441827-Raw03-f_00010.jpg,numeric,0001441827,mamianmakeng,401.0,1908.0,508.0,2025.0,107.0,117.0,12519.0,1.0934579439252337,107.0,0,0,0,0
0001441827-Raw03-f_00010.jpg,numeric,0001441827,mamianmakeng,434.0,2741.0,490.0,2800.0,56.0,59.0,3304.0,1.0535714285714286,56.0,0,0,0,0
0001441827-Raw03-f_00010.jpg,numeric,0001441827,mamianmakeng,527.0,1292.0,562.0,1340.0,35.0,48.0,1680.0,1.3714285714285714,35.0,0,0,0,0
0001441827-Raw03-f_00010.jpg,numeric,0001441827,mamianmakeng,463.0,832.0,536.0,883.0,73.0,51.0,3723.0,1.4313725490196079,51.0,0,0,0,0
0001441827-Raw03-f_00010.jpg,numeric,0001441827,mamianmakeng,460.0,686.0,526.0,750.0,66.0,64.0,4224.0,1.03125,64.0,0,0,0,0
0001441827-Raw03-f_00010.jpg,numeric,0001441827,mamianmakeng,245.0,947.0,329.0,1033.0,84.0,86.0,7224.0,1.0238095238095237,84.0,0,0,0,0
0001441827-Raw03-f_00010.jpg,numeric,0001441827,mamianmakeng,337.0,1357.0,387.0,1396.0,50.0,39.0,1950.0,1.2820512820512822,39.0,0,0,0,0
0001441827-Raw03-f_00010.jpg,numeric,0001441827,mamianmakeng,296.0,1069.0,337.0,1130.0,41.0,61.0,2501.0,1.4878048780487805,41.0,0,0,0,0
0001441827-Raw03-f_00010.jpg,numeric,0001441827,mamianmakeng,322.0,1120.0,364.0,1188.0,42.0,68.0,2856.0,1.619047619047619,42.0,0,0,0,0
0001441827-Raw03-f_00010.jpg,numeric,0001441827,mamianmakeng,528.0,1069.0,554.0,1109.0,26.0,40.0,1040.0,1.5384615384615385,26.0,0,0,0,0
0001441827-Raw03-f_00010.jpg,numeric,0001441827,mamianmakeng,525.0,989.0,553.0,1017.0,28.0,28.0,784.0,1.0,28.0,0,0,0,0
0001441827-Raw03-f_00010.jpg,numeric,0001441827,mamianmakeng,273.0,1820.0,332.0,1897.0,59.0,77.0,4543.0,1.305084745762712,59.0,0,0,0,0
0001441827-Raw03-f_00010.jpg,numeric,0001441827,mamianmakeng,309.0,2194.0,355.0,2224.0,46.0,30.0,1380.0,1.5333333333333334,30.0,0,0,0,0
0001441827-Raw03-f_00010.jpg,numeric,0001441827,mamianmakeng,297.0,2230.0,332.0,2259.0,35.0,29.0,1015.0,1.206896551724138,29.0,0,0,0,0
0001441827-Raw03-f_00010.jpg,numeric,0001441827,mamianmakeng,334.0,2790.0,363.0,2817.0,29.0,27.0,783.0,1.0740740740740742,27.0,0,0,0,0
0001441827-Raw03-f_00010.jpg,numeric,0001441827,mamianmakeng,244.0,84.0,343.0,209.0,99.0,125.0,12375.0,1.2626262626262625,99.0,0,0,0,0
0001441827-Raw03-f_00010.jpg,numeric,0001441827,mamianmakeng,459.0,2950.0,576.0,3000.0,117.0,50.0,5850.0,2.34,50.0,0,0,0,1
0001441827-Raw03-f_00011.jpg,numeric,0001441827,mamianmakeng,400.0,1380.0,508.0,1490.0,108.0,110.0,11880.0,1.0185185185185186,108.0,0,0,0,0
0001441827-Raw03-f_00011.jpg,numeric,0001441827,mamianmakeng,502.0,519.0,565.0,604.0,63.0,85.0,5355.0,1.3492063492063493,63.0,0,0,0,0
0001441827-Raw03-f_00011.jpg,numeric,0001441827,mamianmakeng,524.0,296.0,574.0,379.0,50.0,83.0,4150.0,1.66,50.0,0,0,0,0
0001441827-Raw03-f_00011.jpg,numeric,0001441827,mamianmakeng,461.0,0.0,571.0,39.0,110.0,39.0,4290.0,2.8205128205128207,39.0,0,0,0,1
0001441828-Raw00-f_00001.jpg,numeric,0001441828,mamianmakeng,2448.0,2636.0,2527.0,2696.0,79.0,60.0,4740.0,1.3166666666666667,60.0,0,0,0,0
0001441828-Raw00-f_00001.jpg,numeric,0001441828,mamianmakeng,2466.0,2439.0,2556.0,2506.0,90.0,67.0,6030.0,1.3432835820895523,67.0,0,0,0,0
0001441828-Raw00-f_00001.jpg,numeric,0001441828,mamianmakeng,2638.0,2046.0,2688.0,2081.0,50.0,35.0,1750.0,1.4285714285714286,35.0,0,0,0,0
0001441828-Raw00-f_00001.jpg,numeric,0001441828,mamianmakeng,2625.0,1909.0,2697.0,1962.0,72.0,53.0,3816.0,1.3584905660377358,53.0,0,0,0,0
0001441828-Raw00-f_00001.jpg,numeric,0001441828,mamianmakeng,2649.0,1712.0,2736.0,1790.0,87.0,78.0,6786.0,1.1153846153846154,78.0,0,0,0,0
0001441828-Raw00-f_00001.jpg,numeric,0001441828,mamianmakeng,3184.0,1175.0,3258.0,1269.0,74.0,94.0,6956.0,1.2702702702702702,74.0,0,0,0,0
0001441828-Raw00-f_00001.jpg,numeric,0001441828,mamianmakeng,3247.0,697.0,3368.0,776.0,121.0,79.0,9559.0,1.5316455696202531,79.0,0,0,0,0
0001441828-Raw00-f_00001.jpg,numeric,0001441828,mamianmakeng,3273.0,409.0,3348.0,511.0,75.0,102.0,7650.0,1.36,75.0,0,0,0,0
0001441828-Raw00-f_00001.jpg,numeric,0001441828,mamianmakeng,3266.0,106.0,3388.0,187.0,122.0,81.0,9882.0,1.5061728395061729,81.0,0,0,0,0
0001441828-Raw00-f_00001.jpg,numeric,0001441828,mamianmakeng,3261.0,197.0,3306.0,221.0,45.0,24.0,1080.0,1.875,24.0,0,0,0,0
0001441828-Raw00-f_00001.jpg,numeric,0001441828,mamianmakeng,3291.0,12.0,3327.0,47.0,36.0,35.0,1260.0,1.0285714285714285,35.0,0,0,0,1
0001441828-Raw00-f_00001.jpg,numeric,0001441828,mamianmakeng,3583.0,573.0,3628.0,628.0,45.0,55.0,2475.0,1.2222222222222223,45.0,0,0,0,0
0001441828-Raw00-f_00001.jpg,numeric,0001441828,mamianmakeng,3370.0,1848.0,3500.0,1955.0,130.0,107.0,13910.0,1.2149532710280373,107.0,0,0,0,0
0001441828-Raw00-f_00001.jpg,numeric,0001441828,mamianmakeng,3205.0,1792.0,3235.0,1822.0,30.0,30.0,900.0,1.0,30.0,0,0,0,0
0001441828-Raw00-f_00001.jpg,numeric,0001441828,mamianmakeng,907.0,1134.0,944.0,1217.0,37.0,83.0,3071.0,2.2432432432432434,37.0,0,0,0,0
0001441828-Raw01-f_00002.jpg,numeric,0001441828,mamianmakeng,1228.0,485.0,1320.0,545.0,92.0,60.0,5520.0,1.5333333333333334,60.0,0,0,0,0
0001441828-Raw01-f_00002.jpg,numeric,0001441828,mamianmakeng,1072.0,2625.0,1217.0,2684.0,145.0,59.0,8555.0,2.457627118644068,59.0,0,0,0,0
0001441828-Raw01-f_00002.jpg,numeric,0001441828,mamianmakeng,2282.0,1678.0,2404.0,1745.0,122.0,67.0,8174.0,1.8208955223880596,67.0,0,0,0,0
0001441828-Raw01-f_00002.jpg,numeric,0001441828,mamianmakeng,1177.0,1393.0,1245.0,1450.0,68.0,57.0,3876.0,1.1929824561403508,57.0,0,0,0,0
0001441828-Raw01-f_00002.jpg,numeric,0001441828,mamianmakeng,1190.0,1132.0,1272.0,1191.0,82.0,59.0,4838.0,1.3898305084745763,59.0,0,0,0,0
0001441828-Raw01-f_00002.jpg,numeric,0001441828,mamianmakeng,1088.0,1953.0,1177.0,2016.0,89.0,63.0,5607.0,1.4126984126984128,63.0,0,0,0,0
0001441828-Raw01-f_00002.jpg,numeric,0001441828,mamianmakeng,2524.0,2378.0,2601.0,2411.0,77.0,33.0,2541.0,2.3333333333333335,33.0,0,0,0,0
0001441828-Raw01-f_00002.jpg,numeric,0001441828,mamianmakeng,2867.0,2478.0,2961.0,2532.0,94.0,54.0,5076.0,1.7407407407407407,54.0,0,0,0,0
0001441828-Raw01-f_00002.jpg,numeric,0001441828,mamianmakeng,1601.0,2638.0,1677.0,2676.0,76.0,38.0,2888.0,2.0,38.0,0,0,0,0
0001441828-Raw01-f_00002.jpg,numeric,0001441828,mamianmakeng,3446.0,624.0,3543.0,720.0,97.0,96.0,9312.0,1.0104166666666667,96.0,0,0,0,0
0001441828-Raw01-f_00002.jpg,numeric,0001441828,mamianmakeng,1195.0,762.0,1254.0,801.0,59.0,39.0,2301.0,1.5128205128205128,39.0,0,0,0,0
0001441828-Raw01-f_00002.jpg,numeric,0001441828,mamianmakeng,3769.0,1504.0,3870.0,1568.0,101.0,64.0,6464.0,1.578125,64.0,0,0,0,0
0001441828-Raw01-f_00002.jpg,numeric,0001441828,mamianmakeng,1143.0,2308.0,1255.0,2392.0,112.0,84.0,9408.0,1.3333333333333333,84.0,0,0,0,0
0001441828-Raw01-f_00002.jpg,numeric,0001441828,mamianmakeng,1234.0,1227.0,1324.0,1277.0,90.0,50.0,4500.0,1.8,50.0,0,0,0,0
0001441828-Raw01-f_00002.jpg,numeric,0001441828,mamianmakeng,2174.0,2782.0,2223.0,2818.0,49.0,36.0,1764.0,1.3611111111111112,36.0,0,0,0,0
0001441828-Raw01-f_00002.jpg,numeric,0001441828,mamianmakeng,2433.0,1344.0,2513.0,1420.0,80.0,76.0,6080.0,1.0526315789473684,76.0,0,0,0,0
0001441828-Raw01-f_00002.jpg,numeric,0001441828,mamianmakeng,3397.0,1177.0,3469.0,1257.0,72.0,80.0,5760.0,1.1111111111111112,72.0,0,0,0,0
0001441828-Raw01-f_00002.jpg,numeric,0001441828,mamianmakeng,3446.0,919.0,3514.0,968.0,68.0,49.0,3332.0,1.3877551020408163,49.0,0,0,0,0
0001441828-Raw01-f_00002.jpg,numeric,0001441828,mamianmakeng,2489.0,2313.0,2577.0,2365.0,88.0,52.0,4576.0,1.6923076923076923,52.0,0,0,0,0
0001441828-Raw01-f_00002.jpg,numeric,0001441828,mamianmakeng,2064.0,2894.0,2137.0,2945.0,73.0,51.0,3723.0,1.4313725490196079,51.0,0,0,0,0
0001441828-Raw01-f_00002.jpg,numeric,0001441828,mamianmakeng,3299.0,2648.0,3363.0,2684.0,64.0,36.0,2304.0,1.7777777777777777,36.0,0,0,0,0
0001441828-Raw01-f_00002.jpg,numeric,0001441828,mamianmakeng,2150.0,2632.0,2223.0,2669.0,73.0,37.0,2701.0,1.972972972972973,37.0,0,0,0,0
0001441828-Raw01-f_00002.jpg,numeric,0001441828,mamianmakeng,1153.0,240.0,1290.0,310.0,137.0,70.0,9590.0,1.957142857142857,70.0,0,0,0,0
0001441828-Raw01-f_00002.jpg,numeric,0001441828,mamianmakeng,1413.0,2373.0,1475.0,2422.0,62.0,49.0,3038.0,1.2653061224489797,49.0,0,0,0,0
0001441828-Raw01-f_00002.jpg,numeric,0001441828,mamianmakeng,2164.0,2708.0,2231.0,2744.0,67.0,36.0,2412.0,1.8611111111111112,36.0,0,0,0,0
0001441828-Raw01-f_00002.jpg,numeric,0001441828,mamianmakeng,930.0,2927.0,1009.0,2983.0,79.0,56.0,4424.0,1.4107142857142858,56.0,0,0,0,0
0001441828-Raw01-f_00002.jpg,numeric,0001441828,mamianmakeng,2399.0,1430.0,2489.0,1466.0,90.0,36.0,3240.0,2.5,36.0,0,0,0,0
0001441828-Raw01-f_00002.jpg,numeric,0001441828,mamianmakeng,2121.0,2125.0,2184.0,2172.0,63.0,47.0,2961.0,1.3404255319148937,47.0,0,0,0,0
0001441828-Raw01-f_00002.jpg,numeric,0001441828,mamianmakeng,1141.0,122.0,1246.0,227.0,105.0,105.0,11025.0,1.0,105.0,0,0,0,0
0001441828-Raw01-f_00002.jpg,numeric,0001441828,mamianmakeng,426.0,1733.0,518.0,1784.0,92.0,51.0,4692.0,1.803921568627451,51.0,0,0,0,0
0001441828-Raw01-f_00002.jpg,numeric,0001441828,mamianmakeng,1108.0,969.0,1173.0,1005.0,65.0,36.0,2340.0,1.8055555555555556,36.0,0,0,0,0
0001441828-Raw01-f_00002.jpg,numeric,0001441828,mamianmakeng,2990.0,609.0,3052.0,645.0,62.0,36.0,2232.0,1.7222222222222223,36.0,0,0,0,0
0001441828-Raw01-f_00002.jpg,numeric,0001441828,mamianmakeng,4046.0,2339.0,4094.0,2380.0,48.0,41.0,1968.0,1.170731707317073,41.0,0,0,0,1
0001441828-Raw01-f_00002.jpg,numeric,0001441828,mamianmakeng,2445.0,2437.0,2494.0,2470.0,49.0,33.0,1617.0,1.4848484848484849,33.0,0,0,0,0
0001441828-Raw01-f_00002.jpg,numeric,0001441828,mamianmakeng,2150.0,2851.0,2207.0,2888.0,57.0,37.0,2109.0,1.5405405405405406,37.0,0,0,0,0
0001441828-Raw01-f_00002.jpg,numeric,0001441828,mamianmakeng,1126.0,1723.0,1219.0,1764.0,93.0,41.0,3813.0,2.268292682926829,41.0,0,0,0,0
0001441828-Raw01-f_00002.jpg,numeric,0001441828,mamianmakeng,2515.0,621.0,2571.0,660.0,56.0,39.0,2184.0,1.435897435897436,39.0,0,0,0,0
0001441828-Raw01-f_00002.jpg,numeric,0001441828,mamianmakeng,1105.0,2063.0,1170.0,2100.0,65.0,37.0,2405.0,1.7567567567567568,37.0,0,0,0,0
0001441828-Raw01-f_00002.jpg,numeric,0001441828,mamianmakeng,640.0,1521.0,723.0,1567.0,83.0,46.0,3818.0,1.8043478260869565,46.0,0,0,0,0
0001441828-Raw01-f_00002.jpg,numeric,0001441828,mamianmakeng,1184.0,636.0,1228.0,675.0,44.0,39.0,1716.0,1.1282051282051282,39.0,0,0,0,0
0001441828-Raw01-f_00002.jpg,numeric,0001441828,mamianmakeng,2456.0,1197.0,2533.0,1261.0,77.0,64.0,4928.0,1.203125,64.0,0,0,0,0
0001441828-Raw01-f_00002.jpg,numeric,0001441828,mamianmakeng,3809.0,2075.0,3862.0,2105.0,53.0,30.0,1590.0,1.7666666666666666,30.0,0,0,0,0
0001441828-Raw01-f_00002.jpg,numeric,0001441828,mamianmakeng,2970.0,1398.0,3043.0,1445.0,73.0,47.0,3431.0,1.553191489361702,47.0,0,0,0,0
0001441828-Raw01-f_00002.jpg,numeric,0001441828,mamianmakeng,1523.0,2365.0,1602.0,2410.0,79.0,45.0,3555.0,1.7555555555555555,45.0,0,0,0,0
0001441828-Raw01-f_00002.jpg,numeric,0001441828,mamianmakeng,3702.0,2279.0,3758.0,2311.0,56.0,32.0,1792.0,1.75,32.0,0,0,0,0
0001441828-Raw01-f_00002.jpg,numeric,0001441828,mamianmakeng,2518.0,702.0,2575.0,739.0,57.0,37.0,2109.0,1.5405405405405406,37.0,0,0,0,0
0001441828-Raw01-f_00002.jpg,numeric,0001441828,mamianmakeng,1181.0,700.0,1225.0,731.0,44.0,31.0,1364.0,1.4193548387096775,31.0,0,0,0,0
0001441828-Raw01-f_00002.jpg,numeric,0001441828,mamianmakeng,2505.0,2797.0,2555.0,2820.0,50.0,23.0,1150.0,2.1739130434782608,23.0,0,0,0,0
0001441828-Raw01-f_00002.jpg,numeric,0001441828,mamianmakeng,3702.0,188.0,3743.0,225.0,41.0,37.0,1517.0,1.1081081081081081,37.0,0,0,0,0
0001441828-Raw01-f_00002.jpg,numeric,0001441828,mamianmakeng,286.0,15.0,346.0,65.0,60.0,50.0,3000.0,1.2,50.0,0,0,0,1
0001441828-Raw01-f_00002.jpg,numeric,0001441828,mamianmakeng,170.0,2920.0,212.0,2949.0,42.0,29.0,1218.0,1.4482758620689655,29.0,0,0,0,0
0001441828-Raw01-f_00002.jpg,numeric,0001441828,mamianmakeng,1220.0,384.0,1270.0,422.0,50.0,38.0,1900.0,1.3157894736842106,38.0,0,0,0,0
0001441828-Raw01-f_00002.jpg,numeric,0001441828,mamianmakeng,1801.0,1907.0,1863.0,1944.0,62.0,37.0,2294.0,1.6756756756756757,37.0,0,0,0,0
0001441828-Raw01-f_00002.jpg,numeric,0001441828,mamianmakeng,3558.0,2202.0,3605.0,2230.0,47.0,28.0,1316.0,1.6785714285714286,28.0,0,0,0,0
0001441828-Raw01-f_00002.jpg,numeric,0001441828,mamianmakeng,3704.0,925.0,3753.0,960.0,49.0,35.0,1715.0,1.4,35.0,0,0,0,0
0001441828-Raw01-f_00002.jpg,numeric,0001441828,mamianmakeng,2558.0,2693.0,2602.0,2718.0,44.0,25.0,1100.0,1.76,25.0,0,0,0,0
0001441828-Raw01-f_00002.jpg,numeric,0001441828,mamianmakeng,1287.0,1444.0,1343.0,1473.0,56.0,29.0,1624.0,1.9310344827586208,29.0,0,0,0,0
0001441828-Raw01-f_00002.jpg,numeric,0001441828,mamianmakeng,3531.0,134.0,3579.0,177.0,48.0,43.0,2064.0,1.1162790697674418,43.0,0,0,0,0
0001441828-Raw01-f_00002.jpg,numeric,0001441828,mamianmakeng,3869.0,2260.0,3912.0,2281.0,43.0,21.0,903.0,2.0476190476190474,21.0,0,0,0,0
0001441828-Raw01-f_00002.jpg,numeric,0001441828,mamianmakeng,3785.0,1463.0,3834.0,1495.0,49.0,32.0,1568.0,1.53125,32.0,0,0,0,0
0001441828-Raw01-f_00005.jpg,numeric,0001441828,mamianmakeng,3517.0,2684.0,3617.0,2793.0,100.0,109.0,10900.0,1.09,100.0,0,0,0,0
0001441828-Raw01-f_00005.jpg,numeric,0001441828,mamianmakeng,1854.0,2407.0,1934.0,2497.0,80.0,90.0,7200.0,1.125,80.0,0,0,0,0
0001441828-Raw01-f_00005.jpg,numeric,0001441828,mamianmakeng,3499.0,1246.0,3647.0,1395.0,148.0,149.0,22052.0,1.0067567567567568,148.0,0,0,0,0
0001441828-Raw01-f_00005.jpg,numeric,0001441828,mamianmakeng,1800.0,1762.0,1892.0,1874.0,92.0,112.0,10304.0,1.2173913043478262,92.0,0,0,0,0
0001441828-Raw01-f_00005.jpg,numeric,0001441828,mamianmakeng,1862.0,1984.0,1933.0,2047.0,71.0,63.0,4473.0,1.126984126984127,63.0,0,0,0,0
0001441828-Raw01-f_00005.jpg,numeric,0001441828,mamianmakeng,1810.0,1013.0,1887.0,1073.0,77.0,60.0,4620.0,1.2833333333333334,60.0,0,0,0,0
0001441828-Raw01-f_00005.jpg,numeric,0001441828,mamianmakeng,3604.0,663.0,3727.0,782.0,123.0,119.0,14637.0,1.0336134453781514,119.0,0,0,0,0
0001441828-Raw01-f_00005.jpg,numeric,0001441828,mamianmakeng,1844.0,505.0,1916.0,594.0,72.0,89.0,6408.0,1.2361111111111112,72.0,0,0,0,0
0001441828-Raw01-f_00005.jpg,numeric,0001441828,mamianmakeng,3542.0,874.0,3648.0,940.0,106.0,66.0,6996.0,1.606060606060606,66.0,0,0,0,0
0001441828-Raw01-f_00005.jpg,numeric,0001441828,mamianmakeng,3586.0,357.0,3681.0,470.0,95.0,113.0,10735.0,1.1894736842105262,95.0,0,0,0,0
0001441828-Raw01-f_00005.jpg,numeric,0001441828,mamianmakeng,3063.0,1498.0,3140.0,1613.0,77.0,115.0,8855.0,1.4935064935064934,77.0,0,0,0,0
0001441828-Raw01-f_00005.jpg,numeric,0001441828,mamianmakeng,1589.0,1614.0,1664.0,1673.0,75.0,59.0,4425.0,1.271186440677966,59.0,0,0,0,0
0001441828-Raw01-f_00005.jpg,numeric,0001441828,mamianmakeng,1798.0,1301.0,1880.0,1345.0,82.0,44.0,3608.0,1.8636363636363635,44.0,0,0,0,0
0001441828-Raw01-f_00005.jpg,numeric,0001441828,mamianmakeng,3715.0,1388.0,3780.0,1455.0,65.0,67.0,4355.0,1.0307692307692307,65.0,0,0,0,0
0001441828-Raw01-f_00005.jpg,numeric,0001441828,mamianmakeng,1539.0,2090.0,1598.0,2143.0,59.0,53.0,3127.0,1.1132075471698113,53.0,0,0,0,0
0001441828-Raw01-f_00005.jpg,numeric,0001441828,mamianmakeng,1583.0,1766.0,1638.0,1829.0,55.0,63.0,3465.0,1.1454545454545455,55.0,0,0,0,0
0001441828-Raw01-f_00005.jpg,numeric,0001441828,mamianmakeng,80.0,1261.0,198.0,1326.0,118.0,65.0,7670.0,1.8153846153846154,65.0,0,0,0,0
0001441828-Raw01-f_00005.jpg,numeric,0001441828,mamianmakeng,1238.0,2769.0,1297.0,2823.0,59.0,54.0,3186.0,1.0925925925925926,54.0,0,0,0,0
0001441828-Raw01-f_00005.jpg,numeric,0001441828,mamianmakeng,144.0,587.0,256.0,726.0,112.0,139.0,15568.0,1.2410714285714286,112.0,0,0,0,0
0001441828-Raw01-f_00005.jpg,numeric,0001441828,mamianmakeng,2236.0,11.0,2309.0,80.0,73.0,69.0,5037.0,1.0579710144927537,69.0,0,0,0,1
0001441828-Raw01-f_00005.jpg,numeric,0001441828,mamianmakeng,3804.0,1944.0,3866.0,1999.0,62.0,55.0,3410.0,1.1272727272727272,55.0,0,0,0,0
0001441828-Raw01-f_00005.jpg,numeric,0001441828,mamianmakeng,3683.0,931.0,3757.0,1002.0,74.0,71.0,5254.0,1.0422535211267605,71.0,0,0,0,0
0001441828-Raw01-f_00005.jpg,numeric,0001441828,mamianmakeng,1356.0,2186.0,1423.0,2250.0,67.0,64.0,4288.0,1.046875,64.0,0,0,0,0
0001441828-Raw01-f_00005.jpg,numeric,0001441828,mamianmakeng,3872.0,0.0,3922.0,50.0,50.0,50.0,2500.0,1.0,50.0,0,0,0,1
0001441828-Raw01-f_00005.jpg,numeric,0001441828,mamianmakeng,3079.0,636.0,3140.0,735.0,61.0,99.0,6039.0,1.6229508196721312,61.0,0,0,0,0
0001441828-Raw01-f_00005.jpg,numeric,0001441828,mamianmakeng,3723.0,2868.0,3779.0,2927.0,56.0,59.0,3304.0,1.0535714285714286,56.0,0,0,0,0
0001441828-Raw01-f_00005.jpg,numeric,0001441828,mamianmakeng,1789.0,2311.0,1842.0,2358.0,53.0,47.0,2491.0,1.127659574468085,47.0,0,0,0,0
0001441828-Raw01-f_00005.jpg,numeric,0001441828,mamianmakeng,889.0,1743.0,974.0,1818.0,85.0,75.0,6375.0,1.1333333333333333,75.0,0,0,0,0
0001441828-Raw01-f_00005.jpg,numeric,0001441828,mamianmakeng,1392.0,336.0,1453.0,375.0,61.0,39.0,2379.0,1.564102564102564,39.0,0,0,0,0
0001441828-Raw01-f_00005.jpg,numeric,0001441828,mamianmakeng,3107.0,150.0,3199.0,273.0,92.0,123.0,11316.0,1.3369565217391304,92.0,0,0,0,0
0001441828-Raw01-f_00005.jpg,numeric,0001441828,mamianmakeng,1445.0,1028.0,1490.0,1073.0,45.0,45.0,2025.0,1.0,45.0,0,0,0,0
0001441828-Raw01-f_00005.jpg,numeric,0001441828,mamianmakeng,1807.0,808.0,1855.0,849.0,48.0,41.0,1968.0,1.170731707317073,41.0,0,0,0,0
0001441828-Raw01-f_00005.jpg,numeric,0001441828,mamianmakeng,1912.0,448.0,1962.0,506.0,50.0,58.0,2900.0,1.16,50.0,0,0,0,0
0001441828-Raw01-f_00005.jpg,numeric,0001441828,mamianmakeng,3218.0,2930.0,3295.0,3000.0,77.0,70.0,5390.0,1.1,70.0,0,0,0,1
0001441828-Raw01-f_00005.jpg,numeric,0001441828,mamianmakeng,3440.0,1744.0,3499.0,1799.0,59.0,55.0,3245.0,1.0727272727272728,55.0,0,0,0,0
0001441828-Raw01-f_00005.jpg,numeric,0001441828,mamianmakeng,3577.0,511.0,3631.0,559.0,54.0,48.0,2592.0,1.125,48.0,0,0,0,0
0001441828-Raw01-f_00005.jpg,numeric,0001441828,mamianmakeng,1813.0,956.0,1869.0,994.0,56.0,38.0,2128.0,1.4736842105263157,38.0,0,0,0,0
0001441828-Raw01-f_00005.jpg,numeric,0001441828,mamianmakeng,1830.0,1484.0,1885.0,1543.0,55.0,59.0,3245.0,1.0727272727272728,55.0,0,0,0,0
0001441828-Raw01-f_00005.jpg,numeric,0001441828,mamianmakeng,3874.0,2879.0,3947.0,2959.0,73.0,80.0,5840.0,1.095890410958904,73.0,0,0,0,0
0001441828-Raw01-f_00005.jpg,numeric,0001441828,mamianmakeng,1894.0,2817.0,1950.0,2879.0,56.0,62.0,3472.0,1.1071428571428572,56.0,0,0,0,0
0001441828-Raw01-f_00005.jpg,numeric,0001441828,mamianmakeng,1826.0,889.0,1882.0,949.0,56.0,60.0,3360.0,1.0714285714285714,56.0,0,0,0,0
0001441828-Raw01-f_00005.jpg,numeric,0001441828,mamianmakeng,85.0,2933.0,159.0,2996.0,74.0,63.0,4662.0,1.1746031746031746,63.0,0,0,0,1
0001441828-Raw01-f_00005.jpg,numeric,0001441828,mamianmakeng,1196.0,1328.0,1250.0,1366.0,54.0,38.0,2052.0,1.4210526315789473,38.0,0,0,0,0
0001441828-Raw01-f_00005.jpg,numeric,0001441828,mamianmakeng,1810.0,1389.0,1866.0,1445.0,56.0,56.0,3136.0,1.0,56.0,0,0,0,0
0001441828-Raw01-f_00005.jpg,numeric,0001441828,mamianmakeng,2245.0,346.0,2336.0,433.0,91.0,87.0,7917.0,1.0459770114942528,87.0,0,0,0,0
0001441828-Raw01-f_00005.jpg,numeric,0001441828,mamianmakeng,1836.0,1481.0,1885.0,1515.0,49.0,34.0,1666.0,1.4411764705882353,34.0,0,0,0,0
0001441828-Raw01-f_00005.jpg,numeric,0001441828,mamianmakeng,165.0,440.0,234.0,495.0,69.0,55.0,3795.0,1.2545454545454546,55.0,0,0,0,0
0001441828-Raw01-f_00005.jpg,numeric,0001441828,mamianmakeng,1344.0,2183.0,1383.0,2257.0,39.0,74.0,2886.0,1.8974358974358974,39.0,0,0,0,0
0001441828-Raw01-f_00006.jpg,numeric,0001441828,mamianmakeng,3394.0,778.0,3491.0,885.0,97.0,107.0,10379.0,1.1030927835051547,97.0,0,0,0,0
0001441828-Raw01-f_00006.jpg,numeric,0001441828,mamianmakeng,2586.0,855.0,2678.0,952.0,92.0,97.0,8924.0,1.0543478260869565,92.0,0,0,0,0
0001441828-Raw01-f_00006.jpg,numeric,0001441828,mamianmakeng,3917.0,1067.0,4035.0,1170.0,118.0,103.0,12154.0,1.145631067961165,103.0,0,0,0,0
0001441828-Raw01-f_00006.jpg,numeric,0001441828,mamianmakeng,3763.0,2088.0,3929.0,2221.0,166.0,133.0,22078.0,1.2481203007518797,133.0,0,0,0,0
0001441828-Raw01-f_00006.jpg,numeric,0001441828,mamianmakeng,3770.0,493.0,3865.0,592.0,95.0,99.0,9405.0,1.0421052631578946,95.0,0,0,0,0
0001441828-Raw01-f_00006.jpg,numeric,0001441828,mamianmakeng,1842.0,346.0,1945.0,433.0,103.0,87.0,8961.0,1.1839080459770115,87.0,0,0,0,0
0001441828-Raw01-f_00006.jpg,numeric,0001441828,mamianmakeng,2584.0,968.0,2652.0,1030.0,68.0,62.0,4216.0,1.096774193548387,62.0,0,0,0,0
0001441828-Raw01-f_00006.jpg,numeric,0001441828,mamianmakeng,3881.0,1493.0,4012.0,1598.0,131.0,105.0,13755.0,1.2476190476190476,105.0,0,0,0,0
0001441828-Raw01-f_00006.jpg,numeric,0001441828,mamianmakeng,3899.0,1858.0,3983.0,1978.0,84.0,120.0,10080.0,1.4285714285714286,84.0,0,0,0,0
0001441828-Raw01-f_00006.jpg,numeric,0001441828,mamianmakeng,1794.0,947.0,1881.0,1048.0,87.0,101.0,8787.0,1.160919540229885,87.0,0,0,0,0
0001441828-Raw01-f_00006.jpg,numeric,0001441828,mamianmakeng,2460.0,2120.0,2543.0,2217.0,83.0,97.0,8051.0,1.1686746987951808,83.0,0,0,0,0
0001441828-Raw01-f_00006.jpg,numeric,0001441828,mamianmakeng,2585.0,2546.0,2676.0,2625.0,91.0,79.0,7189.0,1.1518987341772151,79.0,0,0,0,0
0001441828-Raw01-f_00006.jpg,numeric,0001441828,mamianmakeng,3799.0,368.0,3883.0,457.0,84.0,89.0,7476.0,1.0595238095238095,84.0,0,0,0,0
0001441828-Raw01-f_00006.jpg,numeric,0001441828,mamianmakeng,2710.0,2170.0,2800.0,2269.0,90.0,99.0,8910.0,1.1,90.0,0,0,0,0
0001441828-Raw01-f_00006.jpg,numeric,0001441828,mamianmakeng,2710.0,2668.0,2797.0,2739.0,87.0,71.0,6177.0,1.2253521126760563,71.0,0,0,0,0
0001441828-Raw01-f_00006.jpg,numeric,0001441828,mamianmakeng,1562.0,607.0,1645.0,700.0,83.0,93.0,7719.0,1.1204819277108433,83.0,0,0,0,0
0001441828-Raw01-f_00006.jpg,numeric,0001441828,mamianmakeng,3941.0,2418.0,4082.0,2530.0,141.0,112.0,15792.0,1.2589285714285714,112.0,0,0,0,1
0001441828-Raw01-f_00006.jpg,numeric,0001441828,mamianmakeng,915.0,487.0,1017.0,680.0,102.0,193.0,19686.0,1.892156862745098,102.0,0,0,0,0
0001441828-Raw01-f_00006.jpg,numeric,0001441828,mamianmakeng,3252.0,959.0,3321.0,1042.0,69.0,83.0,5727.0,1.2028985507246377,69.0,0,0,0,0
0001441828-Raw01-f_00006.jpg,numeric,0001441828,mamianmakeng,3448.0,923.0,3498.0,976.0,50.0,53.0,2650.0,1.06,50.0,0,0,0,0
0001441828-Raw01-f_00006.jpg,numeric,0001441828,mamianmakeng,1700.0,1.0,1767.0,52.0,67.0,51.0,3417.0,1.3137254901960784,51.0,0,0,0,1
0001441828-Raw01-f_00006.jpg,numeric,0001441828,mamianmakeng,1498.0,2042.0,1553.0,2126.0,55.0,84.0,4620.0,1.5272727272727273,55.0,0,0,0,0
0001441828-Raw01-f_00006.jpg,numeric,0001441828,mamianmakeng,509.0,1125.0,601.0,1205.0,92.0,80.0,7360.0,1.15,80.0,0,0,0,0
0001441828-Raw01-f_00006.jpg,numeric,0001441828,mamianmakeng,1896.0,1369.0,1966.0,1416.0,70.0,47.0,3290.0,1.4893617021276595,47.0,0,0,0,0
0001441828-Raw01-f_00006.jpg,numeric,0001441828,mamianmakeng,4025.0,1654.0,4093.0,1747.0,68.0,93.0,6324.0,1.3676470588235294,68.0,0,0,0,1
0001441828-Raw01-f_00006.jpg,numeric,0001441828,mamianmakeng,2035.0,32.0,2107.0,126.0,72.0,94.0,6768.0,1.3055555555555556,72.0,0,0,0,0
0001441828-Raw01-f_00006.jpg,numeric,0001441828,mamianmakeng,2497.0,1847.0,2563.0,1909.0,66.0,62.0,4092.0,1.064516129032258,62.0,0,0,0,0
0001441828-Raw01-f_00006.jpg,numeric,0001441828,mamianmakeng,687.0,2733.0,757.0,2790.0,70.0,57.0,3990.0,1.2280701754385965,57.0,0,0,0,0
0001441828-Raw01-f_00006.jpg,numeric,0001441828,mamianmakeng,2703.0,2174.0,2740.0,2271.0,37.0,97.0,3589.0,2.6216216216216215,37.0,0,0,0,0
0001441828-Raw01-f_00006.jpg,numeric,0001441828,mamianmakeng,2710.0,1621.0,2754.0,1676.0,44.0,55.0,2420.0,1.25,44.0,0,0,0,0
0001441828-Raw01-f_00006.jpg,numeric,0001441828,mamianmakeng,1825.0,144.0,1911.0,187.0,86.0,43.0,3698.0,2.0,43.0,0,0,0,0
0001441828-Raw01-f_00006.jpg,numeric,0001441828,mamianmakeng,2549.0,2932.0,2641.0,3000.0,92.0,68.0,6256.0,1.3529411764705883,68.0,0,0,0,1
0001441828-Raw01-f_00006.jpg,numeric,0001441828,mamianmakeng,3868.0,2748.0,3917.0,2802.0,49.0,54.0,2646.0,1.1020408163265305,49.0,0,0,0,0
0001441828-Raw01-f_00006.jpg,numeric,0001441828,mamianmakeng,576.0,849.0,669.0,913.0,93.0,64.0,5952.0,1.453125,64.0,0,0,0,0
0001441828-Raw01-f_00006.jpg,numeric,0001441828,mamianmakeng,1960.0,594.0,1993.0,638.0,33.0,44.0,1452.0,1.3333333333333333,33.0,0,0,0,0
0001441828-Raw01-f_00006.jpg,numeric,0001441828,mamianmakeng,2710.0,2812.0,2773.0,2945.0,63.0,133.0,8379.0,2.111111111111111,63.0,0,0,0,0
0001441828-Raw01-f_00006.jpg,numeric,0001441828,mamianmakeng,99.0,48.0,167.0,114.0,68.0,66.0,4488.0,1.0303030303030303,66.0,0,0,0,0
0001441828-Raw01-f_00006.jpg,numeric,0001441828,mamianmakeng,46.0,2177.0,105.0,2239.0,59.0,62.0,3658.0,1.0508474576271187,59.0,0,0,0,0
0001441828-Raw01-f_00006.jpg,numeric,0001441828,mamianmakeng,2657.0,1457.0,2696.0,1504.0,39.0,47.0,1833.0,1.205128205128205,39.0,0,0,0,0
0001441828-Raw01-f_00006.jpg,numeric,0001441828,mamianmakeng,71.0,165.0,134.0,227.0,63.0,62.0,3906.0,1.0161290322580645,62.0,0,0,0,0
0001441828-Raw01-f_00006.jpg,numeric,0001441828,mamianmakeng,619.0,2782.0,672.0,2827.0,53.0,45.0,2385.0,1.1777777777777778,45.0,0,0,0,0
0001441828-Raw01-f_00006.jpg,numeric,0001441828,mamianmakeng,85.0,2611.0,144.0,2655.0,59.0,44.0,2596.0,1.3409090909090908,44.0,0,0,0,0
0001441828-Raw01-f_00006.jpg,numeric,0001441828,mamianmakeng,3967.0,2718.0,4044.0,2810.0,77.0,92.0,7084.0,1.1948051948051948,77.0,0,0,0,0
0001441828-Raw01-f_00006.jpg,numeric,0001441828,mamianmakeng,2688.0,2681.0,2740.0,2741.0,52.0,60.0,3120.0,1.1538461538461537,52.0,0,0,0,0
0001441828-Raw01-f_00006.jpg,numeric,0001441828,mamianmakeng,1435.0,2944.0,1495.0,2996.0,60.0,52.0,3120.0,1.1538461538461537,52.0,0,0,0,1
0001441828-Raw01-f_00006.jpg,numeric,0001441828,mamianmakeng,3941.0,1388.0,4007.0,1444.0,66.0,56.0,3696.0,1.1785714285714286,56.0,0,0,0,0
0001441828-Raw01-f_00006.jpg,numeric,0001441828,mamianmakeng,3609.0,240.0,3650.0,288.0,41.0,48.0,1968.0,1.170731707317073,41.0,0,0,0,0
0001441828-Raw01-f_00006.jpg,numeric,0001441828,mamianmakeng,669.0,30.0,734.0,84.0,65.0,54.0,3510.0,1.2037037037037037,54.0,0,0,0,0
0001441828-Raw01-f_00006.jpg,numeric,0001441828,mamianmakeng,2658.0,1484.0,2696.0,1502.0,38.0,18.0,684.0,2.111111111111111,18.0,0,0,0,0
0001441828-Raw01-f_00006.jpg,numeric,0001441828,mamianmakeng,3983.0,2304.0,4035.0,2360.0,52.0,56.0,2912.0,1.0769230769230769,52.0,0,0,0,0
0001441828-Raw01-f_00006.jpg,numeric,0001441828,mamianmakeng,3964.0,2592.0,4012.0,2634.0,48.0,42.0,2016.0,1.1428571428571428,42.0,0,0,0,0
0001441828-Raw01-f_00006.jpg,numeric,0001441828,mamianmakeng,1996.0,1458.0,2064.0,1502.0,68.0,44.0,2992.0,1.5454545454545454,44.0,0,0,0,0
0001441828-Raw01-f_00006.jpg,numeric,0001441828,mamianmakeng,1823.0,794.0,1865.0,840.0,42.0,46.0,1932.0,1.0952380952380953,42.0,0,0,0,0
0001441828-Raw01-f_00006.jpg,numeric,0001441828,mamianmakeng,533.0,1006.0,580.0,1048.0,47.0,42.0,1974.0,1.119047619047619,42.0,0,0,0,0
0001441828-Raw01-f_00006.jpg,numeric,0001441828,mamianmakeng,3524.0,258.0,3565.0,315.0,41.0,57.0,2337.0,1.3902439024390243,41.0,0,0,0,0
0001441828-Raw02-f_00002.jpg,numeric,0001441828,mamianmakeng,3927.0,370.0,3995.0,439.0,68.0,69.0,4692.0,1.0147058823529411,68.0,0,0,0,0
0001441828-Raw02-f_00002.jpg,numeric,0001441828,mamianmakeng,3758.0,1363.0,3870.0,1452.0,112.0,89.0,9968.0,1.2584269662921348,89.0,0,0,0,0
0001441828-Raw02-f_00002.jpg,numeric,0001441828,mamianmakeng,2626.0,683.0,2729.0,750.0,103.0,67.0,6901.0,1.537313432835821,67.0,0,0,0,0
0001441828-Raw02-f_00002.jpg,numeric,0001441828,mamianmakeng,3880.0,998.0,3939.0,1043.0,59.0,45.0,2655.0,1.3111111111111111,45.0,0,0,0,0
0001441828-Raw02-f_00002.jpg,numeric,0001441828,mamianmakeng,3911.0,2812.0,3989.0,2853.0,78.0,41.0,3198.0,1.9024390243902438,41.0,0,0,0,0
0001441828-Raw02-f_00002.jpg,numeric,0001441828,mamianmakeng,3922.0,2734.0,4008.0,2805.0,86.0,71.0,6106.0,1.2112676056338028,71.0,0,0,0,0
0001441828-Raw02-f_00002.jpg,numeric,0001441828,mamianmakeng,3753.0,2462.0,3839.0,2536.0,86.0,74.0,6364.0,1.162162162162162,74.0,0,0,0,0
0001441828-Raw02-f_00002.jpg,numeric,0001441828,mamianmakeng,3361.0,2360.0,3450.0,2410.0,89.0,50.0,4450.0,1.78,50.0,0,0,0,0
0001441828-Raw02-f_00002.jpg,numeric,0001441828,mamianmakeng,3836.0,1952.0,3903.0,1985.0,67.0,33.0,2211.0,2.0303030303030303,33.0,0,0,0,0
0001441828-Raw02-f_00002.jpg,numeric,0001441828,mamianmakeng,3948.0,1146.0,4000.0,1193.0,52.0,47.0,2444.0,1.1063829787234043,47.0,0,0,0,0
0001441828-Raw02-f_00002.jpg,numeric,0001441828,mamianmakeng,3658.0,910.0,3742.0,975.0,84.0,65.0,5460.0,1.2923076923076924,65.0,0,0,0,0
0001441828-Raw02-f_00002.jpg,numeric,0001441828,mamianmakeng,3337.0,1059.0,3415.0,1106.0,78.0,47.0,3666.0,1.6595744680851063,47.0,0,0,0,0
0001441828-Raw02-f_00002.jpg,numeric,0001441828,mamianmakeng,3395.0,2920.0,3475.0,2961.0,80.0,41.0,3280.0,1.951219512195122,41.0,0,0,0,0
0001441828-Raw02-f_00002.jpg,numeric,0001441828,mamianmakeng,1903.0,2517.0,1983.0,2556.0,80.0,39.0,3120.0,2.051282051282051,39.0,0,0,0,0
0001441828-Raw02-f_00002.jpg,numeric,0001441828,mamianmakeng,0.0,1160.0,66.0,1248.0,66.0,88.0,5808.0,1.3333333333333333,66.0,0,0,0,1
0001441828-Raw02-f_00002.jpg,numeric,0001441828,mamianmakeng,3734.0,1745.0,3798.0,1806.0,64.0,61.0,3904.0,1.0491803278688525,61.0,0,0,0,0
0001441828-Raw02-f_00002.jpg,numeric,0001441828,mamianmakeng,3712.0,2952.0,3801.0,2993.0,89.0,41.0,3649.0,2.1707317073170733,41.0,0,0,0,1
0001441828-Raw02-f_00002.jpg,numeric,0001441828,mamianmakeng,1048.0,499.0,1113.0,559.0,65.0,60.0,3900.0,1.0833333333333333,60.0,0,0,0,0
0001441828-Raw02-f_00002.jpg,numeric,0001441828,mamianmakeng,3244.0,464.0,3304.0,512.0,60.0,48.0,2880.0,1.25,48.0,0,0,0,0
0001441828-Raw02-f_00002.jpg,numeric,0001441828,mamianmakeng,3866.0,1572.0,3931.0,1598.0,65.0,26.0,1690.0,2.5,26.0,0,0,0,0
0001441828-Raw02-f_00002.jpg,numeric,0001441828,mamianmakeng,3216.0,600.0,3272.0,636.0,56.0,36.0,2016.0,1.5555555555555556,36.0,0,0,0,0
0001441828-Raw02-f_00002.jpg,numeric,0001441828,mamianmakeng,929.0,1609.0,1052.0,1663.0,123.0,54.0,6642.0,2.2777777777777777,54.0,0,0,0,0
0001441828-Raw02-f_00002.jpg,numeric,0001441828,mamianmakeng,3256.0,181.0,3314.0,239.0,58.0,58.0,3364.0,1.0,58.0,0,0,0,0
0001441828-Raw02-f_00002.jpg,numeric,0001441828,mamianmakeng,3332.0,1197.0,3385.0,1233.0,53.0,36.0,1908.0,1.4722222222222223,36.0,0,0,0,0
0001441828-Raw02-f_00002.jpg,numeric,0001441828,mamianmakeng,3931.0,2218.0,4008.0,2274.0,77.0,56.0,4312.0,1.375,56.0,0,0,0,0
0001441828-Raw02-f_00002.jpg,numeric,0001441828,mamianmakeng,3770.0,1871.0,3847.0,1909.0,77.0,38.0,2926.0,2.026315789473684,38.0,0,0,0,0
0001441828-Raw02-f_00002.jpg,numeric,0001441828,mamianmakeng,40.0,613.0,140.0,709.0,100.0,96.0,9600.0,1.0416666666666667,96.0,0,0,0,0
0001441828-Raw02-f_00002.jpg,numeric,0001441828,mamianmakeng,356.0,1496.0,462.0,1562.0,106.0,66.0,6996.0,1.606060606060606,66.0,0,0,0,0
0001441828-Raw02-f_00002.jpg,numeric,0001441828,mamianmakeng,39.0,908.0,109.0,956.0,70.0,48.0,3360.0,1.4583333333333333,48.0,0,0,0,0
0001441828-Raw02-f_00002.jpg,numeric,0001441828,mamianmakeng,1292.0,76.0,1369.0,129.0,77.0,53.0,4081.0,1.4528301886792452,53.0,0,0,0,0
0001441828-Raw02-f_00002.jpg,numeric,0001441828,mamianmakeng,3250.0,2936.0,3332.0,2977.0,82.0,41.0,3362.0,2.0,41.0,0,0,0,0
0001441828-Raw02-f_00002.jpg,numeric,0001441828,mamianmakeng,3624.0,1355.0,3691.0,1393.0,67.0,38.0,2546.0,1.763157894736842,38.0,0,0,0,0
0001441828-Raw02-f_00002.jpg,numeric,0001441828,mamianmakeng,1001.0,1294.0,1064.0,1356.0,63.0,62.0,3906.0,1.0161290322580645,62.0,0,0,0,0
0001441828-Raw02-f_00002.jpg,numeric,0001441828,mamianmakeng,1378.0,403.0,1464.0,506.0,86.0,103.0,8858.0,1.197674418604651,86.0,0,0,0,0
0001441828-Raw02-f_00002.jpg,numeric,0001441828,mamianmakeng,1009.0,945.0,1088.0,993.0,79.0,48.0,3792.0,1.6458333333333333,48.0,0,0,0,0
0001441828-Raw02-f_00002.jpg,numeric,0001441828,mamianmakeng,976.0,2245.0,1059.0,2306.0,83.0,61.0,5063.0,1.360655737704918,61.0,0,0,0,0
0001441828-Raw02-f_00002.jpg,numeric,0001441828,mamianmakeng,2710.0,1371.0,2776.0,1415.0,66.0,44.0,2904.0,1.5,44.0,0,0,0,0
0001441828-Raw02-f_00002.jpg,numeric,0001441828,mamianmakeng,923.0,2581.0,1046.0,2685.0,123.0,104.0,12792.0,1.1826923076923077,104.0,0,0,0,0
0001441828-Raw02-f_00002.jpg,numeric,0001441828,mamianmakeng,3318.0,1925.0,3400.0,1972.0,82.0,47.0,3854.0,1.7446808510638299,47.0,0,0,0,0
0001441828-Raw02-f_00002.jpg,numeric,0001441828,mamianmakeng,638.0,2326.0,712.0,2370.0,74.0,44.0,3256.0,1.6818181818181819,44.0,0,0,0,0
0001441828-Raw02-f_00002.jpg,numeric,0001441828,mamianmakeng,3214.0,1362.0,3301.0,1413.0,87.0,51.0,4437.0,1.7058823529411764,51.0,0,0,0,0
0001441828-Raw02-f_00002.jpg,numeric,0001441828,mamianmakeng,926.0,1224.0,998.0,1270.0,72.0,46.0,3312.0,1.565217391304348,46.0,0,0,0,0
0001441828-Raw02-f_00002.jpg,numeric,0001441828,mamianmakeng,3934.0,2187.0,3982.0,2219.0,48.0,32.0,1536.0,1.5,32.0,0,0,0,0
0001441828-Raw02-f_00002.jpg,numeric,0001441828,mamianmakeng,3770.0,2587.0,3836.0,2616.0,66.0,29.0,1914.0,2.2758620689655173,29.0,0,0,0,0
0001441828-Raw02-f_00002.jpg,numeric,0001441828,mamianmakeng,1835.0,2782.0,1906.0,2832.0,71.0,50.0,3550.0,1.42,50.0,0,0,0,0
0001441828-Raw02-f_00002.jpg,numeric,0001441828,mamianmakeng,1761.0,2489.0,1837.0,2554.0,76.0,65.0,4940.0,1.1692307692307693,65.0,0,0,0,0
0001441828-Raw02-f_00002.jpg,numeric,0001441828,mamianmakeng,3736.0,1185.0,3789.0,1221.0,53.0,36.0,1908.0,1.4722222222222223,36.0,0,0,0,0
0001441828-Raw02-f_00002.jpg,numeric,0001441828,mamianmakeng,3743.0,2878.0,3820.0,2928.0,77.0,50.0,3850.0,1.54,50.0,0,0,0,0
0001441828-Raw02-f_00002.jpg,numeric,0001441828,mamianmakeng,3593.0,1431.0,3651.0,1459.0,58.0,28.0,1624.0,2.0714285714285716,28.0,0,0,0,0
0001441828-Raw02-f_00002.jpg,numeric,0001441828,mamianmakeng,1386.0,250.0,1466.0,288.0,80.0,38.0,3040.0,2.1052631578947367,38.0,0,0,0,0
0001441828-Raw02-f_00002.jpg,numeric,0001441828,mamianmakeng,2700.0,1372.0,2739.0,1412.0,39.0,40.0,1560.0,1.0256410256410255,39.0,0,0,0,0
0001441828-Raw02-f_00002.jpg,numeric,0001441828,mamianmakeng,2710.0,689.0,2730.0,745.0,20.0,56.0,1120.0,2.8,20.0,0,0,0,0
0001441828-Raw02-f_00002.jpg,numeric,0001441828,mamianmakeng,1866.0,2332.0,1966.0,2421.0,100.0,89.0,8900.0,1.1235955056179776,89.0,0,0,0,0
0001441828-Raw02-f_00002.jpg,numeric,0001441828,mamianmakeng,400.0,2068.0,452.0,2098.0,52.0,30.0,1560.0,1.7333333333333334,30.0,0,0,0,0
0001441828-Raw02-f_00002.jpg,numeric,0001441828,mamianmakeng,3648.0,1237.0,3696.0,1268.0,48.0,31.0,1488.0,1.5483870967741935,31.0,0,0,0,0
0001441828-Raw02-f_00002.jpg,numeric,0001441828,mamianmakeng,295.0,2269.0,352.0,2302.0,57.0,33.0,1881.0,1.7272727272727273,33.0,0,0,0,0
0001441828-Raw02-f_00002.jpg,numeric,0001441828,mamianmakeng,979.0,1045.0,1046.0,1089.0,67.0,44.0,2948.0,1.5227272727272727,44.0,0,0,0,0
0001441828-Raw02-f_00002.jpg,numeric,0001441828,mamianmakeng,1058.0,642.0,1126.0,685.0,68.0,43.0,2924.0,1.5813953488372092,43.0,0,0,0,0
0001441828-Raw02-f_00002.jpg,numeric,0001441828,mamianmakeng,2589.0,602.0,2643.0,641.0,54.0,39.0,2106.0,1.3846153846153846,39.0,0,0,0,0
0001441828-Raw02-f_00002.jpg,numeric,0001441828,mamianmakeng,1843.0,2080.0,1903.0,2110.0,60.0,30.0,1800.0,2.0,30.0,0,0,0,0
0001441828-Raw02-f_00002.jpg,numeric,0001441828,mamianmakeng,375.0,1456.0,426.0,1485.0,51.0,29.0,1479.0,1.7586206896551724,29.0,0,0,0,0
0001441828-Raw02-f_00002.jpg,numeric,0001441828,mamianmakeng,3734.0,0.0,3799.0,28.0,65.0,28.0,1820.0,2.3214285714285716,28.0,0,0,0,1
0001441828-Raw02-f_00002.jpg,numeric,0001441828,mamianmakeng,125.0,120.0,179.0,166.0,54.0,46.0,2484.0,1.173913043478261,46.0,0,0,0,0
0001441828-Raw02-f_00002.jpg,numeric,0001441828,mamianmakeng,3326.0,12.0,3364.0,43.0,38.0,31.0,1178.0,1.2258064516129032,31.0,0,0,0,1
0001441828-Raw02-f_00002.jpg,numeric,0001441828,mamianmakeng,3633.0,1185.0,3685.0,1215.0,52.0,30.0,1560.0,1.7333333333333334,30.0,0,0,0,0
0001441828-Raw02-f_00002.jpg,numeric,0001441828,mamianmakeng,2594.0,376.0,2631.0,408.0,37.0,32.0,1184.0,1.15625,32.0,0,0,0,0
0001441828-Raw02-f_00002.jpg,numeric,0001441828,mamianmakeng,3974.0,1234.0,4000.0,1253.0,26.0,19.0,494.0,1.368421052631579,19.0,0,0,0,0
0001441828-Raw02-f_00002.jpg,numeric,0001441828,mamianmakeng,2658.0,1215.0,2718.0,1248.0,60.0,33.0,1980.0,1.8181818181818181,33.0,0,0,0,0
0001441828-Raw02-f_00002.jpg,numeric,0001441828,mamianmakeng,1867.0,721.0,1938.0,758.0,71.0,37.0,2627.0,1.9189189189189189,37.0,0,0,0,0
0001441828-Raw02-f_00002.jpg,numeric,0001441828,mamianmakeng,3734.0,1086.0,3786.0,1121.0,52.0,35.0,1820.0,1.4857142857142858,35.0,0,0,0,0
0001441828-Raw02-f_00002.jpg,numeric,0001441828,mamianmakeng,990.0,2324.0,1046.0,2354.0,56.0,30.0,1680.0,1.8666666666666667,30.0,0,0,0,0
0001441828-Raw02-f_00002.jpg,numeric,0001441828,mamianmakeng,990.0,1004.0,1038.0,1034.0,48.0,30.0,1440.0,1.6,30.0,0,0,0,0
0001441828-Raw02-f_00002.jpg,numeric,0001441828,mamianmakeng,1350.0,497.0,1383.0,535.0,33.0,38.0,1254.0,1.1515151515151516,33.0,0,0,0,0
0001441828-Raw02-f_00004.jpg,numeric,0001441828,mamianmakeng,3891.0,461.0,3989.0,572.0,98.0,111.0,10878.0,1.1326530612244898,98.0,0,0,0,0
0001441828-Raw02-f_00004.jpg,numeric,0001441828,mamianmakeng,3939.0,599.0,4023.0,724.0,84.0,125.0,10500.0,1.4880952380952381,84.0,0,0,0,0
0001441828-Raw02-f_00004.jpg,numeric,0001441828,mamianmakeng,3954.0,2070.0,4021.0,2138.0,67.0,68.0,4556.0,1.0149253731343284,67.0,0,0,0,0
0001441828-Raw02-f_00004.jpg,numeric,0001441828,mamianmakeng,3797.0,1806.0,3878.0,1938.0,81.0,132.0,10692.0,1.6296296296296295,81.0,0,0,0,0
0001441828-Raw02-f_00004.jpg,numeric,0001441828,mamianmakeng,3965.0,2.0,4027.0,80.0,62.0,78.0,4836.0,1.2580645161290323,62.0,0,0,0,1
0001441828-Raw02-f_00004.jpg,numeric,0001441828,mamianmakeng,3978.0,2239.0,4027.0,2328.0,49.0,89.0,4361.0,1.816326530612245,49.0,0,0,0,0
0001441828-Raw02-f_00004.jpg,numeric,0001441828,mamianmakeng,2511.0,2724.0,2617.0,2819.0,106.0,95.0,10070.0,1.1157894736842104,95.0,0,0,0,0
0001441828-Raw02-f_00004.jpg,numeric,0001441828,mamianmakeng,3884.0,322.0,3940.0,372.0,56.0,50.0,2800.0,1.12,50.0,0,0,0,0
0001441828-Raw02-f_00004.jpg,numeric,0001441828,mamianmakeng,3541.0,1028.0,3646.0,1114.0,105.0,86.0,9030.0,1.2209302325581395,86.0,0,0,0,0
0001441828-Raw02-f_00004.jpg,numeric,0001441828,mamianmakeng,3785.0,317.0,3872.0,371.0,87.0,54.0,4698.0,1.6111111111111112,54.0,0,0,0,0
0001441828-Raw02-f_00004.jpg,numeric,0001441828,mamianmakeng,3348.0,1668.0,3433.0,1748.0,85.0,80.0,6800.0,1.0625,80.0,0,0,0,0
0001441828-Raw02-f_00004.jpg,numeric,0001441828,mamianmakeng,1190.0,2515.0,1282.0,2590.0,92.0,75.0,6900.0,1.2266666666666666,75.0,0,0,0,0
0001441828-Raw02-f_00004.jpg,numeric,0001441828,mamianmakeng,1796.0,957.0,1862.0,1020.0,66.0,63.0,4158.0,1.0476190476190477,63.0,0,0,0,0
0001441828-Raw02-f_00004.jpg,numeric,0001441828,mamianmakeng,3536.0,1238.0,3611.0,1305.0,75.0,67.0,5025.0,1.1194029850746268,67.0,0,0,0,0
0001441828-Raw02-f_00004.jpg,numeric,0001441828,mamianmakeng,2514.0,913.0,2597.0,966.0,83.0,53.0,4399.0,1.5660377358490567,53.0,0,0,0,0
0001441828-Raw02-f_00004.jpg,numeric,0001441828,mamianmakeng,1890.0,1395.0,1981.0,1467.0,91.0,72.0,6552.0,1.2638888888888888,72.0,0,0,0,0
0001441828-Raw02-f_00004.jpg,numeric,0001441828,mamianmakeng,519.0,2163.0,596.0,2221.0,77.0,58.0,4466.0,1.3275862068965518,58.0,0,0,0,0
0001441828-Raw02-f_00004.jpg,numeric,0001441828,mamianmakeng,2130.0,2278.0,2219.0,2343.0,89.0,65.0,5785.0,1.3692307692307693,65.0,0,0,0,0
0001441828-Raw02-f_00004.jpg,numeric,0001441828,mamianmakeng,3353.0,700.0,3418.0,766.0,65.0,66.0,4290.0,1.0153846153846153,65.0,0,0,0,0
0001441828-Raw02-f_00004.jpg,numeric,0001441828,mamianmakeng,1778.0,1094.0,1854.0,1155.0,76.0,61.0,4636.0,1.2459016393442623,61.0,0,0,0,0
0001441828-Raw02-f_00004.jpg,numeric,0001441828,mamianmakeng,1133.0,2264.0,1220.0,2339.0,87.0,75.0,6525.0,1.16,75.0,0,0,0,0
0001441828-Raw02-f_00004.jpg,numeric,0001441828,mamianmakeng,3205.0,2575.0,3347.0,2685.0,142.0,110.0,15620.0,1.290909090909091,110.0,0,0,0,0
0001441828-Raw02-f_00004.jpg,numeric,0001441828,mamianmakeng,3388.0,537.0,3456.0,616.0,68.0,79.0,5372.0,1.161764705882353,68.0,0,0,0,0
0001441828-Raw02-f_00004.jpg,numeric,0001441828,mamianmakeng,1690.0,1660.0,1767.0,1715.0,77.0,55.0,4235.0,1.4,55.0,0,0,0,0
0001441828-Raw02-f_00004.jpg,numeric,0001441828,mamianmakeng,3801.0,791.0,3843.0,869.0,42.0,78.0,3276.0,1.8571428571428572,42.0,0,0,0,0
0001441828-Raw02-f_00004.jpg,numeric,0001441828,mamianmakeng,3372.0,1877.0,3452.0,1993.0,80.0,116.0,9280.0,1.45,80.0,0,0,0,0
0001441828-Raw02-f_00004.jpg,numeric,0001441828,mamianmakeng,867.0,285.0,926.0,340.0,59.0,55.0,3245.0,1.0727272727272728,55.0,0,0,0,0
0001441828-Raw02-f_00004.jpg,numeric,0001441828,mamianmakeng,2540.0,809.0,2586.0,870.0,46.0,61.0,2806.0,1.326086956521739,46.0,0,0,0,0
0001441828-Raw02-f_00004.jpg,numeric,0001441828,mamianmakeng,1776.0,1350.0,1833.0,1414.0,57.0,64.0,3648.0,1.1228070175438596,57.0,0,0,0,0
0001441828-Raw02-f_00004.jpg,numeric,0001441828,mamianmakeng,3779.0,49.0,3841.0,93.0,62.0,44.0,2728.0,1.4090909090909092,44.0,0,0,0,0
0001441828-Raw02-f_00004.jpg,numeric,0001441828,mamianmakeng,3421.0,201.0,3524.0,272.0,103.0,71.0,7313.0,1.4507042253521127,71.0,0,0,0,0
0001441828-Raw02-f_00004.jpg,numeric,0001441828,mamianmakeng,3348.0,1484.0,3432.0,1529.0,84.0,45.0,3780.0,1.8666666666666667,45.0,0,0,0,0
0001441828-Raw02-f_00004.jpg,numeric,0001441828,mamianmakeng,1197.0,2670.0,1268.0,2721.0,71.0,51.0,3621.0,1.392156862745098,51.0,0,0,0,0
0001441828-Raw02-f_00004.jpg,numeric,0001441828,mamianmakeng,1733.0,1573.0,1784.0,1633.0,51.0,60.0,3060.0,1.1764705882352942,51.0,0,0,0,0
0001441828-Raw02-f_00004.jpg,numeric,0001441828,mamianmakeng,3349.0,1440.0,3456.0,1516.0,107.0,76.0,8132.0,1.4078947368421053,76.0,0,0,0,0
0001441828-Raw02-f_00004.jpg,numeric,0001441828,mamianmakeng,1279.0,2826.0,1339.0,2882.0,60.0,56.0,3360.0,1.0714285714285714,56.0,0,0,0,0
0001441828-Raw02-f_00004.jpg,numeric,0001441828,mamianmakeng,877.0,643.0,939.0,709.0,62.0,66.0,4092.0,1.064516129032258,62.0,0,0,0,0
0001441828-Raw02-f_00004.jpg,numeric,0001441828,mamianmakeng,46.0,304.0,95.0,349.0,49.0,45.0,2205.0,1.0888888888888888,45.0,0,0,0,0
0001441828-Raw02-f_00004.jpg,numeric,0001441828,mamianmakeng,3296.0,2474.0,3388.0,2560.0,92.0,86.0,7912.0,1.069767441860465,86.0,0,0,0,0
0001441828-Raw02-f_00004.jpg,numeric,0001441828,mamianmakeng,3514.0,1451.0,3573.0,1498.0,59.0,47.0,2773.0,1.2553191489361701,47.0,0,0,0,0
0001441828-Raw02-f_00004.jpg,numeric,0001441828,mamianmakeng,2527.0,2099.0,2601.0,2147.0,74.0,48.0,3552.0,1.5416666666666667,48.0,0,0,0,0
0001441828-Raw02-f_00004.jpg,numeric,0001441828,mamianmakeng,3550.0,2850.0,3625.0,2903.0,75.0,53.0,3975.0,1.4150943396226414,53.0,0,0,0,0
0001441828-Raw02-f_00004.jpg,numeric,0001441828,mamianmakeng,747.0,287.0,789.0,328.0,42.0,41.0,1722.0,1.024390243902439,41.0,0,0,0,0
0001441828-Raw02-f_00004.jpg,numeric,0001441828,mamianmakeng,887.0,376.0,936.0,405.0,49.0,29.0,1421.0,1.6896551724137931,29.0,0,0,0,0
0001441828-Raw02-f_00004.jpg,numeric,0001441828,mamianmakeng,528.0,2044.0,591.0,2091.0,63.0,47.0,2961.0,1.3404255319148937,47.0,0,0,0,0
0001441828-Raw02-f_00004.jpg,numeric,0001441828,mamianmakeng,3799.0,2500.0,3856.0,2540.0,57.0,40.0,2280.0,1.425,40.0,0,0,0,0
0001441828-Raw02-f_00004.jpg,numeric,0001441828,mamianmakeng,779.0,561.0,835.0,605.0,56.0,44.0,2464.0,1.2727272727272727,44.0,0,0,0,0
0001441828-Raw02-f_00004.jpg,numeric,0001441828,mamianmakeng,1870.0,2530.0,1933.0,2583.0,63.0,53.0,3339.0,1.1886792452830188,53.0,0,0,0,0
0001441828-Raw02-f_00009.jpg,numeric,0001441828,mamianmakeng,4012.0,242.0,4083.0,311.0,71.0,69.0,4899.0,1.0289855072463767,69.0,0,0,0,1
0001441828-Raw02-f_00009.jpg,numeric,0001441828,mamianmakeng,3572.0,1635.0,3684.0,1742.0,112.0,107.0,11984.0,1.0467289719626167,107.0,0,0,0,0
0001441828-Raw02-f_00009.jpg,numeric,0001441828,mamianmakeng,3906.0,2132.0,3989.0,2223.0,83.0,91.0,7553.0,1.0963855421686748,83.0,0,0,0,0
0001441828-Raw02-f_00009.jpg,numeric,0001441828,mamianmakeng,1356.0,314.0,1489.0,499.0,133.0,185.0,24605.0,1.3909774436090225,133.0,0,0,0,0
0001441828-Raw02-f_00009.jpg,numeric,0001441828,mamianmakeng,3820.0,1989.0,3951.0,2121.0,131.0,132.0,17292.0,1.0076335877862594,131.0,0,0,0,0
0001441828-Raw02-f_00009.jpg,numeric,0001441828,mamianmakeng,3971.0,2496.0,4036.0,2590.0,65.0,94.0,6110.0,1.4461538461538461,65.0,0,0,0,0
0001441828-Raw02-f_00009.jpg,numeric,0001441828,mamianmakeng,2395.0,1651.0,2538.0,1757.0,143.0,106.0,15158.0,1.349056603773585,106.0,0,0,0,0
0001441828-Raw02-f_00009.jpg,numeric,0001441828,mamianmakeng,36.0,2205.0,121.0,2302.0,85.0,97.0,8245.0,1.1411764705882352,85.0,0,0,0,0
0001441828-Raw02-f_00009.jpg,numeric,0001441828,mamianmakeng,3580.0,2223.0,3694.0,2329.0,114.0,106.0,12084.0,1.0754716981132075,106.0,0,0,0,0
0001441828-Raw02-f_00009.jpg,numeric,0001441828,mamianmakeng,469.0,705.0,551.0,783.0,82.0,78.0,6396.0,1.0512820512820513,78.0,0,0,0,0
0001441828-Raw02-f_00009.jpg,numeric,0001441828,mamianmakeng,1955.0,1113.0,2075.0,1305.0,120.0,192.0,23040.0,1.6,120.0,0,0,0,0
0001441828-Raw02-f_00009.jpg,numeric,0001441828,mamianmakeng,1965.0,2808.0,2109.0,2894.0,144.0,86.0,12384.0,1.6744186046511629,86.0,0,0,0,0
0001441828-Raw02-f_00009.jpg,numeric,0001441828,mamianmakeng,3306.0,2217.0,3365.0,2279.0,59.0,62.0,3658.0,1.0508474576271187,59.0,0,0,0,0
0001441828-Raw02-f_00009.jpg,numeric,0001441828,mamianmakeng,3325.0,1964.0,3386.0,2051.0,61.0,87.0,5307.0,1.4262295081967213,61.0,0,0,0,0
0001441828-Raw02-f_00009.jpg,numeric,0001441828,mamianmakeng,3378.0,1633.0,3460.0,1709.0,82.0,76.0,6232.0,1.0789473684210527,76.0,0,0,0,0
0001441828-Raw02-f_00009.jpg,numeric,0001441828,mamianmakeng,3302.0,2377.0,3397.0,2480.0,95.0,103.0,9785.0,1.0842105263157895,95.0,0,0,0,0
0001441828-Raw02-f_00009.jpg,numeric,0001441828,mamianmakeng,3483.0,991.0,3562.0,1080.0,79.0,89.0,7031.0,1.1265822784810127,79.0,0,0,0,0
0001441828-Raw02-f_00009.jpg,numeric,0001441828,mamianmakeng,3610.0,665.0,3696.0,749.0,86.0,84.0,7224.0,1.0238095238095237,84.0,0,0,0,0
0001441828-Raw02-f_00009.jpg,numeric,0001441828,mamianmakeng,0.0,2822.0,54.0,2898.0,54.0,76.0,4104.0,1.4074074074074074,54.0,0,0,0,1
0001441828-Raw02-f_00009.jpg,numeric,0001441828,mamianmakeng,1991.0,2463.0,2093.0,2534.0,102.0,71.0,7242.0,1.4366197183098592,71.0,0,0,0,0
0001441828-Raw02-f_00009.jpg,numeric,0001441828,mamianmakeng,3613.0,2416.0,3689.0,2458.0,76.0,42.0,3192.0,1.8095238095238095,42.0,0,0,0,0
0001441828-Raw02-f_00009.jpg,numeric,0001441828,mamianmakeng,1412.0,714.0,1494.0,784.0,82.0,70.0,5740.0,1.1714285714285715,70.0,0,0,0,0
0001441828-Raw02-f_00009.jpg,numeric,0001441828,mamianmakeng,950.0,1385.0,1053.0,1462.0,103.0,77.0,7931.0,1.3376623376623376,77.0,0,0,0,0
0001441828-Raw02-f_00009.jpg,numeric,0001441828,mamianmakeng,3363.0,282.0,3433.0,341.0,70.0,59.0,4130.0,1.1864406779661016,59.0,0,0,0,0
0001441828-Raw02-f_00009.jpg,numeric,0001441828,mamianmakeng,124.0,2822.0,173.0,2872.0,49.0,50.0,2450.0,1.0204081632653061,49.0,0,0,0,0
0001441828-Raw02-f_00009.jpg,numeric,0001441828,mamianmakeng,1733.0,477.0,1814.0,598.0,81.0,121.0,9801.0,1.4938271604938271,81.0,0,0,0,0
0001441828-Raw02-f_00009.jpg,numeric,0001441828,mamianmakeng,3372.0,596.0,3422.0,643.0,50.0,47.0,2350.0,1.0638297872340425,47.0,0,0,0,0
0001441828-Raw02-f_00009.jpg,numeric,0001441828,mamianmakeng,3501.0,1153.0,3557.0,1197.0,56.0,44.0,2464.0,1.2727272727272727,44.0,0,0,0,0
0001441828-Raw02-f_00009.jpg,numeric,0001441828,mamianmakeng,508.0,0.0,601.0,94.0,93.0,94.0,8742.0,1.010752688172043,93.0,0,0,0,1
0001441828-Raw02-f_00009.jpg,numeric,0001441828,mamianmakeng,1986.0,1960.0,2103.0,2039.0,117.0,79.0,9243.0,1.481012658227848,79.0,0,0,0,0
0001441828-Raw02-f_00009.jpg,numeric,0001441828,mamianmakeng,75.0,455.0,192.0,559.0,117.0,104.0,12168.0,1.125,104.0,0,0,0,0
0001441828-Raw02-f_00009.jpg,numeric,0001441828,mamianmakeng,952.0,1548.0,1029.0,1642.0,77.0,94.0,7238.0,1.2207792207792207,77.0,0,0,0,0
0001441828-Raw02-f_00009.jpg,numeric,0001441828,mamianmakeng,3528.0,104.0,3572.0,160.0,44.0,56.0,2464.0,1.2727272727272727,44.0,0,0,0,0
0001441828-Raw02-f_00009.jpg,numeric,0001441828,mamianmakeng,2181.0,1185.0,2252.0,1245.0,71.0,60.0,4260.0,1.1833333333333333,60.0,0,0,0,0
0001441828-Raw02-f_00009.jpg,numeric,0001441828,mamianmakeng,564.0,1137.0,624.0,1193.0,60.0,56.0,3360.0,1.0714285714285714,56.0,0,0,0,0
0001441828-Raw02-f_00009.jpg,numeric,0001441828,mamianmakeng,553.0,1387.0,599.0,1443.0,46.0,56.0,2576.0,1.2173913043478262,46.0,0,0,0,0
0001441828-Raw02-f_00009.jpg,numeric,0001441828,mamianmakeng,2609.0,1484.0,2673.0,1521.0,64.0,37.0,2368.0,1.7297297297297298,37.0,0,0,0,0
0001441828-Raw02-f_00009.jpg,numeric,0001441828,mamianmakeng,118.0,696.0,180.0,743.0,62.0,47.0,2914.0,1.3191489361702127,47.0,0,0,0,0
0001441828-Raw02-f_00009.jpg,numeric,0001441828,mamianmakeng,3348.0,1877.0,3402.0,1922.0,54.0,45.0,2430.0,1.2,45.0,0,0,0,0
0001441828-Raw02-f_00009.jpg,numeric,0001441828,mamianmakeng,3634.0,1986.0,3689.0,2038.0,55.0,52.0,2860.0,1.0576923076923077,52.0,0,0,0,0
0001441828-Raw02-f_00009.jpg,numeric,0001441828,mamianmakeng,1998.0,2308.0,2078.0,2365.0,80.0,57.0,4560.0,1.4035087719298245,57.0,0,0,0,0
0001441828-Raw02-f_00009.jpg,numeric,0001441828,mamianmakeng,3509.0,1927.0,3560.0,1962.0,51.0,35.0,1785.0,1.457142857142857,35.0,0,0,0,0
0001441828-Raw02-f_00009.jpg,numeric,0001441828,mamianmakeng,2207.0,859.0,2311.0,966.0,104.0,107.0,11128.0,1.0288461538461537,104.0,0,0,0,0
0001441828-Raw02-f_00009.jpg,numeric,0001441828,mamianmakeng,1949.0,2641.0,2012.0,2727.0,63.0,86.0,5418.0,1.3650793650793651,63.0,0,0,0,0
0001441828-Raw02-f_00009.jpg,numeric,0001441828,mamianmakeng,960.0,2321.0,1051.0,2410.0,91.0,89.0,8099.0,1.0224719101123596,89.0,0,0,0,0
0001441828-Raw02-f_00009.jpg,numeric,0001441828,mamianmakeng,3644.0,2155.0,3689.0,2197.0,45.0,42.0,1890.0,1.0714285714285714,42.0,0,0,0,0
0001441828-Raw02-f_00009.jpg,numeric,0001441828,mamianmakeng,750.0,600.0,804.0,660.0,54.0,60.0,3240.0,1.1111111111111112,54.0,0,0,0,0
0001441828-Raw02-f_00009.jpg,numeric,0001441828,mamianmakeng,2.0,1174.0,65.0,1242.0,63.0,68.0,4284.0,1.0793650793650793,63.0,0,0,0,1
0001441828-Raw02-f_00009.jpg,numeric,0001441828,mamianmakeng,1953.0,854.0,2024.0,901.0,71.0,47.0,3337.0,1.5106382978723405,47.0,0,0,0,0
0001441828-Raw02-f_00009.jpg,numeric,0001441828,mamianmakeng,2624.0,2489.0,2675.0,2527.0,51.0,38.0,1938.0,1.3421052631578947,38.0,0,0,0,0
0001441828-Raw02-f_00009.jpg,numeric,0001441828,mamianmakeng,722.0,2639.0,795.0,2697.0,73.0,58.0,4234.0,1.2586206896551724,58.0,0,0,0,0
0001441828-Raw02-f_00009.jpg,numeric,0001441828,mamianmakeng,73.0,2014.0,119.0,2072.0,46.0,58.0,2668.0,1.2608695652173914,46.0,0,0,0,0
0001441828-Raw02-f_00009.jpg,numeric,0001441828,mamianmakeng,18.0,821.0,93.0,877.0,75.0,56.0,4200.0,1.3392857142857142,56.0,0,0,0,0
0001441828-Raw02-f_00009.jpg,numeric,0001441828,mamianmakeng,3640.0,2446.0,3767.0,2617.0,127.0,171.0,21717.0,1.3464566929133859,127.0,0,0,0,0
0001441828-Raw02-f_00009.jpg,numeric,0001441828,mamianmakeng,1872.0,953.0,1928.0,1050.0,56.0,97.0,5432.0,1.7321428571428572,56.0,0,0,0,0
0001441828-Raw02-f_00009.jpg,numeric,0001441828,mamianmakeng,3347.0,825.0,3376.0,855.0,29.0,30.0,870.0,1.0344827586206897,29.0,0,0,0,0
0001441828-Raw03-f_00002.jpg,numeric,0001441828,mamianmakeng,424.0,371.0,493.0,442.0,69.0,71.0,4899.0,1.0289855072463767,69.0,0,0,0,0
0001441828-Raw03-f_00002.jpg,numeric,0001441828,mamianmakeng,405.0,2815.0,485.0,2856.0,80.0,41.0,3280.0,1.951219512195122,41.0,0,0,0,0
0001441828-Raw03-f_00002.jpg,numeric,0001441828,mamianmakeng,377.0,1001.0,438.0,1046.0,61.0,45.0,2745.0,1.3555555555555556,45.0,0,0,0,0
0001441828-Raw03-f_00002.jpg,numeric,0001441828,mamianmakeng,256.0,1365.0,367.0,1455.0,111.0,90.0,9990.0,1.2333333333333334,90.0,0,0,0,0
0001441828-Raw03-f_00002.jpg,numeric,0001441828,mamianmakeng,251.0,2465.0,334.0,2539.0,83.0,74.0,6142.0,1.1216216216216217,74.0,0,0,0,0
0001441828-Raw03-f_00002.jpg,numeric,0001441828,mamianmakeng,333.0,1954.0,400.0,1987.0,67.0,33.0,2211.0,2.0303030303030303,33.0,0,0,0,0
0001441828-Raw03-f_00002.jpg,numeric,0001441828,mamianmakeng,444.0,1147.0,498.0,1194.0,54.0,47.0,2538.0,1.148936170212766,47.0,0,0,0,0
0001441828-Raw03-f_00002.jpg,numeric,0001441828,mamianmakeng,262.0,1873.0,344.0,1911.0,82.0,38.0,3116.0,2.1578947368421053,38.0,0,0,0,0
0001441828-Raw03-f_00002.jpg,numeric,0001441828,mamianmakeng,363.0,1574.0,430.0,1600.0,67.0,26.0,1742.0,2.576923076923077,26.0,0,0,0,0
0001441828-Raw03-f_00002.jpg,numeric,0001441828,mamianmakeng,227.0,1746.0,291.0,1809.0,64.0,63.0,4032.0,1.0158730158730158,63.0,0,0,0,0
0001441828-Raw03-f_00002.jpg,numeric,0001441828,mamianmakeng,420.0,2737.0,503.0,2808.0,83.0,71.0,5893.0,1.1690140845070423,71.0,0,0,0,0
0001441828-Raw03-f_00002.jpg,numeric,0001441828,mamianmakeng,207.0,2956.0,297.0,2996.0,90.0,40.0,3600.0,2.25,40.0,0,0,0,1
0001441828-Raw03-f_00002.jpg,numeric,0001441828,mamianmakeng,265.0,2590.0,331.0,2617.0,66.0,27.0,1782.0,2.4444444444444446,27.0,0,0,0,0
0001441828-Raw03-f_00002.jpg,numeric,0001441828,mamianmakeng,156.0,917.0,237.0,978.0,81.0,61.0,4941.0,1.3278688524590163,61.0,0,0,0,0
0001441828-Raw03-f_00002.jpg,numeric,0001441828,mamianmakeng,429.0,2221.0,505.0,2277.0,76.0,56.0,4256.0,1.3571428571428572,56.0,0,0,0,0
0001441828-Raw03-f_00002.jpg,numeric,0001441828,mamianmakeng,123.0,1362.0,188.0,1397.0,65.0,35.0,2275.0,1.8571428571428572,35.0,0,0,0,0
0001441828-Raw03-f_00002.jpg,numeric,0001441828,mamianmakeng,234.0,1186.0,287.0,1225.0,53.0,39.0,2067.0,1.358974358974359,39.0,0,0,0,0
0001441828-Raw03-f_00002.jpg,numeric,0001441828,mamianmakeng,432.0,2189.0,480.0,2221.0,48.0,32.0,1536.0,1.5,32.0,0,0,0,0
0001441828-Raw03-f_00002.jpg,numeric,0001441828,mamianmakeng,241.0,2882.0,309.0,2929.0,68.0,47.0,3196.0,1.446808510638298,47.0,0,0,0,0
0001441828-Raw03-f_00002.jpg,numeric,0001441828,mamianmakeng,89.0,1433.0,147.0,1462.0,58.0,29.0,1682.0,2.0,29.0,0,0,0,0
0001441828-Raw03-f_00002.jpg,numeric,0001441828,mamianmakeng,470.0,1238.0,498.0,1256.0,28.0,18.0,504.0,1.5555555555555556,18.0,0,0,0,0
0001441828-Raw03-f_00002.jpg,numeric,0001441828,mamianmakeng,235.0,0.0,301.0,30.0,66.0,30.0,1980.0,2.2,30.0,0,0,0,1
0001441828-Raw03-f_00002.jpg,numeric,0001441828,mamianmakeng,262.0,2849.0,324.0,2875.0,62.0,26.0,1612.0,2.3846153846153846,26.0,0,0,0,0
0001441828-Raw03-f_00002.jpg,numeric,0001441828,mamianmakeng,146.0,1238.0,194.0,1272.0,48.0,34.0,1632.0,1.411764705882353,34.0,0,0,0,0
0001441828-Raw03-f_00002.jpg,numeric,0001441828,mamianmakeng,129.0,1189.0,183.0,1218.0,54.0,29.0,1566.0,1.8620689655172413,29.0,0,0,0,0
0001441828-Raw03-f_00002.jpg,numeric,0001441828,mamianmakeng,300.0,2946.0,327.0,2964.0,27.0,18.0,486.0,1.5,18.0,0,0,0,0
0001441828-Raw03-f_00002.jpg,numeric,0001441828,mamianmakeng,231.0,1089.0,277.0,1123.0,46.0,34.0,1564.0,1.3529411764705883,34.0,0,0,0,0
0001441828-Raw03-f_00004.jpg,numeric,0001441828,mamianmakeng,385.0,465.0,483.0,575.0,98.0,110.0,10780.0,1.1224489795918366,98.0,0,0,0,0
0001441828-Raw03-f_00004.jpg,numeric,0001441828,mamianmakeng,456.0,2073.0,524.0,2141.0,68.0,68.0,4624.0,1.0,68.0,0,0,0,0
0001441828-Raw03-f_00004.jpg,numeric,0001441828,mamianmakeng,435.0,601.0,520.0,726.0,85.0,125.0,10625.0,1.4705882352941178,85.0,0,0,0,0
0001441828-Raw03-f_00004.jpg,numeric,0001441828,mamianmakeng,302.0,1810.0,382.0,1939.0,80.0,129.0,10320.0,1.6125,80.0,0,0,0,0
0001441828-Raw03-f_00004.jpg,numeric,0001441828,mamianmakeng,458.0,4.0,518.0,82.0,60.0,78.0,4680.0,1.3,60.0,0,0,0,1
0001441828-Raw03-f_00004.jpg,numeric,0001441828,mamianmakeng,378.0,325.0,432.0,375.0,54.0,50.0,2700.0,1.08,50.0,0,0,0,0
0001441828-Raw03-f_00004.jpg,numeric,0001441828,mamianmakeng,479.0,2242.0,525.0,2332.0,46.0,90.0,4140.0,1.9565217391304348,46.0,0,0,0,0
0001441828-Raw03-f_00004.jpg,numeric,0001441828,mamianmakeng,40.0,1035.0,148.0,1118.0,108.0,83.0,8964.0,1.3012048192771084,83.0,0,0,0,0
0001441828-Raw03-f_00004.jpg,numeric,0001441828,mamianmakeng,278.0,321.0,363.0,376.0,85.0,55.0,4675.0,1.5454545454545454,55.0,0,0,0,0
0001441828-Raw03-f_00004.jpg,numeric,0001441828,mamianmakeng,39.0,1242.0,115.0,1313.0,76.0,71.0,5396.0,1.0704225352112675,71.0,0,0,0,0
0001441828-Raw03-f_00004.jpg,numeric,0001441828,mamianmakeng,302.0,795.0,339.0,874.0,37.0,79.0,2923.0,2.135135135135135,37.0,0,0,0,0
0001441828-Raw03-f_00004.jpg,numeric,0001441828,mamianmakeng,292.0,2502.0,352.0,2546.0,60.0,44.0,2640.0,1.3636363636363635,44.0,0,0,0,0
0001441828-Raw03-f_00004.jpg,numeric,0001441828,mamianmakeng,271.0,52.0,333.0,96.0,62.0,44.0,2728.0,1.4090909090909092,44.0,0,0,0,0
0001441828-Raw03-f_00004.jpg,numeric,0001441828,mamianmakeng,13.0,1456.0,78.0,1500.0,65.0,44.0,2860.0,1.4772727272727273,44.0,0,0,0,1
0001441828-Raw03-f_00004.jpg,numeric,0001441828,mamianmakeng,56.0,2856.0,121.0,2906.0,65.0,50.0,3250.0,1.3,50.0,0,0,0,0
0001441828-Raw03-f_00004.jpg,numeric,0001441828,mamianmakeng,271.0,2274.0,327.0,2309.0,56.0,35.0,1960.0,1.6,35.0,0,0,0,0
0001441828-Raw03-f_00005.jpg,numeric,0001441828,mamianmakeng,278.0,1134.0,387.0,1259.0,109.0,125.0,13625.0,1.146788990825688,109.0,0,0,0,0
0001441828-Raw03-f_00005.jpg,numeric,0001441828,mamianmakeng,415.0,1550.0,505.0,1620.0,90.0,70.0,6300.0,1.2857142857142858,70.0,0,0,0,0
0001441828-Raw03-f_00005.jpg,numeric,0001441828,mamianmakeng,262.0,1870.0,335.0,1971.0,73.0,101.0,7373.0,1.3835616438356164,73.0,0,0,0,0
0001441828-Raw03-f_00005.jpg,numeric,0001441828,mamianmakeng,135.0,2191.0,234.0,2258.0,99.0,67.0,6633.0,1.4776119402985075,67.0,0,0,0,0
0001441828-Raw03-f_00005.jpg,numeric,0001441828,mamianmakeng,287.0,2437.0,406.0,2530.0,119.0,93.0,11067.0,1.2795698924731183,93.0,0,0,0,0
0001441828-Raw03-f_00005.jpg,numeric,0001441828,mamianmakeng,313.0,2352.0,395.0,2427.0,82.0,75.0,6150.0,1.0933333333333333,75.0,0,0,0,0
0001441828-Raw03-f_00005.jpg,numeric,0001441828,mamianmakeng,419.0,2532.0,475.0,2578.0,56.0,46.0,2576.0,1.2173913043478262,46.0,0,0,0,0
0001441828-Raw03-f_00005.jpg,numeric,0001441828,mamianmakeng,1.0,1426.0,51.0,1478.0,50.0,52.0,2600.0,1.04,50.0,0,0,0,1
0001441828-Raw03-f_00005.jpg,numeric,0001441828,mamianmakeng,109.0,1130.0,157.0,1179.0,48.0,49.0,2352.0,1.0208333333333333,48.0,0,0,0,0
0001441828-Raw03-f_00005.jpg,numeric,0001441828,mamianmakeng,268.0,1299.0,313.0,1350.0,45.0,51.0,2295.0,1.1333333333333333,45.0,0,0,0,0
0001441828-Raw03-f_00005.jpg,numeric,0001441828,mamianmakeng,170.0,1539.0,242.0,1646.0,72.0,107.0,7704.0,1.4861111111111112,72.0,0,0,0,0
0001441828-Raw03-f_00005.jpg,numeric,0001441828,mamianmakeng,177.0,356.0,226.0,407.0,49.0,51.0,2499.0,1.0408163265306123,49.0,0,0,0,0
0001441828-Raw03-f_00005.jpg,numeric,0001441828,mamianmakeng,0.0,1242.0,46.0,1281.0,46.0,39.0,1794.0,1.1794871794871795,39.0,0,0,0,1
0001441828-Raw03-f_00005.jpg,numeric,0001441828,mamianmakeng,167.0,1701.0,245.0,1768.0,78.0,67.0,5226.0,1.164179104477612,67.0,0,0,0,0
0001441828-Raw03-f_00005.jpg,numeric,0001441828,mamianmakeng,448.0,2952.0,496.0,2984.0,48.0,32.0,1536.0,1.5,32.0,0,0,0,1
0001441828-Raw03-f_00005.jpg,numeric,0001441828,mamianmakeng,151.0,2020.0,195.0,2052.0,44.0,32.0,1408.0,1.375,32.0,0,0,0,0
0001441828-Raw03-f_00005.jpg,numeric,0001441828,mamianmakeng,0.0,2486.0,33.0,2522.0,33.0,36.0,1188.0,1.0909090909090908,33.0,0,0,0,1
0001441828-Raw03-f_00005.jpg,numeric,0001441828,mamianmakeng,187.0,679.0,237.0,722.0,50.0,43.0,2150.0,1.1627906976744187,43.0,0,0,0,0
0001441828-Raw03-f_00005.jpg,numeric,0001441828,mamianmakeng,257.0,2320.0,308.0,2353.0,51.0,33.0,1683.0,1.5454545454545454,33.0,0,0,0,0
0001441828-Raw03-f_00006.jpg,numeric,0001441828,mamianmakeng,452.0,2771.0,524.0,2844.0,72.0,73.0,5256.0,1.0138888888888888,72.0,0,0,0,0
0001441828-Raw03-f_00006.jpg,numeric,0001441828,mamianmakeng,522.0,1963.0,551.0,2005.0,29.0,42.0,1218.0,1.4482758620689655,29.0,0,0,0,0
0001441828-Raw03-f_00006.jpg,numeric,0001441828,mamianmakeng,504.0,209.0,542.0,262.0,38.0,53.0,2014.0,1.394736842105263,38.0,0,0,0,0
0001441828-Raw03-f_00006.jpg,numeric,0001441828,mamianmakeng,346.0,1800.0,448.0,1894.0,102.0,94.0,9588.0,1.0851063829787233,94.0,0,0,0,0
0001441828-Raw03-f_00006.jpg,numeric,0001441828,mamianmakeng,470.0,151.0,520.0,202.0,50.0,51.0,2550.0,1.02,50.0,0,0,0,0
0001441828-Raw03-f_00006.jpg,numeric,0001441828,mamianmakeng,502.0,209.0,542.0,262.0,40.0,53.0,2120.0,1.325,40.0,0,0,0,0
0001441828-Raw03-f_00006.jpg,numeric,0001441828,mamianmakeng,508.0,1654.0,545.0,1699.0,37.0,45.0,1665.0,1.2162162162162162,37.0,0,0,0,0
0001441828-Raw03-f_00006.jpg,numeric,0001441828,mamianmakeng,316.0,1687.0,415.0,1765.0,99.0,78.0,7722.0,1.2692307692307692,78.0,0,0,0,0
0001441828-Raw03-f_00006.jpg,numeric,0001441828,mamianmakeng,203.0,1612.0,271.0,1665.0,68.0,53.0,3604.0,1.2830188679245282,53.0,0,0,0,0
0001441828-Raw03-f_00006.jpg,numeric,0001441828,mamianmakeng,307.0,2373.0,362.0,2426.0,55.0,53.0,2915.0,1.0377358490566038,53.0,0,0,0,0
0001441828-Raw03-f_00006.jpg,numeric,0001441828,mamianmakeng,463.0,2941.0,559.0,3000.0,96.0,59.0,5664.0,1.6271186440677967,59.0,0,0,0,1
0001441828-Raw03-f_00006.jpg,numeric,0001441828,mamianmakeng,221.0,507.0,363.0,662.0,142.0,155.0,22010.0,1.091549295774648,142.0,0,0,0,0
0001441828-Raw03-f_00006.jpg,numeric,0001441828,mamianmakeng,2.0,367.0,93.0,489.0,91.0,122.0,11102.0,1.3406593406593406,91.0,0,0,0,1
0001441828-Raw03-f_00006.jpg,numeric,0001441828,mamianmakeng,244.0,410.0,307.0,454.0,63.0,44.0,2772.0,1.4318181818181819,44.0,0,0,0,0
0001441828-Raw03-f_00006.jpg,numeric,0001441828,mamianmakeng,313.0,1231.0,399.0,1309.0,86.0,78.0,6708.0,1.1025641025641026,78.0,0,0,0,0
0001441828-Raw03-f_00006.jpg,numeric,0001441828,mamianmakeng,180.0,1436.0,247.0,1468.0,67.0,32.0,2144.0,2.09375,32.0,0,0,0,0
0001441828-Raw03-f_00006.jpg,numeric,0001441828,mamianmakeng,281.0,2143.0,322.0,2186.0,41.0,43.0,1763.0,1.048780487804878,41.0,0,0,0,0
0001441828-Raw03-f_00008.jpg,numeric,0001441828,mamianmakeng,482.0,1588.0,563.0,1674.0,81.0,86.0,6966.0,1.0617283950617284,81.0,0,0,0,0
0001441828-Raw03-f_00008.jpg,numeric,0001441828,mamianmakeng,543.0,2212.0,601.0,2290.0,58.0,78.0,4524.0,1.3448275862068966,58.0,0,0,0,0
0001441828-Raw03-f_00008.jpg,numeric,0001441828,mamianmakeng,390.0,917.0,464.0,987.0,74.0,70.0,5180.0,1.0571428571428572,70.0,0,0,0,0
0001441828-Raw03-f_00008.jpg,numeric,0001441828,mamianmakeng,437.0,1143.0,523.0,1246.0,86.0,103.0,8858.0,1.197674418604651,86.0,0,0,0,0
0001441828-Raw03-f_00008.jpg,numeric,0001441828,mamianmakeng,401.0,1242.0,487.0,1319.0,86.0,77.0,6622.0,1.1168831168831168,77.0,0,0,0,0
0001441828-Raw03-f_00008.jpg,numeric,0001441828,mamianmakeng,547.0,1709.0,596.0,1755.0,49.0,46.0,2254.0,1.065217391304348,46.0,0,0,0,0
0001441828-Raw03-f_00008.jpg,numeric,0001441828,mamianmakeng,2.0,94.0,53.0,152.0,51.0,58.0,2958.0,1.1372549019607843,51.0,0,0,0,1
0001441828-Raw03-f_00008.jpg,numeric,0001441828,mamianmakeng,0.0,2637.0,45.0,2702.0,45.0,65.0,2925.0,1.4444444444444444,45.0,0,0,0,1
0001441828-Raw03-f_00008.jpg,numeric,0001441828,mamianmakeng,312.0,103.0,384.0,197.0,72.0,94.0,6768.0,1.3055555555555556,72.0,0,0,0,0
0001441828-Raw03-f_00008.jpg,numeric,0001441828,mamianmakeng,306.0,1215.0,390.0,1272.0,84.0,57.0,4788.0,1.4736842105263157,57.0,0,0,0,0
0001441828-Raw03-f_00008.jpg,numeric,0001441828,mamianmakeng,332.0,1532.0,395.0,1591.0,63.0,59.0,3717.0,1.0677966101694916,59.0,0,0,0,0
0001441828-Raw03-f_00008.jpg,numeric,0001441828,mamianmakeng,564.0,1290.0,591.0,1326.0,27.0,36.0,972.0,1.3333333333333333,27.0,0,0,0,0
0001441828-Raw03-f_00008.jpg,numeric,0001441828,mamianmakeng,354.0,1700.0,393.0,1737.0,39.0,37.0,1443.0,1.054054054054054,37.0,0,0,0,0
0001441828-Raw03-f_00008.jpg,numeric,0001441828,mamianmakeng,557.0,2079.0,596.0,2125.0,39.0,46.0,1794.0,1.1794871794871795,39.0,0,0,0,0
0001441828-Raw03-f_00008.jpg,numeric,0001441828,mamianmakeng,234.0,8.0,315.0,107.0,81.0,99.0,8019.0,1.2222222222222223,81.0,0,0,0,1
0001441828-Raw03-f_00008.jpg,numeric,0001441828,mamianmakeng,329.0,1380.0,381.0,1427.0,52.0,47.0,2444.0,1.1063829787234043,47.0,0,0,0,0
0001441828-Raw03-f_00008.jpg,numeric,0001441828,mamianmakeng,313.0,491.0,385.0,555.0,72.0,64.0,4608.0,1.125,64.0,0,0,0,0
0001441828-Raw03-f_00008.jpg,numeric,0001441828,mamianmakeng,37.0,243.0,88.0,294.0,51.0,51.0,2601.0,1.0,51.0,0,0,0,0
0001441828-Raw03-f_00008.jpg,numeric,0001441828,mamianmakeng,220.0,326.0,263.0,364.0,43.0,38.0,1634.0,1.131578947368421,38.0,0,0,0,0
0001441828-Raw03-f_00008.jpg,numeric,0001441828,mamianmakeng,0.0,0.0,52.0,19.0,52.0,19.0,988.0,2.736842105263158,19.0,0,0,0,1
0001441828-Raw03-f_00008.jpg,numeric,0001441828,mamianmakeng,96.0,1034.0,149.0,1081.0,53.0,47.0,2491.0,1.127659574468085,47.0,0,0,0,0
0001441828-Raw03-f_00008.jpg,numeric,0001441828,mamianmakeng,46.0,563.0,122.0,611.0,76.0,48.0,3648.0,1.5833333333333333,48.0,0,0,0,0
0001441828-Raw03-f_00008.jpg,numeric,0001441828,mamianmakeng,328.0,1143.0,369.0,1175.0,41.0,32.0,1312.0,1.28125,32.0,0,0,0,0
0001441828-Raw03-f_00008.jpg,numeric,0001441828,mamianmakeng,64.0,486.0,110.0,525.0,46.0,39.0,1794.0,1.1794871794871795,39.0,0,0,0,0
0001441829-Raw00-f_00002.jpg,numeric,0001441829,mamianmakeng,3425.0,2661.0,3496.0,2761.0,71.0,100.0,7100.0,1.408450704225352,71.0,0,0,0,0
0001441829-Raw00-f_00002.jpg,numeric,0001441829,mamianmakeng,3993.0,1806.0,4059.0,1881.0,66.0,75.0,4950.0,1.1363636363636365,66.0,0,0,0,0
0001441829-Raw00-f_00002.jpg,numeric,0001441829,mamianmakeng,3003.0,2774.0,3036.0,2813.0,33.0,39.0,1287.0,1.1818181818181819,33.0,0,0,0,0
0001441829-Raw00-f_00002.jpg,numeric,0001441829,mamianmakeng,3491.0,1484.0,3539.0,1536.0,48.0,52.0,2496.0,1.0833333333333333,48.0,0,0,0,0
0001441829-Raw00-f_00002.jpg,numeric,0001441829,mamianmakeng,2989.0,174.0,3051.0,223.0,62.0,49.0,3038.0,1.2653061224489797,49.0,0,0,0,0
0001441829-Raw00-f_00002.jpg,numeric,0001441829,mamianmakeng,3988.0,2215.0,4060.0,2281.0,72.0,66.0,4752.0,1.0909090909090908,66.0,0,0,0,0
0001441829-Raw00-f_00002.jpg,numeric,0001441829,mamianmakeng,3490.0,202.0,3546.0,256.0,56.0,54.0,3024.0,1.037037037037037,54.0,0,0,0,0
0001441829-Raw00-f_00002.jpg,numeric,0001441829,mamianmakeng,1356.0,1456.0,1418.0,1514.0,62.0,58.0,3596.0,1.0689655172413792,58.0,0,0,0,0
0001441829-Raw00-f_00002.jpg,numeric,0001441829,mamianmakeng,3289.0,63.0,3347.0,115.0,58.0,52.0,3016.0,1.1153846153846154,52.0,0,0,0,0
0001441829-Raw00-f_00002.jpg,numeric,0001441829,mamianmakeng,3456.0,913.0,3513.0,959.0,57.0,46.0,2622.0,1.2391304347826086,46.0,0,0,0,0
0001441829-Raw00-f_00002.jpg,numeric,0001441829,mamianmakeng,3490.0,2112.0,3553.0,2162.0,63.0,50.0,3150.0,1.26,50.0,0,0,0,0
0001441829-Raw00-f_00002.jpg,numeric,0001441829,mamianmakeng,3490.0,1473.0,3540.0,1516.0,50.0,43.0,2150.0,1.1627906976744187,43.0,0,0,0,0
0001441829-Raw00-f_00003.jpg,numeric,0001441829,mamianmakeng,3487.0,1160.0,3596.0,1275.0,109.0,115.0,12535.0,1.055045871559633,109.0,0,0,0,0
0001441829-Raw00-f_00003.jpg,numeric,0001441829,mamianmakeng,3511.0,808.0,3587.0,881.0,76.0,73.0,5548.0,1.0410958904109588,73.0,0,0,0,0
0001441829-Raw00-f_00003.jpg,numeric,0001441829,mamianmakeng,3171.0,473.0,3255.0,558.0,84.0,85.0,7140.0,1.0119047619047619,84.0,0,0,0,0
0001441829-Raw00-f_00003.jpg,numeric,0001441829,mamianmakeng,3150.0,234.0,3248.0,338.0,98.0,104.0,10192.0,1.0612244897959184,98.0,0,0,0,0
0001441829-Raw00-f_00003.jpg,numeric,0001441829,mamianmakeng,3500.0,1665.0,3602.0,1786.0,102.0,121.0,12342.0,1.1862745098039216,102.0,0,0,0,0
0001441829-Raw00-f_00003.jpg,numeric,0001441829,mamianmakeng,3707.0,2355.0,3838.0,2461.0,131.0,106.0,13886.0,1.2358490566037736,106.0,0,0,0,0
0001441829-Raw00-f_00003.jpg,numeric,0001441829,mamianmakeng,3414.0,2484.0,3490.0,2586.0,76.0,102.0,7752.0,1.3421052631578947,76.0,0,0,0,0
0001441829-Raw00-f_00003.jpg,numeric,0001441829,mamianmakeng,3522.0,2154.0,3580.0,2221.0,58.0,67.0,3886.0,1.1551724137931034,58.0,0,0,0,0
0001441829-Raw00-f_00003.jpg,numeric,0001441829,mamianmakeng,3343.0,2548.0,3400.0,2604.0,57.0,56.0,3192.0,1.0178571428571428,56.0,0,0,0,0
0001441829-Raw00-f_00003.jpg,numeric,0001441829,mamianmakeng,3607.0,2870.0,3681.0,2941.0,74.0,71.0,5254.0,1.0422535211267605,71.0,0,0,0,0
0001441829-Raw00-f_00003.jpg,numeric,0001441829,mamianmakeng,3967.0,2121.0,4018.0,2172.0,51.0,51.0,2601.0,1.0,51.0,0,0,0,0
0001441829-Raw00-f_00003.jpg,numeric,0001441829,mamianmakeng,3803.0,1135.0,3906.0,1253.0,103.0,118.0,12154.0,1.145631067961165,103.0,0,0,0,0
0001441829-Raw00-f_00003.jpg,numeric,0001441829,mamianmakeng,3091.0,464.0,3155.0,515.0,64.0,51.0,3264.0,1.2549019607843137,51.0,0,0,0,0
0001441829-Raw00-f_00003.jpg,numeric,0001441829,mamianmakeng,2349.0,300.0,2367.0,319.0,18.0,19.0,342.0,1.0555555555555556,18.0,0,0,0,0
0001441829-Raw00-f_00003.jpg,numeric,0001441829,mamianmakeng,3112.0,984.0,3145.0,1012.0,33.0,28.0,924.0,1.1785714285714286,28.0,0,0,0,0
0001441829-Raw00-f_00003.jpg,numeric,0001441829,mamianmakeng,2946.0,2067.0,3007.0,2107.0,61.0,40.0,2440.0,1.525,40.0,0,0,0,0
0001441829-Raw00-f_00003.jpg,numeric,0001441829,mamianmakeng,3994.0,453.0,4062.0,545.0,68.0,92.0,6256.0,1.3529411764705883,68.0,0,0,0,0
0001441829-Raw00-f_00006.jpg,numeric,0001441829,mamianmakeng,3783.0,418.0,3887.0,515.0,104.0,97.0,10088.0,1.0721649484536082,97.0,0,0,0,0
0001441829-Raw00-f_00006.jpg,numeric,0001441829,mamianmakeng,2710.0,317.0,2775.0,394.0,65.0,77.0,5005.0,1.1846153846153846,65.0,0,0,0,0
0001441829-Raw00-f_00006.jpg,numeric,0001441829,mamianmakeng,2774.0,44.0,2885.0,118.0,111.0,74.0,8214.0,1.5,74.0,0,0,0,0
0001441829-Raw00-f_00006.jpg,numeric,0001441829,mamianmakeng,2838.0,2583.0,2912.0,2658.0,74.0,75.0,5550.0,1.0135135135135136,74.0,0,0,0,0
0001441829-Raw00-f_00006.jpg,numeric,0001441829,mamianmakeng,1402.0,1800.0,1485.0,1859.0,83.0,59.0,4897.0,1.4067796610169492,59.0,0,0,0,0
0001441829-Raw00-f_00006.jpg,numeric,0001441829,mamianmakeng,2897.0,629.0,2951.0,686.0,54.0,57.0,3078.0,1.0555555555555556,54.0,0,0,0,0
0001441829-Raw00-f_00006.jpg,numeric,0001441829,mamianmakeng,2700.0,322.0,2739.0,396.0,39.0,74.0,2886.0,1.8974358974358974,39.0,0,0,0,0
0001441829-Raw00-f_00006.jpg,numeric,0001441829,mamianmakeng,1409.0,607.0,1490.0,669.0,81.0,62.0,5022.0,1.3064516129032258,62.0,0,0,0,0
0001441829-Raw00-f_00006.jpg,numeric,0001441829,mamianmakeng,1357.0,1216.0,1444.0,1305.0,87.0,89.0,7743.0,1.0229885057471264,87.0,0,0,0,0
0001441829-Raw00-f_00006.jpg,numeric,0001441829,mamianmakeng,1370.0,1720.0,1445.0,1765.0,75.0,45.0,3375.0,1.6666666666666667,45.0,0,0,0,0
0001441829-Raw00-f_00006.jpg,numeric,0001441829,mamianmakeng,2839.0,1104.0,2902.0,1155.0,63.0,51.0,3213.0,1.2352941176470589,51.0,0,0,0,0
0001441829-Raw00-f_00006.jpg,numeric,0001441829,mamianmakeng,1279.0,291.0,1320.0,335.0,41.0,44.0,1804.0,1.0731707317073171,41.0,0,0,0,0
0001441829-Raw00-f_00006.jpg,numeric,0001441829,mamianmakeng,1363.0,1050.0,1417.0,1133.0,54.0,83.0,4482.0,1.537037037037037,54.0,0,0,0,0
0001441829-Raw00-f_00006.jpg,numeric,0001441829,mamianmakeng,2838.0,1239.0,2896.0,1294.0,58.0,55.0,3190.0,1.0545454545454545,55.0,0,0,0,0
0001441829-Raw00-f_00010.jpg,numeric,0001441829,mamianmakeng,3572.0,407.0,3646.0,514.0,74.0,107.0,7918.0,1.445945945945946,74.0,0,0,0,0
0001441829-Raw00-f_00010.jpg,numeric,0001441829,mamianmakeng,3611.0,852.0,3665.0,901.0,54.0,49.0,2646.0,1.1020408163265305,49.0,0,0,0,0
0001441829-Raw00-f_00010.jpg,numeric,0001441829,mamianmakeng,3515.0,108.0,3572.0,160.0,57.0,52.0,2964.0,1.0961538461538463,52.0,0,0,0,0
0001441829-Raw00-f_00010.jpg,numeric,0001441829,mamianmakeng,2597.0,1485.0,2665.0,1562.0,68.0,77.0,5236.0,1.1323529411764706,68.0,0,0,0,0
0001441829-Raw00-f_00010.jpg,numeric,0001441829,mamianmakeng,2339.0,211.0,2399.0,264.0,60.0,53.0,3180.0,1.1320754716981132,53.0,0,0,0,0
0001441829-Raw00-f_00010.jpg,numeric,0001441829,mamianmakeng,2605.0,1745.0,2661.0,1800.0,56.0,55.0,3080.0,1.018181818181818,55.0,0,0,0,0
0001441829-Raw00-f_00010.jpg,numeric,0001441829,mamianmakeng,2304.0,2553.0,2361.0,2605.0,57.0,52.0,2964.0,1.0961538461538463,52.0,0,0,0,0
0001441829-Raw00-f_00010.jpg,numeric,0001441829,mamianmakeng,2250.0,2332.0,2312.0,2373.0,62.0,41.0,2542.0,1.5121951219512195,41.0,0,0,0,0
0001441829-Raw00-f_00010.jpg,numeric,0001441829,mamianmakeng,2243.0,2862.0,2290.0,2900.0,47.0,38.0,1786.0,1.236842105263158,38.0,0,0,0,0
0001441829-Raw00-f_00010.jpg,numeric,0001441829,mamianmakeng,1443.0,702.0,1503.0,735.0,60.0,33.0,1980.0,1.8181818181818181,33.0,0,0,0,0
0001441829-Raw00-f_00010.jpg,numeric,0001441829,mamianmakeng,2231.0,2624.0,2311.0,2680.0,80.0,56.0,4480.0,1.4285714285714286,56.0,0,0,0,0
0001441829-Raw00-f_00010.jpg,numeric,0001441829,mamianmakeng,1454.0,631.0,1492.0,680.0,38.0,49.0,1862.0,1.2894736842105263,38.0,0,0,0,0
0001441829-Raw01-f_00001.jpg,numeric,0001441829,mamianmakeng,3466.0,2309.0,3571.0,2390.0,105.0,81.0,8505.0,1.2962962962962963,81.0,0,0,0,0
0001441829-Raw01-f_00001.jpg,numeric,0001441829,mamianmakeng,2859.0,2680.0,2990.0,2827.0,131.0,147.0,19257.0,1.1221374045801527,131.0,0,0,0,0
0001441829-Raw01-f_00001.jpg,numeric,0001441829,mamianmakeng,1641.0,1717.0,1726.0,1808.0,85.0,91.0,7735.0,1.0705882352941176,85.0,0,0,0,0
0001441829-Raw01-f_00001.jpg,numeric,0001441829,mamianmakeng,2902.0,1891.0,2981.0,1972.0,79.0,81.0,6399.0,1.0253164556962024,79.0,0,0,0,0
0001441829-Raw01-f_00001.jpg,numeric,0001441829,mamianmakeng,1762.0,1484.0,1853.0,1532.0,91.0,48.0,4368.0,1.8958333333333333,48.0,0,0,0,0
0001441829-Raw01-f_00001.jpg,numeric,0001441829,mamianmakeng,1487.0,2493.0,1569.0,2576.0,82.0,83.0,6806.0,1.0121951219512195,82.0,0,0,0,0
0001441829-Raw01-f_00001.jpg,numeric,0001441829,mamianmakeng,1022.0,577.0,1098.0,653.0,76.0,76.0,5776.0,1.0,76.0,0,0,0,0
0001441829-Raw01-f_00001.jpg,numeric,0001441829,mamianmakeng,3527.0,2116.0,3624.0,2207.0,97.0,91.0,8827.0,1.065934065934066,91.0,0,0,0,0
0001441829-Raw01-f_00001.jpg,numeric,0001441829,mamianmakeng,3523.0,911.0,3618.0,990.0,95.0,79.0,7505.0,1.2025316455696202,79.0,0,0,0,0
0001441829-Raw01-f_00001.jpg,numeric,0001441829,mamianmakeng,979.0,280.0,1053.0,353.0,74.0,73.0,5402.0,1.0136986301369864,73.0,0,0,0,0
0001441829-Raw01-f_00001.jpg,numeric,0001441829,mamianmakeng,1773.0,1559.0,1839.0,1629.0,66.0,70.0,4620.0,1.0606060606060606,66.0,0,0,0,0
0001441829-Raw01-f_00001.jpg,numeric,0001441829,mamianmakeng,1801.0,796.0,1898.0,900.0,97.0,104.0,10088.0,1.0721649484536082,97.0,0,0,0,0
0001441829-Raw01-f_00001.jpg,numeric,0001441829,mamianmakeng,1725.0,1132.0,1785.0,1184.0,60.0,52.0,3120.0,1.1538461538461537,52.0,0,0,0,0
0001441829-Raw01-f_00001.jpg,numeric,0001441829,mamianmakeng,1834.0,219.0,1939.0,363.0,105.0,144.0,15120.0,1.3714285714285714,105.0,0,0,0,0
0001441829-Raw01-f_00001.jpg,numeric,0001441829,mamianmakeng,962.0,503.0,1024.0,566.0,62.0,63.0,3906.0,1.0161290322580645,62.0,0,0,0,0
0001441829-Raw01-f_00001.jpg,numeric,0001441829,mamianmakeng,1013.0,360.0,1102.0,444.0,89.0,84.0,7476.0,1.0595238095238095,84.0,0,0,0,0
0001441829-Raw01-f_00001.jpg,numeric,0001441829,mamianmakeng,3415.0,2247.0,3505.0,2298.0,90.0,51.0,4590.0,1.7647058823529411,51.0,0,0,0,0
0001441829-Raw01-f_00001.jpg,numeric,0001441829,mamianmakeng,2942.0,2553.0,3010.0,2606.0,68.0,53.0,3604.0,1.2830188679245282,53.0,0,0,0,0
0001441829-Raw01-f_00001.jpg,numeric,0001441829,mamianmakeng,1085.0,1452.0,1148.0,1500.0,63.0,48.0,3024.0,1.3125,48.0,0,0,0,0
0001441829-Raw01-f_00001.jpg,numeric,0001441829,mamianmakeng,1729.0,63.0,1890.0,238.0,161.0,175.0,28175.0,1.0869565217391304,161.0,0,0,0,0
0001441829-Raw01-f_00001.jpg,numeric,0001441829,mamianmakeng,2863.0,2428.0,2920.0,2497.0,57.0,69.0,3933.0,1.2105263157894737,57.0,0,0,0,0
0001441829-Raw01-f_00001.jpg,numeric,0001441829,mamianmakeng,3611.0,1941.0,3666.0,1995.0,55.0,54.0,2970.0,1.0185185185185186,54.0,0,0,0,0
0001441829-Raw01-f_00001.jpg,numeric,0001441829,mamianmakeng,3583.0,2054.0,3640.0,2103.0,57.0,49.0,2793.0,1.163265306122449,49.0,0,0,0,0
0001441829-Raw01-f_00001.jpg,numeric,0001441829,mamianmakeng,1732.0,1302.0,1791.0,1377.0,59.0,75.0,4425.0,1.271186440677966,59.0,0,0,0,0
0001441829-Raw01-f_00001.jpg,numeric,0001441829,mamianmakeng,3672.0,2369.0,3746.0,2448.0,74.0,79.0,5846.0,1.0675675675675675,74.0,0,0,0,0
0001441829-Raw01-f_00001.jpg,numeric,0001441829,mamianmakeng,3555.0,1748.0,3618.0,1805.0,63.0,57.0,3591.0,1.105263157894737,57.0,0,0,0,0
0001441829-Raw01-f_00001.jpg,numeric,0001441829,mamianmakeng,1975.0,2226.0,2021.0,2287.0,46.0,61.0,2806.0,1.326086956521739,46.0,0,0,0,0
0001441829-Raw01-f_00001.jpg,numeric,0001441829,mamianmakeng,1817.0,575.0,1888.0,636.0,71.0,61.0,4331.0,1.1639344262295082,61.0,0,0,0,0
0001441829-Raw01-f_00001.jpg,numeric,0001441829,mamianmakeng,3767.0,1317.0,3894.0,1474.0,127.0,157.0,19939.0,1.236220472440945,127.0,0,0,0,0
0001441829-Raw01-f_00001.jpg,numeric,0001441829,mamianmakeng,1761.0,1467.0,1852.0,1516.0,91.0,49.0,4459.0,1.8571428571428572,49.0,0,0,0,0
0001441829-Raw01-f_00001.jpg,numeric,0001441829,mamianmakeng,810.0,1119.0,861.0,1162.0,51.0,43.0,2193.0,1.186046511627907,43.0,0,0,0,0
0001441829-Raw01-f_00001.jpg,numeric,0001441829,mamianmakeng,3521.0,774.0,3573.0,871.0,52.0,97.0,5044.0,1.8653846153846154,52.0,0,0,0,0
0001441829-Raw01-f_00002.jpg,numeric,0001441829,mamianmakeng,2800.0,574.0,2898.0,653.0,98.0,79.0,7742.0,1.240506329113924,79.0,0,0,0,0
0001441829-Raw01-f_00002.jpg,numeric,0001441829,mamianmakeng,2563.0,2448.0,2644.0,2529.0,81.0,81.0,6561.0,1.0,81.0,0,0,0,0
0001441829-Raw01-f_00002.jpg,numeric,0001441829,mamianmakeng,2185.0,1956.0,2253.0,2003.0,68.0,47.0,3196.0,1.446808510638298,47.0,0,0,0,0
0001441829-Raw01-f_00002.jpg,numeric,0001441829,mamianmakeng,2833.0,142.0,2947.0,223.0,114.0,81.0,9234.0,1.4074074074074074,81.0,0,0,0,0
0001441829-Raw01-f_00002.jpg,numeric,0001441829,mamianmakeng,2989.0,1900.0,3090.0,2025.0,101.0,125.0,12625.0,1.2376237623762376,101.0,0,0,0,0
0001441829-Raw01-f_00002.jpg,numeric,0001441829,mamianmakeng,2869.0,994.0,2954.0,1103.0,85.0,109.0,9265.0,1.2823529411764707,85.0,0,0,0,0
0001441829-Raw01-f_00002.jpg,numeric,0001441829,mamianmakeng,2197.0,2126.0,2271.0,2185.0,74.0,59.0,4366.0,1.2542372881355932,59.0,0,0,0,0
0001441829-Raw01-f_00002.jpg,numeric,0001441829,mamianmakeng,2992.0,2306.0,3061.0,2392.0,69.0,86.0,5934.0,1.2463768115942029,69.0,0,0,0,0
0001441829-Raw01-f_00002.jpg,numeric,0001441829,mamianmakeng,789.0,573.0,865.0,651.0,76.0,78.0,5928.0,1.0263157894736843,76.0,0,0,0,0
0001441829-Raw01-f_00002.jpg,numeric,0001441829,mamianmakeng,2791.0,917.0,2885.0,1006.0,94.0,89.0,8366.0,1.0561797752808988,89.0,0,0,0,0
0001441829-Raw01-f_00002.jpg,numeric,0001441829,mamianmakeng,2982.0,23.0,3056.0,106.0,74.0,83.0,6142.0,1.1216216216216217,74.0,0,0,0,0
0001441829-Raw01-f_00002.jpg,numeric,0001441829,mamianmakeng,34.0,2669.0,103.0,2769.0,69.0,100.0,6900.0,1.4492753623188406,69.0,0,0,0,0
0001441829-Raw01-f_00002.jpg,numeric,0001441829,mamianmakeng,2275.0,2685.0,2325.0,2742.0,50.0,57.0,2850.0,1.14,50.0,0,0,0,0
0001441829-Raw01-f_00002.jpg,numeric,0001441829,mamianmakeng,2579.0,2274.0,2661.0,2377.0,82.0,103.0,8446.0,1.2560975609756098,82.0,0,0,0,0
0001441829-Raw01-f_00002.jpg,numeric,0001441829,mamianmakeng,599.0,1816.0,662.0,1889.0,63.0,73.0,4599.0,1.1587301587301588,63.0,0,0,0,0
0001441829-Raw01-f_00002.jpg,numeric,0001441829,mamianmakeng,2155.0,1778.0,2265.0,1866.0,110.0,88.0,9680.0,1.25,88.0,0,0,0,0
0001441829-Raw01-f_00002.jpg,numeric,0001441829,mamianmakeng,2516.0,2851.0,2594.0,2937.0,78.0,86.0,6708.0,1.1025641025641026,78.0,0,0,0,0
0001441829-Raw01-f_00002.jpg,numeric,0001441829,mamianmakeng,593.0,2225.0,664.0,2289.0,71.0,64.0,4544.0,1.109375,64.0,0,0,0,0
0001441829-Raw01-f_00002.jpg,numeric,0001441829,mamianmakeng,3115.0,1631.0,3180.0,1696.0,65.0,65.0,4225.0,1.0,65.0,0,0,0,0
0001441829-Raw01-f_00002.jpg,numeric,0001441829,mamianmakeng,3104.0,1897.0,3166.0,1955.0,62.0,58.0,3596.0,1.0689655172413792,58.0,0,0,0,0
0001441829-Raw01-f_00002.jpg,numeric,0001441829,mamianmakeng,2609.0,1680.0,2665.0,1730.0,56.0,50.0,2800.0,1.12,50.0,0,0,0,0
0001441829-Raw01-f_00002.jpg,numeric,0001441829,mamianmakeng,796.0,1512.0,859.0,1581.0,63.0,69.0,4347.0,1.0952380952380953,63.0,0,0,0,0
0001441829-Raw01-f_00002.jpg,numeric,0001441829,mamianmakeng,2312.0,754.0,2360.0,789.0,48.0,35.0,1680.0,1.3714285714285714,35.0,0,0,0,0
0001441829-Raw01-f_00002.jpg,numeric,0001441829,mamianmakeng,3022.0,2097.0,3095.0,2175.0,73.0,78.0,5694.0,1.0684931506849316,73.0,0,0,0,0
0001441829-Raw01-f_00002.jpg,numeric,0001441829,mamianmakeng,2868.0,1686.0,2922.0,1730.0,54.0,44.0,2376.0,1.2272727272727273,44.0,0,0,0,0
0001441829-Raw01-f_00002.jpg,numeric,0001441829,mamianmakeng,900.0,454.0,949.0,515.0,49.0,61.0,2989.0,1.2448979591836735,49.0,0,0,0,0
0001441829-Raw01-f_00002.jpg,numeric,0001441829,mamianmakeng,101.0,1485.0,145.0,1545.0,44.0,60.0,2640.0,1.3636363636363635,44.0,0,0,0,0
0001441829-Raw01-f_00002.jpg,numeric,0001441829,mamianmakeng,923.0,1769.0,986.0,1822.0,63.0,53.0,3339.0,1.1886792452830188,53.0,0,0,0,0
0001441829-Raw01-f_00002.jpg,numeric,0001441829,mamianmakeng,2177.0,1737.0,2239.0,1786.0,62.0,49.0,3038.0,1.2653061224489797,49.0,0,0,0,0
0001441829-Raw01-f_00002.jpg,numeric,0001441829,mamianmakeng,3081.0,2795.0,3153.0,2854.0,72.0,59.0,4248.0,1.2203389830508475,59.0,0,0,0,0
0001441829-Raw01-f_00002.jpg,numeric,0001441829,mamianmakeng,1400.0,889.0,1460.0,940.0,60.0,51.0,3060.0,1.1764705882352942,51.0,0,0,0,0
0001441829-Raw01-f_00002.jpg,numeric,0001441829,mamianmakeng,2203.0,1424.0,2253.0,1468.0,50.0,44.0,2200.0,1.1363636363636365,44.0,0,0,0,0
0001441829-Raw01-f_00002.jpg,numeric,0001441829,mamianmakeng,3020.0,150.0,3068.0,196.0,48.0,46.0,2208.0,1.0434782608695652,46.0,0,0,0,0
0001441829-Raw01-f_00002.jpg,numeric,0001441829,mamianmakeng,2635.0,1619.0,2679.0,1665.0,44.0,46.0,2024.0,1.0454545454545454,44.0,0,0,0,0
0001441829-Raw01-f_00002.jpg,numeric,0001441829,mamianmakeng,943.0,418.0,984.0,455.0,41.0,37.0,1517.0,1.1081081081081081,37.0,0,0,0,0
0001441829-Raw01-f_00002.jpg,numeric,0001441829,mamianmakeng,667.0,888.0,730.0,940.0,63.0,52.0,3276.0,1.2115384615384615,52.0,0,0,0,0
0001441829-Raw01-f_00002.jpg,numeric,0001441829,mamianmakeng,93.0,212.0,149.0,265.0,56.0,53.0,2968.0,1.0566037735849056,53.0,0,0,0,0
0001441829-Raw01-f_00002.jpg,numeric,0001441829,mamianmakeng,3061.0,1676.0,3122.0,1733.0,61.0,57.0,3477.0,1.0701754385964912,57.0,0,0,0,0
0001441829-Raw01-f_00002.jpg,numeric,0001441829,mamianmakeng,4061.0,1114.0,4094.0,1185.0,33.0,71.0,2343.0,2.1515151515151514,33.0,0,0,0,1
0001441829-Raw01-f_00002.jpg,numeric,0001441829,mamianmakeng,1332.0,1909.0,1373.0,1957.0,41.0,48.0,1968.0,1.170731707317073,41.0,0,0,0,0
0001441829-Raw01-f_00002.jpg,numeric,0001441829,mamianmakeng,1731.0,1305.0,1793.0,1388.0,62.0,83.0,5146.0,1.3387096774193548,62.0,0,0,0,0
0001441829-Raw01-f_00002.jpg,numeric,0001441829,mamianmakeng,2650.0,2133.0,2698.0,2180.0,48.0,47.0,2256.0,1.0212765957446808,47.0,0,0,0,0
0001441829-Raw01-f_00005.jpg,numeric,0001441829,mamianmakeng,1408.0,2372.0,1513.0,2463.0,105.0,91.0,9555.0,1.1538461538461537,91.0,0,0,0,0
0001441829-Raw01-f_00005.jpg,numeric,0001441829,mamianmakeng,2451.0,2485.0,2558.0,2567.0,107.0,82.0,8774.0,1.3048780487804879,82.0,0,0,0,0
0001441829-Raw01-f_00005.jpg,numeric,0001441829,mamianmakeng,2552.0,1952.0,2657.0,2066.0,105.0,114.0,11970.0,1.0857142857142856,105.0,0,0,0,0
0001441829-Raw01-f_00005.jpg,numeric,0001441829,mamianmakeng,2759.0,293.0,2836.0,387.0,77.0,94.0,7238.0,1.2207792207792207,77.0,0,0,0,0
0001441829-Raw01-f_00005.jpg,numeric,0001441829,mamianmakeng,1361.0,1724.0,1474.0,1814.0,113.0,90.0,10170.0,1.2555555555555555,90.0,0,0,0,0
0001441829-Raw01-f_00005.jpg,numeric,0001441829,mamianmakeng,3501.0,684.0,3609.0,824.0,108.0,140.0,15120.0,1.2962962962962963,108.0,0,0,0,0
0001441829-Raw01-f_00005.jpg,numeric,0001441829,mamianmakeng,3594.0,42.0,3680.0,128.0,86.0,86.0,7396.0,1.0,86.0,0,0,0,0
0001441829-Raw01-f_00005.jpg,numeric,0001441829,mamianmakeng,2924.0,2039.0,3029.0,2160.0,105.0,121.0,12705.0,1.1523809523809523,105.0,0,0,0,0
0001441829-Raw01-f_00005.jpg,numeric,0001441829,mamianmakeng,2979.0,1240.0,3074.0,1348.0,95.0,108.0,10260.0,1.1368421052631579,95.0,0,0,0,0
0001441829-Raw01-f_00005.jpg,numeric,0001441829,mamianmakeng,2778.0,2898.0,2838.0,2955.0,60.0,57.0,3420.0,1.0526315789473684,57.0,0,0,0,0
0001441829-Raw01-f_00005.jpg,numeric,0001441829,mamianmakeng,3415.0,2296.0,3524.0,2382.0,109.0,86.0,9374.0,1.2674418604651163,86.0,0,0,0,0
0001441829-Raw01-f_00005.jpg,numeric,0001441829,mamianmakeng,2891.0,2320.0,2969.0,2394.0,78.0,74.0,5772.0,1.054054054054054,74.0,0,0,0,0
0001441829-Raw01-f_00005.jpg,numeric,0001441829,mamianmakeng,3704.0,1977.0,3779.0,2039.0,75.0,62.0,4650.0,1.2096774193548387,62.0,0,0,0,0
0001441829-Raw01-f_00005.jpg,numeric,0001441829,mamianmakeng,1242.0,2382.0,1313.0,2448.0,71.0,66.0,4686.0,1.0757575757575757,66.0,0,0,0,0
0001441829-Raw01-f_00005.jpg,numeric,0001441829,mamianmakeng,3656.0,762.0,3727.0,846.0,71.0,84.0,5964.0,1.1830985915492958,71.0,0,0,0,0
0001441829-Raw01-f_00005.jpg,numeric,0001441829,mamianmakeng,1417.0,274.0,1477.0,344.0,60.0,70.0,4200.0,1.1666666666666667,60.0,0,0,0,0
0001441829-Raw01-f_00005.jpg,numeric,0001441829,mamianmakeng,3029.0,1630.0,3081.0,1710.0,52.0,80.0,4160.0,1.5384615384615385,52.0,0,0,0,0
0001441829-Raw01-f_00005.jpg,numeric,0001441829,mamianmakeng,3741.0,454.0,3805.0,510.0,64.0,56.0,3584.0,1.1428571428571428,56.0,0,0,0,0
0001441829-Raw01-f_00005.jpg,numeric,0001441829,mamianmakeng,3423.0,1492.0,3494.0,1541.0,71.0,49.0,3479.0,1.4489795918367347,49.0,0,0,0,0
0001441829-Raw01-f_00005.jpg,numeric,0001441829,mamianmakeng,2896.0,273.0,2960.0,318.0,64.0,45.0,2880.0,1.4222222222222223,45.0,0,0,0,0
0001441829-Raw01-f_00005.jpg,numeric,0001441829,mamianmakeng,3098.0,2532.0,3139.0,2573.0,41.0,41.0,1681.0,1.0,41.0,0,0,0,0
0001441829-Raw01-f_00005.jpg,numeric,0001441829,mamianmakeng,2711.0,855.0,2775.0,908.0,64.0,53.0,3392.0,1.2075471698113207,53.0,0,0,0,0
0001441829-Raw01-f_00005.jpg,numeric,0001441829,mamianmakeng,2959.0,1981.0,3019.0,2036.0,60.0,55.0,3300.0,1.0909090909090908,55.0,0,0,0,0
0001441829-Raw01-f_00005.jpg,numeric,0001441829,mamianmakeng,3311.0,171.0,3372.0,245.0,61.0,74.0,4514.0,1.2131147540983607,61.0,0,0,0,0
0001441829-Raw01-f_00005.jpg,numeric,0001441829,mamianmakeng,1300.0,1115.0,1359.0,1158.0,59.0,43.0,2537.0,1.372093023255814,43.0,0,0,0,0
0001441829-Raw01-f_00005.jpg,numeric,0001441829,mamianmakeng,3730.0,864.0,3775.0,906.0,45.0,42.0,1890.0,1.0714285714285714,42.0,0,0,0,0
0001441829-Raw01-f_00005.jpg,numeric,0001441829,mamianmakeng,3026.0,1517.0,3075.0,1557.0,49.0,40.0,1960.0,1.225,40.0,0,0,0,0
0001441829-Raw01-f_00005.jpg,numeric,0001441829,mamianmakeng,3029.0,2448.0,3092.0,2497.0,63.0,49.0,3087.0,1.2857142857142858,49.0,0,0,0,0
0001441829-Raw01-f_00005.jpg,numeric,0001441829,mamianmakeng,1397.0,1587.0,1447.0,1623.0,50.0,36.0,1800.0,1.3888888888888888,36.0,0,0,0,0
0001441829-Raw01-f_00005.jpg,numeric,0001441829,mamianmakeng,1144.0,726.0,1215.0,790.0,71.0,64.0,4544.0,1.109375,64.0,0,0,0,0
0001441829-Raw01-f_00005.jpg,numeric,0001441829,mamianmakeng,3307.0,112.0,3361.0,163.0,54.0,51.0,2754.0,1.0588235294117647,51.0,0,0,0,0
0001441829-Raw01-f_00006.jpg,numeric,0001441829,mamianmakeng,1656.0,2172.0,1755.0,2255.0,99.0,83.0,8217.0,1.1927710843373494,83.0,0,0,0,0
0001441829-Raw01-f_00006.jpg,numeric,0001441829,mamianmakeng,2032.0,1464.0,2131.0,1560.0,99.0,96.0,9504.0,1.03125,96.0,0,0,0,0
0001441829-Raw01-f_00006.jpg,numeric,0001441829,mamianmakeng,1718.0,1814.0,1792.0,1896.0,74.0,82.0,6068.0,1.1081081081081081,74.0,0,0,0,0
0001441829-Raw01-f_00006.jpg,numeric,0001441829,mamianmakeng,1899.0,778.0,2020.0,869.0,121.0,91.0,11011.0,1.3296703296703296,91.0,0,0,0,0
0001441829-Raw01-f_00006.jpg,numeric,0001441829,mamianmakeng,2501.0,1152.0,2600.0,1238.0,99.0,86.0,8514.0,1.1511627906976745,86.0,0,0,0,0
0001441829-Raw01-f_00006.jpg,numeric,0001441829,mamianmakeng,2502.0,1152.0,2560.0,1225.0,58.0,73.0,4234.0,1.2586206896551724,58.0,0,0,0,0
0001441829-Raw01-f_00006.jpg,numeric,0001441829,mamianmakeng,386.0,427.0,488.0,528.0,102.0,101.0,10302.0,1.00990099009901,101.0,0,0,0,0
0001441829-Raw01-f_00006.jpg,numeric,0001441829,mamianmakeng,2400.0,2168.0,2499.0,2272.0,99.0,104.0,10296.0,1.0505050505050506,99.0,0,0,0,0
0001441829-Raw01-f_00006.jpg,numeric,0001441829,mamianmakeng,1962.0,936.0,2032.0,971.0,70.0,35.0,2450.0,2.0,35.0,0,0,0,0
0001441829-Raw01-f_00006.jpg,numeric,0001441829,mamianmakeng,1342.0,177.0,1454.0,267.0,112.0,90.0,10080.0,1.2444444444444445,90.0,0,0,0,0
0001441829-Raw01-f_00006.jpg,numeric,0001441829,mamianmakeng,2397.0,2166.0,2500.0,2272.0,103.0,106.0,10918.0,1.029126213592233,103.0,0,0,0,0
0001441829-Raw01-f_00006.jpg,numeric,0001441829,mamianmakeng,2026.0,1672.0,2116.0,1775.0,90.0,103.0,9270.0,1.1444444444444444,90.0,0,0,0,0
0001441829-Raw01-f_00006.jpg,numeric,0001441829,mamianmakeng,1316.0,134.0,1364.0,177.0,48.0,43.0,2064.0,1.1162790697674418,43.0,0,0,0,0
0001441829-Raw01-f_00006.jpg,numeric,0001441829,mamianmakeng,2505.0,2186.0,2544.0,2221.0,39.0,35.0,1365.0,1.1142857142857143,35.0,0,0,0,0
0001441829-Raw01-f_00006.jpg,numeric,0001441829,mamianmakeng,1899.0,780.0,2018.0,868.0,119.0,88.0,10472.0,1.3522727272727273,88.0,0,0,0,0
0001441829-Raw01-f_00006.jpg,numeric,0001441829,mamianmakeng,2072.0,1875.0,2118.0,1913.0,46.0,38.0,1748.0,1.2105263157894737,38.0,0,0,0,0
0001441829-Raw01-f_00006.jpg,numeric,0001441829,mamianmakeng,1720.0,1815.0,1825.0,1892.0,105.0,77.0,8085.0,1.3636363636363635,77.0,0,0,0,0
0001441829-Raw01-f_00006.jpg,numeric,0001441829,mamianmakeng,2481.0,1679.0,2599.0,1769.0,118.0,90.0,10620.0,1.3111111111111111,90.0,0,0,0,0
0001441829-Raw01-f_00006.jpg,numeric,0001441829,mamianmakeng,3083.0,1493.0,3201.0,1624.0,118.0,131.0,15458.0,1.1101694915254237,118.0,0,0,0,0
0001441829-Raw01-f_00006.jpg,numeric,0001441829,mamianmakeng,3748.0,2436.0,3815.0,2506.0,67.0,70.0,4690.0,1.044776119402985,67.0,0,0,0,0
0001441829-Raw01-f_00006.jpg,numeric,0001441829,mamianmakeng,3394.0,2589.0,3489.0,2674.0,95.0,85.0,8075.0,1.1176470588235294,85.0,0,0,0,0
0001441829-Raw01-f_00006.jpg,numeric,0001441829,mamianmakeng,3650.0,1576.0,3730.0,1694.0,80.0,118.0,9440.0,1.475,80.0,0,0,0,0
0001441829-Raw01-f_00006.jpg,numeric,0001441829,mamianmakeng,3630.0,1300.0,3727.0,1418.0,97.0,118.0,11446.0,1.2164948453608246,97.0,0,0,0,0
0001441829-Raw01-f_00006.jpg,numeric,0001441829,mamianmakeng,3637.0,1178.0,3705.0,1260.0,68.0,82.0,5576.0,1.2058823529411764,68.0,0,0,0,0
0001441829-Raw01-f_00006.jpg,numeric,0001441829,mamianmakeng,2743.0,1.0,2880.0,72.0,137.0,71.0,9727.0,1.9295774647887325,71.0,0,0,0,1
0001441829-Raw01-f_00006.jpg,numeric,0001441829,mamianmakeng,2966.0,107.0,3066.0,188.0,100.0,81.0,8100.0,1.2345679012345678,81.0,0,0,0,0
0001441829-Raw01-f_00006.jpg,numeric,0001441829,mamianmakeng,2830.0,2804.0,2943.0,2899.0,113.0,95.0,10735.0,1.1894736842105262,95.0,0,0,0,0
0001441829-Raw01-f_00006.jpg,numeric,0001441829,mamianmakeng,3493.0,2045.0,3571.0,2111.0,78.0,66.0,5148.0,1.1818181818181819,66.0,0,0,0,0
0001441829-Raw01-f_00006.jpg,numeric,0001441829,mamianmakeng,3567.0,1725.0,3637.0,1784.0,70.0,59.0,4130.0,1.1864406779661016,59.0,0,0,0,0
0001441829-Raw01-f_00006.jpg,numeric,0001441829,mamianmakeng,2505.0,1617.0,2583.0,1677.0,78.0,60.0,4680.0,1.3,60.0,0,0,0,0
0001441829-Raw01-f_00006.jpg,numeric,0001441829,mamianmakeng,3687.0,2286.0,3739.0,2345.0,52.0,59.0,3068.0,1.1346153846153846,52.0,0,0,0,0
0001441829-Raw01-f_00006.jpg,numeric,0001441829,mamianmakeng,3624.0,2082.0,3700.0,2152.0,76.0,70.0,5320.0,1.0857142857142856,70.0,0,0,0,0
0001441829-Raw01-f_00006.jpg,numeric,0001441829,mamianmakeng,3684.0,2164.0,3735.0,2223.0,51.0,59.0,3009.0,1.1568627450980393,51.0,0,0,0,0
0001441829-Raw01-f_00006.jpg,numeric,0001441829,mamianmakeng,3681.0,1849.0,3750.0,1921.0,69.0,72.0,4968.0,1.0434782608695652,69.0,0,0,0,0
0001441829-Raw01-f_00006.jpg,numeric,0001441829,mamianmakeng,3367.0,2699.0,3437.0,2763.0,70.0,64.0,4480.0,1.09375,64.0,0,0,0,0
0001441829-Raw01-f_00006.jpg,numeric,0001441829,mamianmakeng,3824.0,2890.0,3919.0,2982.0,95.0,92.0,8740.0,1.0326086956521738,92.0,0,0,0,0
0001441829-Raw01-f_00006.jpg,numeric,0001441829,mamianmakeng,3441.0,195.0,3506.0,253.0,65.0,58.0,3770.0,1.1206896551724137,58.0,0,0,0,0
0001441829-Raw01-f_00006.jpg,numeric,0001441829,mamianmakeng,3495.0,256.0,3556.0,311.0,61.0,55.0,3355.0,1.1090909090909091,55.0,0,0,0,0
0001441829-Raw01-f_00006.jpg,numeric,0001441829,mamianmakeng,3499.0,350.0,3577.0,466.0,78.0,116.0,9048.0,1.4871794871794872,78.0,0,0,0,0
0001441829-Raw01-f_00006.jpg,numeric,0001441829,mamianmakeng,3048.0,1074.0,3099.0,1126.0,51.0,52.0,2652.0,1.0196078431372548,51.0,0,0,0,0
0001441829-Raw01-f_00006.jpg,numeric,0001441829,mamianmakeng,3051.0,1209.0,3091.0,1254.0,40.0,45.0,1800.0,1.125,40.0,0,0,0,0
0001441829-Raw01-f_00006.jpg,numeric,0001441829,mamianmakeng,3392.0,2810.0,3449.0,2850.0,57.0,40.0,2280.0,1.425,40.0,0,0,0,0
0001441829-Raw01-f_00006.jpg,numeric,0001441829,mamianmakeng,3432.0,2982.0,3552.0,3000.0,120.0,18.0,2160.0,6.666666666666667,18.0,0,0,1,1
0001441829-Raw01-f_00007.jpg,numeric,0001441829,mamianmakeng,2136.0,2150.0,2213.0,2240.0,77.0,90.0,6930.0,1.1688311688311688,77.0,0,0,0,0
0001441829-Raw01-f_00007.jpg,numeric,0001441829,mamianmakeng,2751.0,2094.0,2873.0,2179.0,122.0,85.0,10370.0,1.4352941176470588,85.0,0,0,0,0
0001441829-Raw01-f_00007.jpg,numeric,0001441829,mamianmakeng,1679.0,2434.0,1760.0,2505.0,81.0,71.0,5751.0,1.1408450704225352,71.0,0,0,0,0
0001441829-Raw01-f_00007.jpg,numeric,0001441829,mamianmakeng,1528.0,160.0,1609.0,281.0,81.0,121.0,9801.0,1.4938271604938271,81.0,0,0,0,0
0001441829-Raw01-f_00007.jpg,numeric,0001441829,mamianmakeng,2326.0,1984.0,2391.0,2033.0,65.0,49.0,3185.0,1.3265306122448979,49.0,0,0,0,0
0001441829-Raw01-f_00007.jpg,numeric,0001441829,mamianmakeng,2303.0,1035.0,2407.0,1178.0,104.0,143.0,14872.0,1.375,104.0,0,0,0,0
0001441829-Raw01-f_00007.jpg,numeric,0001441829,mamianmakeng,1697.0,2314.0,1802.0,2412.0,105.0,98.0,10290.0,1.0714285714285714,98.0,0,0,0,0
0001441829-Raw01-f_00007.jpg,numeric,0001441829,mamianmakeng,1509.0,306.0,1573.0,389.0,64.0,83.0,5312.0,1.296875,64.0,0,0,0,0
0001441829-Raw01-f_00007.jpg,numeric,0001441829,mamianmakeng,1659.0,2128.0,1717.0,2182.0,58.0,54.0,3132.0,1.0740740740740742,54.0,0,0,0,0
0001441829-Raw01-f_00007.jpg,numeric,0001441829,mamianmakeng,3299.0,1292.0,3378.0,1366.0,79.0,74.0,5846.0,1.0675675675675675,74.0,0,0,0,0
0001441829-Raw01-f_00007.jpg,numeric,0001441829,mamianmakeng,1768.0,1419.0,1907.0,1490.0,139.0,71.0,9869.0,1.9577464788732395,71.0,0,0,0,0
0001441829-Raw01-f_00007.jpg,numeric,0001441829,mamianmakeng,3354.0,581.0,3448.0,649.0,94.0,68.0,6392.0,1.3823529411764706,68.0,0,0,0,0
0001441829-Raw01-f_00007.jpg,numeric,0001441829,mamianmakeng,3528.0,1024.0,3633.0,1137.0,105.0,113.0,11865.0,1.0761904761904761,105.0,0,0,0,0
0001441829-Raw01-f_00007.jpg,numeric,0001441829,mamianmakeng,3413.0,2079.0,3493.0,2175.0,80.0,96.0,7680.0,1.2,80.0,0,0,0,0
0001441829-Raw01-f_00007.jpg,numeric,0001441829,mamianmakeng,1720.0,2040.0,1793.0,2099.0,73.0,59.0,4307.0,1.2372881355932204,59.0,0,0,0,0
0001441829-Raw01-f_00007.jpg,numeric,0001441829,mamianmakeng,3536.0,1501.0,3628.0,1564.0,92.0,63.0,5796.0,1.4603174603174602,63.0,0,0,0,0
0001441829-Raw01-f_00007.jpg,numeric,0001441829,mamianmakeng,2290.0,1553.0,2361.0,1618.0,71.0,65.0,4615.0,1.0923076923076922,65.0,0,0,0,0
0001441829-Raw01-f_00007.jpg,numeric,0001441829,mamianmakeng,3447.0,1869.0,3504.0,1926.0,57.0,57.0,3249.0,1.0,57.0,0,0,0,0
0001441829-Raw01-f_00007.jpg,numeric,0001441829,mamianmakeng,3847.0,1791.0,3933.0,1871.0,86.0,80.0,6880.0,1.075,80.0,0,0,0,0
0001441829-Raw01-f_00007.jpg,numeric,0001441829,mamianmakeng,3391.0,0.0,3530.0,71.0,139.0,71.0,9869.0,1.9577464788732395,71.0,0,0,0,1
0001441829-Raw01-f_00007.jpg,numeric,0001441829,mamianmakeng,3396.0,2019.0,3456.0,2067.0,60.0,48.0,2880.0,1.25,48.0,0,0,0,0
0001441829-Raw01-f_00007.jpg,numeric,0001441829,mamianmakeng,2836.0,1357.0,2884.0,1402.0,48.0,45.0,2160.0,1.0666666666666667,45.0,0,0,0,0
0001441829-Raw01-f_00007.jpg,numeric,0001441829,mamianmakeng,1768.0,1314.0,1836.0,1363.0,68.0,49.0,3332.0,1.3877551020408163,49.0,0,0,0,0
0001441829-Raw01-f_00007.jpg,numeric,0001441829,mamianmakeng,2363.0,1632.0,2428.0,1674.0,65.0,42.0,2730.0,1.5476190476190477,42.0,0,0,0,0
0001441829-Raw01-f_00007.jpg,numeric,0001441829,mamianmakeng,3575.0,2726.0,3636.0,2771.0,61.0,45.0,2745.0,1.3555555555555556,45.0,0,0,0,0
0001441829-Raw01-f_00007.jpg,numeric,0001441829,mamianmakeng,2705.0,1484.0,2740.0,1504.0,35.0,20.0,700.0,1.75,20.0,0,0,0,0
0001441829-Raw01-f_00007.jpg,numeric,0001441829,mamianmakeng,3794.0,2788.0,3847.0,2838.0,53.0,50.0,2650.0,1.06,50.0,0,0,0,0
0001441829-Raw01-f_00007.jpg,numeric,0001441829,mamianmakeng,2316.0,968.0,2387.0,1018.0,71.0,50.0,3550.0,1.42,50.0,0,0,0,0
0001441829-Raw01-f_00007.jpg,numeric,0001441829,mamianmakeng,3640.0,2334.0,3714.0,2407.0,74.0,73.0,5402.0,1.0136986301369864,73.0,0,0,0,0
0001441829-Raw01-f_00007.jpg,numeric,0001441829,mamianmakeng,2713.0,1054.0,2766.0,1098.0,53.0,44.0,2332.0,1.2045454545454546,44.0,0,0,0,0
0001441829-Raw01-f_00007.jpg,numeric,0001441829,mamianmakeng,3582.0,2378.0,3647.0,2460.0,65.0,82.0,5330.0,1.2615384615384615,65.0,0,0,0,0
0001441829-Raw01-f_00007.jpg,numeric,0001441829,mamianmakeng,2660.0,1247.0,2714.0,1288.0,54.0,41.0,2214.0,1.3170731707317074,41.0,0,0,0,0
0001441829-Raw01-f_00007.jpg,numeric,0001441829,mamianmakeng,1982.0,1118.0,2033.0,1162.0,51.0,44.0,2244.0,1.1590909090909092,44.0,0,0,0,0
0001441829-Raw01-f_00007.jpg,numeric,0001441829,mamianmakeng,3570.0,498.0,3623.0,553.0,53.0,55.0,2915.0,1.0377358490566038,53.0,0,0,0,0
0001441829-Raw01-f_00007.jpg,numeric,0001441829,mamianmakeng,2673.0,1594.0,2715.0,1629.0,42.0,35.0,1470.0,1.2,35.0,0,0,0,0
0001441829-Raw01-f_00007.jpg,numeric,0001441829,mamianmakeng,1943.0,312.0,1992.0,348.0,49.0,36.0,1764.0,1.3611111111111112,36.0,0,0,0,0
0001441829-Raw01-f_00007.jpg,numeric,0001441829,mamianmakeng,2710.0,1459.0,2757.0,1507.0,47.0,48.0,2256.0,1.0212765957446808,47.0,0,0,0,0
0001441829-Raw01-f_00007.jpg,numeric,0001441829,mamianmakeng,2827.0,1316.0,2867.0,1348.0,40.0,32.0,1280.0,1.25,32.0,0,0,0,0
0001441829-Raw01-f_00008.jpg,numeric,0001441829,mamianmakeng,1544.0,2226.0,1646.0,2348.0,102.0,122.0,12444.0,1.196078431372549,102.0,0,0,0,0
0001441829-Raw01-f_00008.jpg,numeric,0001441829,mamianmakeng,2519.0,2651.0,2648.0,2769.0,129.0,118.0,15222.0,1.0932203389830508,118.0,0,0,0,0
0001441829-Raw01-f_00008.jpg,numeric,0001441829,mamianmakeng,1539.0,1319.0,1638.0,1387.0,99.0,68.0,6732.0,1.4558823529411764,68.0,0,0,0,0
0001441829-Raw01-f_00008.jpg,numeric,0001441829,mamianmakeng,2211.0,2634.0,2335.0,2711.0,124.0,77.0,9548.0,1.6103896103896105,77.0,0,0,0,0
0001441829-Raw01-f_00008.jpg,numeric,0001441829,mamianmakeng,3188.0,270.0,3270.0,367.0,82.0,97.0,7954.0,1.1829268292682926,82.0,0,0,0,0
0001441829-Raw01-f_00008.jpg,numeric,0001441829,mamianmakeng,2511.0,131.0,2597.0,200.0,86.0,69.0,5934.0,1.2463768115942029,69.0,0,0,0,0
0001441829-Raw01-f_00008.jpg,numeric,0001441829,mamianmakeng,3268.0,51.0,3351.0,160.0,83.0,109.0,9047.0,1.3132530120481927,83.0,0,0,0,0
0001441829-Raw01-f_00008.jpg,numeric,0001441829,mamianmakeng,3740.0,1356.0,3812.0,1445.0,72.0,89.0,6408.0,1.2361111111111112,72.0,0,0,0,0
0001441829-Raw01-f_00008.jpg,numeric,0001441829,mamianmakeng,3753.0,1948.0,3929.0,2077.0,176.0,129.0,22704.0,1.3643410852713178,129.0,0,0,0,0
0001441829-Raw01-f_00008.jpg,numeric,0001441829,mamianmakeng,3308.0,2328.0,3388.0,2452.0,80.0,124.0,9920.0,1.55,80.0,0,0,0,0
0001441829-Raw01-f_00008.jpg,numeric,0001441829,mamianmakeng,1403.0,2691.0,1472.0,2765.0,69.0,74.0,5106.0,1.0724637681159421,69.0,0,0,0,0
0001441829-Raw01-f_00008.jpg,numeric,0001441829,mamianmakeng,3746.0,55.0,3847.0,161.0,101.0,106.0,10706.0,1.0495049504950495,101.0,0,0,0,0
0001441829-Raw01-f_00008.jpg,numeric,0001441829,mamianmakeng,2884.0,2724.0,2949.0,2803.0,65.0,79.0,5135.0,1.2153846153846153,65.0,0,0,0,0
0001441829-Raw01-f_00008.jpg,numeric,0001441829,mamianmakeng,2534.0,2181.0,2594.0,2250.0,60.0,69.0,4140.0,1.15,60.0,0,0,0,0
0001441829-Raw01-f_00008.jpg,numeric,0001441829,mamianmakeng,2279.0,1807.0,2347.0,1873.0,68.0,66.0,4488.0,1.0303030303030303,66.0,0,0,0,0
0001441829-Raw01-f_00008.jpg,numeric,0001441829,mamianmakeng,1650.0,1088.0,1826.0,1219.0,176.0,131.0,23056.0,1.3435114503816794,131.0,0,0,0,0
0001441829-Raw01-f_00008.jpg,numeric,0001441829,mamianmakeng,3723.0,0.0,3811.0,46.0,88.0,46.0,4048.0,1.9130434782608696,46.0,0,0,0,1
0001441829-Raw01-f_00008.jpg,numeric,0001441829,mamianmakeng,2598.0,1579.0,2678.0,1657.0,80.0,78.0,6240.0,1.0256410256410255,78.0,0,0,0,0
0001441829-Raw01-f_00008.jpg,numeric,0001441829,mamianmakeng,2240.0,2241.0,2299.0,2334.0,59.0,93.0,5487.0,1.576271186440678,59.0,0,0,0,0
0001441829-Raw01-f_00008.jpg,numeric,0001441829,mamianmakeng,2247.0,1894.0,2309.0,1959.0,62.0,65.0,4030.0,1.0483870967741935,62.0,0,0,0,0
0001441829-Raw01-f_00008.jpg,numeric,0001441829,mamianmakeng,2553.0,2109.0,2616.0,2157.0,63.0,48.0,3024.0,1.3125,48.0,0,0,0,0
0001441829-Raw01-f_00008.jpg,numeric,0001441829,mamianmakeng,3410.0,1455.0,3486.0,1516.0,76.0,61.0,4636.0,1.2459016393442623,61.0,0,0,0,0
0001441829-Raw01-f_00008.jpg,numeric,0001441829,mamianmakeng,3625.0,252.0,3741.0,318.0,116.0,66.0,7656.0,1.7575757575757576,66.0,0,0,0,0
0001441829-Raw01-f_00008.jpg,numeric,0001441829,mamianmakeng,2548.0,1779.0,2598.0,1830.0,50.0,51.0,2550.0,1.02,50.0,0,0,0,0
0001441829-Raw01-f_00008.jpg,numeric,0001441829,mamianmakeng,1877.0,982.0,1939.0,1035.0,62.0,53.0,3286.0,1.169811320754717,53.0,0,0,0,0
0001441829-Raw01-f_00008.jpg,numeric,0001441829,mamianmakeng,3410.0,1484.0,3487.0,1523.0,77.0,39.0,3003.0,1.9743589743589745,39.0,0,0,0,0
0001441829-Raw01-f_00008.jpg,numeric,0001441829,mamianmakeng,1389.0,2945.0,1502.0,3000.0,113.0,55.0,6215.0,2.0545454545454547,55.0,0,0,0,1
0001441829-Raw01-f_00008.jpg,numeric,0001441829,mamianmakeng,3354.0,2129.0,3406.0,2175.0,52.0,46.0,2392.0,1.1304347826086956,46.0,0,0,0,0
0001441829-Raw01-f_00008.jpg,numeric,0001441829,mamianmakeng,2630.0,2399.0,2667.0,2444.0,37.0,45.0,1665.0,1.2162162162162162,37.0,0,0,0,0
0001441829-Raw01-f_00008.jpg,numeric,0001441829,mamianmakeng,3447.0,945.0,3501.0,1038.0,54.0,93.0,5022.0,1.7222222222222223,54.0,0,0,0,0
0001441829-Raw01-f_00008.jpg,numeric,0001441829,mamianmakeng,2695.0,2769.0,2740.0,2817.0,45.0,48.0,2160.0,1.0666666666666667,45.0,0,0,0,0
0001441829-Raw01-f_00008.jpg,numeric,0001441829,mamianmakeng,2605.0,1665.0,2658.0,1698.0,53.0,33.0,1749.0,1.606060606060606,33.0,0,0,0,0
0001441829-Raw01-f_00008.jpg,numeric,0001441829,mamianmakeng,2511.0,1073.0,2590.0,1169.0,79.0,96.0,7584.0,1.2151898734177216,79.0,0,0,0,0
0001441829-Raw01-f_00008.jpg,numeric,0001441829,mamianmakeng,2710.0,2767.0,2759.0,2828.0,49.0,61.0,2989.0,1.2448979591836735,49.0,0,0,0,0
0001441829-Raw01-f_00008.jpg,numeric,0001441829,mamianmakeng,2509.0,1118.0,2577.0,1170.0,68.0,52.0,3536.0,1.3076923076923077,52.0,0,0,0,0
0001441829-Raw01-f_00010.jpg,numeric,0001441829,mamianmakeng,1170.0,1616.0,1276.0,1752.0,106.0,136.0,14416.0,1.2830188679245282,106.0,0,0,0,0
0001441829-Raw01-f_00010.jpg,numeric,0001441829,mamianmakeng,3773.0,149.0,3888.0,258.0,115.0,109.0,12535.0,1.055045871559633,109.0,0,0,0,0
0001441829-Raw01-f_00010.jpg,numeric,0001441829,mamianmakeng,2303.0,2404.0,2410.0,2502.0,107.0,98.0,10486.0,1.0918367346938775,98.0,0,0,0,0
0001441829-Raw01-f_00010.jpg,numeric,0001441829,mamianmakeng,2351.0,777.0,2464.0,882.0,113.0,105.0,11865.0,1.0761904761904761,105.0,0,0,0,0
0001441829-Raw01-f_00010.jpg,numeric,0001441829,mamianmakeng,1834.0,1211.0,1943.0,1283.0,109.0,72.0,7848.0,1.5138888888888888,72.0,0,0,0,0
0001441829-Raw01-f_00010.jpg,numeric,0001441829,mamianmakeng,1565.0,2849.0,1682.0,2946.0,117.0,97.0,11349.0,1.2061855670103092,97.0,0,0,0,0
0001441829-Raw01-f_00010.jpg,numeric,0001441829,mamianmakeng,2746.0,746.0,2854.0,844.0,108.0,98.0,10584.0,1.1020408163265305,98.0,0,0,0,0
0001441829-Raw01-f_00010.jpg,numeric,0001441829,mamianmakeng,175.0,416.0,252.0,523.0,77.0,107.0,8239.0,1.3896103896103895,77.0,0,0,0,0
0001441829-Raw01-f_00010.jpg,numeric,0001441829,mamianmakeng,1710.0,1961.0,1782.0,2043.0,72.0,82.0,5904.0,1.1388888888888888,72.0,0,0,0,0
0001441829-Raw01-f_00010.jpg,numeric,0001441829,mamianmakeng,3943.0,1854.0,4045.0,1989.0,102.0,135.0,13770.0,1.3235294117647058,102.0,0,0,0,0
0001441829-Raw01-f_00010.jpg,numeric,0001441829,mamianmakeng,2429.0,445.0,2524.0,525.0,95.0,80.0,7600.0,1.1875,80.0,0,0,0,0
0001441829-Raw01-f_00010.jpg,numeric,0001441829,mamianmakeng,1167.0,2871.0,1234.0,2954.0,67.0,83.0,5561.0,1.2388059701492538,67.0,0,0,0,0
0001441829-Raw01-f_00010.jpg,numeric,0001441829,mamianmakeng,1864.0,1008.0,1930.0,1088.0,66.0,80.0,5280.0,1.2121212121212122,66.0,0,0,0,0
0001441829-Raw01-f_00010.jpg,numeric,0001441829,mamianmakeng,2228.0,1954.0,2290.0,2013.0,62.0,59.0,3658.0,1.0508474576271187,59.0,0,0,0,0
0001441829-Raw01-f_00010.jpg,numeric,0001441829,mamianmakeng,1817.0,686.0,1909.0,741.0,92.0,55.0,5060.0,1.6727272727272726,55.0,0,0,0,0
0001441829-Raw01-f_00010.jpg,numeric,0001441829,mamianmakeng,3806.0,671.0,3889.0,755.0,83.0,84.0,6972.0,1.0120481927710843,83.0,0,0,0,0
0001441829-Raw01-f_00010.jpg,numeric,0001441829,mamianmakeng,2892.0,1972.0,2957.0,2024.0,65.0,52.0,3380.0,1.25,52.0,0,0,0,0
0001441829-Raw01-f_00010.jpg,numeric,0001441829,mamianmakeng,2423.0,1222.0,2482.0,1281.0,59.0,59.0,3481.0,1.0,59.0,0,0,0,0
0001441829-Raw01-f_00010.jpg,numeric,0001441829,mamianmakeng,208.0,860.0,262.0,909.0,54.0,49.0,2646.0,1.1020408163265305,49.0,0,0,0,0
0001441829-Raw01-f_00010.jpg,numeric,0001441829,mamianmakeng,1763.0,2567.0,1857.0,2651.0,94.0,84.0,7896.0,1.119047619047619,84.0,0,0,0,0
0001441829-Raw01-f_00010.jpg,numeric,0001441829,mamianmakeng,3054.0,2752.0,3122.0,2822.0,68.0,70.0,4760.0,1.0294117647058822,68.0,0,0,0,0
0001441829-Raw01-f_00010.jpg,numeric,0001441829,mamianmakeng,1410.0,273.0,1495.0,355.0,85.0,82.0,6970.0,1.0365853658536586,82.0,0,0,0,0
0001441829-Raw01-f_00010.jpg,numeric,0001441829,mamianmakeng,2200.0,2287.0,2293.0,2347.0,93.0,60.0,5580.0,1.55,60.0,0,0,0,0
0001441829-Raw01-f_00010.jpg,numeric,0001441829,mamianmakeng,1781.0,533.0,1840.0,589.0,59.0,56.0,3304.0,1.0535714285714286,56.0,0,0,0,0
0001441829-Raw01-f_00010.jpg,numeric,0001441829,mamianmakeng,2203.0,2043.0,2255.0,2091.0,52.0,48.0,2496.0,1.0833333333333333,48.0,0,0,0,0
0001441829-Raw01-f_00010.jpg,numeric,0001441829,mamianmakeng,3822.0,17.0,3924.0,83.0,102.0,66.0,6732.0,1.5454545454545454,66.0,0,0,0,0
0001441829-Raw01-f_00010.jpg,numeric,0001441829,mamianmakeng,2724.0,2870.0,2813.0,2950.0,89.0,80.0,7120.0,1.1125,80.0,0,0,0,0
0001441829-Raw01-f_00010.jpg,numeric,0001441829,mamianmakeng,3062.0,2647.0,3141.0,2727.0,79.0,80.0,6320.0,1.0126582278481013,79.0,0,0,0,0
0001441829-Raw01-f_00010.jpg,numeric,0001441829,mamianmakeng,2316.0,2815.0,2391.0,2909.0,75.0,94.0,7050.0,1.2533333333333334,75.0,0,0,0,0
0001441829-Raw01-f_00010.jpg,numeric,0001441829,mamianmakeng,2876.0,1789.0,2932.0,1883.0,56.0,94.0,5264.0,1.6785714285714286,56.0,0,0,0,0
0001441829-Raw01-f_00010.jpg,numeric,0001441829,mamianmakeng,2282.0,1214.0,2347.0,1272.0,65.0,58.0,3770.0,1.1206896551724137,58.0,0,0,0,0
0001441829-Raw01-f_00010.jpg,numeric,0001441829,mamianmakeng,1905.0,298.0,1967.0,350.0,62.0,52.0,3224.0,1.1923076923076923,52.0,0,0,0,0
0001441829-Raw01-f_00010.jpg,numeric,0001441829,mamianmakeng,1682.0,2079.0,1737.0,2136.0,55.0,57.0,3135.0,1.0363636363636364,55.0,0,0,0,0
0001441829-Raw01-f_00010.jpg,numeric,0001441829,mamianmakeng,114.0,117.0,170.0,169.0,56.0,52.0,2912.0,1.0769230769230769,52.0,0,0,0,0
0001441829-Raw01-f_00010.jpg,numeric,0001441829,mamianmakeng,1385.0,634.0,1430.0,672.0,45.0,38.0,1710.0,1.1842105263157894,38.0,0,0,0,0
0001441829-Raw01-f_00010.jpg,numeric,0001441829,mamianmakeng,1754.0,1484.0,1828.0,1523.0,74.0,39.0,2886.0,1.8974358974358974,39.0,0,0,0,0
0001441829-Raw01-f_00010.jpg,numeric,0001441829,mamianmakeng,2789.0,1020.0,2874.0,1067.0,85.0,47.0,3995.0,1.8085106382978724,47.0,0,0,0,0
0001441829-Raw01-f_00010.jpg,numeric,0001441829,mamianmakeng,2392.0,1339.0,2445.0,1403.0,53.0,64.0,3392.0,1.2075471698113207,53.0,0,0,0,0
0001441829-Raw01-f_00010.jpg,numeric,0001441829,mamianmakeng,2897.0,2226.0,2982.0,2294.0,85.0,68.0,5780.0,1.25,68.0,0,0,0,0
0001441829-Raw01-f_00010.jpg,numeric,0001441829,mamianmakeng,1827.0,1520.0,1901.0,1584.0,74.0,64.0,4736.0,1.15625,64.0,0,0,0,0
0001441829-Raw01-f_00010.jpg,numeric,0001441829,mamianmakeng,2745.0,2751.0,2812.0,2804.0,67.0,53.0,3551.0,1.2641509433962264,53.0,0,0,0,0
0001441829-Raw01-f_00010.jpg,numeric,0001441829,mamianmakeng,2850.0,557.0,2904.0,604.0,54.0,47.0,2538.0,1.148936170212766,47.0,0,0,0,0
0001441829-Raw01-f_00010.jpg,numeric,0001441829,mamianmakeng,1870.0,1285.0,1908.0,1332.0,38.0,47.0,1786.0,1.236842105263158,38.0,0,0,0,0
0001441829-Raw01-f_00010.jpg,numeric,0001441829,mamianmakeng,1770.0,2317.0,1835.0,2371.0,65.0,54.0,3510.0,1.2037037037037037,54.0,0,0,0,0
0001441829-Raw01-f_00010.jpg,numeric,0001441829,mamianmakeng,2316.0,1849.0,2361.0,1882.0,45.0,33.0,1485.0,1.3636363636363635,33.0,0,0,0,0
0001441829-Raw01-f_00010.jpg,numeric,0001441829,mamianmakeng,4051.0,891.0,4093.0,974.0,42.0,83.0,3486.0,1.9761904761904763,42.0,0,0,0,1
0001441829-Raw01-f_00010.jpg,numeric,0001441829,mamianmakeng,3047.0,2433.0,3104.0,2478.0,57.0,45.0,2565.0,1.2666666666666666,45.0,0,0,0,0
0001441829-Raw01-f_00010.jpg,numeric,0001441829,mamianmakeng,2280.0,1783.0,2335.0,1835.0,55.0,52.0,2860.0,1.0576923076923077,52.0,0,0,0,0
0001441829-Raw01-f_00010.jpg,numeric,0001441829,mamianmakeng,2324.0,1760.0,2389.0,1803.0,65.0,43.0,2795.0,1.5116279069767442,43.0,0,0,0,0
0001441829-Raw01-f_00010.jpg,numeric,0001441829,mamianmakeng,1919.0,1074.0,1956.0,1116.0,37.0,42.0,1554.0,1.135135135135135,37.0,0,0,0,0
0001441829-Raw01-f_00010.jpg,numeric,0001441829,mamianmakeng,3030.0,737.0,3076.0,772.0,46.0,35.0,1610.0,1.3142857142857143,35.0,0,0,0,0
0001441829-Raw01-f_00010.jpg,numeric,0001441829,mamianmakeng,3555.0,36.0,3603.0,99.0,48.0,63.0,3024.0,1.3125,48.0,0,0,0,0
0001441829-Raw01-f_00010.jpg,numeric,0001441829,mamianmakeng,3739.0,1540.0,3777.0,1582.0,38.0,42.0,1596.0,1.105263157894737,38.0,0,0,0,0
0001441829-Raw02-f_00000.jpg,numeric,0001441829,mamianmakeng,3937.0,2308.0,4026.0,2388.0,89.0,80.0,7120.0,1.1125,80.0,0,0,0,0
0001441829-Raw02-f_00000.jpg,numeric,0001441829,mamianmakeng,3839.0,2690.0,3925.0,2773.0,86.0,83.0,7138.0,1.036144578313253,83.0,0,0,0,0
0001441829-Raw02-f_00000.jpg,numeric,0001441829,mamianmakeng,3456.0,2509.0,3551.0,2613.0,95.0,104.0,9880.0,1.0947368421052632,95.0,0,0,0,0
0001441829-Raw02-f_00000.jpg,numeric,0001441829,mamianmakeng,3768.0,2258.0,3843.0,2343.0,75.0,85.0,6375.0,1.1333333333333333,75.0,0,0,0,0
0001441829-Raw02-f_00000.jpg,numeric,0001441829,mamianmakeng,3281.0,2400.0,3442.0,2517.0,161.0,117.0,18837.0,1.376068376068376,117.0,0,0,0,0
0001441829-Raw02-f_00000.jpg,numeric,0001441829,mamianmakeng,631.0,2570.0,723.0,2653.0,92.0,83.0,7636.0,1.108433734939759,83.0,0,0,0,0
0001441829-Raw02-f_00000.jpg,numeric,0001441829,mamianmakeng,3848.0,2241.0,3914.0,2324.0,66.0,83.0,5478.0,1.2575757575757576,66.0,0,0,0,0
0001441829-Raw02-f_00000.jpg,numeric,0001441829,mamianmakeng,3101.0,2347.0,3167.0,2421.0,66.0,74.0,4884.0,1.121212121212121,66.0,0,0,0,0
0001441829-Raw02-f_00000.jpg,numeric,0001441829,mamianmakeng,1097.0,2606.0,1212.0,2709.0,115.0,103.0,11845.0,1.116504854368932,103.0,0,0,0,0
0001441829-Raw02-f_00000.jpg,numeric,0001441829,mamianmakeng,161.0,2643.0,220.0,2717.0,59.0,74.0,4366.0,1.2542372881355932,59.0,0,0,0,0
0001441829-Raw02-f_00000.jpg,numeric,0001441829,mamianmakeng,3534.0,2697.0,3596.0,2741.0,62.0,44.0,2728.0,1.4090909090909092,44.0,0,0,0,0
0001441829-Raw02-f_00000.jpg,numeric,0001441829,mamianmakeng,1426.0,2861.0,1480.0,2903.0,54.0,42.0,2268.0,1.2857142857142858,42.0,0,0,0,0
0001441829-Raw02-f_00000.jpg,numeric,0001441829,mamianmakeng,1356.0,2215.0,1449.0,2295.0,93.0,80.0,7440.0,1.1625,80.0,0,0,0,0
0001441829-Raw02-f_00000.jpg,numeric,0001441829,mamianmakeng,1356.0,2424.0,1398.0,2471.0,42.0,47.0,1974.0,1.119047619047619,42.0,0,0,0,0
0001441829-Raw02-f_00000.jpg,numeric,0001441829,mamianmakeng,1358.0,2816.0,1408.0,2861.0,50.0,45.0,2250.0,1.1111111111111112,45.0,0,0,0,0
0001441829-Raw02-f_00000.jpg,numeric,0001441829,mamianmakeng,1356.0,2495.0,1389.0,2527.0,33.0,32.0,1056.0,1.03125,32.0,0,0,0,0
0001441829-Raw02-f_00002.jpg,numeric,0001441829,mamianmakeng,3915.0,718.0,4036.0,858.0,121.0,140.0,16940.0,1.1570247933884297,121.0,0,0,0,0
0001441829-Raw02-f_00002.jpg,numeric,0001441829,mamianmakeng,3775.0,2492.0,3919.0,2613.0,144.0,121.0,17424.0,1.1900826446280992,121.0,0,0,0,0
0001441829-Raw02-f_00002.jpg,numeric,0001441829,mamianmakeng,3860.0,271.0,3922.0,341.0,62.0,70.0,4340.0,1.1290322580645162,62.0,0,0,0,0
0001441829-Raw02-f_00002.jpg,numeric,0001441829,mamianmakeng,2769.0,2742.0,2878.0,2874.0,109.0,132.0,14388.0,1.2110091743119267,109.0,0,0,0,0
0001441829-Raw02-f_00002.jpg,numeric,0001441829,mamianmakeng,3870.0,2857.0,3945.0,2937.0,75.0,80.0,6000.0,1.0666666666666667,75.0,0,0,0,0
0001441829-Raw02-f_00002.jpg,numeric,0001441829,mamianmakeng,2754.0,1593.0,2858.0,1727.0,104.0,134.0,13936.0,1.2884615384615385,104.0,0,0,0,0
0001441829-Raw02-f_00002.jpg,numeric,0001441829,mamianmakeng,3715.0,2176.0,3828.0,2293.0,113.0,117.0,13221.0,1.0353982300884956,113.0,0,0,0,0
0001441829-Raw02-f_00002.jpg,numeric,0001441829,mamianmakeng,1845.0,2088.0,1971.0,2197.0,126.0,109.0,13734.0,1.1559633027522935,109.0,0,0,0,0
0001441829-Raw02-f_00002.jpg,numeric,0001441829,mamianmakeng,1739.0,387.0,1804.0,440.0,65.0,53.0,3445.0,1.2264150943396226,53.0,0,0,0,0
0001441829-Raw02-f_00002.jpg,numeric,0001441829,mamianmakeng,2052.0,1301.0,2126.0,1384.0,74.0,83.0,6142.0,1.1216216216216217,74.0,0,0,0,0
0001441829-Raw02-f_00002.jpg,numeric,0001441829,mamianmakeng,2751.0,1358.0,2848.0,1440.0,97.0,82.0,7954.0,1.1829268292682926,82.0,0,0,0,0
0001441829-Raw02-f_00002.jpg,numeric,0001441829,mamianmakeng,3672.0,0.0,3792.0,55.0,120.0,55.0,6600.0,2.1818181818181817,55.0,0,0,0,1
0001441829-Raw02-f_00002.jpg,numeric,0001441829,mamianmakeng,3647.0,1294.0,3733.0,1359.0,86.0,65.0,5590.0,1.323076923076923,65.0,0,0,0,0
0001441829-Raw02-f_00002.jpg,numeric,0001441829,mamianmakeng,3376.0,1610.0,3471.0,1680.0,95.0,70.0,6650.0,1.3571428571428572,70.0,0,0,0,0
0001441829-Raw02-f_00002.jpg,numeric,0001441829,mamianmakeng,3402.0,2425.0,3537.0,2485.0,135.0,60.0,8100.0,2.25,60.0,0,0,0,0
0001441829-Raw02-f_00002.jpg,numeric,0001441829,mamianmakeng,779.0,79.0,876.0,185.0,97.0,106.0,10282.0,1.092783505154639,97.0,0,0,0,0
0001441829-Raw02-f_00002.jpg,numeric,0001441829,mamianmakeng,996.0,787.0,1131.0,885.0,135.0,98.0,13230.0,1.3775510204081634,98.0,0,0,0,0
0001441829-Raw02-f_00002.jpg,numeric,0001441829,mamianmakeng,3664.0,1787.0,3732.0,1870.0,68.0,83.0,5644.0,1.2205882352941178,68.0,0,0,0,0
0001441829-Raw02-f_00002.jpg,numeric,0001441829,mamianmakeng,3595.0,925.0,3687.0,1024.0,92.0,99.0,9108.0,1.076086956521739,92.0,0,0,0,0
0001441829-Raw02-f_00002.jpg,numeric,0001441829,mamianmakeng,1266.0,2908.0,1383.0,2973.0,117.0,65.0,7605.0,1.8,65.0,0,0,0,0
0001441829-Raw02-f_00002.jpg,numeric,0001441829,mamianmakeng,1675.0,1036.0,1743.0,1109.0,68.0,73.0,4964.0,1.0735294117647058,68.0,0,0,0,0
0001441829-Raw02-f_00002.jpg,numeric,0001441829,mamianmakeng,1730.0,231.0,1816.0,310.0,86.0,79.0,6794.0,1.0886075949367089,79.0,0,0,0,0
0001441829-Raw02-f_00002.jpg,numeric,0001441829,mamianmakeng,3628.0,1373.0,3728.0,1462.0,100.0,89.0,8900.0,1.1235955056179776,89.0,0,0,0,0
0001441829-Raw02-f_00002.jpg,numeric,0001441829,mamianmakeng,2755.0,983.0,2868.0,1114.0,113.0,131.0,14803.0,1.1592920353982301,113.0,0,0,0,0
0001441829-Raw02-f_00002.jpg,numeric,0001441829,mamianmakeng,3798.0,1883.0,3846.0,1942.0,48.0,59.0,2832.0,1.2291666666666667,48.0,0,0,0,0
0001441829-Raw02-f_00002.jpg,numeric,0001441829,mamianmakeng,3736.0,1684.0,3819.0,1832.0,83.0,148.0,12284.0,1.783132530120482,83.0,0,0,0,0
0001441829-Raw02-f_00002.jpg,numeric,0001441829,mamianmakeng,2835.0,1553.0,2900.0,1615.0,65.0,62.0,4030.0,1.0483870967741935,62.0,0,0,0,0
0001441829-Raw02-f_00002.jpg,numeric,0001441829,mamianmakeng,1933.0,1733.0,1993.0,1789.0,60.0,56.0,3360.0,1.0714285714285714,56.0,0,0,0,0
0001441829-Raw02-f_00002.jpg,numeric,0001441829,mamianmakeng,1780.0,2651.0,1860.0,2715.0,80.0,64.0,5120.0,1.25,64.0,0,0,0,0
0001441829-Raw02-f_00002.jpg,numeric,0001441829,mamianmakeng,901.0,2692.0,990.0,2810.0,89.0,118.0,10502.0,1.3258426966292134,89.0,0,0,0,0
0001441829-Raw02-f_00002.jpg,numeric,0001441829,mamianmakeng,718.0,0.0,805.0,67.0,87.0,67.0,5829.0,1.2985074626865671,67.0,0,0,0,1
0001441829-Raw02-f_00002.jpg,numeric,0001441829,mamianmakeng,2684.0,2878.0,2740.0,2920.0,56.0,42.0,2352.0,1.3333333333333333,42.0,0,0,0,0
0001441829-Raw02-f_00002.jpg,numeric,0001441829,mamianmakeng,912.0,2840.0,983.0,2898.0,71.0,58.0,4118.0,1.2241379310344827,58.0,0,0,0,0
0001441829-Raw02-f_00002.jpg,numeric,0001441829,mamianmakeng,3974.0,879.0,4029.0,913.0,55.0,34.0,1870.0,1.6176470588235294,34.0,0,0,0,0
0001441829-Raw02-f_00002.jpg,numeric,0001441829,mamianmakeng,1793.0,2474.0,1854.0,2531.0,61.0,57.0,3477.0,1.0701754385964912,57.0,0,0,0,0
0001441829-Raw02-f_00002.jpg,numeric,0001441829,mamianmakeng,2805.0,1175.0,2856.0,1240.0,51.0,65.0,3315.0,1.2745098039215685,51.0,0,0,0,0
0001441829-Raw02-f_00002.jpg,numeric,0001441829,mamianmakeng,3573.0,688.0,3659.0,742.0,86.0,54.0,4644.0,1.5925925925925926,54.0,0,0,0,0
0001441829-Raw02-f_00002.jpg,numeric,0001441829,mamianmakeng,1794.0,176.0,1855.0,225.0,61.0,49.0,2989.0,1.2448979591836735,49.0,0,0,0,0
0001441829-Raw02-f_00002.jpg,numeric,0001441829,mamianmakeng,3545.0,873.0,3599.0,938.0,54.0,65.0,3510.0,1.2037037037037037,54.0,0,0,0,0
0001441829-Raw02-f_00002.jpg,numeric,0001441829,mamianmakeng,1033.0,911.0,1122.0,1048.0,89.0,137.0,12193.0,1.5393258426966292,89.0,0,0,0,0
0001441829-Raw02-f_00002.jpg,numeric,0001441829,mamianmakeng,1832.0,16.0,1920.0,86.0,88.0,70.0,6160.0,1.2571428571428571,70.0,0,0,0,1
0001441829-Raw02-f_00002.jpg,numeric,0001441829,mamianmakeng,3746.0,2091.0,3823.0,2168.0,77.0,77.0,5929.0,1.0,77.0,0,0,0,0
0001441829-Raw02-f_00002.jpg,numeric,0001441829,mamianmakeng,3421.0,1091.0,3477.0,1144.0,56.0,53.0,2968.0,1.0566037735849056,53.0,0,0,0,0
0001441829-Raw02-f_00002.jpg,numeric,0001441829,mamianmakeng,1356.0,2916.0,1395.0,2972.0,39.0,56.0,2184.0,1.435897435897436,39.0,0,0,0,0
0001441829-Raw02-f_00002.jpg,numeric,0001441829,mamianmakeng,3681.0,2337.0,3726.0,2369.0,45.0,32.0,1440.0,1.40625,32.0,0,0,0,0
0001441829-Raw02-f_00002.jpg,numeric,0001441829,mamianmakeng,2710.0,2876.0,2755.0,2922.0,45.0,46.0,2070.0,1.0222222222222221,45.0,0,0,0,0
0001441829-Raw02-f_00002.jpg,numeric,0001441829,mamianmakeng,1919.0,1595.0,1996.0,1655.0,77.0,60.0,4620.0,1.2833333333333334,60.0,0,0,0,0
0001441829-Raw02-f_00002.jpg,numeric,0001441829,mamianmakeng,3329.0,1921.0,3398.0,1959.0,69.0,38.0,2622.0,1.8157894736842106,38.0,0,0,0,0
0001441829-Raw02-f_00002.jpg,numeric,0001441829,mamianmakeng,1898.0,2022.0,1951.0,2071.0,53.0,49.0,2597.0,1.0816326530612246,49.0,0,0,0,0
0001441829-Raw02-f_00002.jpg,numeric,0001441829,mamianmakeng,3362.0,1782.0,3414.0,1840.0,52.0,58.0,3016.0,1.1153846153846154,52.0,0,0,0,0
0001441829-Raw02-f_00002.jpg,numeric,0001441829,mamianmakeng,647.0,1103.0,711.0,1169.0,64.0,66.0,4224.0,1.03125,64.0,0,0,0,0
0001441829-Raw02-f_00002.jpg,numeric,0001441829,mamianmakeng,3692.0,1923.0,3741.0,1966.0,49.0,43.0,2107.0,1.1395348837209303,43.0,0,0,0,0
0001441829-Raw02-f_00002.jpg,numeric,0001441829,mamianmakeng,758.0,2031.0,832.0,2125.0,74.0,94.0,6956.0,1.2702702702702702,74.0,0,0,0,0
0001441829-Raw02-f_00002.jpg,numeric,0001441829,mamianmakeng,3670.0,2472.0,3707.0,2505.0,37.0,33.0,1221.0,1.121212121212121,33.0,0,0,0,0
0001441829-Raw02-f_00002.jpg,numeric,0001441829,mamianmakeng,3693.0,184.0,3740.0,216.0,47.0,32.0,1504.0,1.46875,32.0,0,0,0,0
0001441829-Raw02-f_00003.jpg,numeric,0001441829,mamianmakeng,3898.0,1214.0,4023.0,1335.0,125.0,121.0,15125.0,1.0330578512396693,121.0,0,0,0,0
0001441829-Raw02-f_00003.jpg,numeric,0001441829,mamianmakeng,2756.0,598.0,2856.0,720.0,100.0,122.0,12200.0,1.22,100.0,0,0,0,0
0001441829-Raw02-f_00003.jpg,numeric,0001441829,mamianmakeng,3954.0,165.0,4037.0,310.0,83.0,145.0,12035.0,1.7469879518072289,83.0,0,0,0,0
0001441829-Raw02-f_00003.jpg,numeric,0001441829,mamianmakeng,3312.0,282.0,3464.0,391.0,152.0,109.0,16568.0,1.3944954128440368,109.0,0,0,0,0
0001441829-Raw02-f_00003.jpg,numeric,0001441829,mamianmakeng,3351.0,899.0,3472.0,1004.0,121.0,105.0,12705.0,1.1523809523809523,105.0,0,0,0,0
0001441829-Raw02-f_00003.jpg,numeric,0001441829,mamianmakeng,3327.0,504.0,3427.0,603.0,100.0,99.0,9900.0,1.0101010101010102,99.0,0,0,0,0
0001441829-Raw02-f_00003.jpg,numeric,0001441829,mamianmakeng,3567.0,1484.0,3719.0,1588.0,152.0,104.0,15808.0,1.4615384615384615,104.0,0,0,0,0
0001441829-Raw02-f_00003.jpg,numeric,0001441829,mamianmakeng,373.0,2458.0,460.0,2603.0,87.0,145.0,12615.0,1.6666666666666667,87.0,0,0,0,0
0001441829-Raw02-f_00003.jpg,numeric,0001441829,mamianmakeng,2989.0,2139.0,3083.0,2223.0,94.0,84.0,7896.0,1.119047619047619,84.0,0,0,0,0
0001441829-Raw02-f_00003.jpg,numeric,0001441829,mamianmakeng,3974.0,440.0,4035.0,500.0,61.0,60.0,3660.0,1.0166666666666666,60.0,0,0,0,0
0001441829-Raw02-f_00003.jpg,numeric,0001441829,mamianmakeng,3660.0,2362.0,3770.0,2436.0,110.0,74.0,8140.0,1.4864864864864864,74.0,0,0,0,0
0001441829-Raw02-f_00003.jpg,numeric,0001441829,mamianmakeng,3285.0,2816.0,3366.0,2891.0,81.0,75.0,6075.0,1.08,75.0,0,0,0,0
0001441829-Raw02-f_00003.jpg,numeric,0001441829,mamianmakeng,3964.0,639.0,4032.0,704.0,68.0,65.0,4420.0,1.0461538461538462,65.0,0,0,0,0
0001441829-Raw02-f_00003.jpg,numeric,0001441829,mamianmakeng,3589.0,1247.0,3648.0,1312.0,59.0,65.0,3835.0,1.1016949152542372,59.0,0,0,0,0
0001441829-Raw02-f_00003.jpg,numeric,0001441829,mamianmakeng,2802.0,814.0,2872.0,871.0,70.0,57.0,3990.0,1.2280701754385965,57.0,0,0,0,0
0001441829-Raw02-f_00003.jpg,numeric,0001441829,mamianmakeng,3627.0,1658.0,3693.0,1719.0,66.0,61.0,4026.0,1.0819672131147542,61.0,0,0,0,0
0001441829-Raw02-f_00003.jpg,numeric,0001441829,mamianmakeng,1903.0,486.0,1959.0,534.0,56.0,48.0,2688.0,1.1666666666666667,48.0,0,0,0,0
0001441829-Raw02-f_00003.jpg,numeric,0001441829,mamianmakeng,1393.0,2837.0,1462.0,2902.0,69.0,65.0,4485.0,1.0615384615384615,65.0,0,0,0,0
0001441829-Raw02-f_00003.jpg,numeric,0001441829,mamianmakeng,3377.0,95.0,3452.0,159.0,75.0,64.0,4800.0,1.171875,64.0,0,0,0,0
0001441829-Raw02-f_00003.jpg,numeric,0001441829,mamianmakeng,265.0,1406.0,360.0,1477.0,95.0,71.0,6745.0,1.3380281690140845,71.0,0,0,0,0
0001441829-Raw02-f_00003.jpg,numeric,0001441829,mamianmakeng,1029.0,437.0,1144.0,536.0,115.0,99.0,11385.0,1.1616161616161615,99.0,0,0,0,0
0001441829-Raw02-f_00003.jpg,numeric,0001441829,mamianmakeng,2808.0,910.0,2880.0,993.0,72.0,83.0,5976.0,1.1527777777777777,72.0,0,0,0,0
0001441829-Raw02-f_00003.jpg,numeric,0001441829,mamianmakeng,921.0,1592.0,1033.0,1710.0,112.0,118.0,13216.0,1.0535714285714286,112.0,0,0,0,0
0001441829-Raw02-f_00003.jpg,numeric,0001441829,mamianmakeng,3357.0,1382.0,3415.0,1433.0,58.0,51.0,2958.0,1.1372549019607843,51.0,0,0,0,0
0001441829-Raw02-f_00003.jpg,numeric,0001441829,mamianmakeng,1114.0,1973.0,1208.0,2028.0,94.0,55.0,5170.0,1.709090909090909,55.0,0,0,0,0
0001441829-Raw02-f_00003.jpg,numeric,0001441829,mamianmakeng,1089.0,523.0,1200.0,621.0,111.0,98.0,10878.0,1.1326530612244898,98.0,0,0,0,0
0001441829-Raw02-f_00003.jpg,numeric,0001441829,mamianmakeng,1292.0,253.0,1378.0,321.0,86.0,68.0,5848.0,1.2647058823529411,68.0,0,0,0,0
0001441829-Raw02-f_00003.jpg,numeric,0001441829,mamianmakeng,1874.0,2317.0,1951.0,2365.0,77.0,48.0,3696.0,1.6041666666666667,48.0,0,0,0,0
0001441829-Raw02-f_00003.jpg,numeric,0001441829,mamianmakeng,794.0,2545.0,876.0,2628.0,82.0,83.0,6806.0,1.0121951219512195,82.0,0,0,0,0
0001441829-Raw02-f_00003.jpg,numeric,0001441829,mamianmakeng,2023.0,1332.0,2087.0,1383.0,64.0,51.0,3264.0,1.2549019607843137,51.0,0,0,0,0
0001441829-Raw02-f_00003.jpg,numeric,0001441829,mamianmakeng,2834.0,2812.0,2904.0,2864.0,70.0,52.0,3640.0,1.3461538461538463,52.0,0,0,0,0
0001441829-Raw02-f_00003.jpg,numeric,0001441829,mamianmakeng,1109.0,1253.0,1183.0,1338.0,74.0,85.0,6290.0,1.1486486486486487,74.0,0,0,0,0
0001441829-Raw02-f_00003.jpg,numeric,0001441829,mamianmakeng,1986.0,2570.0,2057.0,2617.0,71.0,47.0,3337.0,1.5106382978723405,47.0,0,0,0,0
0001441829-Raw02-f_00003.jpg,numeric,0001441829,mamianmakeng,3375.0,2149.0,3443.0,2206.0,68.0,57.0,3876.0,1.1929824561403508,57.0,0,0,0,0
0001441829-Raw02-f_00003.jpg,numeric,0001441829,mamianmakeng,3369.0,1493.0,3472.0,1610.0,103.0,117.0,12051.0,1.1359223300970873,103.0,0,0,0,0
0001441829-Raw02-f_00003.jpg,numeric,0001441829,mamianmakeng,1868.0,2890.0,1941.0,2932.0,73.0,42.0,3066.0,1.7380952380952381,42.0,0,0,0,0
0001441829-Raw02-f_00003.jpg,numeric,0001441829,mamianmakeng,956.0,2175.0,1036.0,2228.0,80.0,53.0,4240.0,1.509433962264151,53.0,0,0,0,0
0001441829-Raw02-f_00003.jpg,numeric,0001441829,mamianmakeng,1141.0,2054.0,1205.0,2097.0,64.0,43.0,2752.0,1.4883720930232558,43.0,0,0,0,0
0001441829-Raw02-f_00003.jpg,numeric,0001441829,mamianmakeng,1356.0,413.0,1394.0,506.0,38.0,93.0,3534.0,2.4473684210526314,38.0,0,0,0,0
0001441829-Raw02-f_00003.jpg,numeric,0001441829,mamianmakeng,4007.0,1416.0,4038.0,1451.0,31.0,35.0,1085.0,1.1290322580645162,31.0,0,0,0,0
0001441829-Raw02-f_00003.jpg,numeric,0001441829,mamianmakeng,2070.0,1484.0,2140.0,1510.0,70.0,26.0,1820.0,2.6923076923076925,26.0,0,0,0,0
0001441829-Raw02-f_00003.jpg,numeric,0001441829,mamianmakeng,3268.0,1495.0,3317.0,1539.0,49.0,44.0,2156.0,1.1136363636363635,44.0,0,0,0,0
0001441829-Raw02-f_00003.jpg,numeric,0001441829,mamianmakeng,1143.0,1345.0,1205.0,1391.0,62.0,46.0,2852.0,1.3478260869565217,46.0,0,0,0,0
0001441829-Raw02-f_00003.jpg,numeric,0001441829,mamianmakeng,1880.0,2964.0,1963.0,3000.0,83.0,36.0,2988.0,2.3055555555555554,36.0,0,0,0,1
0001441829-Raw02-f_00003.jpg,numeric,0001441829,mamianmakeng,2643.0,2788.0,2692.0,2829.0,49.0,41.0,2009.0,1.1951219512195121,41.0,0,0,0,0
0001441829-Raw02-f_00003.jpg,numeric,0001441829,mamianmakeng,1994.0,1114.0,2040.0,1173.0,46.0,59.0,2714.0,1.2826086956521738,46.0,0,0,0,0
0001441829-Raw02-f_00003.jpg,numeric,0001441829,mamianmakeng,3624.0,2785.0,3681.0,2850.0,57.0,65.0,3705.0,1.1403508771929824,57.0,0,0,0,0
0001441829-Raw02-f_00003.jpg,numeric,0001441829,mamianmakeng,719.0,2912.0,855.0,2998.0,136.0,86.0,11696.0,1.5813953488372092,86.0,0,0,0,1
0001441829-Raw02-f_00003.jpg,numeric,0001441829,mamianmakeng,3983.0,400.0,4012.0,421.0,29.0,21.0,609.0,1.380952380952381,21.0,0,0,0,0
0001441829-Raw02-f_00003.jpg,numeric,0001441829,mamianmakeng,1032.0,1812.0,1102.0,1862.0,70.0,50.0,3500.0,1.4,50.0,0,0,0,0
0001441829-Raw02-f_00003.jpg,numeric,0001441829,mamianmakeng,1773.0,2935.0,1816.0,2994.0,43.0,59.0,2537.0,1.372093023255814,43.0,0,0,0,1
0001441829-Raw02-f_00003.jpg,numeric,0001441829,mamianmakeng,3488.0,22.0,3566.0,75.0,78.0,53.0,4134.0,1.471698113207547,53.0,0,0,0,0
0001441829-Raw02-f_00003.jpg,numeric,0001441829,mamianmakeng,3569.0,1475.0,3646.0,1516.0,77.0,41.0,3157.0,1.8780487804878048,41.0,0,0,0,0
0001441829-Raw02-f_00004.jpg,numeric,0001441829,mamianmakeng,3643.0,1133.0,3804.0,1277.0,161.0,144.0,23184.0,1.1180555555555556,144.0,0,0,0,0
0001441829-Raw02-f_00004.jpg,numeric,0001441829,mamianmakeng,2768.0,978.0,2852.0,1055.0,84.0,77.0,6468.0,1.0909090909090908,77.0,0,0,0,0
0001441829-Raw02-f_00004.jpg,numeric,0001441829,mamianmakeng,3276.0,214.0,3373.0,314.0,97.0,100.0,9700.0,1.0309278350515463,97.0,0,0,0,0
0001441829-Raw02-f_00004.jpg,numeric,0001441829,mamianmakeng,182.0,2054.0,328.0,2174.0,146.0,120.0,17520.0,1.2166666666666666,120.0,0,0,0,0
0001441829-Raw02-f_00004.jpg,numeric,0001441829,mamianmakeng,3889.0,2271.0,3948.0,2328.0,59.0,57.0,3363.0,1.0350877192982457,57.0,0,0,0,0
0001441829-Raw02-f_00004.jpg,numeric,0001441829,mamianmakeng,81.0,2305.0,195.0,2422.0,114.0,117.0,13338.0,1.0263157894736843,114.0,0,0,0,0
0001441829-Raw02-f_00004.jpg,numeric,0001441829,mamianmakeng,62.0,183.0,166.0,306.0,104.0,123.0,12792.0,1.1826923076923077,104.0,0,0,0,0
0001441829-Raw02-f_00004.jpg,numeric,0001441829,mamianmakeng,3708.0,2678.0,3783.0,2785.0,75.0,107.0,8025.0,1.4266666666666667,75.0,0,0,0,0
0001441829-Raw02-f_00004.jpg,numeric,0001441829,mamianmakeng,3421.0,2627.0,3518.0,2709.0,97.0,82.0,7954.0,1.1829268292682926,82.0,0,0,0,0
0001441829-Raw02-f_00004.jpg,numeric,0001441829,mamianmakeng,3267.0,2332.0,3372.0,2403.0,105.0,71.0,7455.0,1.4788732394366197,71.0,0,0,0,0
0001441829-Raw02-f_00004.jpg,numeric,0001441829,mamianmakeng,780.0,749.0,863.0,846.0,83.0,97.0,8051.0,1.1686746987951808,83.0,0,0,0,0
0001441829-Raw02-f_00004.jpg,numeric,0001441829,mamianmakeng,3201.0,2756.0,3278.0,2834.0,77.0,78.0,6006.0,1.0129870129870129,77.0,0,0,0,0
0001441829-Raw02-f_00004.jpg,numeric,0001441829,mamianmakeng,3481.0,2745.0,3558.0,2814.0,77.0,69.0,5313.0,1.1159420289855073,69.0,0,0,0,0
0001441829-Raw02-f_00004.jpg,numeric,0001441829,mamianmakeng,1836.0,1494.0,1958.0,1645.0,122.0,151.0,18422.0,1.2377049180327868,122.0,0,0,0,0
0001441829-Raw02-f_00004.jpg,numeric,0001441829,mamianmakeng,2853.0,1594.0,2943.0,1705.0,90.0,111.0,9990.0,1.2333333333333334,90.0,0,0,0,0
0001441829-Raw02-f_00004.jpg,numeric,0001441829,mamianmakeng,324.0,389.0,431.0,478.0,107.0,89.0,9523.0,1.202247191011236,89.0,0,0,0,0
0001441829-Raw02-f_00004.jpg,numeric,0001441829,mamianmakeng,3286.0,774.0,3369.0,849.0,83.0,75.0,6225.0,1.1066666666666667,75.0,0,0,0,0
0001441829-Raw02-f_00004.jpg,numeric,0001441829,mamianmakeng,2908.0,2122.0,2970.0,2201.0,62.0,79.0,4898.0,1.2741935483870968,62.0,0,0,0,0
0001441829-Raw02-f_00004.jpg,numeric,0001441829,mamianmakeng,73.0,1300.0,187.0,1381.0,114.0,81.0,9234.0,1.4074074074074074,81.0,0,0,0,0
0001441829-Raw02-f_00004.jpg,numeric,0001441829,mamianmakeng,3264.0,1848.0,3326.0,1903.0,62.0,55.0,3410.0,1.1272727272727272,55.0,0,0,0,0
0001441829-Raw02-f_00004.jpg,numeric,0001441829,mamianmakeng,1939.0,1979.0,2005.0,2035.0,66.0,56.0,3696.0,1.1785714285714286,56.0,0,0,0,0
0001441829-Raw02-f_00004.jpg,numeric,0001441829,mamianmakeng,1365.0,200.0,1434.0,265.0,69.0,65.0,4485.0,1.0615384615384615,65.0,0,0,0,0
0001441829-Raw02-f_00004.jpg,numeric,0001441829,mamianmakeng,3288.0,2681.0,3358.0,2758.0,70.0,77.0,5390.0,1.1,70.0,0,0,0,0
0001441829-Raw02-f_00004.jpg,numeric,0001441829,mamianmakeng,1789.0,0.0,1963.0,74.0,174.0,74.0,12876.0,2.3513513513513513,74.0,0,0,0,1
0001441829-Raw02-f_00004.jpg,numeric,0001441829,mamianmakeng,242.0,1338.0,401.0,1502.0,159.0,164.0,26076.0,1.0314465408805031,159.0,0,0,0,0
0001441829-Raw02-f_00004.jpg,numeric,0001441829,mamianmakeng,1378.0,407.0,1431.0,450.0,53.0,43.0,2279.0,1.2325581395348837,43.0,0,0,0,0
0001441829-Raw02-f_00004.jpg,numeric,0001441829,mamianmakeng,3302.0,2179.0,3376.0,2230.0,74.0,51.0,3774.0,1.4509803921568627,51.0,0,0,0,0
0001441829-Raw02-f_00004.jpg,numeric,0001441829,mamianmakeng,358.0,705.0,426.0,764.0,68.0,59.0,4012.0,1.152542372881356,59.0,0,0,0,0
0001441829-Raw02-f_00004.jpg,numeric,0001441829,mamianmakeng,1913.0,1023.0,1972.0,1079.0,59.0,56.0,3304.0,1.0535714285714286,56.0,0,0,0,0
0001441829-Raw02-f_00004.jpg,numeric,0001441829,mamianmakeng,2673.0,1457.0,2733.0,1508.0,60.0,51.0,3060.0,1.1764705882352942,51.0,0,0,0,0
0001441829-Raw02-f_00004.jpg,numeric,0001441829,mamianmakeng,2048.0,278.0,2095.0,320.0,47.0,42.0,1974.0,1.119047619047619,42.0,0,0,0,0
0001441829-Raw02-f_00004.jpg,numeric,0001441829,mamianmakeng,0.0,2876.0,53.0,2966.0,53.0,90.0,4770.0,1.6981132075471699,53.0,0,0,0,1
0001441829-Raw02-f_00004.jpg,numeric,0001441829,mamianmakeng,3239.0,107.0,3293.0,161.0,54.0,54.0,2916.0,1.0,54.0,0,0,0,0
0001441829-Raw02-f_00004.jpg,numeric,0001441829,mamianmakeng,1255.0,1484.0,1324.0,1520.0,69.0,36.0,2484.0,1.9166666666666667,36.0,0,0,0,0
0001441829-Raw02-f_00004.jpg,numeric,0001441829,mamianmakeng,3424.0,2891.0,3479.0,2940.0,55.0,49.0,2695.0,1.1224489795918366,49.0,0,0,0,0
0001441829-Raw02-f_00004.jpg,numeric,0001441829,mamianmakeng,1182.0,225.0,1279.0,286.0,97.0,61.0,5917.0,1.5901639344262295,61.0,0,0,0,0
0001441829-Raw02-f_00004.jpg,numeric,0001441829,mamianmakeng,1932.0,1914.0,1988.0,1954.0,56.0,40.0,2240.0,1.4,40.0,0,0,0,0
0001441829-Raw02-f_00004.jpg,numeric,0001441829,mamianmakeng,1833.0,829.0,1938.0,975.0,105.0,146.0,15330.0,1.3904761904761904,105.0,0,0,0,0
0001441829-Raw02-f_00004.jpg,numeric,0001441829,mamianmakeng,1802.0,1457.0,1878.0,1506.0,76.0,49.0,3724.0,1.5510204081632653,49.0,0,0,0,0
0001441829-Raw02-f_00004.jpg,numeric,0001441829,mamianmakeng,1741.0,2422.0,1810.0,2485.0,69.0,63.0,4347.0,1.0952380952380953,63.0,0,0,0,0
0001441829-Raw02-f_00004.jpg,numeric,0001441829,mamianmakeng,3764.0,0.0,3828.0,36.0,64.0,36.0,2304.0,1.7777777777777777,36.0,0,0,0,1
0001441829-Raw02-f_00004.jpg,numeric,0001441829,mamianmakeng,3390.0,2942.0,3447.0,2995.0,57.0,53.0,3021.0,1.0754716981132075,53.0,0,0,0,1
0001441829-Raw02-f_00004.jpg,numeric,0001441829,mamianmakeng,2858.0,1425.0,2923.0,1473.0,65.0,48.0,3120.0,1.3541666666666667,48.0,0,0,0,0
0001441829-Raw02-f_00004.jpg,numeric,0001441829,mamianmakeng,0.0,2720.0,62.0,2831.0,62.0,111.0,6882.0,1.7903225806451613,62.0,0,0,0,1
0001441829-Raw02-f_00004.jpg,numeric,0001441829,mamianmakeng,3549.0,324.0,3715.0,438.0,166.0,114.0,18924.0,1.456140350877193,114.0,0,0,0,0
0001441829-Raw02-f_00004.jpg,numeric,0001441829,mamianmakeng,1079.0,331.0,1141.0,393.0,62.0,62.0,3844.0,1.0,62.0,0,0,0,0
0001441829-Raw02-f_00004.jpg,numeric,0001441829,mamianmakeng,491.0,701.0,543.0,764.0,52.0,63.0,3276.0,1.2115384615384615,52.0,0,0,0,0
0001441829-Raw02-f_00004.jpg,numeric,0001441829,mamianmakeng,251.0,2233.0,309.0,2277.0,58.0,44.0,2552.0,1.3181818181818181,44.0,0,0,0,0
0001441829-Raw02-f_00004.jpg,numeric,0001441829,mamianmakeng,370.0,500.0,416.0,544.0,46.0,44.0,2024.0,1.0454545454545454,44.0,0,0,0,0
0001441829-Raw02-f_00004.jpg,numeric,0001441829,mamianmakeng,2788.0,1954.0,2837.0,2004.0,49.0,50.0,2450.0,1.0204081632653061,49.0,0,0,0,0
0001441829-Raw02-f_00004.jpg,numeric,0001441829,mamianmakeng,1658.0,465.0,1703.0,504.0,45.0,39.0,1755.0,1.1538461538461537,39.0,0,0,0,0
0001441829-Raw02-f_00004.jpg,numeric,0001441829,mamianmakeng,3217.0,375.0,3329.0,435.0,112.0,60.0,6720.0,1.8666666666666667,60.0,0,0,0,0
0001441829-Raw02-f_00004.jpg,numeric,0001441829,mamianmakeng,1088.0,429.0,1132.0,469.0,44.0,40.0,1760.0,1.1,40.0,0,0,0,0
0001441829-Raw02-f_00004.jpg,numeric,0001441829,mamianmakeng,2758.0,1321.0,2799.0,1369.0,41.0,48.0,1968.0,1.170731707317073,41.0,0,0,0,0
0001441829-Raw02-f_00004.jpg,numeric,0001441829,mamianmakeng,320.0,318.0,382.0,371.0,62.0,53.0,3286.0,1.169811320754717,53.0,0,0,0,0
0001441829-Raw02-f_00004.jpg,numeric,0001441829,mamianmakeng,3814.0,1354.0,3859.0,1380.0,45.0,26.0,1170.0,1.7307692307692308,26.0,0,0,0,0
0001441829-Raw02-f_00004.jpg,numeric,0001441829,mamianmakeng,2687.0,2352.0,2737.0,2388.0,50.0,36.0,1800.0,1.3888888888888888,36.0,0,0,0,0
0001441829-Raw02-f_00004.jpg,numeric,0001441829,mamianmakeng,3655.0,712.0,3767.0,759.0,112.0,47.0,5264.0,2.382978723404255,47.0,0,0,0,0
0001441829-Raw02-f_00004.jpg,numeric,0001441829,mamianmakeng,3217.0,907.0,3258.0,942.0,41.0,35.0,1435.0,1.1714285714285715,35.0,0,0,0,0
0001441829-Raw02-f_00004.jpg,numeric,0001441829,mamianmakeng,816.0,614.0,876.0,655.0,60.0,41.0,2460.0,1.4634146341463414,41.0,0,0,0,0
0001441829-Raw02-f_00004.jpg,numeric,0001441829,mamianmakeng,1805.0,1284.0,1855.0,1320.0,50.0,36.0,1800.0,1.3888888888888888,36.0,0,0,0,0
0001441829-Raw02-f_00004.jpg,numeric,0001441829,mamianmakeng,1842.0,829.0,1921.0,882.0,79.0,53.0,4187.0,1.490566037735849,53.0,0,0,0,0
0001441829-Raw02-f_00004.jpg,numeric,0001441829,mamianmakeng,1184.0,426.0,1226.0,459.0,42.0,33.0,1386.0,1.2727272727272727,33.0,0,0,0,0
0001441829-Raw02-f_00004.jpg,numeric,0001441829,mamianmakeng,2671.0,1484.0,2736.0,1509.0,65.0,25.0,1625.0,2.6,25.0,0,0,0,0
0001441829-Raw02-f_00004.jpg,numeric,0001441829,mamianmakeng,1260.0,1557.0,1322.0,1606.0,62.0,49.0,3038.0,1.2653061224489797,49.0,0,0,0,0
0001441829-Raw02-f_00004.jpg,numeric,0001441829,mamianmakeng,118.0,2240.0,170.0,2294.0,52.0,54.0,2808.0,1.0384615384615385,52.0,0,0,0,0
0001441829-Raw02-f_00004.jpg,numeric,0001441829,mamianmakeng,1800.0,1484.0,1878.0,1505.0,78.0,21.0,1638.0,3.7142857142857144,21.0,0,0,0,0
0001441829-Raw02-f_00004.jpg,numeric,0001441829,mamianmakeng,2691.0,1302.0,2739.0,1387.0,48.0,85.0,4080.0,1.7708333333333333,48.0,0,0,0,0
0001441829-Raw02-f_00004.jpg,numeric,0001441829,mamianmakeng,3377.0,2388.0,3428.0,2437.0,51.0,49.0,2499.0,1.0408163265306123,49.0,0,0,0,0
0001441829-Raw02-f_00004.jpg,numeric,0001441829,mamianmakeng,1897.0,1340.0,1953.0,1386.0,56.0,46.0,2576.0,1.2173913043478262,46.0,0,0,0,0
0001441829-Raw02-f_00004.jpg,numeric,0001441829,mamianmakeng,3391.0,2825.0,3421.0,2856.0,30.0,31.0,930.0,1.0333333333333334,30.0,0,0,0,0
0001441829-Raw02-f_00005.jpg,numeric,0001441829,mamianmakeng,3568.0,852.0,3661.0,1015.0,93.0,163.0,15159.0,1.7526881720430108,93.0,0,0,0,0
0001441829-Raw02-f_00005.jpg,numeric,0001441829,mamianmakeng,91.0,671.0,197.0,809.0,106.0,138.0,14628.0,1.3018867924528301,106.0,0,0,0,0
0001441829-Raw02-f_00005.jpg,numeric,0001441829,mamianmakeng,3569.0,102.0,3685.0,232.0,116.0,130.0,15080.0,1.1206896551724137,116.0,0,0,0,0
0001441829-Raw02-f_00005.jpg,numeric,0001441829,mamianmakeng,3528.0,1689.0,3653.0,1794.0,125.0,105.0,13125.0,1.1904761904761905,105.0,0,0,0,0
0001441829-Raw02-f_00005.jpg,numeric,0001441829,mamianmakeng,298.0,1960.0,375.0,2022.0,77.0,62.0,4774.0,1.2419354838709677,62.0,0,0,0,0
0001441829-Raw02-f_00005.jpg,numeric,0001441829,mamianmakeng,185.0,29.0,271.0,113.0,86.0,84.0,7224.0,1.0238095238095237,84.0,0,0,0,0
0001441829-Raw02-f_00005.jpg,numeric,0001441829,mamianmakeng,3758.0,1270.0,3809.0,1332.0,51.0,62.0,3162.0,1.2156862745098038,51.0,0,0,0,0
0001441829-Raw02-f_00005.jpg,numeric,0001441829,mamianmakeng,1282.0,1135.0,1373.0,1218.0,91.0,83.0,7553.0,1.0963855421686748,83.0,0,0,0,0
0001441829-Raw02-f_00005.jpg,numeric,0001441829,mamianmakeng,14.0,2286.0,125.0,2367.0,111.0,81.0,8991.0,1.3703703703703705,81.0,0,0,0,1
0001441829-Raw02-f_00005.jpg,numeric,0001441829,mamianmakeng,3986.0,1907.0,4025.0,1980.0,39.0,73.0,2847.0,1.8717948717948718,39.0,0,0,0,0
0001441829-Raw02-f_00005.jpg,numeric,0001441829,mamianmakeng,3655.0,2751.0,3763.0,2864.0,108.0,113.0,12204.0,1.0462962962962963,108.0,0,0,0,0
0001441829-Raw02-f_00005.jpg,numeric,0001441829,mamianmakeng,3293.0,247.0,3351.0,326.0,58.0,79.0,4582.0,1.3620689655172413,58.0,0,0,0,0
0001441829-Raw02-f_00005.jpg,numeric,0001441829,mamianmakeng,3543.0,1159.0,3618.0,1257.0,75.0,98.0,7350.0,1.3066666666666666,75.0,0,0,0,0
0001441829-Raw02-f_00005.jpg,numeric,0001441829,mamianmakeng,3670.0,1675.0,3749.0,1751.0,79.0,76.0,6004.0,1.0394736842105263,76.0,0,0,0,0
0001441829-Raw02-f_00005.jpg,numeric,0001441829,mamianmakeng,1873.0,2453.0,1939.0,2507.0,66.0,54.0,3564.0,1.2222222222222223,54.0,0,0,0,0
0001441829-Raw02-f_00005.jpg,numeric,0001441829,mamianmakeng,245.0,749.0,314.0,832.0,69.0,83.0,5727.0,1.2028985507246377,69.0,0,0,0,0
0001441829-Raw02-f_00005.jpg,numeric,0001441829,mamianmakeng,1812.0,2823.0,1890.0,2879.0,78.0,56.0,4368.0,1.3928571428571428,56.0,0,0,0,0
0001441829-Raw02-f_00005.jpg,numeric,0001441829,mamianmakeng,326.0,441.0,394.0,495.0,68.0,54.0,3672.0,1.2592592592592593,54.0,0,0,0,0
0001441829-Raw02-f_00005.jpg,numeric,0001441829,mamianmakeng,13.0,1484.0,94.0,1525.0,81.0,41.0,3321.0,1.975609756097561,41.0,0,0,0,1
0001441829-Raw02-f_00005.jpg,numeric,0001441829,mamianmakeng,3545.0,1238.0,3681.0,1380.0,136.0,142.0,19312.0,1.0441176470588236,136.0,0,0,0,0
0001441829-Raw02-f_00005.jpg,numeric,0001441829,mamianmakeng,2839.0,2485.0,2951.0,2578.0,112.0,93.0,10416.0,1.2043010752688172,93.0,0,0,0,0
0001441829-Raw02-f_00005.jpg,numeric,0001441829,mamianmakeng,1392.0,1705.0,1443.0,1769.0,51.0,64.0,3264.0,1.2549019607843137,51.0,0,0,0,0
0001441829-Raw02-f_00005.jpg,numeric,0001441829,mamianmakeng,2385.0,2684.0,2426.0,2720.0,41.0,36.0,1476.0,1.1388888888888888,36.0,0,0,0,0
0001441829-Raw02-f_00005.jpg,numeric,0001441829,mamianmakeng,3670.0,986.0,3745.0,1028.0,75.0,42.0,3150.0,1.7857142857142858,42.0,0,0,0,0
0001441829-Raw02-f_00005.jpg,numeric,0001441829,mamianmakeng,2902.0,846.0,2957.0,896.0,55.0,50.0,2750.0,1.1,50.0,0,0,0,0
0001441829-Raw02-f_00005.jpg,numeric,0001441829,mamianmakeng,1199.0,1314.0,1266.0,1375.0,67.0,61.0,4087.0,1.098360655737705,61.0,0,0,0,0
0001441829-Raw02-f_00005.jpg,numeric,0001441829,mamianmakeng,2835.0,1206.0,2917.0,1321.0,82.0,115.0,9430.0,1.4024390243902438,82.0,0,0,0,0
0001441829-Raw02-f_00005.jpg,numeric,0001441829,mamianmakeng,3691.0,1433.0,3735.0,1474.0,44.0,41.0,1804.0,1.0731707317073171,41.0,0,0,0,0
0001441829-Raw02-f_00005.jpg,numeric,0001441829,mamianmakeng,3718.0,1514.0,3771.0,1561.0,53.0,47.0,2491.0,1.127659574468085,47.0,0,0,0,0
0001441829-Raw02-f_00005.jpg,numeric,0001441829,mamianmakeng,1723.0,1394.0,1785.0,1441.0,62.0,47.0,2914.0,1.3191489361702127,47.0,0,0,0,0
0001441829-Raw02-f_00005.jpg,numeric,0001441829,mamianmakeng,3866.0,1548.0,3907.0,1597.0,41.0,49.0,2009.0,1.1951219512195121,41.0,0,0,0,0
0001441829-Raw02-f_00005.jpg,numeric,0001441829,mamianmakeng,1821.0,581.0,1885.0,666.0,64.0,85.0,5440.0,1.328125,64.0,0,0,0,0
0001441829-Raw02-f_00005.jpg,numeric,0001441829,mamianmakeng,3689.0,1170.0,3730.0,1203.0,41.0,33.0,1353.0,1.2424242424242424,33.0,0,0,0,0
0001441829-Raw02-f_00005.jpg,numeric,0001441829,mamianmakeng,3498.0,2351.0,3592.0,2425.0,94.0,74.0,6956.0,1.2702702702702702,74.0,0,0,0,0
0001441829-Raw02-f_00005.jpg,numeric,0001441829,mamianmakeng,2848.0,1205.0,2916.0,1249.0,68.0,44.0,2992.0,1.5454545454545454,44.0,0,0,0,0
0001441829-Raw02-f_00005.jpg,numeric,0001441829,mamianmakeng,3430.0,300.0,3479.0,348.0,49.0,48.0,2352.0,1.0208333333333333,48.0,0,0,0,0
0001441829-Raw02-f_00005.jpg,numeric,0001441829,mamianmakeng,3349.0,1008.0,3394.0,1052.0,45.0,44.0,1980.0,1.0227272727272727,44.0,0,0,0,0
0001441829-Raw02-f_00005.jpg,numeric,0001441829,mamianmakeng,2508.0,2155.0,2590.0,2225.0,82.0,70.0,5740.0,1.1714285714285715,70.0,0,0,0,0
0001441829-Raw02-f_00007.jpg,numeric,0001441829,mamianmakeng,3963.0,322.0,4024.0,406.0,61.0,84.0,5124.0,1.3770491803278688,61.0,0,0,0,0
0001441829-Raw02-f_00007.jpg,numeric,0001441829,mamianmakeng,446.0,1781.0,527.0,1854.0,81.0,73.0,5913.0,1.1095890410958904,73.0,0,0,0,0
0001441829-Raw02-f_00007.jpg,numeric,0001441829,mamianmakeng,3945.0,2905.0,4014.0,2998.0,69.0,93.0,6417.0,1.3478260869565217,69.0,0,0,0,1
0001441829-Raw02-f_00007.jpg,numeric,0001441829,mamianmakeng,3940.0,960.0,4024.0,1061.0,84.0,101.0,8484.0,1.2023809523809523,84.0,0,0,0,0
0001441829-Raw02-f_00007.jpg,numeric,0001441829,mamianmakeng,3943.0,2904.0,4013.0,2944.0,70.0,40.0,2800.0,1.75,40.0,0,0,0,0
0001441829-Raw02-f_00007.jpg,numeric,0001441829,mamianmakeng,126.0,1483.0,230.0,1546.0,104.0,63.0,6552.0,1.6507936507936507,63.0,0,0,0,0
0001441829-Raw02-f_00007.jpg,numeric,0001441829,mamianmakeng,18.0,2069.0,82.0,2161.0,64.0,92.0,5888.0,1.4375,64.0,0,0,0,0
0001441829-Raw02-f_00007.jpg,numeric,0001441829,mamianmakeng,3473.0,2241.0,3579.0,2362.0,106.0,121.0,12826.0,1.1415094339622642,106.0,0,0,0,0
0001441829-Raw02-f_00007.jpg,numeric,0001441829,mamianmakeng,3473.0,2079.0,3563.0,2194.0,90.0,115.0,10350.0,1.2777777777777777,90.0,0,0,0,0
0001441829-Raw02-f_00007.jpg,numeric,0001441829,mamianmakeng,3019.0,1334.0,3106.0,1427.0,87.0,93.0,8091.0,1.0689655172413792,87.0,0,0,0,0
0001441829-Raw02-f_00007.jpg,numeric,0001441829,mamianmakeng,2911.0,1897.0,2986.0,1966.0,75.0,69.0,5175.0,1.0869565217391304,69.0,0,0,0,0
0001441829-Raw02-f_00007.jpg,numeric,0001441829,mamianmakeng,2915.0,2031.0,3023.0,2154.0,108.0,123.0,13284.0,1.1388888888888888,108.0,0,0,0,0
0001441829-Raw02-f_00007.jpg,numeric,0001441829,mamianmakeng,3268.0,1881.0,3365.0,1992.0,97.0,111.0,10767.0,1.1443298969072164,97.0,0,0,0,0
0001441829-Raw02-f_00007.jpg,numeric,0001441829,mamianmakeng,3386.0,1881.0,3506.0,1991.0,120.0,110.0,13200.0,1.0909090909090908,110.0,0,0,0,0
0001441829-Raw02-f_00007.jpg,numeric,0001441829,mamianmakeng,3602.0,1642.0,3696.0,1713.0,94.0,71.0,6674.0,1.323943661971831,71.0,0,0,0,0
0001441829-Raw02-f_00007.jpg,numeric,0001441829,mamianmakeng,3685.0,1598.0,3741.0,1653.0,56.0,55.0,3080.0,1.018181818181818,55.0,0,0,0,0
0001441829-Raw02-f_00007.jpg,numeric,0001441829,mamianmakeng,2925.0,2573.0,3050.0,2687.0,125.0,114.0,14250.0,1.0964912280701755,114.0,0,0,0,0
0001441829-Raw02-f_00007.jpg,numeric,0001441829,mamianmakeng,3164.0,2498.0,3232.0,2565.0,68.0,67.0,4556.0,1.0149253731343284,67.0,0,0,0,0
0001441829-Raw02-f_00007.jpg,numeric,0001441829,mamianmakeng,3343.0,2430.0,3428.0,2505.0,85.0,75.0,6375.0,1.1333333333333333,75.0,0,0,0,0
0001441829-Raw02-f_00007.jpg,numeric,0001441829,mamianmakeng,2918.0,2924.0,2971.0,2992.0,53.0,68.0,3604.0,1.2830188679245282,53.0,0,0,0,1
0001441829-Raw02-f_00007.jpg,numeric,0001441829,mamianmakeng,3662.0,2899.0,3762.0,2988.0,100.0,89.0,8900.0,1.1235955056179776,89.0,0,0,0,1
0001441829-Raw02-f_00007.jpg,numeric,0001441829,mamianmakeng,3336.0,2626.0,3407.0,2712.0,71.0,86.0,6106.0,1.2112676056338028,71.0,0,0,0,0
0001441829-Raw02-f_00007.jpg,numeric,0001441829,mamianmakeng,3630.0,1254.0,3741.0,1334.0,111.0,80.0,8880.0,1.3875,80.0,0,0,0,0
0001441829-Raw02-f_00007.jpg,numeric,0001441829,mamianmakeng,3626.0,1105.0,3691.0,1195.0,65.0,90.0,5850.0,1.3846153846153846,65.0,0,0,0,0
0001441829-Raw02-f_00007.jpg,numeric,0001441829,mamianmakeng,3800.0,1337.0,3883.0,1455.0,83.0,118.0,9794.0,1.4216867469879517,83.0,0,0,0,0
0001441829-Raw02-f_00007.jpg,numeric,0001441829,mamianmakeng,3605.0,643.0,3695.0,775.0,90.0,132.0,11880.0,1.4666666666666666,90.0,0,0,0,0
0001441829-Raw02-f_00007.jpg,numeric,0001441829,mamianmakeng,3350.0,456.0,3488.0,586.0,138.0,130.0,17940.0,1.0615384615384615,130.0,0,0,0,0
0001441829-Raw02-f_00007.jpg,numeric,0001441829,mamianmakeng,2887.0,533.0,2938.0,625.0,51.0,92.0,4692.0,1.803921568627451,51.0,0,0,0,0
0001441829-Raw02-f_00007.jpg,numeric,0001441829,mamianmakeng,2987.0,541.0,3064.0,606.0,77.0,65.0,5005.0,1.1846153846153846,65.0,0,0,0,0
0001441829-Raw02-f_00007.jpg,numeric,0001441829,mamianmakeng,3046.0,819.0,3113.0,886.0,67.0,67.0,4489.0,1.0,67.0,0,0,0,0
0001441829-Raw02-f_00007.jpg,numeric,0001441829,mamianmakeng,3054.0,903.0,3119.0,980.0,65.0,77.0,5005.0,1.1846153846153846,65.0,0,0,0,0
0001441829-Raw02-f_00007.jpg,numeric,0001441829,mamianmakeng,3323.0,144.0,3437.0,221.0,114.0,77.0,8778.0,1.4805194805194806,77.0,0,0,0,0
0001441829-Raw02-f_00007.jpg,numeric,0001441829,mamianmakeng,1801.0,749.0,1898.0,839.0,97.0,90.0,8730.0,1.0777777777777777,90.0,0,0,0,0
0001441829-Raw02-f_00007.jpg,numeric,0001441829,mamianmakeng,128.0,1008.0,226.0,1125.0,98.0,117.0,11466.0,1.1938775510204083,98.0,0,0,0,0
0001441829-Raw02-f_00007.jpg,numeric,0001441829,mamianmakeng,3581.0,1849.0,3637.0,1901.0,56.0,52.0,2912.0,1.0769230769230769,52.0,0,0,0,0
0001441829-Raw02-f_00007.jpg,numeric,0001441829,mamianmakeng,3783.0,1954.0,3847.0,2023.0,64.0,69.0,4416.0,1.078125,64.0,0,0,0,0
0001441829-Raw02-f_00007.jpg,numeric,0001441829,mamianmakeng,3229.0,2238.0,3278.0,2313.0,49.0,75.0,3675.0,1.530612244897959,49.0,0,0,0,0
0001441829-Raw02-f_00007.jpg,numeric,0001441829,mamianmakeng,3017.0,2234.0,3060.0,2272.0,43.0,38.0,1634.0,1.131578947368421,38.0,0,0,0,0
0001441829-Raw02-f_00007.jpg,numeric,0001441829,mamianmakeng,2833.0,2287.0,2902.0,2333.0,69.0,46.0,3174.0,1.5,46.0,0,0,0,0
0001441829-Raw02-f_00009.jpg,numeric,0001441829,mamianmakeng,3370.0,2626.0,3527.0,2819.0,157.0,193.0,30301.0,1.2292993630573248,157.0,0,0,0,0
0001441829-Raw02-f_00009.jpg,numeric,0001441829,mamianmakeng,3796.0,1816.0,3873.0,1917.0,77.0,101.0,7777.0,1.3116883116883118,77.0,0,0,0,0
0001441829-Raw02-f_00009.jpg,numeric,0001441829,mamianmakeng,3708.0,1217.0,3785.0,1284.0,77.0,67.0,5159.0,1.1492537313432836,67.0,0,0,0,0
0001441829-Raw02-f_00009.jpg,numeric,0001441829,mamianmakeng,2748.0,2273.0,2828.0,2375.0,80.0,102.0,8160.0,1.275,80.0,0,0,0,0
0001441829-Raw02-f_00009.jpg,numeric,0001441829,mamianmakeng,891.0,0.0,1014.0,63.0,123.0,63.0,7749.0,1.9523809523809523,63.0,0,0,0,1
0001441829-Raw02-f_00009.jpg,numeric,0001441829,mamianmakeng,3301.0,1120.0,3422.0,1231.0,121.0,111.0,13431.0,1.09009009009009,111.0,0,0,0,0
0001441829-Raw02-f_00009.jpg,numeric,0001441829,mamianmakeng,1885.0,1182.0,2007.0,1317.0,122.0,135.0,16470.0,1.1065573770491803,122.0,0,0,0,0
0001441829-Raw02-f_00009.jpg,numeric,0001441829,mamianmakeng,2788.0,2846.0,2872.0,2943.0,84.0,97.0,8148.0,1.1547619047619047,84.0,0,0,0,0
0001441829-Raw02-f_00009.jpg,numeric,0001441829,mamianmakeng,2800.0,1272.0,2932.0,1485.0,132.0,213.0,28116.0,1.6136363636363635,132.0,0,0,0,0
0001441829-Raw02-f_00009.jpg,numeric,0001441829,mamianmakeng,797.0,179.0,874.0,256.0,77.0,77.0,5929.0,1.0,77.0,0,0,0,0
0001441829-Raw02-f_00009.jpg,numeric,0001441829,mamianmakeng,723.0,779.0,849.0,931.0,126.0,152.0,19152.0,1.2063492063492063,126.0,0,0,0,0
0001441829-Raw02-f_00009.jpg,numeric,0001441829,mamianmakeng,3629.0,241.0,3721.0,310.0,92.0,69.0,6348.0,1.3333333333333333,69.0,0,0,0,0
0001441829-Raw02-f_00009.jpg,numeric,0001441829,mamianmakeng,3838.0,62.0,3980.0,177.0,142.0,115.0,16330.0,1.2347826086956522,115.0,0,0,0,0
0001441829-Raw02-f_00009.jpg,numeric,0001441829,mamianmakeng,3502.0,579.0,3594.0,717.0,92.0,138.0,12696.0,1.5,92.0,0,0,0,0
0001441829-Raw02-f_00009.jpg,numeric,0001441829,mamianmakeng,3212.0,23.0,3299.0,87.0,87.0,64.0,5568.0,1.359375,64.0,0,0,0,0
0001441829-Raw02-f_00009.jpg,numeric,0001441829,mamianmakeng,3226.0,206.0,3287.0,264.0,61.0,58.0,3538.0,1.0517241379310345,58.0,0,0,0,0
0001441829-Raw02-f_00009.jpg,numeric,0001441829,mamianmakeng,3960.0,310.0,4021.0,418.0,61.0,108.0,6588.0,1.7704918032786885,61.0,0,0,0,0
0001441829-Raw02-f_00009.jpg,numeric,0001441829,mamianmakeng,1704.0,771.0,1828.0,878.0,124.0,107.0,13268.0,1.158878504672897,107.0,0,0,0,0
0001441829-Raw02-f_00009.jpg,numeric,0001441829,mamianmakeng,3349.0,2844.0,3420.0,2894.0,71.0,50.0,3550.0,1.42,50.0,0,0,0,0
0001441829-Raw02-f_00009.jpg,numeric,0001441829,mamianmakeng,360.0,2290.0,471.0,2380.0,111.0,90.0,9990.0,1.2333333333333334,90.0,0,0,0,0
0001441829-Raw02-f_00009.jpg,numeric,0001441829,mamianmakeng,3496.0,1958.0,3670.0,2137.0,174.0,179.0,31146.0,1.028735632183908,174.0,0,0,0,0
0001441829-Raw02-f_00009.jpg,numeric,0001441829,mamianmakeng,1776.0,1001.0,1855.0,1082.0,79.0,81.0,6399.0,1.0253164556962024,79.0,0,0,0,0
0001441829-Raw02-f_00009.jpg,numeric,0001441829,mamianmakeng,3758.0,2643.0,3809.0,2698.0,51.0,55.0,2805.0,1.0784313725490196,51.0,0,0,0,0
0001441829-Raw02-f_00009.jpg,numeric,0001441829,mamianmakeng,245.0,82.0,321.0,169.0,76.0,87.0,6612.0,1.144736842105263,76.0,0,0,0,0
0001441829-Raw02-f_00009.jpg,numeric,0001441829,mamianmakeng,2845.0,1708.0,2907.0,1777.0,62.0,69.0,4278.0,1.1129032258064515,62.0,0,0,0,0
0001441829-Raw02-f_00009.jpg,numeric,0001441829,mamianmakeng,188.0,2651.0,296.0,2730.0,108.0,79.0,8532.0,1.3670886075949367,79.0,0,0,0,0
0001441829-Raw02-f_00009.jpg,numeric,0001441829,mamianmakeng,3396.0,1664.0,3456.0,1740.0,60.0,76.0,4560.0,1.2666666666666666,60.0,0,0,0,0
0001441829-Raw02-f_00009.jpg,numeric,0001441829,mamianmakeng,1721.0,557.0,1820.0,637.0,99.0,80.0,7920.0,1.2375,80.0,0,0,0,0
0001441829-Raw02-f_00009.jpg,numeric,0001441829,mamianmakeng,3742.0,2564.0,3788.0,2603.0,46.0,39.0,1794.0,1.1794871794871795,39.0,0,0,0,0
0001441829-Raw02-f_00009.jpg,numeric,0001441829,mamianmakeng,2732.0,1764.0,2808.0,1836.0,76.0,72.0,5472.0,1.0555555555555556,72.0,0,0,0,0
0001441829-Raw02-f_00009.jpg,numeric,0001441829,mamianmakeng,3621.0,1762.0,3685.0,1855.0,64.0,93.0,5952.0,1.453125,64.0,0,0,0,0
0001441829-Raw02-f_00009.jpg,numeric,0001441829,mamianmakeng,3227.0,2526.0,3291.0,2583.0,64.0,57.0,3648.0,1.1228070175438596,57.0,0,0,0,0
0001441829-Raw02-f_00009.jpg,numeric,0001441829,mamianmakeng,3993.0,444.0,4025.0,517.0,32.0,73.0,2336.0,2.28125,32.0,0,0,0,0
0001441829-Raw02-f_00009.jpg,numeric,0001441829,mamianmakeng,1712.0,456.0,1813.0,541.0,101.0,85.0,8585.0,1.188235294117647,85.0,0,0,0,0
0001441829-Raw02-f_00009.jpg,numeric,0001441829,mamianmakeng,1718.0,268.0,1871.0,368.0,153.0,100.0,15300.0,1.53,100.0,0,0,0,0
0001441829-Raw02-f_00009.jpg,numeric,0001441829,mamianmakeng,2800.0,808.0,2865.0,864.0,65.0,56.0,3640.0,1.1607142857142858,56.0,0,0,0,0
0001441829-Raw02-f_00009.jpg,numeric,0001441829,mamianmakeng,2851.0,437.0,2949.0,561.0,98.0,124.0,12152.0,1.2653061224489797,98.0,0,0,0,0
0001441829-Raw02-f_00009.jpg,numeric,0001441829,mamianmakeng,1064.0,1705.0,1120.0,1765.0,56.0,60.0,3360.0,1.0714285714285714,56.0,0,0,0,0
0001441829-Raw02-f_00009.jpg,numeric,0001441829,mamianmakeng,187.0,234.0,260.0,324.0,73.0,90.0,6570.0,1.2328767123287672,73.0,0,0,0,0
0001441829-Raw02-f_00009.jpg,numeric,0001441829,mamianmakeng,2806.0,910.0,2875.0,954.0,69.0,44.0,3036.0,1.5681818181818181,44.0,0,0,0,0
0001441829-Raw02-f_00009.jpg,numeric,0001441829,mamianmakeng,3347.0,749.0,3419.0,821.0,72.0,72.0,5184.0,1.0,72.0,0,0,0,0
0001441829-Raw02-f_00009.jpg,numeric,0001441829,mamianmakeng,3432.0,2496.0,3504.0,2558.0,72.0,62.0,4464.0,1.1612903225806452,62.0,0,0,0,0
0001441829-Raw02-f_00009.jpg,numeric,0001441829,mamianmakeng,975.0,900.0,1101.0,1015.0,126.0,115.0,14490.0,1.0956521739130434,115.0,0,0,0,0
0001441829-Raw02-f_00009.jpg,numeric,0001441829,mamianmakeng,1801.0,370.0,1869.0,426.0,68.0,56.0,3808.0,1.2142857142857142,56.0,0,0,0,0
0001441829-Raw02-f_00009.jpg,numeric,0001441829,mamianmakeng,1800.0,1178.0,1844.0,1234.0,44.0,56.0,2464.0,1.2727272727272727,44.0,0,0,0,0
0001441829-Raw02-f_00009.jpg,numeric,0001441829,mamianmakeng,3596.0,2193.0,3657.0,2238.0,61.0,45.0,2745.0,1.3555555555555556,45.0,0,0,0,0
0001441829-Raw02-f_00009.jpg,numeric,0001441829,mamianmakeng,198.0,462.0,252.0,517.0,54.0,55.0,2970.0,1.0185185185185186,54.0,0,0,0,0
0001441829-Raw02-f_00009.jpg,numeric,0001441829,mamianmakeng,3276.0,2249.0,3334.0,2290.0,58.0,41.0,2378.0,1.4146341463414633,41.0,0,0,0,0
0001441829-Raw02-f_00009.jpg,numeric,0001441829,mamianmakeng,390.0,2009.0,452.0,2059.0,62.0,50.0,3100.0,1.24,50.0,0,0,0,0
0001441829-Raw02-f_00009.jpg,numeric,0001441829,mamianmakeng,1885.0,2127.0,1945.0,2164.0,60.0,37.0,2220.0,1.6216216216216217,37.0,0,0,0,0
0001441829-Raw02-f_00009.jpg,numeric,0001441829,mamianmakeng,3452.0,2377.0,3546.0,2468.0,94.0,91.0,8554.0,1.032967032967033,91.0,0,0,0,0
0001441829-Raw02-f_00009.jpg,numeric,0001441829,mamianmakeng,3516.0,1803.0,3573.0,1844.0,57.0,41.0,2337.0,1.3902439024390243,41.0,0,0,0,0
0001441829-Raw02-f_00009.jpg,numeric,0001441829,mamianmakeng,2778.0,1225.0,2827.0,1275.0,49.0,50.0,2450.0,1.0204081632653061,49.0,0,0,0,0
0001441829-Raw02-f_00009.jpg,numeric,0001441829,mamianmakeng,2799.0,2088.0,2901.0,2176.0,102.0,88.0,8976.0,1.1590909090909092,88.0,0,0,0,0
0001441829-Raw02-f_00009.jpg,numeric,0001441829,mamianmakeng,1075.0,1922.0,1119.0,1966.0,44.0,44.0,1936.0,1.0,44.0,0,0,0,0
0001441829-Raw02-f_00009.jpg,numeric,0001441829,mamianmakeng,1845.0,170.0,1906.0,215.0,61.0,45.0,2745.0,1.3555555555555556,45.0,0,0,0,0
0001441829-Raw02-f_00009.jpg,numeric,0001441829,mamianmakeng,3618.0,630.0,3692.0,670.0,74.0,40.0,2960.0,1.85,40.0,0,0,0,0
0001441829-Raw02-f_00009.jpg,numeric,0001441829,mamianmakeng,3344.0,971.0,3392.0,1005.0,48.0,34.0,1632.0,1.411764705882353,34.0,0,0,0,0
0001441829-Raw02-f_00009.jpg,numeric,0001441829,mamianmakeng,2743.0,300.0,2791.0,346.0,48.0,46.0,2208.0,1.0434782608695652,46.0,0,0,0,0
0001441829-Raw02-f_00009.jpg,numeric,0001441829,mamianmakeng,3036.0,2515.0,3079.0,2545.0,43.0,30.0,1290.0,1.4333333333333333,30.0,0,0,0,0
0001441829-Raw02-f_00009.jpg,numeric,0001441829,mamianmakeng,1904.0,2247.0,1960.0,2292.0,56.0,45.0,2520.0,1.2444444444444445,45.0,0,0,0,0
0001441829-Raw02-f_00009.jpg,numeric,0001441829,mamianmakeng,2960.0,735.0,2999.0,763.0,39.0,28.0,1092.0,1.3928571428571428,28.0,0,0,0,0
0001441829-Raw02-f_00009.jpg,numeric,0001441829,mamianmakeng,1050.0,1620.0,1100.0,1666.0,50.0,46.0,2300.0,1.0869565217391304,46.0,0,0,0,0
0001441829-Raw02-f_00010.jpg,numeric,0001441829,mamianmakeng,3850.0,2605.0,3987.0,2715.0,137.0,110.0,15070.0,1.2454545454545454,110.0,0,0,0,0
0001441829-Raw02-f_00010.jpg,numeric,0001441829,mamianmakeng,3708.0,904.0,3809.0,996.0,101.0,92.0,9292.0,1.0978260869565217,92.0,0,0,0,0
0001441829-Raw02-f_00010.jpg,numeric,0001441829,mamianmakeng,362.0,135.0,480.0,242.0,118.0,107.0,12626.0,1.102803738317757,107.0,0,0,0,0
0001441829-Raw02-f_00010.jpg,numeric,0001441829,mamianmakeng,532.0,1837.0,637.0,1975.0,105.0,138.0,14490.0,1.3142857142857143,105.0,0,0,0,0
0001441829-Raw02-f_00010.jpg,numeric,0001441829,mamianmakeng,1356.0,1654.0,1445.0,1797.0,89.0,143.0,12727.0,1.6067415730337078,89.0,0,0,0,0
0001441829-Raw02-f_00010.jpg,numeric,0001441829,mamianmakeng,3875.0,2751.0,3940.0,2807.0,65.0,56.0,3640.0,1.1607142857142858,56.0,0,0,0,0
0001441829-Raw02-f_00010.jpg,numeric,0001441829,mamianmakeng,3518.0,303.0,3663.0,482.0,145.0,179.0,25955.0,1.2344827586206897,145.0,0,0,0,0
0001441829-Raw02-f_00010.jpg,numeric,0001441829,mamianmakeng,637.0,866.0,733.0,958.0,96.0,92.0,8832.0,1.0434782608695652,92.0,0,0,0,0
0001441829-Raw02-f_00010.jpg,numeric,0001441829,mamianmakeng,2880.0,878.0,2975.0,984.0,95.0,106.0,10070.0,1.1157894736842104,95.0,0,0,0,0
0001441829-Raw02-f_00010.jpg,numeric,0001441829,mamianmakeng,2843.0,75.0,2924.0,169.0,81.0,94.0,7614.0,1.1604938271604939,81.0,0,0,0,0
0001441829-Raw02-f_00010.jpg,numeric,0001441829,mamianmakeng,3242.0,2530.0,3364.0,2621.0,122.0,91.0,11102.0,1.3406593406593406,91.0,0,0,0,0
0001441829-Raw02-f_00010.jpg,numeric,0001441829,mamianmakeng,1831.0,610.0,1930.0,666.0,99.0,56.0,5544.0,1.7678571428571428,56.0,0,0,0,0
0001441829-Raw02-f_00010.jpg,numeric,0001441829,mamianmakeng,399.0,658.0,482.0,741.0,83.0,83.0,6889.0,1.0,83.0,0,0,0,0
0001441829-Raw02-f_00010.jpg,numeric,0001441829,mamianmakeng,3325.0,2209.0,3468.0,2365.0,143.0,156.0,22308.0,1.0909090909090908,143.0,0,0,0,0
0001441829-Raw02-f_00010.jpg,numeric,0001441829,mamianmakeng,2826.0,2718.0,2946.0,2804.0,120.0,86.0,10320.0,1.3953488372093024,86.0,0,0,0,0
0001441829-Raw02-f_00010.jpg,numeric,0001441829,mamianmakeng,3442.0,2.0,3642.0,193.0,200.0,191.0,38200.0,1.0471204188481675,191.0,0,0,0,1
0001441829-Raw02-f_00010.jpg,numeric,0001441829,mamianmakeng,2755.0,2500.0,2833.0,2612.0,78.0,112.0,8736.0,1.435897435897436,78.0,0,0,0,0
0001441829-Raw02-f_00010.jpg,numeric,0001441829,mamianmakeng,408.0,1.0,515.0,68.0,107.0,67.0,7169.0,1.5970149253731343,67.0,0,0,0,1
0001441829-Raw02-f_00010.jpg,numeric,0001441829,mamianmakeng,1322.0,1651.0,1384.0,1801.0,62.0,150.0,9300.0,2.4193548387096775,62.0,0,0,0,0
0001441829-Raw02-f_00010.jpg,numeric,0001441829,mamianmakeng,3370.0,1935.0,3491.0,2062.0,121.0,127.0,15367.0,1.0495867768595042,121.0,0,0,0,0
0001441829-Raw02-f_00010.jpg,numeric,0001441829,mamianmakeng,3577.0,768.0,3675.0,901.0,98.0,133.0,13034.0,1.3571428571428572,98.0,0,0,0,0
0001441829-Raw02-f_00010.jpg,numeric,0001441829,mamianmakeng,3181.0,584.0,3281.0,691.0,100.0,107.0,10700.0,1.07,100.0,0,0,0,0
0001441829-Raw02-f_00010.jpg,numeric,0001441829,mamianmakeng,701.0,630.0,799.0,740.0,98.0,110.0,10780.0,1.1224489795918366,98.0,0,0,0,0
0001441829-Raw02-f_00010.jpg,numeric,0001441829,mamianmakeng,645.0,410.0,781.0,511.0,136.0,101.0,13736.0,1.3465346534653466,101.0,0,0,0,0
0001441829-Raw02-f_00010.jpg,numeric,0001441829,mamianmakeng,771.0,942.0,866.0,1070.0,95.0,128.0,12160.0,1.3473684210526315,95.0,0,0,0,0
0001441829-Raw02-f_00010.jpg,numeric,0001441829,mamianmakeng,1367.0,2786.0,1430.0,2872.0,63.0,86.0,5418.0,1.3650793650793651,63.0,0,0,0,0
0001441829-Raw02-f_00010.jpg,numeric,0001441829,mamianmakeng,1815.0,340.0,1922.0,426.0,107.0,86.0,9202.0,1.244186046511628,86.0,0,0,0,0
0001441829-Raw02-f_00010.jpg,numeric,0001441829,mamianmakeng,3351.0,2720.0,3435.0,2797.0,84.0,77.0,6468.0,1.0909090909090908,77.0,0,0,0,0
0001441829-Raw02-f_00010.jpg,numeric,0001441829,mamianmakeng,2774.0,2167.0,2851.0,2226.0,77.0,59.0,4543.0,1.305084745762712,59.0,0,0,0,0
0001441829-Raw02-f_00010.jpg,numeric,0001441829,mamianmakeng,1814.0,827.0,1895.0,895.0,81.0,68.0,5508.0,1.1911764705882353,68.0,0,0,0,0
0001441829-Raw02-f_00010.jpg,numeric,0001441829,mamianmakeng,2824.0,245.0,2888.0,318.0,64.0,73.0,4672.0,1.140625,64.0,0,0,0,0
0001441829-Raw02-f_00010.jpg,numeric,0001441829,mamianmakeng,1402.0,2703.0,1476.0,2780.0,74.0,77.0,5698.0,1.0405405405405406,74.0,0,0,0,0
0001441829-Raw02-f_00010.jpg,numeric,0001441829,mamianmakeng,1807.0,1028.0,1883.0,1095.0,76.0,67.0,5092.0,1.1343283582089552,67.0,0,0,0,0
0001441829-Raw02-f_00010.jpg,numeric,0001441829,mamianmakeng,1063.0,1584.0,1131.0,1643.0,68.0,59.0,4012.0,1.152542372881356,59.0,0,0,0,0
0001441829-Raw02-f_00010.jpg,numeric,0001441829,mamianmakeng,3704.0,1935.0,3764.0,1985.0,60.0,50.0,3000.0,1.2,50.0,0,0,0,0
0001441829-Raw02-f_00010.jpg,numeric,0001441829,mamianmakeng,669.0,1146.0,823.0,1247.0,154.0,101.0,15554.0,1.5247524752475248,101.0,0,0,0,0
0001441829-Raw02-f_00010.jpg,numeric,0001441829,mamianmakeng,1792.0,450.0,1851.0,514.0,59.0,64.0,3776.0,1.0847457627118644,59.0,0,0,0,0
0001441829-Raw02-f_00010.jpg,numeric,0001441829,mamianmakeng,3102.0,2101.0,3182.0,2167.0,80.0,66.0,5280.0,1.2121212121212122,66.0,0,0,0,0
0001441829-Raw02-f_00010.jpg,numeric,0001441829,mamianmakeng,1847.0,521.0,1916.0,584.0,69.0,63.0,4347.0,1.0952380952380953,63.0,0,0,0,0
0001441829-Raw02-f_00010.jpg,numeric,0001441829,mamianmakeng,3191.0,392.0,3261.0,457.0,70.0,65.0,4550.0,1.0769230769230769,65.0,0,0,0,0
0001441829-Raw02-f_00010.jpg,numeric,0001441829,mamianmakeng,3402.0,1861.0,3461.0,1936.0,59.0,75.0,4425.0,1.271186440677966,59.0,0,0,0,0
0001441829-Raw02-f_00010.jpg,numeric,0001441829,mamianmakeng,3224.0,1895.0,3264.0,1964.0,40.0,69.0,2760.0,1.725,40.0,0,0,0,0
0001441829-Raw02-f_00010.jpg,numeric,0001441829,mamianmakeng,3532.0,2666.0,3587.0,2717.0,55.0,51.0,2805.0,1.0784313725490196,51.0,0,0,0,0
0001441829-Raw02-f_00010.jpg,numeric,0001441829,mamianmakeng,3310.0,1324.0,3415.0,1404.0,105.0,80.0,8400.0,1.3125,80.0,0,0,0,0
0001441829-Raw02-f_00010.jpg,numeric,0001441829,mamianmakeng,2017.0,2748.0,2064.0,2801.0,47.0,53.0,2491.0,1.127659574468085,47.0,0,0,0,0
0001441829-Raw02-f_00010.jpg,numeric,0001441829,mamianmakeng,1786.0,2372.0,1863.0,2437.0,77.0,65.0,5005.0,1.1846153846153846,65.0,0,0,0,0
0001441829-Raw02-f_00010.jpg,numeric,0001441829,mamianmakeng,2971.0,1028.0,3020.0,1084.0,49.0,56.0,2744.0,1.1428571428571428,49.0,0,0,0,0
0001441829-Raw02-f_00010.jpg,numeric,0001441829,mamianmakeng,3560.0,952.0,3619.0,1025.0,59.0,73.0,4307.0,1.2372881355932204,59.0,0,0,0,0
0001441829-Raw02-f_00010.jpg,numeric,0001441829,mamianmakeng,1138.0,2001.0,1190.0,2051.0,52.0,50.0,2600.0,1.04,50.0,0,0,0,0
0001441829-Raw02-f_00010.jpg,numeric,0001441829,mamianmakeng,3269.0,1553.0,3333.0,1603.0,64.0,50.0,3200.0,1.28,50.0,0,0,0,0
0001441829-Raw02-f_00010.jpg,numeric,0001441829,mamianmakeng,3227.0,1644.0,3381.0,1849.0,154.0,205.0,31570.0,1.3311688311688312,154.0,0,0,0,0
0001441829-Raw02-f_00010.jpg,numeric,0001441829,mamianmakeng,3303.0,2467.0,3370.0,2508.0,67.0,41.0,2747.0,1.6341463414634145,41.0,0,0,0,0
0001441829-Raw02-f_00010.jpg,numeric,0001441829,mamianmakeng,3165.0,2270.0,3231.0,2320.0,66.0,50.0,3300.0,1.32,50.0,0,0,0,0
0001441829-Raw02-f_00010.jpg,numeric,0001441829,mamianmakeng,4015.0,1249.0,4045.0,1291.0,30.0,42.0,1260.0,1.4,30.0,0,0,0,0
0001441829-Raw02-f_00010.jpg,numeric,0001441829,mamianmakeng,3340.0,1239.0,3426.0,1309.0,86.0,70.0,6020.0,1.2285714285714286,70.0,0,0,0,0
0001441829-Raw02-f_00010.jpg,numeric,0001441829,mamianmakeng,3597.0,1267.0,3675.0,1335.0,78.0,68.0,5304.0,1.1470588235294117,68.0,0,0,0,0
0001441829-Raw02-f_00010.jpg,numeric,0001441829,mamianmakeng,1986.0,2578.0,2033.0,2613.0,47.0,35.0,1645.0,1.3428571428571427,35.0,0,0,0,0
0001441829-Raw02-f_00010.jpg,numeric,0001441829,mamianmakeng,3625.0,1484.0,3681.0,1527.0,56.0,43.0,2408.0,1.302325581395349,43.0,0,0,0,0
0001441829-Raw02-f_00010.jpg,numeric,0001441829,mamianmakeng,3127.0,865.0,3179.0,921.0,52.0,56.0,2912.0,1.0769230769230769,52.0,0,0,0,0
0001441829-Raw02-f_00010.jpg,numeric,0001441829,mamianmakeng,1004.0,1498.0,1078.0,1554.0,74.0,56.0,4144.0,1.3214285714285714,56.0,0,0,0,0
0001441829-Raw02-f_00010.jpg,numeric,0001441829,mamianmakeng,1309.0,1522.0,1378.0,1567.0,69.0,45.0,3105.0,1.5333333333333334,45.0,0,0,0,0
0001441829-Raw02-f_00010.jpg,numeric,0001441829,mamianmakeng,860.0,2339.0,911.0,2383.0,51.0,44.0,2244.0,1.1590909090909092,44.0,0,0,0,0
0001441829-Raw02-f_00010.jpg,numeric,0001441829,mamianmakeng,3648.0,2456.0,3696.0,2505.0,48.0,49.0,2352.0,1.0208333333333333,48.0,0,0,0,0
0001441829-Raw02-f_00010.jpg,numeric,0001441829,mamianmakeng,3425.0,2785.0,3481.0,2829.0,56.0,44.0,2464.0,1.2727272727272727,44.0,0,0,0,0
0001441829-Raw02-f_00010.jpg,numeric,0001441829,mamianmakeng,1792.0,2760.0,1854.0,2808.0,62.0,48.0,2976.0,1.2916666666666667,48.0,0,0,0,0
0001441829-Raw02-f_00010.jpg,numeric,0001441829,mamianmakeng,1788.0,734.0,1844.0,784.0,56.0,50.0,2800.0,1.12,50.0,0,0,0,0
0001441829-Raw02-f_00010.jpg,numeric,0001441829,mamianmakeng,3423.0,2944.0,3502.0,2999.0,79.0,55.0,4345.0,1.4363636363636363,55.0,0,0,0,1
0001441829-Raw02-f_00010.jpg,numeric,0001441829,mamianmakeng,796.0,1838.0,850.0,1894.0,54.0,56.0,3024.0,1.037037037037037,54.0,0,0,0,0
0001441829-Raw02-f_00010.jpg,numeric,0001441829,mamianmakeng,2816.0,2379.0,2877.0,2429.0,61.0,50.0,3050.0,1.22,50.0,0,0,0,0
0001441829-Raw02-f_00010.jpg,numeric,0001441829,mamianmakeng,845.0,2849.0,930.0,2928.0,85.0,79.0,6715.0,1.0759493670886076,79.0,0,0,0,0
0001441829-Raw02-f_00010.jpg,numeric,0001441829,mamianmakeng,3651.0,1590.0,3704.0,1637.0,53.0,47.0,2491.0,1.127659574468085,47.0,0,0,0,0
0001441829-Raw02-f_00010.jpg,numeric,0001441829,mamianmakeng,1756.0,396.0,1805.0,429.0,49.0,33.0,1617.0,1.4848484848484849,33.0,0,0,0,0
0001441829-Raw02-f_00010.jpg,numeric,0001441829,mamianmakeng,1900.0,2557.0,1936.0,2596.0,36.0,39.0,1404.0,1.0833333333333333,36.0,0,0,0,0
0001441829-Raw02-f_00010.jpg,numeric,0001441829,mamianmakeng,844.0,2787.0,906.0,2846.0,62.0,59.0,3658.0,1.0508474576271187,59.0,0,0,0,0
0001441829-Raw02-f_00010.jpg,numeric,0001441829,mamianmakeng,2747.0,1908.0,2794.0,1956.0,47.0,48.0,2256.0,1.0212765957446808,47.0,0,0,0,0
0001441829-Raw02-f_00010.jpg,numeric,0001441829,mamianmakeng,142.0,22.0,191.0,82.0,49.0,60.0,2940.0,1.2244897959183674,49.0,0,0,0,0
0001441829-Raw02-f_00010.jpg,numeric,0001441829,mamianmakeng,1058.0,1163.0,1108.0,1201.0,50.0,38.0,1900.0,1.3157894736842106,38.0,0,0,0,0
0001441829-Raw02-f_00010.jpg,numeric,0001441829,mamianmakeng,3435.0,2899.0,3486.0,2934.0,51.0,35.0,1785.0,1.457142857142857,35.0,0,0,0,0
0001441829-Raw02-f_00010.jpg,numeric,0001441829,mamianmakeng,3150.0,2013.0,3211.0,2059.0,61.0,46.0,2806.0,1.326086956521739,46.0,0,0,0,0
0001441829-Raw02-f_00010.jpg,numeric,0001441829,mamianmakeng,700.0,128.0,789.0,192.0,89.0,64.0,5696.0,1.390625,64.0,0,0,0,0
0001441829-Raw02-f_00010.jpg,numeric,0001441829,mamianmakeng,3589.0,693.0,3659.0,764.0,70.0,71.0,4970.0,1.0142857142857142,70.0,0,0,0,0
0001441829-Raw02-f_00011.jpg,numeric,0001441829,mamianmakeng,3841.0,1323.0,3946.0,1418.0,105.0,95.0,9975.0,1.105263157894737,95.0,0,0,0,0
0001441829-Raw02-f_00011.jpg,numeric,0001441829,mamianmakeng,3699.0,2626.0,3804.0,2723.0,105.0,97.0,10185.0,1.0824742268041236,97.0,0,0,0,0
0001441829-Raw02-f_00011.jpg,numeric,0001441829,mamianmakeng,3985.0,6.0,4077.0,133.0,92.0,127.0,11684.0,1.3804347826086956,92.0,0,0,0,1
0001441829-Raw02-f_00011.jpg,numeric,0001441829,mamianmakeng,2841.0,325.0,2962.0,467.0,121.0,142.0,17182.0,1.1735537190082646,121.0,0,0,0,0
0001441829-Raw02-f_00011.jpg,numeric,0001441829,mamianmakeng,2710.0,2419.0,2797.0,2526.0,87.0,107.0,9309.0,1.2298850574712643,87.0,0,0,0,0
0001441829-Raw02-f_00011.jpg,numeric,0001441829,mamianmakeng,510.0,2338.0,571.0,2397.0,61.0,59.0,3599.0,1.0338983050847457,59.0,0,0,0,0
0001441829-Raw02-f_00011.jpg,numeric,0001441829,mamianmakeng,3674.0,2467.0,3745.0,2549.0,71.0,82.0,5822.0,1.1549295774647887,71.0,0,0,0,0
0001441829-Raw02-f_00011.jpg,numeric,0001441829,mamianmakeng,3786.0,2542.0,3853.0,2629.0,67.0,87.0,5829.0,1.2985074626865671,67.0,0,0,0,0
0001441829-Raw02-f_00011.jpg,numeric,0001441829,mamianmakeng,1018.0,1328.0,1135.0,1410.0,117.0,82.0,9594.0,1.4268292682926829,82.0,0,0,0,0
0001441829-Raw02-f_00011.jpg,numeric,0001441829,mamianmakeng,3666.0,2391.0,3731.0,2448.0,65.0,57.0,3705.0,1.1403508771929824,57.0,0,0,0,0
0001441829-Raw02-f_00011.jpg,numeric,0001441829,mamianmakeng,2835.0,36.0,2928.0,108.0,93.0,72.0,6696.0,1.2916666666666667,72.0,0,0,0,0
0001441829-Raw02-f_00011.jpg,numeric,0001441829,mamianmakeng,3029.0,568.0,3090.0,648.0,61.0,80.0,4880.0,1.3114754098360655,61.0,0,0,0,0
0001441829-Raw02-f_00011.jpg,numeric,0001441829,mamianmakeng,1835.0,1326.0,1904.0,1377.0,69.0,51.0,3519.0,1.3529411764705883,51.0,0,0,0,0
0001441829-Raw02-f_00011.jpg,numeric,0001441829,mamianmakeng,3501.0,191.0,3585.0,265.0,84.0,74.0,6216.0,1.135135135135135,74.0,0,0,0,0
0001441829-Raw02-f_00011.jpg,numeric,0001441829,mamianmakeng,2665.0,2437.0,2740.0,2526.0,75.0,89.0,6675.0,1.1866666666666668,75.0,0,0,0,0
0001441829-Raw02-f_00011.jpg,numeric,0001441829,mamianmakeng,829.0,0.0,926.0,43.0,97.0,43.0,4171.0,2.255813953488372,43.0,0,0,0,1
0001441829-Raw02-f_00011.jpg,numeric,0001441829,mamianmakeng,3443.0,399.0,3540.0,463.0,97.0,64.0,6208.0,1.515625,64.0,0,0,0,0
0001441829-Raw02-f_00011.jpg,numeric,0001441829,mamianmakeng,1253.0,1371.0,1324.0,1489.0,71.0,118.0,8378.0,1.6619718309859155,71.0,0,0,0,0
0001441829-Raw02-f_00011.jpg,numeric,0001441829,mamianmakeng,3570.0,2026.0,3641.0,2078.0,71.0,52.0,3692.0,1.3653846153846154,52.0,0,0,0,0
0001441829-Raw02-f_00011.jpg,numeric,0001441829,mamianmakeng,1046.0,1239.0,1134.0,1294.0,88.0,55.0,4840.0,1.6,55.0,0,0,0,0
0001441829-Raw02-f_00011.jpg,numeric,0001441829,mamianmakeng,3607.0,1603.0,3675.0,1726.0,68.0,123.0,8364.0,1.8088235294117647,68.0,0,0,0,0
0001441829-Raw02-f_00011.jpg,numeric,0001441829,mamianmakeng,3319.0,345.0,3383.0,406.0,64.0,61.0,3904.0,1.0491803278688525,61.0,0,0,0,0
0001441829-Raw02-f_00011.jpg,numeric,0001441829,mamianmakeng,2583.0,1496.0,2624.0,1544.0,41.0,48.0,1968.0,1.170731707317073,41.0,0,0,0,0
0001441829-Raw02-f_00011.jpg,numeric,0001441829,mamianmakeng,808.0,723.0,865.0,776.0,57.0,53.0,3021.0,1.0754716981132075,53.0,0,0,0,0
0001441829-Raw02-f_00011.jpg,numeric,0001441829,mamianmakeng,635.0,1253.0,722.0,1324.0,87.0,71.0,6177.0,1.2253521126760563,71.0,0,0,0,0
0001441829-Raw02-f_00011.jpg,numeric,0001441829,mamianmakeng,1453.0,2453.0,1517.0,2500.0,64.0,47.0,3008.0,1.3617021276595744,47.0,0,0,0,0
0001441829-Raw02-f_00011.jpg,numeric,0001441829,mamianmakeng,1328.0,960.0,1381.0,998.0,53.0,38.0,2014.0,1.394736842105263,38.0,0,0,0,0
0001441829-Raw02-f_00011.jpg,numeric,0001441829,mamianmakeng,3575.0,1847.0,3628.0,1902.0,53.0,55.0,2915.0,1.0377358490566038,53.0,0,0,0,0
0001441829-Raw02-f_00011.jpg,numeric,0001441829,mamianmakeng,2686.0,2191.0,2738.0,2232.0,52.0,41.0,2132.0,1.2682926829268293,41.0,0,0,0,0
0001441829-Raw02-f_00011.jpg,numeric,0001441829,mamianmakeng,2700.0,2241.0,2739.0,2291.0,39.0,50.0,1950.0,1.2820512820512822,39.0,0,0,0,0
0001441829-Raw02-f_00011.jpg,numeric,0001441829,mamianmakeng,1200.0,354.0,1254.0,395.0,54.0,41.0,2214.0,1.3170731707317074,41.0,0,0,0,0
0001441829-Raw02-f_00011.jpg,numeric,0001441829,mamianmakeng,3499.0,513.0,3647.0,590.0,148.0,77.0,11396.0,1.922077922077922,77.0,0,0,0,0
0001441829-Raw02-f_00011.jpg,numeric,0001441829,mamianmakeng,3456.0,62.0,3504.0,116.0,48.0,54.0,2592.0,1.125,48.0,0,0,0,0
0001441829-Raw02-f_00011.jpg,numeric,0001441829,mamianmakeng,3487.0,799.0,3551.0,844.0,64.0,45.0,2880.0,1.4222222222222223,45.0,0,0,0,0
0001441829-Raw02-f_00011.jpg,numeric,0001441829,mamianmakeng,3570.0,2519.0,3626.0,2567.0,56.0,48.0,2688.0,1.1666666666666667,48.0,0,0,0,0
0001441829-Raw02-f_00011.jpg,numeric,0001441829,mamianmakeng,3318.0,466.0,3382.0,506.0,64.0,40.0,2560.0,1.6,40.0,0,0,0,0
0001441829-Raw02-f_00011.jpg,numeric,0001441829,mamianmakeng,1356.0,958.0,1385.0,1001.0,29.0,43.0,1247.0,1.4827586206896552,29.0,0,0,0,0
0001441829-Raw02-f_00011.jpg,numeric,0001441829,mamianmakeng,2628.0,1071.0,2684.0,1109.0,56.0,38.0,2128.0,1.4736842105263157,38.0,0,0,0,0
0001441829-Raw03-f_00000.jpg,numeric,0001441829,mamianmakeng,344.0,2695.0,441.0,2783.0,97.0,88.0,8536.0,1.1022727272727273,88.0,0,0,0,0
0001441829-Raw03-f_00000.jpg,numeric,0001441829,mamianmakeng,274.0,2268.0,345.0,2347.0,71.0,79.0,5609.0,1.1126760563380282,71.0,0,0,0,0
0001441829-Raw03-f_00000.jpg,numeric,0001441829,mamianmakeng,348.0,2244.0,416.0,2332.0,68.0,88.0,5984.0,1.2941176470588236,68.0,0,0,0,0
0001441829-Raw03-f_00000.jpg,numeric,0001441829,mamianmakeng,445.0,2315.0,534.0,2395.0,89.0,80.0,7120.0,1.1125,80.0,0,0,0,0
0001441829-Raw03-f_00000.jpg,numeric,0001441829,mamianmakeng,274.0,2268.0,345.0,2347.0,71.0,79.0,5609.0,1.1126760563380282,71.0,0,0,0,0
0001441829-Raw03-f_00000.jpg,numeric,0001441829,mamianmakeng,445.0,2315.0,535.0,2394.0,90.0,79.0,7110.0,1.139240506329114,79.0,0,0,0,0
0001441829-Raw03-f_00000.jpg,numeric,0001441829,mamianmakeng,1.0,2534.0,66.0,2627.0,65.0,93.0,6045.0,1.4307692307692308,65.0,0,0,0,1
0001441829-Raw03-f_00000.jpg,numeric,0001441829,mamianmakeng,52.0,2703.0,111.0,2746.0,59.0,43.0,2537.0,1.372093023255814,43.0,0,0,0,0
0001441829-Raw03-f_00000.jpg,numeric,0001441829,mamianmakeng,125.0,2901.0,155.0,2935.0,30.0,34.0,1020.0,1.1333333333333333,30.0,0,0,0,0
0001441829-Raw03-f_00002.jpg,numeric,0001441829,mamianmakeng,411.0,721.0,534.0,860.0,123.0,139.0,17097.0,1.1300813008130082,123.0,0,0,0,0
0001441829-Raw03-f_00002.jpg,numeric,0001441829,mamianmakeng,366.0,2861.0,442.0,2940.0,76.0,79.0,6004.0,1.0394736842105263,76.0,0,0,0,0
0001441829-Raw03-f_00002.jpg,numeric,0001441829,mamianmakeng,358.0,274.0,419.0,346.0,61.0,72.0,4392.0,1.180327868852459,61.0,0,0,0,0
0001441829-Raw03-f_00002.jpg,numeric,0001441829,mamianmakeng,271.0,2496.0,405.0,2617.0,134.0,121.0,16214.0,1.1074380165289257,121.0,0,0,0,0
0001441829-Raw03-f_00002.jpg,numeric,0001441829,mamianmakeng,166.0,0.0,285.0,59.0,119.0,59.0,7021.0,2.016949152542373,59.0,0,0,0,1
0001441829-Raw03-f_00002.jpg,numeric,0001441829,mamianmakeng,212.0,2180.0,328.0,2297.0,116.0,117.0,13572.0,1.0086206896551724,116.0,0,0,0,0
0001441829-Raw03-f_00002.jpg,numeric,0001441829,mamianmakeng,145.0,1298.0,231.0,1362.0,86.0,64.0,5504.0,1.34375,64.0,0,0,0,0
0001441829-Raw03-f_00002.jpg,numeric,0001441829,mamianmakeng,294.0,1886.0,344.0,1945.0,50.0,59.0,2950.0,1.18,50.0,0,0,0,0
0001441829-Raw03-f_00002.jpg,numeric,0001441829,mamianmakeng,165.0,1792.0,230.0,1873.0,65.0,81.0,5265.0,1.2461538461538462,65.0,0,0,0,0
0001441829-Raw03-f_00002.jpg,numeric,0001441829,mamianmakeng,95.0,930.0,185.0,1021.0,90.0,91.0,8190.0,1.011111111111111,90.0,0,0,0,0
0001441829-Raw03-f_00002.jpg,numeric,0001441829,mamianmakeng,130.0,1375.0,229.0,1467.0,99.0,92.0,9108.0,1.076086956521739,92.0,0,0,0,0
0001441829-Raw03-f_00002.jpg,numeric,0001441829,mamianmakeng,476.0,882.0,532.0,916.0,56.0,34.0,1904.0,1.6470588235294117,34.0,0,0,0,0
0001441829-Raw03-f_00002.jpg,numeric,0001441829,mamianmakeng,230.0,1688.0,317.0,1837.0,87.0,149.0,12963.0,1.7126436781609196,87.0,0,0,0,0
0001441829-Raw03-f_00002.jpg,numeric,0001441829,mamianmakeng,74.0,693.0,157.0,742.0,83.0,49.0,4067.0,1.6938775510204083,49.0,0,0,0,0
0001441829-Raw03-f_00002.jpg,numeric,0001441829,mamianmakeng,46.0,879.0,98.0,941.0,52.0,62.0,3224.0,1.1923076923076923,52.0,0,0,0,0
0001441829-Raw03-f_00002.jpg,numeric,0001441829,mamianmakeng,174.0,2342.0,219.0,2374.0,45.0,32.0,1440.0,1.40625,32.0,0,0,0,0
0001441829-Raw03-f_00002.jpg,numeric,0001441829,mamianmakeng,184.0,1927.0,233.0,1973.0,49.0,46.0,2254.0,1.065217391304348,46.0,0,0,0,0
0001441829-Raw03-f_00002.jpg,numeric,0001441829,mamianmakeng,57.0,745.0,103.0,781.0,46.0,36.0,1656.0,1.2777777777777777,36.0,0,0,0,0
0001441829-Raw03-f_00002.jpg,numeric,0001441829,mamianmakeng,163.0,2475.0,200.0,2508.0,37.0,33.0,1221.0,1.121212121212121,33.0,0,0,0,0
0001441829-Raw03-f_00002.jpg,numeric,0001441829,mamianmakeng,187.0,188.0,235.0,221.0,48.0,33.0,1584.0,1.4545454545454546,33.0,0,0,0,0
0001441829-Raw03-f_00002.jpg,numeric,0001441829,mamianmakeng,0.0,2432.0,33.0,2479.0,33.0,47.0,1551.0,1.4242424242424243,33.0,0,0,0,1
0001441829-Raw03-f_00002.jpg,numeric,0001441829,mamianmakeng,235.0,2090.0,320.0,2173.0,85.0,83.0,7055.0,1.0240963855421688,83.0,0,0,0,0
0001441829-Raw03-f_00004.jpg,numeric,0001441829,mamianmakeng,139.0,1140.0,295.0,1282.0,156.0,142.0,22152.0,1.0985915492957747,142.0,0,0,0,0
0001441829-Raw03-f_00004.jpg,numeric,0001441829,mamianmakeng,390.0,2275.0,452.0,2331.0,62.0,56.0,3472.0,1.1071428571428572,56.0,0,0,0,0
0001441829-Raw03-f_00004.jpg,numeric,0001441829,mamianmakeng,211.0,2682.0,288.0,2790.0,77.0,108.0,8316.0,1.4025974025974026,77.0,0,0,0,0
0001441829-Raw03-f_00004.jpg,numeric,0001441829,mamianmakeng,0.0,2749.0,57.0,2817.0,57.0,68.0,3876.0,1.1929824561403508,57.0,0,0,0,1
0001441829-Raw03-f_00004.jpg,numeric,0001441829,mamianmakeng,257.0,0.0,320.0,42.0,63.0,42.0,2646.0,1.5,42.0,0,0,0,1
0001441829-Raw03-f_00004.jpg,numeric,0001441829,mamianmakeng,249.0,814.0,300.0,845.0,51.0,31.0,1581.0,1.6451612903225807,31.0,0,0,0,0
0001441829-Raw03-f_00004.jpg,numeric,0001441829,mamianmakeng,307.0,1358.0,348.0,1385.0,41.0,27.0,1107.0,1.5185185185185186,27.0,0,0,0,0
0001441829-Raw03-f_00004.jpg,numeric,0001441829,mamianmakeng,38.0,341.0,202.0,440.0,164.0,99.0,16236.0,1.6565656565656566,99.0,0,0,0,0
0001441829-Raw03-f_00004.jpg,numeric,0001441829,mamianmakeng,128.0,1321.0,176.0,1360.0,48.0,39.0,1872.0,1.2307692307692308,39.0,0,0,0,0
0001441829-Raw03-f_00004.jpg,numeric,0001441829,mamianmakeng,144.0,725.0,210.0,762.0,66.0,37.0,2442.0,1.7837837837837838,37.0,0,0,0,0
0001441829-Raw03-f_00005.jpg,numeric,0001441829,mamianmakeng,488.0,1912.0,525.0,1984.0,37.0,72.0,2664.0,1.945945945945946,37.0,0,0,0,0
0001441829-Raw03-f_00005.jpg,numeric,0001441829,mamianmakeng,488.0,1920.0,527.0,1983.0,39.0,63.0,2457.0,1.6153846153846154,39.0,0,0,0,0
0001441829-Raw03-f_00005.jpg,numeric,0001441829,mamianmakeng,32.0,1696.0,149.0,1802.0,117.0,106.0,12402.0,1.1037735849056605,106.0,0,0,0,0
0001441829-Raw03-f_00005.jpg,numeric,0001441829,mamianmakeng,164.0,1679.0,252.0,1759.0,88.0,80.0,7040.0,1.1,80.0,0,0,0,0
0001441829-Raw03-f_00005.jpg,numeric,0001441829,mamianmakeng,361.0,1554.0,408.0,1608.0,47.0,54.0,2538.0,1.148936170212766,47.0,0,0,0,0
0001441829-Raw03-f_00005.jpg,numeric,0001441829,mamianmakeng,35.0,1161.0,174.0,1390.0,139.0,229.0,31831.0,1.6474820143884892,139.0,0,0,0,0
0001441829-Raw03-f_00005.jpg,numeric,0001441829,mamianmakeng,259.0,1278.0,307.0,1337.0,48.0,59.0,2832.0,1.2291666666666667,48.0,0,0,0,0
0001441829-Raw03-f_00005.jpg,numeric,0001441829,mamianmakeng,167.0,989.0,240.0,1032.0,73.0,43.0,3139.0,1.697674418604651,43.0,0,0,0,0
0001441829-Raw03-f_00005.jpg,numeric,0001441829,mamianmakeng,64.0,857.0,149.0,1029.0,85.0,172.0,14620.0,2.023529411764706,85.0,0,0,0,0
0001441829-Raw03-f_00005.jpg,numeric,0001441829,mamianmakeng,67.0,109.0,182.0,236.0,115.0,127.0,14605.0,1.1043478260869566,115.0,0,0,0,0
0001441829-Raw03-f_00005.jpg,numeric,0001441829,mamianmakeng,183.0,1173.0,224.0,1204.0,41.0,31.0,1271.0,1.3225806451612903,31.0,0,0,0,0
0001441829-Raw03-f_00005.jpg,numeric,0001441829,mamianmakeng,214.0,1518.0,267.0,1560.0,53.0,42.0,2226.0,1.2619047619047619,42.0,0,0,0,0
0001441829-Raw03-f_00005.jpg,numeric,0001441829,mamianmakeng,148.0,2739.0,261.0,2873.0,113.0,134.0,15142.0,1.1858407079646018,113.0,0,0,0,0
0001441829-Raw03-f_00005.jpg,numeric,0001441829,mamianmakeng,43.0,427.0,91.0,532.0,48.0,105.0,5040.0,2.1875,48.0,0,0,0,0
0001441829-Raw03-f_00005.jpg,numeric,0001441829,mamianmakeng,162.0,450.0,217.0,505.0,55.0,55.0,3025.0,1.0,55.0,0,0,0,0
0001441829-Raw03-f_00008.jpg,numeric,0001441829,mamianmakeng,357.0,2942.0,427.0,3000.0,70.0,58.0,4060.0,1.206896551724138,58.0,0,0,0,1
0001441829-Raw03-f_00008.jpg,numeric,0001441829,mamianmakeng,338.0,1961.0,449.0,2049.0,111.0,88.0,9768.0,1.2613636363636365,88.0,0,0,0,0
0001441829-Raw03-f_00008.jpg,numeric,0001441829,mamianmakeng,67.0,1913.0,182.0,2018.0,115.0,105.0,12075.0,1.0952380952380953,105.0,0,0,0,0
0001441829-Raw03-f_00008.jpg,numeric,0001441829,mamianmakeng,13.0,2034.0,88.0,2085.0,75.0,51.0,3825.0,1.4705882352941178,51.0,0,0,0,1
0001441829-Raw03-f_00008.jpg,numeric,0001441829,mamianmakeng,149.0,1355.0,258.0,1410.0,109.0,55.0,5995.0,1.981818181818182,55.0,0,0,0,0
0001441829-Raw03-f_00008.jpg,numeric,0001441829,mamianmakeng,16.0,1215.0,102.0,1313.0,86.0,98.0,8428.0,1.1395348837209303,86.0,0,0,0,1
0001441829-Raw03-f_00008.jpg,numeric,0001441829,mamianmakeng,200.0,584.0,266.0,641.0,66.0,57.0,3762.0,1.1578947368421053,57.0,0,0,0,0
0001441829-Raw03-f_00008.jpg,numeric,0001441829,mamianmakeng,206.0,475.0,266.0,536.0,60.0,61.0,3660.0,1.0166666666666666,60.0,0,0,0,0
0001441829-Raw03-f_00008.jpg,numeric,0001441829,mamianmakeng,167.0,372.0,270.0,459.0,103.0,87.0,8961.0,1.1839080459770115,87.0,0,0,0,0
0001441829-Raw03-f_00008.jpg,numeric,0001441829,mamianmakeng,202.0,1739.0,272.0,1798.0,70.0,59.0,4130.0,1.1864406779661016,59.0,0,0,0,0
0001441829-Raw03-f_00008.jpg,numeric,0001441829,mamianmakeng,1.0,2664.0,62.0,2802.0,61.0,138.0,8418.0,2.262295081967213,61.0,0,0,0,1
0001441829-Raw03-f_00008.jpg,numeric,0001441829,mamianmakeng,112.0,962.0,172.0,1078.0,60.0,116.0,6960.0,1.9333333333333333,60.0,0,0,0,0
0001441829-Raw03-f_00008.jpg,numeric,0001441829,mamianmakeng,45.0,1109.0,125.0,1205.0,80.0,96.0,7680.0,1.2,80.0,0,0,0,0
0001441829-Raw03-f_00008.jpg,numeric,0001441829,mamianmakeng,3.0,433.0,50.0,487.0,47.0,54.0,2538.0,1.148936170212766,47.0,0,0,0,1
0001441829-Raw03-f_00008.jpg,numeric,0001441829,mamianmakeng,1.0,349.0,37.0,396.0,36.0,47.0,1692.0,1.3055555555555556,36.0,0,0,0,1
0001441829-Raw03-f_00008.jpg,numeric,0001441829,mamianmakeng,45.0,1.0,98.0,29.0,53.0,28.0,1484.0,1.8928571428571428,28.0,0,0,0,1
0001441829-Raw03-f_00008.jpg,numeric,0001441829,mamianmakeng,102.0,2408.0,156.0,2453.0,54.0,45.0,2430.0,1.2,45.0,0,0,0,0
0001441829-Raw03-f_00008.jpg,numeric,0001441829,mamianmakeng,8.0,2179.0,52.0,2223.0,44.0,44.0,1936.0,1.0,44.0,0,0,0,1
0001441829-Raw03-f_00008.jpg,numeric,0001441829,mamianmakeng,75.0,2207.0,118.0,2241.0,43.0,34.0,1462.0,1.2647058823529411,34.0,0,0,0,0
0001441829-Raw03-f_00010.jpg,numeric,0001441829,mamianmakeng,334.0,2610.0,473.0,2722.0,139.0,112.0,15568.0,1.2410714285714286,112.0,0,0,0,0
0001441829-Raw03-f_00010.jpg,numeric,0001441829,mamianmakeng,354.0,2758.0,419.0,2814.0,65.0,56.0,3640.0,1.1607142857142858,56.0,0,0,0,0
0001441829-Raw03-f_00010.jpg,numeric,0001441829,mamianmakeng,207.0,911.0,308.0,1004.0,101.0,93.0,9393.0,1.086021505376344,93.0,0,0,0,0
0001441829-Raw03-f_00010.jpg,numeric,0001441829,mamianmakeng,516.0,1252.0,551.0,1297.0,35.0,45.0,1575.0,1.2857142857142858,35.0,0,0,0,0
0001441829-Raw03-f_00010.jpg,numeric,0001441829,mamianmakeng,22.0,2672.0,77.0,2727.0,55.0,55.0,3025.0,1.0,55.0,0,0,0,0
0001441829-Raw03-f_00010.jpg,numeric,0001441829,mamianmakeng,207.0,1939.0,261.0,1988.0,54.0,49.0,2646.0,1.1020408163265305,49.0,0,0,0,0
0001441829-Raw03-f_00010.jpg,numeric,0001441829,mamianmakeng,129.0,1488.0,170.0,1533.0,41.0,45.0,1845.0,1.0975609756097562,41.0,0,0,0,0
0001441829-Raw03-f_00010.jpg,numeric,0001441829,mamianmakeng,93.0,1265.0,183.0,1347.0,90.0,82.0,7380.0,1.0975609756097562,82.0,0,0,0,0
0001441829-Raw03-f_00010.jpg,numeric,0001441829,mamianmakeng,87.0,787.0,170.0,904.0,83.0,117.0,9711.0,1.4096385542168675,83.0,0,0,0,0
0001441829-Raw03-f_00010.jpg,numeric,0001441829,mamianmakeng,61.0,958.0,139.0,1026.0,78.0,68.0,5304.0,1.1470588235294117,68.0,0,0,0,0
0001441829-Raw03-f_00010.jpg,numeric,0001441829,mamianmakeng,18.0,306.0,161.0,489.0,143.0,183.0,26169.0,1.2797202797202798,143.0,0,0,0,0
0001441829-Raw03-f_00010.jpg,numeric,0001441829,mamianmakeng,1.0,9.0,148.0,195.0,147.0,186.0,27342.0,1.2653061224489797,147.0,0,0,0,1
0001441829-Raw03-f_00010.jpg,numeric,0001441829,mamianmakeng,75.0,2793.0,111.0,2829.0,36.0,36.0,1296.0,1.0,36.0,0,0,0,0
0001441829-Raw03-f_00010.jpg,numeric,0001441829,mamianmakeng,26.0,2615.0,50.0,2642.0,24.0,27.0,648.0,1.125,24.0,0,0,0,0
0001441829-Raw03-f_00010.jpg,numeric,0001441829,mamianmakeng,151.0,1599.0,197.0,1645.0,46.0,46.0,2116.0,1.0,46.0,0,0,0,0
0001441829-Raw03-f_00010.jpg,numeric,0001441829,mamianmakeng,91.0,698.0,160.0,771.0,69.0,73.0,5037.0,1.0579710144927537,69.0,0,0,0,0
0001441829-Raw03-f_00010.jpg,numeric,0001441829,mamianmakeng,141.0,2464.0,195.0,2517.0,54.0,53.0,2862.0,1.0188679245283019,53.0,0,0,0,0
0001441829-Raw03-f_00011.jpg,numeric,0001441829,mamianmakeng,282.0,2548.0,354.0,2634.0,72.0,86.0,6192.0,1.1944444444444444,72.0,0,0,0,0
0001441829-Raw03-f_00011.jpg,numeric,0001441829,mamianmakeng,466.0,5.0,562.0,140.0,96.0,135.0,12960.0,1.40625,96.0,0,0,0,1
0001441829-Raw03-f_00011.jpg,numeric,0001441829,mamianmakeng,333.0,1329.0,434.0,1424.0,101.0,95.0,9595.0,1.063157894736842,95.0,0,0,0,0
0001441829-Raw03-f_00011.jpg,numeric,0001441829,mamianmakeng,180.0,2473.0,247.0,2555.0,67.0,82.0,5494.0,1.2238805970149254,67.0,0,0,0,0
0001441829-Raw03-f_00011.jpg,numeric,0001441829,mamianmakeng,193.0,2631.0,301.0,2730.0,108.0,99.0,10692.0,1.0909090909090908,99.0,0,0,0,0
0001441829-Raw03-f_00011.jpg,numeric,0001441829,mamianmakeng,178.0,2393.0,251.0,2455.0,73.0,62.0,4526.0,1.1774193548387097,62.0,0,0,0,0
0001441829-Raw03-f_00011.jpg,numeric,0001441829,mamianmakeng,68.0,2528.0,132.0,2576.0,64.0,48.0,3072.0,1.3333333333333333,48.0,0,0,0,0
0001441829-Raw03-f_00011.jpg,numeric,0001441829,mamianmakeng,111.0,2033.0,171.0,2081.0,60.0,48.0,2880.0,1.25,48.0,0,0,0,0
0001441829-Raw03-f_00011.jpg,numeric,0001441829,mamianmakeng,89.0,1861.0,131.0,1907.0,42.0,46.0,1932.0,1.0952380952380953,42.0,0,0,0,0
0001441829-Raw03-f_00011.jpg,numeric,0001441829,mamianmakeng,109.0,1669.0,171.0,1729.0,62.0,60.0,3720.0,1.0333333333333334,60.0,0,0,0,0
0001441829-Raw03-f_00011.jpg,numeric,0001441829,mamianmakeng,106.0,1611.0,157.0,1669.0,51.0,58.0,2958.0,1.1372549019607843,51.0,0,0,0,0
0001441829-Raw03-f_00011.jpg,numeric,0001441829,mamianmakeng,1.0,199.0,74.0,276.0,73.0,77.0,5621.0,1.0547945205479452,73.0,0,0,0,1
0001441829-Raw03-f_00011.jpg,numeric,0001441829,mamianmakeng,24.0,526.0,163.0,602.0,139.0,76.0,10564.0,1.8289473684210527,76.0,0,0,0,0
0001441829-Raw03-f_00011.jpg,numeric,0001441829,mamianmakeng,1.0,804.0,46.0,852.0,45.0,48.0,2160.0,1.0666666666666667,45.0,0,0,0,1
0001441830-Raw00-f_00001.jpg,numeric,0001441830,mamianmakeng,2054.0,286.0,2153.0,354.0,99.0,68.0,6732.0,1.4558823529411764,68.0,0,0,0,0
0001441830-Raw00-f_00001.jpg,numeric,0001441830,mamianmakeng,1884.0,2588.0,1955.0,2648.0,71.0,60.0,4260.0,1.1833333333333333,60.0,0,0,0,0
0001441830-Raw00-f_00001.jpg,numeric,0001441830,mamianmakeng,2090.0,151.0,2167.0,211.0,77.0,60.0,4620.0,1.2833333333333334,60.0,0,0,0,0
0001441830-Raw00-f_00001.jpg,numeric,0001441830,mamianmakeng,2157.0,563.0,2221.0,599.0,64.0,36.0,2304.0,1.7777777777777777,36.0,0,0,0,0
0001441830-Raw00-f_00001.jpg,numeric,0001441830,mamianmakeng,2152.0,962.0,2213.0,994.0,61.0,32.0,1952.0,1.90625,32.0,0,0,0,0
0001441830-Raw00-f_00002.jpg,numeric,0001441830,mamianmakeng,3159.0,1122.0,3282.0,1195.0,123.0,73.0,8979.0,1.6849315068493151,73.0,0,0,0,0
0001441830-Raw00-f_00002.jpg,numeric,0001441830,mamianmakeng,3180.0,1420.0,3238.0,1459.0,58.0,39.0,2262.0,1.4871794871794872,39.0,0,0,0,0
0001441830-Raw00-f_00002.jpg,numeric,0001441830,mamianmakeng,1713.0,1152.0,1769.0,1195.0,56.0,43.0,2408.0,1.302325581395349,43.0,0,0,0,0
0001441830-Raw00-f_00002.jpg,numeric,0001441830,mamianmakeng,3210.0,1481.0,3258.0,1513.0,48.0,32.0,1536.0,1.5,32.0,0,0,0,0
0001441830-Raw00-f_00002.jpg,numeric,0001441830,mamianmakeng,1658.0,307.0,1699.0,347.0,41.0,40.0,1640.0,1.025,40.0,0,0,0,0
0001441830-Raw00-f_00002.jpg,numeric,0001441830,mamianmakeng,1628.0,116.0,1706.0,155.0,78.0,39.0,3042.0,2.0,39.0,0,0,0,0
0001441830-Raw00-f_00002.jpg,numeric,0001441830,mamianmakeng,2033.0,2663.0,2095.0,2702.0,62.0,39.0,2418.0,1.5897435897435896,39.0,0,0,0,0
0001441830-Raw00-f_00003.jpg,numeric,0001441830,mamianmakeng,1982.0,2548.0,2064.0,2621.0,82.0,73.0,5986.0,1.1232876712328768,73.0,0,0,0,0
0001441830-Raw00-f_00003.jpg,numeric,0001441830,mamianmakeng,1993.0,1843.0,2042.0,1880.0,49.0,37.0,1813.0,1.3243243243243243,37.0,0,0,0,0
0001441830-Raw00-f_00003.jpg,numeric,0001441830,mamianmakeng,1970.0,1643.0,1998.0,1681.0,28.0,38.0,1064.0,1.3571428571428572,28.0,0,0,0,0
0001441830-Raw01-f_00002.jpg,numeric,0001441830,mamianmakeng,3911.0,2345.0,3996.0,2410.0,85.0,65.0,5525.0,1.3076923076923077,65.0,0,0,0,0
0001441830-Raw01-f_00002.jpg,numeric,0001441830,mamianmakeng,3965.0,1365.0,4054.0,1437.0,89.0,72.0,6408.0,1.2361111111111112,72.0,0,0,0,0
0001441830-Raw01-f_00002.jpg,numeric,0001441830,mamianmakeng,2093.0,143.0,2164.0,199.0,71.0,56.0,3976.0,1.2678571428571428,56.0,0,0,0,0
0001441830-Raw01-f_00002.jpg,numeric,0001441830,mamianmakeng,3272.0,104.0,3342.0,151.0,70.0,47.0,3290.0,1.4893617021276595,47.0,0,0,0,0
0001441830-Raw01-f_00002.jpg,numeric,0001441830,mamianmakeng,2514.0,2467.0,2576.0,2519.0,62.0,52.0,3224.0,1.1923076923076923,52.0,0,0,0,0
0001441830-Raw01-f_00002.jpg,numeric,0001441830,mamianmakeng,3848.0,2754.0,3917.0,2798.0,69.0,44.0,3036.0,1.5681818181818181,44.0,0,0,0,0
0001441830-Raw01-f_00002.jpg,numeric,0001441830,mamianmakeng,2071.0,507.0,2133.0,534.0,62.0,27.0,1674.0,2.2962962962962963,27.0,0,0,0,0
0001441830-Raw01-f_00002.jpg,numeric,0001441830,mamianmakeng,2131.0,0.0,2178.0,21.0,47.0,21.0,987.0,2.238095238095238,21.0,0,0,0,1
0001441830-Raw01-f_00002.jpg,numeric,0001441830,mamianmakeng,2130.0,339.0,2169.0,368.0,39.0,29.0,1131.0,1.3448275862068966,29.0,0,0,0,0
0001441830-Raw01-f_00002.jpg,numeric,0001441830,mamianmakeng,3926.0,2485.0,3967.0,2515.0,41.0,30.0,1230.0,1.3666666666666667,30.0,0,0,0,0
0001441830-Raw01-f_00003.jpg,numeric,0001441830,mamianmakeng,3153.0,1221.0,3264.0,1319.0,111.0,98.0,10878.0,1.1326530612244898,98.0,0,0,0,0
0001441830-Raw01-f_00003.jpg,numeric,0001441830,mamianmakeng,3230.0,1674.0,3301.0,1740.0,71.0,66.0,4686.0,1.0757575757575757,66.0,0,0,0,0
0001441830-Raw01-f_00003.jpg,numeric,0001441830,mamianmakeng,3849.0,714.0,3928.0,780.0,79.0,66.0,5214.0,1.196969696969697,66.0,0,0,0,0
0001441830-Raw01-f_00003.jpg,numeric,0001441830,mamianmakeng,3851.0,466.0,3927.0,598.0,76.0,132.0,10032.0,1.736842105263158,76.0,0,0,0,0
0001441830-Raw01-f_00003.jpg,numeric,0001441830,mamianmakeng,3186.0,882.0,3243.0,926.0,57.0,44.0,2508.0,1.2954545454545454,44.0,0,0,0,0
0001441830-Raw01-f_00003.jpg,numeric,0001441830,mamianmakeng,3952.0,925.0,3999.0,964.0,47.0,39.0,1833.0,1.205128205128205,39.0,0,0,0,0
0001441830-Raw01-f_00003.jpg,numeric,0001441830,mamianmakeng,3839.0,1234.0,3907.0,1296.0,68.0,62.0,4216.0,1.096774193548387,62.0,0,0,0,0
0001441830-Raw01-f_00003.jpg,numeric,0001441830,mamianmakeng,3184.0,978.0,3235.0,1025.0,51.0,47.0,2397.0,1.0851063829787233,47.0,0,0,0,0
0001441830-Raw01-f_00003.jpg,numeric,0001441830,mamianmakeng,3195.0,1896.0,3233.0,1930.0,38.0,34.0,1292.0,1.1176470588235294,34.0,0,0,0,0
0001441830-Raw01-f_00003.jpg,numeric,0001441830,mamianmakeng,3862.0,1301.0,3894.0,1328.0,32.0,27.0,864.0,1.1851851851851851,27.0,0,0,0,0
0001441830-Raw01-f_00003.jpg,numeric,0001441830,mamianmakeng,3927.0,786.0,3956.0,828.0,29.0,42.0,1218.0,1.4482758620689655,29.0,0,0,0,0
0001441830-Raw01-f_00004.jpg,numeric,0001441830,mamianmakeng,3528.0,1501.0,3617.0,1619.0,89.0,118.0,10502.0,1.3258426966292134,89.0,0,0,0,0
0001441830-Raw01-f_00004.jpg,numeric,0001441830,mamianmakeng,2333.0,2058.0,2402.0,2132.0,69.0,74.0,5106.0,1.0724637681159421,69.0,0,0,0,0
0001441830-Raw01-f_00004.jpg,numeric,0001441830,mamianmakeng,2300.0,2911.0,2403.0,3000.0,103.0,89.0,9167.0,1.1573033707865168,89.0,0,0,0,1
0001441830-Raw01-f_00004.jpg,numeric,0001441830,mamianmakeng,224.0,2154.0,266.0,2200.0,42.0,46.0,1932.0,1.0952380952380953,42.0,0,0,0,0
0001441830-Raw01-f_00005.jpg,numeric,0001441830,mamianmakeng,2620.0,2917.0,2707.0,2994.0,87.0,77.0,6699.0,1.12987012987013,77.0,0,0,0,1
0001441830-Raw01-f_00005.jpg,numeric,0001441830,mamianmakeng,2659.0,1925.0,2730.0,2003.0,71.0,78.0,5538.0,1.0985915492957747,71.0,0,0,0,0
0001441830-Raw01-f_00005.jpg,numeric,0001441830,mamianmakeng,2298.0,1590.0,2355.0,1638.0,57.0,48.0,2736.0,1.1875,48.0,0,0,0,0
0001441830-Raw01-f_00005.jpg,numeric,0001441830,mamianmakeng,2285.0,1233.0,2337.0,1288.0,52.0,55.0,2860.0,1.0576923076923077,52.0,0,0,0,0
0001441830-Raw01-f_00005.jpg,numeric,0001441830,mamianmakeng,2398.0,1001.0,2438.0,1050.0,40.0,49.0,1960.0,1.225,40.0,0,0,0,0
0001441830-Raw01-f_00005.jpg,numeric,0001441830,mamianmakeng,2301.0,591.0,2405.0,665.0,104.0,74.0,7696.0,1.4054054054054055,74.0,0,0,0,0
0001441830-Raw01-f_00005.jpg,numeric,0001441830,mamianmakeng,2321.0,421.0,2379.0,486.0,58.0,65.0,3770.0,1.1206896551724137,58.0,0,0,0,0
0001441830-Raw01-f_00005.jpg,numeric,0001441830,mamianmakeng,2353.0,354.0,2413.0,401.0,60.0,47.0,2820.0,1.2765957446808511,47.0,0,0,0,0
0001441830-Raw01-f_00007.jpg,numeric,0001441830,mamianmakeng,1189.0,171.0,1248.0,237.0,59.0,66.0,3894.0,1.11864406779661,59.0,0,0,0,0
0001441830-Raw01-f_00007.jpg,numeric,0001441830,yiwuyaru,1621.0,403.0,1662.0,429.0,41.0,26.0,1066.0,1.5769230769230769,26.0,0,0,0,0
0001441830-Raw01-f_00008.jpg,numeric,0001441830,mamianmakeng,2201.0,1669.0,2266.0,1710.0,65.0,41.0,2665.0,1.5853658536585367,41.0,0,0,0,0
0001441830-Raw01-f_00008.jpg,numeric,0001441830,mamianmakeng,2181.0,1833.0,2270.0,1940.0,89.0,107.0,9523.0,1.202247191011236,89.0,0,0,0,0
0001441830-Raw01-f_00008.jpg,numeric,0001441830,mamianmakeng,2214.0,2336.0,2291.0,2412.0,77.0,76.0,5852.0,1.013157894736842,76.0,0,0,0,0
0001441830-Raw01-f_00008.jpg,numeric,0001441830,mamianmakeng,2212.0,2618.0,2273.0,2659.0,61.0,41.0,2501.0,1.4878048780487805,41.0,0,0,0,0
0001441830-Raw01-f_00008.jpg,numeric,0001441830,mamianmakeng,2262.0,2778.0,2325.0,2822.0,63.0,44.0,2772.0,1.4318181818181819,44.0,0,0,0,0
0001441830-Raw02-f_00001.jpg,numeric,0001441830,mamianmakeng,3749.0,258.0,3918.0,357.0,169.0,99.0,16731.0,1.707070707070707,99.0,0,0,0,0
0001441830-Raw02-f_00001.jpg,numeric,0001441830,mamianmakeng,2484.0,605.0,2620.0,686.0,136.0,81.0,11016.0,1.6790123456790123,81.0,0,0,0,0
0001441830-Raw02-f_00001.jpg,numeric,0001441830,mamianmakeng,3873.0,2478.0,4039.0,2558.0,166.0,80.0,13280.0,2.075,80.0,0,0,0,0
0001441830-Raw02-f_00001.jpg,numeric,0001441830,mamianmakeng,3734.0,370.0,3832.0,429.0,98.0,59.0,5782.0,1.6610169491525424,59.0,0,0,0,0
0001441830-Raw02-f_00001.jpg,numeric,0001441830,mamianmakeng,3746.0,555.0,3870.0,637.0,124.0,82.0,10168.0,1.5121951219512195,82.0,0,0,0,0
0001441830-Raw02-f_00001.jpg,numeric,0001441830,mamianmakeng,3841.0,2305.0,3956.0,2437.0,115.0,132.0,15180.0,1.1478260869565218,115.0,0,0,0,0
0001441830-Raw02-f_00001.jpg,numeric,0001441830,mamianmakeng,3659.0,1779.0,3767.0,1824.0,108.0,45.0,4860.0,2.4,45.0,0,0,0,0
0001441830-Raw02-f_00001.jpg,numeric,0001441830,mamianmakeng,2840.0,654.0,2960.0,720.0,120.0,66.0,7920.0,1.8181818181818181,66.0,0,0,0,0
0001441830-Raw02-f_00001.jpg,numeric,0001441830,mamianmakeng,3899.0,723.0,3973.0,776.0,74.0,53.0,3922.0,1.3962264150943395,53.0,0,0,0,0
0001441830-Raw02-f_00001.jpg,numeric,0001441830,mamianmakeng,3599.0,2243.0,3679.0,2296.0,80.0,53.0,4240.0,1.509433962264151,53.0,0,0,0,0
0001441830-Raw02-f_00001.jpg,numeric,0001441830,mamianmakeng,494.0,2024.0,574.0,2070.0,80.0,46.0,3680.0,1.7391304347826086,46.0,0,0,0,0
0001441830-Raw02-f_00001.jpg,numeric,0001441830,mamianmakeng,3798.0,504.0,3869.0,556.0,71.0,52.0,3692.0,1.3653846153846154,52.0,0,0,0,0
0001441830-Raw02-f_00001.jpg,numeric,0001441830,mamianmakeng,1797.0,2782.0,1913.0,2903.0,116.0,121.0,14036.0,1.043103448275862,116.0,0,0,0,0
0001441830-Raw02-f_00001.jpg,numeric,0001441830,mamianmakeng,2556.0,1873.0,2660.0,1946.0,104.0,73.0,7592.0,1.4246575342465753,73.0,0,0,0,0
0001441830-Raw02-f_00001.jpg,numeric,0001441830,mamianmakeng,235.0,123.0,318.0,173.0,83.0,50.0,4150.0,1.66,50.0,0,0,0,0
0001441830-Raw02-f_00001.jpg,numeric,0001441830,mamianmakeng,3436.0,2629.0,3600.0,2688.0,164.0,59.0,9676.0,2.7796610169491527,59.0,0,0,0,0
0001441830-Raw02-f_00001.jpg,numeric,0001441830,mamianmakeng,3438.0,1912.0,3577.0,1985.0,139.0,73.0,10147.0,1.904109589041096,73.0,0,0,0,0
0001441830-Raw02-f_00001.jpg,numeric,0001441830,mamianmakeng,3651.0,1629.0,3737.0,1666.0,86.0,37.0,3182.0,2.324324324324324,37.0,0,0,0,0
0001441830-Raw02-f_00001.jpg,numeric,0001441830,mamianmakeng,2398.0,2060.0,2457.0,2102.0,59.0,42.0,2478.0,1.4047619047619047,42.0,0,0,0,0
0001441830-Raw02-f_00001.jpg,numeric,0001441830,mamianmakeng,1656.0,44.0,1781.0,123.0,125.0,79.0,9875.0,1.5822784810126582,79.0,0,0,0,0
0001441830-Raw02-f_00001.jpg,numeric,0001441830,mamianmakeng,2429.0,1451.0,2509.0,1508.0,80.0,57.0,4560.0,1.4035087719298245,57.0,0,0,0,0
0001441830-Raw02-f_00001.jpg,numeric,0001441830,mamianmakeng,2710.0,2705.0,2792.0,2785.0,82.0,80.0,6560.0,1.025,80.0,0,0,0,0
0001441830-Raw02-f_00001.jpg,numeric,0001441830,mamianmakeng,1718.0,0.0,1795.0,43.0,77.0,43.0,3311.0,1.7906976744186047,43.0,0,0,0,1
0001441830-Raw02-f_00001.jpg,numeric,0001441830,mamianmakeng,3431.0,1804.0,3526.0,1894.0,95.0,90.0,8550.0,1.0555555555555556,90.0,0,0,0,0
0001441830-Raw02-f_00001.jpg,numeric,0001441830,mamianmakeng,3693.0,450.0,3749.0,482.0,56.0,32.0,1792.0,1.75,32.0,0,0,0,0
0001441830-Raw02-f_00001.jpg,numeric,0001441830,mamianmakeng,3789.0,648.0,3865.0,698.0,76.0,50.0,3800.0,1.52,50.0,0,0,0,0
0001441830-Raw02-f_00001.jpg,numeric,0001441830,mamianmakeng,2873.0,1158.0,2972.0,1226.0,99.0,68.0,6732.0,1.4558823529411764,68.0,0,0,0,0
0001441830-Raw02-f_00001.jpg,numeric,0001441830,mamianmakeng,2730.0,108.0,2877.0,193.0,147.0,85.0,12495.0,1.7294117647058824,85.0,0,0,0,0
0001441830-Raw02-f_00001.jpg,numeric,0001441830,mamianmakeng,2602.0,2938.0,2709.0,2999.0,107.0,61.0,6527.0,1.7540983606557377,61.0,0,0,0,1
0001441830-Raw02-f_00001.jpg,numeric,0001441830,mamianmakeng,3870.0,906.0,3930.0,932.0,60.0,26.0,1560.0,2.3076923076923075,26.0,0,0,0,0
0001441830-Raw02-f_00001.jpg,numeric,0001441830,mamianmakeng,2932.0,2144.0,3016.0,2206.0,84.0,62.0,5208.0,1.3548387096774193,62.0,0,0,0,0
0001441830-Raw02-f_00001.jpg,numeric,0001441830,mamianmakeng,2613.0,2887.0,2678.0,2928.0,65.0,41.0,2665.0,1.5853658536585367,41.0,0,0,0,0
0001441830-Raw02-f_00001.jpg,numeric,0001441830,mamianmakeng,3560.0,246.0,3631.0,296.0,71.0,50.0,3550.0,1.42,50.0,0,0,0,0
0001441830-Raw02-f_00001.jpg,numeric,0001441830,mamianmakeng,3739.0,723.0,3786.0,749.0,47.0,26.0,1222.0,1.8076923076923077,26.0,0,0,0,0
0001441830-Raw02-f_00001.jpg,numeric,0001441830,mamianmakeng,239.0,0.0,329.0,29.0,90.0,29.0,2610.0,3.103448275862069,29.0,0,0,0,1
0001441830-Raw02-f_00001.jpg,numeric,0001441830,mamianmakeng,2416.0,1692.0,2475.0,1729.0,59.0,37.0,2183.0,1.5945945945945945,37.0,0,0,0,0
0001441830-Raw02-f_00001.jpg,numeric,0001441830,mamianmakeng,2443.0,1484.0,2511.0,1507.0,68.0,23.0,1564.0,2.9565217391304346,23.0,0,0,0,0
0001441830-Raw02-f_00001.jpg,numeric,0001441830,mamianmakeng,953.0,2687.0,1018.0,2744.0,65.0,57.0,3705.0,1.1403508771929824,57.0,0,0,0,0
0001441830-Raw02-f_00001.jpg,numeric,0001441830,mamianmakeng,2710.0,2370.0,2779.0,2456.0,69.0,86.0,5934.0,1.2463768115942029,69.0,0,0,0,0
0001441830-Raw02-f_00001.jpg,numeric,0001441830,mamianmakeng,3465.0,2913.0,3542.0,2976.0,77.0,63.0,4851.0,1.2222222222222223,63.0,0,0,0,0
0001441830-Raw02-f_00001.jpg,numeric,0001441830,mamianmakeng,2710.0,170.0,2796.0,226.0,86.0,56.0,4816.0,1.5357142857142858,56.0,0,0,0,0
0001441830-Raw02-f_00001.jpg,numeric,0001441830,mamianmakeng,2673.0,2375.0,2740.0,2455.0,67.0,80.0,5360.0,1.1940298507462686,67.0,0,0,0,0
0001441830-Raw02-f_00001.jpg,numeric,0001441830,mamianmakeng,3281.0,2062.0,3355.0,2097.0,74.0,35.0,2590.0,2.1142857142857143,35.0,0,0,0,0
0001441830-Raw02-f_00001.jpg,numeric,0001441830,mamianmakeng,2672.0,2707.0,2739.0,2786.0,67.0,79.0,5293.0,1.1791044776119404,67.0,0,0,0,0
0001441830-Raw02-f_00001.jpg,numeric,0001441830,mamianmakeng,2257.0,453.0,2406.0,536.0,149.0,83.0,12367.0,1.7951807228915662,83.0,0,0,0,0
0001441830-Raw02-f_00001.jpg,numeric,0001441830,mamianmakeng,2704.0,169.0,2740.0,223.0,36.0,54.0,1944.0,1.5,36.0,0,0,0,0
0001441830-Raw02-f_00001.jpg,numeric,0001441830,mamianmakeng,2575.0,1453.0,2639.0,1489.0,64.0,36.0,2304.0,1.7777777777777777,36.0,0,0,0,0
0001441830-Raw02-f_00001.jpg,numeric,0001441830,mamianmakeng,2447.0,0.0,2506.0,23.0,59.0,23.0,1357.0,2.5652173913043477,23.0,0,0,0,1
0001441830-Raw02-f_00001.jpg,numeric,0001441830,mamianmakeng,784.0,1249.0,866.0,1291.0,82.0,42.0,3444.0,1.9523809523809523,42.0,0,0,0,0
0001441830-Raw02-f_00001.jpg,numeric,0001441830,mamianmakeng,3586.0,2202.0,3625.0,2234.0,39.0,32.0,1248.0,1.21875,32.0,0,0,0,0
0001441830-Raw02-f_00001.jpg,numeric,0001441830,mamianmakeng,3446.0,1135.0,3499.0,1182.0,53.0,47.0,2491.0,1.127659574468085,47.0,0,0,0,0
0001441830-Raw02-f_00001.jpg,numeric,0001441830,mamianmakeng,2512.0,1331.0,2644.0,1419.0,132.0,88.0,11616.0,1.5,88.0,0,0,0,0
0001441830-Raw02-f_00001.jpg,numeric,0001441830,mamianmakeng,3968.0,941.0,4001.0,963.0,33.0,22.0,726.0,1.5,22.0,0,0,0,0
0001441830-Raw02-f_00001.jpg,numeric,0001441830,mamianmakeng,2412.0,1589.0,2458.0,1623.0,46.0,34.0,1564.0,1.3529411764705883,34.0,0,0,0,0
0001441830-Raw02-f_00001.jpg,numeric,0001441830,mamianmakeng,838.0,1470.0,908.0,1514.0,70.0,44.0,3080.0,1.5909090909090908,44.0,0,0,0,0
0001441830-Raw02-f_00001.jpg,numeric,0001441830,mamianmakeng,3381.0,2680.0,3437.0,2714.0,56.0,34.0,1904.0,1.6470588235294117,34.0,0,0,0,0
0001441830-Raw02-f_00001.jpg,numeric,0001441830,mamianmakeng,2563.0,1370.0,2646.0,1421.0,83.0,51.0,4233.0,1.6274509803921569,51.0,0,0,0,0
0001441830-Raw02-f_00001.jpg,numeric,0001441830,mamianmakeng,2703.0,2495.0,2740.0,2526.0,37.0,31.0,1147.0,1.1935483870967742,31.0,0,0,0,0
0001441830-Raw02-f_00001.jpg,numeric,0001441830,mamianmakeng,3374.0,981.0,3426.0,1011.0,52.0,30.0,1560.0,1.7333333333333334,30.0,0,0,0,0
0001441830-Raw02-f_00001.jpg,numeric,0001441830,mamianmakeng,781.0,1162.0,838.0,1191.0,57.0,29.0,1653.0,1.9655172413793103,29.0,0,0,0,0
0001441830-Raw02-f_00002.jpg,numeric,0001441830,mamianmakeng,2611.0,2082.0,2694.0,2153.0,83.0,71.0,5893.0,1.1690140845070423,71.0,0,0,0,0
0001441830-Raw02-f_00002.jpg,numeric,0001441830,mamianmakeng,1364.0,2676.0,1497.0,2765.0,133.0,89.0,11837.0,1.4943820224719102,89.0,0,0,0,0
0001441830-Raw02-f_00002.jpg,numeric,0001441830,mamianmakeng,554.0,1354.0,644.0,1425.0,90.0,71.0,6390.0,1.267605633802817,71.0,0,0,0,0
0001441830-Raw02-f_00002.jpg,numeric,0001441830,mamianmakeng,500.0,2332.0,588.0,2399.0,88.0,67.0,5896.0,1.3134328358208955,67.0,0,0,0,0
0001441830-Raw02-f_00002.jpg,numeric,0001441830,mamianmakeng,3278.0,2127.0,3352.0,2196.0,74.0,69.0,5106.0,1.0724637681159421,69.0,0,0,0,0
0001441830-Raw02-f_00002.jpg,numeric,0001441830,mamianmakeng,1854.0,150.0,1952.0,241.0,98.0,91.0,8918.0,1.0769230769230769,91.0,0,0,0,0
0001441830-Raw02-f_00002.jpg,numeric,0001441830,mamianmakeng,2439.0,2778.0,2522.0,2831.0,83.0,53.0,4399.0,1.5660377358490567,53.0,0,0,0,0
0001441830-Raw02-f_00002.jpg,numeric,0001441830,mamianmakeng,440.0,2741.0,509.0,2785.0,69.0,44.0,3036.0,1.5681818181818181,44.0,0,0,0,0
0001441830-Raw02-f_00002.jpg,numeric,0001441830,mamianmakeng,3967.0,836.0,4035.0,887.0,68.0,51.0,3468.0,1.3333333333333333,51.0,0,0,0,0
0001441830-Raw02-f_00002.jpg,numeric,0001441830,mamianmakeng,3217.0,1756.0,3280.0,1796.0,63.0,40.0,2520.0,1.575,40.0,0,0,0,0
0001441830-Raw02-f_00002.jpg,numeric,0001441830,mamianmakeng,3456.0,66.0,3600.0,167.0,144.0,101.0,14544.0,1.4257425742574257,101.0,0,0,0,0
0001441830-Raw02-f_00002.jpg,numeric,0001441830,mamianmakeng,3268.0,1050.0,3369.0,1127.0,101.0,77.0,7777.0,1.3116883116883118,77.0,0,0,0,0
0001441830-Raw02-f_00002.jpg,numeric,0001441830,mamianmakeng,3491.0,0.0,3577.0,48.0,86.0,48.0,4128.0,1.7916666666666667,48.0,0,0,0,1
0001441830-Raw02-f_00002.jpg,numeric,0001441830,mamianmakeng,3204.0,977.0,3306.0,1027.0,102.0,50.0,5100.0,2.04,50.0,0,0,0,0
0001441830-Raw02-f_00002.jpg,numeric,0001441830,mamianmakeng,3941.0,87.0,4035.0,133.0,94.0,46.0,4324.0,2.0434782608695654,46.0,0,0,0,0
0001441830-Raw02-f_00002.jpg,numeric,0001441830,mamianmakeng,2673.0,702.0,2733.0,750.0,60.0,48.0,2880.0,1.25,48.0,0,0,0,0
0001441830-Raw02-f_00002.jpg,numeric,0001441830,mamianmakeng,3355.0,1201.0,3413.0,1243.0,58.0,42.0,2436.0,1.380952380952381,42.0,0,0,0,0
0001441830-Raw02-f_00002.jpg,numeric,0001441830,mamianmakeng,3220.0,1867.0,3264.0,1902.0,44.0,35.0,1540.0,1.2571428571428571,35.0,0,0,0,0
0001441830-Raw02-f_00002.jpg,numeric,0001441830,mamianmakeng,3289.0,645.0,3377.0,698.0,88.0,53.0,4664.0,1.6603773584905661,53.0,0,0,0,0
0001441830-Raw02-f_00002.jpg,numeric,0001441830,mamianmakeng,3332.0,1320.0,3400.0,1366.0,68.0,46.0,3128.0,1.4782608695652173,46.0,0,0,0,0
0001441830-Raw02-f_00002.jpg,numeric,0001441830,mamianmakeng,2639.0,1309.0,2690.0,1356.0,51.0,47.0,2397.0,1.0851063829787233,47.0,0,0,0,0
0001441830-Raw02-f_00002.jpg,numeric,0001441830,mamianmakeng,3502.0,1289.0,3573.0,1333.0,71.0,44.0,3124.0,1.6136363636363635,44.0,0,0,0,0
0001441830-Raw02-f_00002.jpg,numeric,0001441830,mamianmakeng,3312.0,1283.0,3383.0,1316.0,71.0,33.0,2343.0,2.1515151515151514,33.0,0,0,0,0
0001441830-Raw02-f_00002.jpg,numeric,0001441830,mamianmakeng,2908.0,1663.0,2953.0,1695.0,45.0,32.0,1440.0,1.40625,32.0,0,0,0,0
0001441830-Raw02-f_00002.jpg,numeric,0001441830,mamianmakeng,2710.0,704.0,2733.0,749.0,23.0,45.0,1035.0,1.9565217391304348,23.0,0,0,0,0
0001441830-Raw02-f_00002.jpg,numeric,0001441830,mamianmakeng,514.0,2474.0,557.0,2504.0,43.0,30.0,1290.0,1.4333333333333333,30.0,0,0,0,0
0001441830-Raw02-f_00002.jpg,numeric,0001441830,mamianmakeng,1362.0,2700.0,1384.0,2756.0,22.0,56.0,1232.0,2.5454545454545454,22.0,0,0,0,0
0001441830-Raw02-f_00003.jpg,numeric,0001441830,mamianmakeng,2334.0,1560.0,2430.0,1633.0,96.0,73.0,7008.0,1.3150684931506849,73.0,0,0,0,0
0001441830-Raw02-f_00003.jpg,numeric,0001441830,mamianmakeng,3569.0,2105.0,3663.0,2177.0,94.0,72.0,6768.0,1.3055555555555556,72.0,0,0,0,0
0001441830-Raw02-f_00003.jpg,numeric,0001441830,mamianmakeng,2710.0,1282.0,2841.0,1412.0,131.0,130.0,17030.0,1.0076923076923077,130.0,0,0,0,0
0001441830-Raw02-f_00003.jpg,numeric,0001441830,mamianmakeng,439.0,701.0,519.0,766.0,80.0,65.0,5200.0,1.2307692307692308,65.0,0,0,0,0
0001441830-Raw02-f_00003.jpg,numeric,0001441830,mamianmakeng,2941.0,2482.0,3008.0,2562.0,67.0,80.0,5360.0,1.1940298507462686,67.0,0,0,0,0
0001441830-Raw02-f_00003.jpg,numeric,0001441830,mamianmakeng,3452.0,1000.0,3523.0,1081.0,71.0,81.0,5751.0,1.1408450704225352,71.0,0,0,0,0
0001441830-Raw02-f_00003.jpg,numeric,0001441830,mamianmakeng,3205.0,1772.0,3279.0,1891.0,74.0,119.0,8806.0,1.6081081081081081,74.0,0,0,0,0
0001441830-Raw02-f_00003.jpg,numeric,0001441830,mamianmakeng,1301.0,308.0,1412.0,394.0,111.0,86.0,9546.0,1.2906976744186047,86.0,0,0,0,0
0001441830-Raw02-f_00003.jpg,numeric,0001441830,mamianmakeng,443.0,450.0,520.0,586.0,77.0,136.0,10472.0,1.7662337662337662,77.0,0,0,0,0
0001441830-Raw02-f_00003.jpg,numeric,0001441830,mamianmakeng,1231.0,1368.0,1279.0,1427.0,48.0,59.0,2832.0,1.2291666666666667,48.0,0,0,0,0
0001441830-Raw02-f_00003.jpg,numeric,0001441830,mamianmakeng,4045.0,2771.0,4093.0,2845.0,48.0,74.0,3552.0,1.5416666666666667,48.0,0,0,0,1
0001441830-Raw02-f_00003.jpg,numeric,0001441830,mamianmakeng,1223.0,1052.0,1279.0,1104.0,56.0,52.0,2912.0,1.0769230769230769,52.0,0,0,0,0
0001441830-Raw02-f_00003.jpg,numeric,0001441830,mamianmakeng,541.0,913.0,591.0,952.0,50.0,39.0,1950.0,1.2820512820512822,39.0,0,0,0,0
0001441830-Raw02-f_00003.jpg,numeric,0001441830,mamianmakeng,424.0,1219.0,495.0,1283.0,71.0,64.0,4544.0,1.109375,64.0,0,0,0,0
0001441830-Raw02-f_00003.jpg,numeric,0001441830,mamianmakeng,1219.0,874.0,1265.0,923.0,46.0,49.0,2254.0,1.065217391304348,46.0,0,0,0,0
0001441830-Raw02-f_00003.jpg,numeric,0001441830,mamianmakeng,3303.0,581.0,3377.0,636.0,74.0,55.0,4070.0,1.3454545454545455,55.0,0,0,0,0
0001441830-Raw02-f_00003.jpg,numeric,0001441830,mamianmakeng,3350.0,484.0,3446.0,583.0,96.0,99.0,9504.0,1.03125,96.0,0,0,0,0
0001441830-Raw02-f_00003.jpg,numeric,0001441830,mamianmakeng,2459.0,1.0,2608.0,161.0,149.0,160.0,23840.0,1.0738255033557047,149.0,0,0,0,1
0001441830-Raw02-f_00003.jpg,numeric,0001441830,mamianmakeng,446.0,1287.0,480.0,1314.0,34.0,27.0,918.0,1.2592592592592593,27.0,0,0,0,0
0001441830-Raw02-f_00003.jpg,numeric,0001441830,mamianmakeng,1249.0,1685.0,1299.0,1727.0,50.0,42.0,2100.0,1.1904761904761905,42.0,0,0,0,0
0001441830-Raw02-f_00003.jpg,numeric,0001441830,mamianmakeng,3577.0,2443.0,3633.0,2482.0,56.0,39.0,2184.0,1.435897435897436,39.0,0,0,0,0
0001441830-Raw02-f_00003.jpg,numeric,0001441830,mamianmakeng,517.0,774.0,550.0,815.0,33.0,41.0,1353.0,1.2424242424242424,33.0,0,0,0,0
0001441830-Raw03-f_00001.jpg,numeric,0001441830,mamianmakeng,151.0,1783.0,257.0,1827.0,106.0,44.0,4664.0,2.409090909090909,44.0,0,0,0,0
0001441830-Raw03-f_00001.jpg,numeric,0001441830,mamianmakeng,310.0,508.0,381.0,561.0,71.0,53.0,3763.0,1.3396226415094339,53.0,0,0,0,0
0001441830-Raw03-f_00001.jpg,numeric,0001441830,mamianmakeng,464.0,944.0,499.0,964.0,35.0,20.0,700.0,1.75,20.0,0,0,0,0
0001441830-Raw03-f_00001.jpg,numeric,0001441830,mamianmakeng,374.0,911.0,432.0,937.0,58.0,26.0,1508.0,2.230769230769231,26.0,0,0,0,0
0001441830-Raw03-f_00001.jpg,numeric,0001441830,mamianmakeng,312.0,2309.0,433.0,2442.0,121.0,133.0,16093.0,1.0991735537190082,121.0,0,0,0,0
0001441830-Raw03-f_00001.jpg,numeric,0001441830,mamianmakeng,263.0,266.0,430.0,360.0,167.0,94.0,15698.0,1.7765957446808511,94.0,0,0,0,0
0001441830-Raw03-f_00001.jpg,numeric,0001441830,mamianmakeng,247.0,374.0,349.0,427.0,102.0,53.0,5406.0,1.9245283018867925,53.0,0,0,0,0
0001441830-Raw03-f_00001.jpg,numeric,0001441830,mamianmakeng,75.0,253.0,140.0,297.0,65.0,44.0,2860.0,1.4772727272727273,44.0,0,0,0,0
0001441830-Raw03-f_00001.jpg,numeric,0001441830,mamianmakeng,198.0,453.0,258.0,490.0,60.0,37.0,2220.0,1.6216216216216217,37.0,0,0,0,0
0001441830-Raw03-f_00001.jpg,numeric,0001441830,mamianmakeng,436.0,726.0,512.0,773.0,76.0,47.0,3572.0,1.6170212765957446,47.0,0,0,0,0
0001441830-Raw03-f_00001.jpg,numeric,0001441830,mamianmakeng,264.0,563.0,389.0,639.0,125.0,76.0,9500.0,1.644736842105263,76.0,0,0,0,0
0001441830-Raw03-f_00001.jpg,numeric,0001441830,mamianmakeng,319.0,653.0,387.0,705.0,68.0,52.0,3536.0,1.3076923076923077,52.0,0,0,0,0
0001441830-Raw03-f_00001.jpg,numeric,0001441830,mamianmakeng,279.0,726.0,322.0,752.0,43.0,26.0,1118.0,1.6538461538461537,26.0,0,0,0,0
0001441830-Raw03-f_00001.jpg,numeric,0001441830,mamianmakeng,122.0,1638.0,203.0,1672.0,81.0,34.0,2754.0,2.3823529411764706,34.0,0,0,0,0
0001441830-Raw03-f_00001.jpg,numeric,0001441830,mamianmakeng,349.0,2485.0,519.0,2559.0,170.0,74.0,12580.0,2.2972972972972974,74.0,0,0,0,0
0001441830-Raw03-f_00001.jpg,numeric,0001441830,mamianmakeng,86.0,2252.0,154.0,2301.0,68.0,49.0,3332.0,1.3877551020408163,49.0,0,0,0,0
0001441830-Raw03-f_00001.jpg,numeric,0001441830,mamianmakeng,1.0,2954.0,38.0,2985.0,37.0,31.0,1147.0,1.1935483870967742,31.0,0,0,0,1
0001441830-Raw03-f_00001.jpg,numeric,0001441830,mamianmakeng,1.0,2644.0,75.0,2690.0,74.0,46.0,3404.0,1.608695652173913,46.0,0,0,0,1
0001441830-Raw03-f_00003.jpg,numeric,0001441830,mamianmakeng,532.0,2773.0,614.0,2850.0,82.0,77.0,6314.0,1.0649350649350648,77.0,0,0,0,0
0001441830-Raw03-f_00003.jpg,numeric,0001441830,mamianmakeng,75.0,2110.0,170.0,2184.0,95.0,74.0,7030.0,1.2837837837837838,74.0,0,0,0,0
0001441830-Raw03-f_00003.jpg,numeric,0001441830,mamianmakeng,100.0,2386.0,148.0,2436.0,48.0,50.0,2400.0,1.0416666666666667,48.0,0,0,0,0
0001441830-Raw03-f_00003.jpg,numeric,0001441830,mamianmakeng,79.0,2447.0,135.0,2487.0,56.0,40.0,2240.0,1.4,40.0,0,0,0,0
0001441830-Raw03-f_00008.jpg,numeric,0001441830,mamianmakeng,744.0,72.0,818.0,141.0,74.0,69.0,5106.0,1.0724637681159421,69.0,0,0,0,0
0001441830-Raw03-f_00008.jpg,numeric,0001441830,mamianmakeng,818.0,631.0,847.0,666.0,29.0,35.0,1015.0,1.206896551724138,29.0,0,0,0,0
0001441830-Raw03-f_00008.jpg,numeric,0001441830,jieba,828.0,718.0,850.0,770.0,22.0,52.0,1144.0,2.3636363636363638,22.0,0,0,0,0
0001441830-Raw03-f_00009.jpg,numeric,0001441830,mamianmakeng,320.0,1056.0,393.0,1123.0,73.0,67.0,4891.0,1.0895522388059702,67.0,0,0,0,0
0001441830-Raw03-f_00009.jpg,numeric,0001441830,mamianmakeng,310.0,1163.0,373.0,1210.0,63.0,47.0,2961.0,1.3404255319148937,47.0,0,0,0,0
0001469138_Raw02_f_00006.jpg,numeric,0001469138,gunyin,1721.0,2157.0,1817.0,2171.0,96.0,14.0,1344.0,6.857142857142857,14.0,1,0,1,0
0001469158_Raw02_f_00011.jpg,numeric,0001469158,gunyin,1769.0,2566.0,1860.0,2580.0,91.0,14.0,1274.0,6.5,14.0,1,0,1,0
0001469690_Raw00_f_00001.jpg,numeric,0001469690,jieba,929.0,813.0,960.0,876.0,31.0,63.0,1953.0,2.032258064516129,31.0,0,0,0,0
0001469690_Raw01_f_00004.jpg,numeric,0001469690,zonglie,2674.0,123.0,2698.0,299.0,24.0,176.0,4224.0,7.333333333333333,24.0,0,0,1,0
0001469693_Raw02_f_00001.jpg,numeric,0001469693,yanghuatiepi,1815.0,511.0,1855.0,616.0,40.0,105.0,4200.0,2.625,40.0,0,0,0,0
0001469693_Raw10_f_00003.jpg,numeric,0001469693,yiwuyaru,3532.0,1810.0,3562.0,1901.0,30.0,91.0,2730.0,3.033333333333333,30.0,0,0,0,0
0001469702_Raw10_f_00005.jpg,numeric,0001469702,yiwuyaru,3184.0,2107.0,3209.0,2218.0,25.0,111.0,2775.0,4.44,25.0,0,0,0,0
0001469713_Raw02_f_00005.jpg,numeric,0001469713,yiwuyaru,989.0,1497.0,1083.0,1569.0,94.0,72.0,6768.0,1.3055555555555556,72.0,0,0,0,0
0001469714_Raw00_f_00001.jpg,numeric,0001469714,yanghuatiepi,2233.0,1477.0,2313.0,1513.0,80.0,36.0,2880.0,2.2222222222222223,36.0,0,0,0,0
0001469714_Raw00_f_00004.jpg,numeric,0001469714,yiwuyaru,3122.0,605.0,3162.0,636.0,40.0,31.0,1240.0,1.2903225806451613,31.0,0,0,0,0
0001469716_Raw00_f_00002.jpg,numeric,0001469716,yanghuatiepi,3769.0,112.0,3829.0,135.0,60.0,23.0,1380.0,2.608695652173913,23.0,0,0,0,0
0001469730_Raw01_f_00005.jpg,numeric,0001469730,yiwuyaru,2648.0,2386.0,2692.0,2463.0,44.0,77.0,3388.0,1.75,44.0,0,0,0,0
0001469730_Raw02_f_00005.jpg,numeric,0001469730,jieba,2536.0,2676.0,2573.0,2731.0,37.0,55.0,2035.0,1.4864864864864864,37.0,0,0,0,0
0001469740_Raw13_f_00006.jpg,numeric,0001469740,yiwuyaru,2742.0,1559.0,2772.0,1728.0,30.0,169.0,5070.0,5.633333333333334,30.0,0,0,1,0
0001469741_Raw02_f_00008.jpg,numeric,0001469741,mamianmakeng,2225.0,1981.0,2255.0,2022.0,30.0,41.0,1230.0,1.3666666666666667,30.0,0,0,0,0
0001469758_Raw01_f_00004.jpg,numeric,0001469758,zonglie,1799.0,2222.0,1834.0,2782.0,35.0,560.0,19600.0,16.0,35.0,0,0,1,0
0001469758_Raw01_f_00004.jpg,numeric,0001469758,zonglie,1198.0,2277.0,1249.0,2802.0,51.0,525.0,26775.0,10.294117647058824,51.0,0,0,1,0
0001469760_Raw13_f_00003.jpg,numeric,0001469760,huashang,648.0,702.0,1681.0,750.0,1033.0,48.0,49584.0,21.520833333333332,48.0,0,0,1,0
0001469761_Raw13_f_00006.jpg,numeric,0001469761,huashang,2838.0,340.0,2970.0,407.0,132.0,67.0,8844.0,1.9701492537313432,67.0,0,0,0,0
0001469761_Raw13_f_00006.jpg,numeric,0001469761,huashang,2074.0,4.0,2712.0,269.0,638.0,265.0,169070.0,2.4075471698113207,265.0,0,0,0,1
0001469768_Raw00_f_00001.jpg,numeric,0001469768,yanghuatiepi,2211.0,1661.0,2286.0,1684.0,75.0,23.0,1725.0,3.260869565217391,23.0,0,0,0,0
0001469768_Raw00_f_00001.jpg,numeric,0001469768,yanghuatiepi,4000.0,2914.0,4032.0,2944.0,32.0,30.0,960.0,1.0666666666666667,30.0,0,0,0,0
0001469768_Raw00_f_00001.jpg,numeric,0001469768,mamianmakeng,3995.0,1572.0,4019.0,1591.0,24.0,19.0,456.0,1.263157894736842,19.0,0,0,0,0
0001469777_Raw02_f_00001.jpg,numeric,0001469777,yanghuatiepi,1146.0,1993.0,1233.0,2060.0,87.0,67.0,5829.0,1.2985074626865671,67.0,0,0,0,0
0001469777_Raw02_f_00001.jpg,numeric,0001469777,yanghuatiepi,2040.0,1577.0,2069.0,1618.0,29.0,41.0,1189.0,1.4137931034482758,29.0,0,0,0,0
0001469782_Raw02_f_00001.jpg,numeric,0001469782,yanghuatiepi,1130.0,1.0,1208.0,29.0,78.0,28.0,2184.0,2.7857142857142856,28.0,0,0,0,1
0001469791_Raw02_f_00001.jpg,numeric,0001469791,yanghuatiepi,3789.0,1946.0,3839.0,1986.0,50.0,40.0,2000.0,1.25,40.0,0,0,0,0
0001469791_Raw02_f_00001.jpg,numeric,0001469791,yanghuatiepi,3233.0,2621.0,3274.0,2668.0,41.0,47.0,1927.0,1.146341463414634,41.0,0,0,0,0
0001469793_Raw00_f_00003.jpg,numeric,0001469793,yanghuatiepi,1654.0,1288.0,1699.0,1324.0,45.0,36.0,1620.0,1.25,36.0,0,0,0,0
0001469793_Raw00_f_00003.jpg,numeric,0001469793,yanghuatiepi,2714.0,1768.0,2736.0,1788.0,22.0,20.0,440.0,1.1,20.0,0,0,0,0
0001469793_Raw00_f_00003.jpg,numeric,0001469793,yanghuatiepi,3830.0,1644.0,3872.0,1684.0,42.0,40.0,1680.0,1.05,40.0,0,0,0,0
0001469793_Raw02_f_00002.jpg,numeric,0001469793,yanghuatiepi,2978.0,378.0,2999.0,393.0,21.0,15.0,315.0,1.4,15.0,1,0,0,0
0001469793_Raw02_f_00002.jpg,numeric,0001469793,yanghuatiepi,2454.0,1283.0,2527.0,1323.0,73.0,40.0,2920.0,1.825,40.0,0,0,0,0
0001469793_Raw02_f_00002.jpg,numeric,0001469793,yanghuatiepi,2303.0,1632.0,2347.0,1675.0,44.0,43.0,1892.0,1.0232558139534884,43.0,0,0,0,0
0001469793_Raw02_f_00002.jpg,numeric,0001469793,yanghuatiepi,2614.0,853.0,2710.0,907.0,96.0,54.0,5184.0,1.7777777777777777,54.0,0,0,0,0
0001469793_Raw13_f_00001.jpg,numeric,0001469793,huashang,2658.0,1849.0,2684.0,2488.0,26.0,639.0,16614.0,24.576923076923077,26.0,0,0,1,0
0001469793_Raw13_f_00001.jpg,numeric,0001469793,huashang,2567.0,2435.0,2598.0,2997.0,31.0,562.0,17422.0,18.129032258064516,31.0,0,0,1,1
0001469798_Raw01_f_00005.jpg,numeric,0001469798,yanghuatiepi,1111.0,2808.0,1136.0,2827.0,25.0,19.0,475.0,1.3157894736842106,19.0,0,0,0,0
0001469798_Raw01_f_00005.jpg,numeric,0001469798,yanghuatiepi,1334.0,119.0,1360.0,138.0,26.0,19.0,494.0,1.368421052631579,19.0,0,0,0,0
0001469798_Raw01_f_00005.jpg,numeric,0001469798,yanghuatiepi,2200.0,175.0,2239.0,212.0,39.0,37.0,1443.0,1.054054054054054,37.0,0,0,0,0
0001469798_Raw01_f_00005.jpg,numeric,0001469798,yanghuatiepi,794.0,2295.0,834.0,2319.0,40.0,24.0,960.0,1.6666666666666667,24.0,0,0,0,0
0001469798_Raw03_f_00000.jpg,numeric,0001469798,mamianmakeng,964.0,1985.0,988.0,2008.0,24.0,23.0,552.0,1.0434782608695652,23.0,0,0,0,0
0001469798_Raw03_f_00001.jpg,numeric,0001469798,yanghuatiepi,161.0,1632.0,245.0,1720.0,84.0,88.0,7392.0,1.0476190476190477,84.0,0,0,0,0
0001469798_Raw03_f_00001.jpg,numeric,0001469798,yanghuatiepi,1187.0,370.0,1241.0,408.0,54.0,38.0,2052.0,1.4210526315789473,38.0,0,0,0,0
0001469806_Raw02_f_00003.jpg,numeric,0001469806,mamianmakeng,504.0,2634.0,551.0,2682.0,47.0,48.0,2256.0,1.0212765957446808,47.0,0,0,0,0
0001469808_Raw00_f_00002.jpg,numeric,0001469808,yanghuatiepi,2379.0,397.0,2441.0,436.0,62.0,39.0,2418.0,1.5897435897435896,39.0,0,0,0,0
0001469810_Raw12_f_00006.jpg,numeric,0001469810,yiwuyaru,2267.0,1937.0,2548.0,1988.0,281.0,51.0,14331.0,5.509803921568627,51.0,0,0,1,0
0001469810_Raw12_f_00006.jpg,numeric,0001469810,yiwuyaru,3862.0,2007.0,3986.0,2026.0,124.0,19.0,2356.0,6.526315789473684,19.0,0,0,1,0
0001469810_Raw12_f_00006.jpg,numeric,0001469810,yiwuyaru,3603.0,2001.0,3723.0,2020.0,120.0,19.0,2280.0,6.315789473684211,19.0,0,0,1,0
0001469810_Raw12_f_00006.jpg,numeric,0001469810,yiwuyaru,2044.0,1990.0,2176.0,2009.0,132.0,19.0,2508.0,6.947368421052632,19.0,0,0,1,0
0001469810_Raw12_f_00006.jpg,numeric,0001469810,yiwuyaru,4014.0,1998.0,4094.0,2026.0,80.0,28.0,2240.0,2.857142857142857,28.0,0,0,0,1
0001469810_Raw12_f_00006.jpg,numeric,0001469810,yiwuyaru,1759.0,2016.0,1947.0,2039.0,188.0,23.0,4324.0,8.173913043478262,23.0,0,0,1,0
0001469814_Raw12_f_00007.jpg,numeric,0001469814,yiwuyaru,3307.0,421.0,3508.0,458.0,201.0,37.0,7437.0,5.4324324324324325,37.0,0,0,1,0
0001469814_Raw12_f_00007.jpg,numeric,0001469814,yiwuyaru,1324.0,405.0,1449.0,430.0,125.0,25.0,3125.0,5.0,25.0,0,0,1,0
0001469814_Raw12_f_00007.jpg,numeric,0001469814,yiwuyaru,3155.0,431.0,3257.0,452.0,102.0,21.0,2142.0,4.857142857142857,21.0,0,0,0,0
0001469819_Raw00_f_00001.jpg,numeric,0001469819,yanghuatiepi,2238.0,1560.0,2310.0,1600.0,72.0,40.0,2880.0,1.8,40.0,0,0,0,0
0001469819_Raw00_f_00001.jpg,numeric,0001469819,yanghuatiepi,1062.0,2242.0,1116.0,2264.0,54.0,22.0,1188.0,2.4545454545454546,22.0,0,0,0,0
0001469837_Raw13_f_00002.jpg,numeric,0001469837,huashang,888.0,2314.0,968.0,2334.0,80.0,20.0,1600.0,4.0,20.0,0,0,0,0
0001469837_Raw13_f_00002.jpg,numeric,0001469837,huashang,1117.0,2340.0,1243.0,2363.0,126.0,23.0,2898.0,5.478260869565218,23.0,0,0,1,0
0001469837_Raw13_f_00002.jpg,numeric,0001469837,huashang,1358.0,2342.0,1503.0,2374.0,145.0,32.0,4640.0,4.53125,32.0,0,0,0,0
0001469839_Raw00_f_00000.jpg,numeric,0001469839,yanghuatiepi,2235.0,2787.0,2307.0,2833.0,72.0,46.0,3312.0,1.565217391304348,46.0,0,0,0,0
0001469841_Raw00_f_00001.jpg,numeric,0001469841,yanghuatiepi,3801.0,2439.0,3834.0,2472.0,33.0,33.0,1089.0,1.0,33.0,0,0,0,0
0001469845_Raw03_f_00000.jpg,numeric,0001469845,jieba,2073.0,2583.0,2129.0,2770.0,56.0,187.0,10472.0,3.3392857142857144,56.0,0,0,0,0
0001469851_Raw10_f_00009.jpg,numeric,0001469851,yiwuyaru,3667.0,2765.0,3691.0,2899.0,24.0,134.0,3216.0,5.583333333333333,24.0,0,0,1,0
0001469856_Raw10_f_00006.jpg,numeric,0001469856,yiwuyaru,3664.0,2682.0,3681.0,2778.0,17.0,96.0,1632.0,5.647058823529412,17.0,0,0,1,0
0001469856_Raw10_f_00006.jpg,numeric,0001469856,yiwuyaru,3661.0,48.0,3679.0,150.0,18.0,102.0,1836.0,5.666666666666667,18.0,0,0,1,0
0001469871_Raw02_f_00001.jpg,numeric,0001469871,yanghuatiepi,3570.0,1652.0,3639.0,1696.0,69.0,44.0,3036.0,1.5681818181818181,44.0,0,0,0,0
0001469871_Raw03_f_00001.jpg,numeric,0001469871,yanghuatiepi,56.0,1660.0,122.0,1700.0,66.0,40.0,2640.0,1.65,40.0,0,0,0,0
0001469874_Raw13_f_00009.jpg,numeric,0001469874,yiwuyaru,122.0,241.0,246.0,264.0,124.0,23.0,2852.0,5.391304347826087,23.0,0,0,1,0
0001469877_Raw12_f_00010.jpg,numeric,0001469877,yiwuyaru,3156.0,1153.0,3277.0,1178.0,121.0,25.0,3025.0,4.84,25.0,0,0,0,0
0001469877_Raw13_f_00010.jpg,numeric,0001469877,yiwuyaru,211.0,1149.0,332.0,1171.0,121.0,22.0,2662.0,5.5,22.0,0,0,1,0
0001469890_Raw13_f_00004.jpg,numeric,0001469890,huashang,1588.0,177.0,1622.0,1203.0,34.0,1026.0,34884.0,30.176470588235293,34.0,0,0,1,0
0001469897_Raw00_f_00006.jpg,numeric,0001469897,yanghuatiepi,3916.0,1881.0,3971.0,1913.0,55.0,32.0,1760.0,1.71875,32.0,0,0,0,0
0001469898_Raw01_f_00001.jpg,numeric,0001469898,yanghuatiepi,23.0,2761.0,64.0,2780.0,41.0,19.0,779.0,2.1578947368421053,19.0,0,0,0,0
0001469898_Raw01_f_00001.jpg,numeric,0001469898,yanghuatiepi,1252.0,2530.0,1282.0,2550.0,30.0,20.0,600.0,1.5,20.0,0,0,0,0
0001469898_Raw01_f_00004.jpg,numeric,0001469898,yanghuatiepi,783.0,283.0,827.0,313.0,44.0,30.0,1320.0,1.4666666666666666,30.0,0,0,0,0
0001469898_Raw01_f_00004.jpg,numeric,0001469898,yanghuatiepi,500.0,2063.0,534.0,2083.0,34.0,20.0,680.0,1.7,20.0,0,0,0,0
0001469898_Raw01_f_00004.jpg,numeric,0001469898,yanghuatiepi,503.0,2096.0,536.0,2126.0,33.0,30.0,990.0,1.1,30.0,0,0,0,0
0001469898_Raw01_f_00004.jpg,numeric,0001469898,yanghuatiepi,1566.0,2633.0,1601.0,2657.0,35.0,24.0,840.0,1.4583333333333333,24.0,0,0,0,0
0001469898_Raw01_f_00004.jpg,numeric,0001469898,yanghuatiepi,2060.0,1089.0,2109.0,1125.0,49.0,36.0,1764.0,1.3611111111111112,36.0,0,0,0,0
0001469898_Raw01_f_00004.jpg,numeric,0001469898,yanghuatiepi,3704.0,1.0,3740.0,13.0,36.0,12.0,432.0,3.0,12.0,1,0,0,1
0001469909_Raw00_f_00001.jpg,numeric,0001469909,yanghuatiepi,2261.0,2509.0,2316.0,2540.0,55.0,31.0,1705.0,1.7741935483870968,31.0,0,0,0,0
0001469946_Raw13_f_00002.jpg,numeric,0001469946,yiwuyaru,789.0,2354.0,821.0,2528.0,32.0,174.0,5568.0,5.4375,32.0,0,0,1,0
0001469979_Raw00_f_00002.jpg,numeric,0001469979,yanghuatiepi,2192.0,666.0,2279.0,706.0,87.0,40.0,3480.0,2.175,40.0,0,0,0,0
0001469979_Raw00_f_00002.jpg,numeric,0001469979,yanghuatiepi,2239.0,105.0,2301.0,150.0,62.0,45.0,2790.0,1.3777777777777778,45.0,0,0,0,0
0001469990_Raw00_f_00001.jpg,numeric,0001469990,yanghuatiepi,2196.0,900.0,2304.0,939.0,108.0,39.0,4212.0,2.769230769230769,39.0,0,0,0,0
0001469992_Raw01_f_00000.jpg,numeric,0001469992,yanghuatiepi,345.0,1312.0,399.0,1334.0,54.0,22.0,1188.0,2.4545454545454546,22.0,0,0,0,0
0001469996_Raw01_f_00000.jpg,numeric,0001469996,yiwuyaru,1424.0,2899.0,1478.0,2969.0,54.0,70.0,3780.0,1.2962962962962963,54.0,0,0,0,0
0001470004_Raw01_f_00001.jpg,numeric,0001470004,yiwuyaru,2937.0,1356.0,2976.0,1467.0,39.0,111.0,4329.0,2.8461538461538463,39.0,0,0,0,0
0001470010_Raw02_f_00001.jpg,numeric,0001470010,yanghuatiepi,1507.0,768.0,1583.0,868.0,76.0,100.0,7600.0,1.3157894736842106,76.0,0,0,0,0
0001470039_Raw02_f_00001.jpg,numeric,0001470039,yanghuatiepi,1976.0,2335.0,2062.0,2576.0,86.0,241.0,20726.0,2.802325581395349,86.0,0,0,0,0
0001470039_Raw02_f_00001.jpg,numeric,0001470039,yanghuatiepi,2343.0,2765.0,2423.0,2831.0,80.0,66.0,5280.0,1.2121212121212122,66.0,0,0,0,0
0001470045_Raw11_f_00000.jpg,numeric,0001470045,jieba,2651.0,1667.0,2764.0,1712.0,113.0,45.0,5085.0,2.511111111111111,45.0,0,0,0,0
0001470051_Raw00_f_00001.jpg,numeric,0001470051,yanghuatiepi,2243.0,1983.0,2320.0,2030.0,77.0,47.0,3619.0,1.6382978723404256,47.0,0,0,0,0
0001470065_Raw00_f_00001.jpg,numeric,0001470065,yanghuatiepi,2253.0,618.0,2316.0,648.0,63.0,30.0,1890.0,2.1,30.0,0,0,0,0
0001470067_Raw00_f_00001.jpg,numeric,0001470067,yanghuatiepi,2243.0,980.0,2305.0,1024.0,62.0,44.0,2728.0,1.4090909090909092,44.0,0,0,0,0
0001470067_Raw00_f_00001.jpg,numeric,0001470067,yanghuatiepi,2240.0,1000.0,2308.0,1026.0,68.0,26.0,1768.0,2.6153846153846154,26.0,0,0,0,0
0001470067_Raw02_f_00003.jpg,numeric,0001470067,mamianmakeng,2311.0,176.0,2355.0,218.0,44.0,42.0,1848.0,1.0476190476190477,42.0,0,0,0,0
0001470067_Raw02_f_00003.jpg,numeric,0001470067,mamianmakeng,2514.0,691.0,2553.0,725.0,39.0,34.0,1326.0,1.1470588235294117,34.0,0,0,0,0
0001470067_Raw03_f_00001.jpg,numeric,0001470067,yanghuatiepi,1.0,746.0,34.0,800.0,33.0,54.0,1782.0,1.6363636363636365,33.0,0,0,0,1
0001470098_Raw00_f_00007.jpg,numeric,0001470098,mamianmakeng,2282.0,500.0,2316.0,552.0,34.0,52.0,1768.0,1.5294117647058822,34.0,0,0,0,0
0001470099_Raw00_f_00001.jpg,numeric,0001470099,mamianmakeng,1476.0,963.0,1501.0,992.0,25.0,29.0,725.0,1.16,25.0,0,0,0,0
0001470112_Raw13_f_00002.jpg,numeric,0001470112,yiwuyaru,2969.0,149.0,3006.0,281.0,37.0,132.0,4884.0,3.5675675675675675,37.0,0,0,0,0
0001470144_Raw02_f_00001.jpg,numeric,0001470144,yanghuatiepi,3492.0,985.0,3558.0,1024.0,66.0,39.0,2574.0,1.6923076923076923,39.0,0,0,0,0
0001470173_Raw10_f_00006.jpg,numeric,0001470173,yiwuyaru,1875.0,1395.0,1908.0,1450.0,33.0,55.0,1815.0,1.6666666666666667,33.0,0,0,0,0
0001470181_Raw10_f_00002.jpg,numeric,0001470181,yiwuyaru,1879.0,1490.0,1907.0,1568.0,28.0,78.0,2184.0,2.7857142857142856,28.0,0,0,0,0
0001471561_Raw10_f_00005.jpg,numeric,0001471561,huashang,3012.0,1686.0,3040.0,2467.0,28.0,781.0,21868.0,27.892857142857142,28.0,0,0,1,0
0001471561_Raw11_f_00005.jpg,numeric,0001471561,huashang,33.0,1661.0,50.0,2132.0,17.0,471.0,8007.0,27.705882352941178,17.0,0,0,1,0
0001472015_Raw02_f_00001.jpg,numeric,0001472015,gunyin,541.0,410.0,670.0,459.0,129.0,49.0,6321.0,2.63265306122449,49.0,0,0,0,0
0001472015_Raw02_f_00001.jpg,numeric,0001472015,yanghuatiepi,3598.0,2595.0,3622.0,2616.0,24.0,21.0,504.0,1.1428571428571428,21.0,0,0,0,0
0001472015_Raw02_f_00001.jpg,numeric,0001472015,yanghuatiepi,3509.0,1354.0,3731.0,1475.0,222.0,121.0,26862.0,1.834710743801653,121.0,0,0,0,0
0001472015_Raw12_f_00011.jpg,numeric,0001472015,huashang,3943.0,81.0,3974.0,463.0,31.0,382.0,11842.0,12.32258064516129,31.0,0,0,1,0
0001472015_Raw12_f_00012.jpg,numeric,0001472015,huashang,3901.0,2636.0,3937.0,3000.0,36.0,364.0,13104.0,10.11111111111111,36.0,0,0,1,1
0001472015_Raw13_f_00005.jpg,numeric,0001472015,yiwuyaru,2528.0,880.0,2825.0,1081.0,297.0,201.0,59697.0,1.4776119402985075,201.0,0,0,0,0
0001472015_Raw13_f_00006.jpg,numeric,0001472015,yiwuyaru,2601.0,154.0,2826.0,415.0,225.0,261.0,58725.0,1.16,225.0,0,0,0,0
0001472015_Raw13_f_00006.jpg,numeric,0001472015,yiwuyaru,2678.0,2695.0,2803.0,2887.0,125.0,192.0,24000.0,1.536,125.0,0,0,0,0
0001472015_Raw13_f_00012.jpg,numeric,0001472015,huashang,961.0,2596.0,995.0,3000.0,34.0,404.0,13736.0,11.882352941176471,34.0,0,0,1,1
0001472031_Raw00_f_00001.jpg,numeric,0001472031,jieba,2873.0,1230.0,2904.0,1405.0,31.0,175.0,5425.0,5.645161290322581,31.0,0,0,1,0
0001472031_Raw01_f_00002.jpg,numeric,0001472031,gunyin,3667.0,1368.0,3898.0,1397.0,231.0,29.0,6699.0,7.9655172413793105,29.0,0,0,1,0
0001472031_Raw01_f_00004.jpg,numeric,0001472031,gunyin,3721.0,2132.0,3945.0,2169.0,224.0,37.0,8288.0,6.054054054054054,37.0,0,0,1,0
0001472031_Raw01_f_00007.jpg,numeric,0001472031,yanghuatiepi,2367.0,2170.0,2394.0,2193.0,27.0,23.0,621.0,1.173913043478261,23.0,0,0,0,0
0001472031_Raw01_f_00007.jpg,numeric,0001472031,gunyin,3744.0,1802.0,3966.0,1843.0,222.0,41.0,9102.0,5.414634146341464,41.0,0,0,1,0
0001472031_Raw01_f_00010.jpg,numeric,0001472031,gunyin,3769.0,1477.0,3985.0,1509.0,216.0,32.0,6912.0,6.75,32.0,0,0,1,0
0001472031_Raw02_f_00002.jpg,numeric,0001472031,gunyin,256.0,1359.0,485.0,1382.0,229.0,23.0,5267.0,9.956521739130435,23.0,0,0,1,0
0001472079_Raw02_f_00008.jpg,numeric,0001472079,mamianmakeng,1750.0,621.0,1840.0,704.0,90.0,83.0,7470.0,1.0843373493975903,83.0,0,0,0,0
0001472114_Raw01_f_00006.jpg,numeric,0001472114,yanghuatiepi,1950.0,472.0,2017.0,520.0,67.0,48.0,3216.0,1.3958333333333333,48.0,0,0,0,0
0001472114_Raw01_f_00006.jpg,numeric,0001472114,zonglie,3202.0,1.0,3287.0,3000.0,85.0,2999.0,254915.0,35.28235294117647,85.0,0,0,1,1
0001472114_Raw01_f_00007.jpg,numeric,0001472114,zonglie,3211.0,1.0,3278.0,3000.0,67.0,2999.0,200933.0,44.76119402985075,67.0,0,0,1,1
0001472114_Raw01_f_00010.jpg,numeric,0001472114,zonglie,3200.0,1.0,3302.0,3000.0,102.0,2999.0,305898.0,29.401960784313726,102.0,0,0,1,1
0001472114_Raw01_f_00011.jpg,numeric,0001472114,zonglie,3203.0,1.0,3287.0,3000.0,84.0,2999.0,251916.0,35.70238095238095,84.0,0,0,1,1
0001472114_Raw01_f_00012.jpg,numeric,0001472114,zonglie,3212.0,1.0,3300.0,2695.0,88.0,2694.0,237072.0,30.613636363636363,88.0,0,0,1,1
0001472115_Raw01_f_00002.jpg,numeric,0001472115,zonglie,3153.0,1.0,3267.0,3000.0,114.0,2999.0,341886.0,26.30701754385965,114.0,0,0,1,1
0001472115_Raw01_f_00002.jpg,numeric,0001472115,yanghuatiepi,2340.0,1492.0,2377.0,1505.0,37.0,13.0,481.0,2.8461538461538463,13.0,1,0,0,0
0001472115_Raw01_f_00003.jpg,numeric,0001472115,yanghuatiepi,310.0,547.0,339.0,570.0,29.0,23.0,667.0,1.2608695652173914,23.0,0,0,0,0
0001472115_Raw01_f_00003.jpg,numeric,0001472115,zonglie,3164.0,1.0,3293.0,3000.0,129.0,2999.0,386871.0,23.248062015503876,129.0,0,0,1,1
0001472115_Raw01_f_00006.jpg,numeric,0001472115,yanghuatiepi,1982.0,1837.0,2007.0,1860.0,25.0,23.0,575.0,1.0869565217391304,23.0,0,0,0,0
0001472115_Raw01_f_00006.jpg,numeric,0001472115,yanghuatiepi,1646.0,849.0,1671.0,871.0,25.0,22.0,550.0,1.1363636363636365,22.0,0,0,0,0
0001472115_Raw01_f_00006.jpg,numeric,0001472115,zonglie,3223.0,0.0,3309.0,1505.0,86.0,1505.0,129430.0,17.5,86.0,0,0,1,1
0001472117_Raw03_f_00001.jpg,numeric,0001472117,yiwuyaru,1208.0,874.0,1287.0,922.0,79.0,48.0,3792.0,1.6458333333333333,48.0,0,0,0,0
0001472117_Raw03_f_00001.jpg,numeric,0001472117,yiwuyaru,959.0,890.0,976.0,961.0,17.0,71.0,1207.0,4.176470588235294,17.0,0,0,0,0
0001472117_Raw03_f_00001.jpg,numeric,0001472117,yanghuatiepi,701.0,2533.0,766.0,2563.0,65.0,30.0,1950.0,2.1666666666666665,30.0,0,0,0,0
0001472117_Raw12_f_00006.jpg,numeric,0001472117,huashang,2042.0,947.0,2255.0,969.0,213.0,22.0,4686.0,9.681818181818182,22.0,0,0,1,0
0001472117_Raw12_f_00006.jpg,numeric,0001472117,huashang,1250.0,1119.0,1283.0,1252.0,33.0,133.0,4389.0,4.03030303030303,33.0,0,0,0,0
0001472187_Raw02_f_00002.jpg,numeric,0001472187,jiaza,2498.0,1902.0,2524.0,1966.0,26.0,64.0,1664.0,2.4615384615384617,26.0,0,0,0,0
0001472187_Raw10_f_00002.jpg,numeric,0001472187,huashang,3616.0,2498.0,3633.0,3000.0,17.0,502.0,8534.0,29.529411764705884,17.0,0,0,1,1
0001472187_Raw10_f_00003.jpg,numeric,0001472187,huashang,3616.0,6.0,3632.0,526.0,16.0,520.0,8320.0,32.5,16.0,0,0,1,1
0001472191_Raw02_f_00001.jpg,numeric,0001472191,yanghuatiepi,3463.0,992.0,3527.0,1024.0,64.0,32.0,2048.0,2.0,32.0,0,0,0,0
0001472191_Raw12_f_00002.jpg,numeric,0001472191,jieba,1682.0,1.0,1724.0,251.0,42.0,250.0,10500.0,5.9523809523809526,42.0,0,0,1,1
0001472220_Raw10_f_00002.jpg,numeric,0001472220,jieba,1715.0,572.0,1781.0,683.0,66.0,111.0,7326.0,1.6818181818181819,66.0,0,0,0,0
0001472220_Raw10_f_00002.jpg,numeric,0001472220,jieba,1648.0,1011.0,1687.0,1162.0,39.0,151.0,5889.0,3.871794871794872,39.0,0,0,0,0
0001472220_Raw10_f_00002.jpg,numeric,0001472220,yiwuyaru,3593.0,89.0,3648.0,404.0,55.0,315.0,17325.0,5.7272727272727275,55.0,0,0,1,0
0001472220_Raw10_f_00002.jpg,numeric,0001472220,yiwuyaru,3663.0,902.0,3696.0,1123.0,33.0,221.0,7293.0,6.696969696969697,33.0,0,0,1,0
0001472220_Raw10_f_00002.jpg,numeric,0001472220,jieba,3653.0,1536.0,3697.0,1655.0,44.0,119.0,5236.0,2.7045454545454546,44.0,0,0,0,0
0001472220_Raw11_f_00001.jpg,numeric,0001472220,jieba,2264.0,776.0,2330.0,848.0,66.0,72.0,4752.0,1.0909090909090908,66.0,0,0,0,0
0001472220_Raw11_f_00001.jpg,numeric,0001472220,jieba,2060.0,1703.0,2122.0,1960.0,62.0,257.0,15934.0,4.145161290322581,62.0,0,0,0,0
0001472220_Raw11_f_00001.jpg,numeric,0001472220,jieba,803.0,1039.0,967.0,1078.0,164.0,39.0,6396.0,4.205128205128205,39.0,0,0,0,0
0001472220_Raw11_f_00001.jpg,numeric,0001472220,yiwuyaru,2060.0,1704.0,2124.0,1961.0,64.0,257.0,16448.0,4.015625,64.0,0,0,0,0
0001472220_Raw11_f_00001.jpg,numeric,0001472220,jieba,2380.0,645.0,2409.0,679.0,29.0,34.0,986.0,1.1724137931034482,29.0,0,0,0,0
0001472221_Raw02_f_00001.jpg,numeric,0001472221,yanghuatiepi,3433.0,205.0,3568.0,380.0,135.0,175.0,23625.0,1.2962962962962963,135.0,0,0,0,0
0001472221_Raw02_f_00001.jpg,numeric,0001472221,yanghuatiepi,3432.0,205.0,3496.0,384.0,64.0,179.0,11456.0,2.796875,64.0,0,0,0,0
0001472221_Raw12_f_00002.jpg,numeric,0001472221,jieba,1871.0,53.0,1987.0,102.0,116.0,49.0,5684.0,2.36734693877551,49.0,0,0,0,0
0001472221_Raw12_f_00002.jpg,numeric,0001472221,jieba,1654.0,2179.0,1707.0,2233.0,53.0,54.0,2862.0,1.0188679245283019,53.0,0,0,0,0
0001472227_Raw03_f_00000.jpg,numeric,0001472227,yiwuyaru,2861.0,2943.0,2946.0,2999.0,85.0,56.0,4760.0,1.5178571428571428,56.0,0,0,0,1
0001472227_Raw03_f_00010.jpg,numeric,0001472227,mamianmakeng,916.0,900.0,955.0,998.0,39.0,98.0,3822.0,2.5128205128205128,39.0,0,0,0,0
0001472227_Raw03_f_00010.jpg,numeric,0001472227,jieba,3569.0,1650.0,3610.0,1696.0,41.0,46.0,1886.0,1.1219512195121952,41.0,0,0,0,0
0001472227_Raw12_f_00007.jpg,numeric,0001472227,jieba,3979.0,379.0,4068.0,472.0,89.0,93.0,8277.0,1.0449438202247192,89.0,0,0,0,0
0001472228_Raw01_f_00019.jpg,numeric,0001472228,jieba,2050.0,260.0,2125.0,352.0,75.0,92.0,6900.0,1.2266666666666666,75.0,0,0,0,0
0001472228_Raw01_f_00019.jpg,numeric,0001472228,jieba,1481.0,2482.0,1502.0,2556.0,21.0,74.0,1554.0,3.5238095238095237,21.0,0,0,0,0
0001472228_Raw01_f_00019.jpg,numeric,0001472228,jieba,1168.0,216.0,1189.0,249.0,21.0,33.0,693.0,1.5714285714285714,21.0,0,0,0,0
0001472228_Raw02_f_00019.jpg,numeric,0001472228,jieba,1723.0,277.0,1806.0,319.0,83.0,42.0,3486.0,1.9761904761904763,42.0,0,0,0,0
0001472228_Raw02_f_00019.jpg,numeric,0001472228,jieba,970.0,203.0,996.0,346.0,26.0,143.0,3718.0,5.5,26.0,0,0,1,0
0001472228_Raw02_f_00019.jpg,numeric,0001472228,jieba,3089.0,316.0,3117.0,345.0,28.0,29.0,812.0,1.0357142857142858,28.0,0,0,0,0
0001472228_Raw02_f_00019.jpg,numeric,0001472228,jieba,3721.0,2771.0,3756.0,2875.0,35.0,104.0,3640.0,2.9714285714285715,35.0,0,0,0,0
0001472228_Raw02_f_00020.jpg,numeric,0001472228,jieba,1651.0,107.0,1696.0,153.0,45.0,46.0,2070.0,1.0222222222222221,45.0,0,0,0,0
0001472228_Raw03_f_00020.jpg,numeric,0001472228,jieba,1553.0,20.0,1589.0,71.0,36.0,51.0,1836.0,1.4166666666666667,36.0,0,0,0,0
0001472228_Raw03_f_00020.jpg,numeric,0001472228,jieba,2853.0,893.0,2982.0,1019.0,129.0,126.0,16254.0,1.0238095238095237,126.0,0,0,0,0
0001472228_Raw11_f_00020.jpg,numeric,0001472228,jieba,3016.0,696.0,3080.0,844.0,64.0,148.0,9472.0,2.3125,64.0,0,0,0,0
0001472228_Raw11_f_00020.jpg,numeric,0001472228,jieba,3762.0,365.0,3831.0,489.0,69.0,124.0,8556.0,1.7971014492753623,69.0,0,0,0,0
0001472228_Raw11_f_00020.jpg,numeric,0001472228,zonglie,3288.0,1.0,3353.0,2728.0,65.0,2727.0,177255.0,41.95384615384615,65.0,0,0,1,1
0001472228_Raw11_f_00020.jpg,numeric,0001472228,huashang,2286.0,186.0,2344.0,2087.0,58.0,1901.0,110258.0,32.775862068965516,58.0,0,0,1,0
0001472228_Raw11_f_00020.jpg,numeric,0001472228,huashang,3744.0,1.0,3797.0,843.0,53.0,842.0,44626.0,15.88679245283019,53.0,0,0,1,1
0001472228_Raw12_f_00018.jpg,numeric,0001472228,jieba,2666.0,413.0,2754.0,616.0,88.0,203.0,17864.0,2.3068181818181817,88.0,0,0,0,0
0001472228_Raw12_f_00018.jpg,numeric,0001472228,jieba,1456.0,582.0,1508.0,691.0,52.0,109.0,5668.0,2.0961538461538463,52.0,0,0,0,0
0001472228_Raw12_f_00018.jpg,numeric,0001472228,yiwuyaru,1388.0,1976.0,1430.0,2061.0,42.0,85.0,3570.0,2.0238095238095237,42.0,0,0,0,0
0001472228_Raw12_f_00018.jpg,numeric,0001472228,yiwuyaru,386.0,1992.0,440.0,2331.0,54.0,339.0,18306.0,6.277777777777778,54.0,0,0,1,0
0001472229_Raw00_f_00007.jpg,numeric,0001472229,jieba,988.0,1740.0,1048.0,2017.0,60.0,277.0,16620.0,4.616666666666666,60.0,0,0,0,0
0001472229_Raw00_f_00007.jpg,numeric,0001472229,huashang,1226.0,1548.0,1241.0,1807.0,15.0,259.0,3885.0,17.266666666666666,15.0,1,0,1,0
0001472229_Raw00_f_00007.jpg,numeric,0001472229,jieba,1449.0,2869.0,1514.0,2893.0,65.0,24.0,1560.0,2.7083333333333335,24.0,0,0,0,0
0001472229_Raw00_f_00007.jpg,numeric,0001472229,yiwuyaru,3513.0,578.0,3557.0,614.0,44.0,36.0,1584.0,1.2222222222222223,36.0,0,0,0,0
0001472229_Raw01_f_00006.jpg,numeric,0001472229,yiwuyaru,314.0,1137.0,360.0,1179.0,46.0,42.0,1932.0,1.0952380952380953,42.0,0,0,0,0
0001472229_Raw01_f_00007.jpg,numeric,0001472229,yiwuyaru,100.0,583.0,144.0,622.0,44.0,39.0,1716.0,1.1282051282051282,39.0,0,0,0,0
0001472229_Raw01_f_00007.jpg,numeric,0001472229,yiwuyaru,99.0,950.0,151.0,1006.0,52.0,56.0,2912.0,1.0769230769230769,52.0,0,0,0,0
0001472229_Raw01_f_00007.jpg,numeric,0001472229,jieba,1927.0,2749.0,2027.0,2788.0,100.0,39.0,3900.0,2.5641025641025643,39.0,0,0,0,0
0001472229_Raw01_f_00007.jpg,numeric,0001472229,jieba,1509.0,735.0,1534.0,767.0,25.0,32.0,800.0,1.28,25.0,0,0,0,0
0001472229_Raw02_f_00005.jpg,numeric,0001472229,jieba,1864.0,1412.0,1900.0,1455.0,36.0,43.0,1548.0,1.1944444444444444,36.0,0,0,0,0
0001472229_Raw02_f_00005.jpg,numeric,0001472229,mamianmakeng,2555.0,1985.0,2579.0,2009.0,24.0,24.0,576.0,1.0,24.0,0,0,0,0
0001472229_Raw13_f_00000.jpg,numeric,0001472229,yiwuyaru,1080.0,1360.0,1214.0,1410.0,134.0,50.0,6700.0,2.68,50.0,0,0,0,0
0001472229_Raw13_f_00000.jpg,numeric,0001472229,yiwuyaru,1377.0,2898.0,1407.0,2935.0,30.0,37.0,1110.0,1.2333333333333334,30.0,0,0,0,0
0001472229_Raw13_f_00004.jpg,numeric,0001472229,jieba,415.0,2230.0,462.0,2273.0,47.0,43.0,2021.0,1.0930232558139534,43.0,0,0,0,0
0001472229_Raw13_f_00004.jpg,numeric,0001472229,mamianmakeng,91.0,2544.0,147.0,2582.0,56.0,38.0,2128.0,1.4736842105263157,38.0,0,0,0,0
0001472229_Raw13_f_00004.jpg,numeric,0001472229,mamianmakeng,53.0,2593.0,78.0,2619.0,25.0,26.0,650.0,1.04,25.0,0,0,0,0
0001472229_Raw13_f_00004.jpg,numeric,0001472229,mamianmakeng,2106.0,1484.0,2128.0,1523.0,22.0,39.0,858.0,1.7727272727272727,22.0,0,0,0,0
0001472229_Raw13_f_00004.jpg,numeric,0001472229,huashang,1548.0,857.0,2731.0,899.0,1183.0,42.0,49686.0,28.166666666666668,42.0,0,0,1,0
0001472230_Raw13_f_00001.jpg,numeric,0001472230,jieba,2800.0,605.0,3019.0,807.0,219.0,202.0,44238.0,1.0841584158415842,202.0,0,0,0,0
0001472248_Raw12_f_00002.jpg,numeric,0001472248,huashang,2297.0,480.0,2318.0,864.0,21.0,384.0,8064.0,18.285714285714285,21.0,0,0,1,0
0001472267_Raw13_f_00001.jpg,numeric,0001472267,yiwuyaru,2992.0,1228.0,3026.0,1253.0,34.0,25.0,850.0,1.36,25.0,0,0,0,0
0001472291_Raw00_f_00003.jpg,numeric,0001472291,yiwuyaru,2588.0,616.0,2612.0,632.0,24.0,16.0,384.0,1.5,16.0,0,0,0,0
0001472291_Raw00_f_00003.jpg,numeric,0001472291,yanghuatiepi,3641.0,844.0,3657.0,859.0,16.0,15.0,240.0,1.0666666666666667,15.0,1,0,0,0
0001472299_Raw00_f_00005.jpg,numeric,0001472299,yiwuyaru,3208.0,0.0,3241.0,116.0,33.0,116.0,3828.0,3.515151515151515,33.0,0,0,0,1
0001472302_Raw01_f_00010.jpg,numeric,0001472302,yiwuyaru,619.0,40.0,662.0,77.0,43.0,37.0,1591.0,1.162162162162162,37.0,0,0,0,0
0001472318_Raw03_f_00003.jpg,numeric,0001472318,mamianmakeng,1200.0,2642.0,1255.0,2681.0,55.0,39.0,2145.0,1.4102564102564104,39.0,0,0,0,0
0001472318_Raw03_f_00003.jpg,numeric,0001472318,yiwuyaru,2151.0,2616.0,2180.0,2634.0,29.0,18.0,522.0,1.6111111111111112,18.0,0,0,0,0
0001472319_Raw03_f_00001.jpg,numeric,0001472319,jiaza,2292.0,103.0,2531.0,3000.0,239.0,2897.0,692383.0,12.121338912133892,239.0,0,0,1,1
0001472319_Raw03_f_00002.jpg,numeric,0001472319,jiaza,2505.0,733.0,2554.0,2014.0,49.0,1281.0,62769.0,26.142857142857142,49.0,0,0,1,0
0001472319_Raw03_f_00002.jpg,numeric,0001472319,jiaza,2305.0,1.0,2337.0,205.0,32.0,204.0,6528.0,6.375,32.0,0,0,1,1
0001472319_Raw03_f_00002.jpg,numeric,0001472319,jiaza,2521.0,490.0,2541.0,670.0,20.0,180.0,3600.0,9.0,20.0,0,0,1,0
0001472319_Raw03_f_00002.jpg,numeric,0001472319,jiaza,2559.0,2012.0,2580.0,2282.0,21.0,270.0,5670.0,12.857142857142858,21.0,0,0,1,0
0001472319_Raw13_f_00004.jpg,numeric,0001472319,yiwuyaru,2962.0,1150.0,3020.0,1382.0,58.0,232.0,13456.0,4.0,58.0,0,0,0,0
0001472441_Raw00_f_00010.jpg,numeric,0001472441,yiwuyaru,2962.0,384.0,3019.0,412.0,57.0,28.0,1596.0,2.0357142857142856,28.0,0,0,0,0
0001472441_Raw00_f_00018.jpg,numeric,0001472441,gunyin,2842.0,1440.0,3065.0,1475.0,223.0,35.0,7805.0,6.371428571428571,35.0,0,0,1,0
0001472441_Raw00_f_00024.jpg,numeric,0001472441,gunyin,2926.0,924.0,3141.0,951.0,215.0,27.0,5805.0,7.962962962962963,27.0,0,0,1,0
0001472441_Raw02_f_00019.jpg,numeric,0001472441,jiaza,1247.0,401.0,1268.0,462.0,21.0,61.0,1281.0,2.9047619047619047,21.0,0,0,0,0
0001472442_Raw00_f_00006.jpg,numeric,0001472442,gunyin,2863.0,2464.0,3083.0,2504.0,220.0,40.0,8800.0,5.5,40.0,0,0,1,0
0001472442_Raw00_f_00011.jpg,numeric,0001472442,mamianmakeng,3287.0,2564.0,3359.0,2622.0,72.0,58.0,4176.0,1.2413793103448276,58.0,0,0,0,0
0001472442_Raw00_f_00011.jpg,numeric,0001472442,mamianmakeng,3349.0,1633.0,3400.0,1676.0,51.0,43.0,2193.0,1.186046511627907,43.0,0,0,0,0
0001472442_Raw00_f_00011.jpg,numeric,0001472442,mamianmakeng,3354.0,2118.0,3396.0,2165.0,42.0,47.0,1974.0,1.119047619047619,42.0,0,0,0,0
0001472442_Raw02_f_00017.jpg,numeric,0001472442,mamianmakeng,3078.0,1338.0,3126.0,1382.0,48.0,44.0,2112.0,1.0909090909090908,44.0,0,0,0,0
0001472442_Raw02_f_00017.jpg,numeric,0001472442,mamianmakeng,2981.0,1900.0,3023.0,1932.0,42.0,32.0,1344.0,1.3125,32.0,0,0,0,0
0001472450_Raw00_f_00004.jpg,numeric,0001472450,gunyin,2878.0,838.0,3097.0,872.0,219.0,34.0,7446.0,6.4411764705882355,34.0,0,0,1,0
0001472450_Raw00_f_00004.jpg,numeric,0001472450,gunyin,3046.0,2458.0,3097.0,2474.0,51.0,16.0,816.0,3.1875,16.0,0,0,0,0
0001472450_Raw00_f_00007.jpg,numeric,0001472450,gunyin,2903.0,710.0,3113.0,750.0,210.0,40.0,8400.0,5.25,40.0,0,0,1,0
0001472450_Raw03_f_00001.jpg,numeric,0001472450,yanghuatiepi,307.0,719.0,340.0,772.0,33.0,53.0,1749.0,1.606060606060606,33.0,0,0,0,0
0001472450_Raw03_f_00001.jpg,numeric,0001472450,yanghuatiepi,768.0,1766.0,796.0,1835.0,28.0,69.0,1932.0,2.4642857142857144,28.0,0,0,0,0
0001472453_Raw00_f_00003.jpg,numeric,0001472453,gunyin,2822.0,1107.0,3036.0,1138.0,214.0,31.0,6634.0,6.903225806451613,31.0,0,0,1,0
0001472453_Raw00_f_00006.jpg,numeric,0001472453,gunyin,2814.0,781.0,3031.0,810.0,217.0,29.0,6293.0,7.482758620689655,29.0,0,0,1,0
0001472453_Raw00_f_00009.jpg,numeric,0001472453,gunyin,2806.0,475.0,3022.0,513.0,216.0,38.0,8208.0,5.684210526315789,38.0,0,0,1,0
0001472453_Raw00_f_00012.jpg,numeric,0001472453,gunyin,2805.0,187.0,3023.0,222.0,218.0,35.0,7630.0,6.228571428571429,35.0,0,0,1,0
0001472453_Raw01_f_00006.jpg,numeric,0001472453,mamianmakeng,3327.0,2373.0,3351.0,2396.0,24.0,23.0,552.0,1.0434782608695652,23.0,0,0,0,0
0001472453_Raw01_f_00006.jpg,numeric,0001472453,mamianmakeng,3536.0,1634.0,3558.0,1653.0,22.0,19.0,418.0,1.1578947368421053,19.0,0,0,0,0
0001472453_Raw01_f_00006.jpg,numeric,0001472453,yiwuyaru,3387.0,2510.0,3432.0,2544.0,45.0,34.0,1530.0,1.3235294117647058,34.0,0,0,0,0
0001472453_Raw02_f_00006.jpg,numeric,0001472453,mamianmakeng,118.0,1618.0,142.0,1639.0,24.0,21.0,504.0,1.1428571428571428,21.0,0,0,0,0
0001472474_Raw00_f_00001.jpg,numeric,0001472474,gunyin,2252.0,1362.0,2484.0,1415.0,232.0,53.0,12296.0,4.377358490566038,53.0,0,0,0,0
0001472474_Raw00_f_00004.jpg,numeric,0001472474,gunyin,2209.0,1110.0,2438.0,1147.0,229.0,37.0,8473.0,6.1891891891891895,37.0,0,0,1,0
0001472474_Raw00_f_00004.jpg,numeric,0001472474,gunyin,2144.0,2745.0,2297.0,2782.0,153.0,37.0,5661.0,4.135135135135135,37.0,0,0,0,0
0001472474_Raw00_f_00010.jpg,numeric,0001472474,gunyin,2161.0,607.0,2393.0,648.0,232.0,41.0,9512.0,5.658536585365853,41.0,0,0,1,0
0001472494_Raw01_f_00021.jpg,numeric,0001472494,mamianmakeng,3374.0,2089.0,3396.0,2113.0,22.0,24.0,528.0,1.0909090909090908,22.0,0,0,0,0
0001472519_Raw01_f_00004.jpg,numeric,0001472519,jieba,3791.0,2171.0,3843.0,2236.0,52.0,65.0,3380.0,1.25,52.0,0,0,0,0
0001472544_Raw00_f_00002.jpg,numeric,0001472544,jiaza,1724.0,2701.0,1744.0,2868.0,20.0,167.0,3340.0,8.35,20.0,0,0,1,0
0001472544_Raw03_f_00002.jpg,numeric,0001472544,gunyin,1182.0,2107.0,1226.0,2158.0,44.0,51.0,2244.0,1.1590909090909092,44.0,0,0,0,0
0001472544_Raw03_f_00005.jpg,numeric,0001472544,gunyin,1118.0,1764.0,1163.0,1814.0,45.0,50.0,2250.0,1.1111111111111112,45.0,0,0,0,0
0001472575_Raw03_f_00003.jpg,numeric,0001472575,gunyin,1127.0,209.0,1169.0,257.0,42.0,48.0,2016.0,1.1428571428571428,42.0,0,0,0,0
0001472575_Raw03_f_00005.jpg,numeric,0001472575,gunyin,1153.0,2620.0,1207.0,2674.0,54.0,54.0,2916.0,1.0,54.0,0,0,0,0
0001472575_Raw03_f_00008.jpg,numeric,0001472575,gunyin,1196.0,2139.0,1242.0,2183.0,46.0,44.0,2024.0,1.0454545454545454,44.0,0,0,0,0
0001473055_Raw00_f_00002.jpg,numeric,0001473055,gunyin,2577.0,352.0,2630.0,375.0,53.0,23.0,1219.0,2.3043478260869565,23.0,0,0,0,0
0001473055_Raw00_f_00005.jpg,numeric,0001473055,gunyin,2617.0,115.0,2672.0,142.0,55.0,27.0,1485.0,2.037037037037037,27.0,0,0,0,0
0001473055_Raw01_f_00002.jpg,numeric,0001473055,jieba,2979.0,2152.0,3003.0,2172.0,24.0,20.0,480.0,1.2,20.0,0,0,0,0
0001473055_Raw02_f_00007.jpg,numeric,0001473055,mamianmakeng,2147.0,2918.0,2174.0,2953.0,27.0,35.0,945.0,1.2962962962962963,27.0,0,0,0,0
0001473056_Raw01_f_00000.jpg,numeric,0001473056,jieba,723.0,2126.0,764.0,2170.0,41.0,44.0,1804.0,1.0731707317073171,41.0,0,0,0,0
0001473056_Raw01_f_00000.jpg,numeric,0001473056,jieba,2847.0,2064.0,2862.0,2100.0,15.0,36.0,540.0,2.4,15.0,1,0,0,0
0001473056_Raw01_f_00000.jpg,numeric,0001473056,jieba,800.0,2117.0,849.0,2164.0,49.0,47.0,2303.0,1.0425531914893618,47.0,0,0,0,0
0001473056_Raw01_f_00000.jpg,numeric,0001473056,jieba,634.0,2126.0,671.0,2178.0,37.0,52.0,1924.0,1.4054054054054055,37.0,0,0,0,0
0001473056_Raw01_f_00000.jpg,numeric,0001473056,jieba,896.0,2112.0,913.0,2136.0,17.0,24.0,408.0,1.411764705882353,17.0,0,0,0,0
0001473056_Raw03_f_00000.jpg,numeric,0001473056,jieba,1458.0,1929.0,1492.0,1949.0,34.0,20.0,680.0,1.7,20.0,0,0,0,0
0001473056_Raw03_f_00003.jpg,numeric,0001473056,yiwuyaru,2980.0,376.0,3020.0,400.0,40.0,24.0,960.0,1.6666666666666667,24.0,0,0,0,0
0001473056_Raw03_f_00003.jpg,numeric,0001473056,mamianmakeng,1774.0,2287.0,1824.0,2347.0,50.0,60.0,3000.0,1.2,50.0,0,0,0,0
0001473056_Raw11_f_00003.jpg,numeric,0001473056,yiwuyaru,3821.0,2167.0,3892.0,2360.0,71.0,193.0,13703.0,2.7183098591549295,71.0,0,0,0,0
0001473056_Raw11_f_00003.jpg,numeric,0001473056,yiwuyaru,3805.0,1831.0,3878.0,1948.0,73.0,117.0,8541.0,1.6027397260273972,73.0,0,0,0,0
0001473056_Raw12_f_00002.jpg,numeric,0001473056,jieba,809.0,1620.0,847.0,1692.0,38.0,72.0,2736.0,1.894736842105263,38.0,0,0,0,0
0001473056_Raw12_f_00003.jpg,numeric,0001473056,jieba,2984.0,33.0,3017.0,137.0,33.0,104.0,3432.0,3.1515151515151514,33.0,0,0,0,0
0001473056_Raw12_f_00003.jpg,numeric,0001473056,yiwuyaru,785.0,2183.0,849.0,2339.0,64.0,156.0,9984.0,2.4375,64.0,0,0,0,0
0001473056_Raw12_f_00003.jpg,numeric,0001473056,yiwuyaru,763.0,1845.0,839.0,1965.0,76.0,120.0,9120.0,1.5789473684210527,76.0,0,0,0,0
0001473056_Raw13_f_00001.jpg,numeric,0001473056,jieba,2446.0,718.0,2499.0,916.0,53.0,198.0,10494.0,3.7358490566037736,53.0,0,0,0,0
0001473056_Raw13_f_00001.jpg,numeric,0001473056,jieba,2280.0,1004.0,2468.0,1308.0,188.0,304.0,57152.0,1.6170212765957446,188.0,0,0,0,0
0001473056_Raw13_f_00001.jpg,numeric,0001473056,jieba,2148.0,822.0,2325.0,1024.0,177.0,202.0,35754.0,1.1412429378531073,177.0,0,0,0,0
0001473056_Raw13_f_00002.jpg,numeric,0001473056,jieba,2174.0,2381.0,2204.0,2433.0,30.0,52.0,1560.0,1.7333333333333334,30.0,0,0,0,0
0001473056_Raw13_f_00002.jpg,numeric,0001473056,jieba,2192.0,208.0,2322.0,319.0,130.0,111.0,14430.0,1.1711711711711712,111.0,0,0,0,0
0001473056_Raw13_f_00002.jpg,numeric,0001473056,jieba,2145.0,802.0,2173.0,865.0,28.0,63.0,1764.0,2.25,28.0,0,0,0,0
0001473056_Raw13_f_00002.jpg,numeric,0001473056,yiwuyaru,2193.0,208.0,2322.0,319.0,129.0,111.0,14319.0,1.162162162162162,111.0,0,0,0,0
0001473056_Raw13_f_00002.jpg,numeric,0001473056,jieba,753.0,1892.0,779.0,1943.0,26.0,51.0,1326.0,1.9615384615384615,26.0,0,0,0,0
0001473056_Raw13_f_00003.jpg,numeric,0001473056,jieba,2091.0,966.0,2143.0,1048.0,52.0,82.0,4264.0,1.5769230769230769,52.0,0,0,0,0
0001473056_Raw13_f_00003.jpg,numeric,0001473056,jieba,1428.0,1040.0,1471.0,1079.0,43.0,39.0,1677.0,1.1025641025641026,39.0,0,0,0,0
0001473056_Raw13_f_00003.jpg,numeric,0001473056,jieba,1804.0,1008.0,1833.0,1059.0,29.0,51.0,1479.0,1.7586206896551724,29.0,0,0,0,0
0001473056_Raw13_f_00003.jpg,numeric,0001473056,jieba,2006.0,1115.0,2026.0,1134.0,20.0,19.0,380.0,1.0526315789473684,19.0,0,0,0,0
0001473056_Raw13_f_00003.jpg,numeric,0001473056,jieba,32.0,34.0,71.0,132.0,39.0,98.0,3822.0,2.5128205128205128,39.0,0,0,0,0
0001473065_Raw00_f_00003.jpg,numeric,0001473065,gunyin,2218.0,1614.0,2330.0,1645.0,112.0,31.0,3472.0,3.6129032258064515,31.0,0,0,0,0
0001473066_Raw00_f_00003.jpg,numeric,0001473066,gunyin,2182.0,2026.0,2263.0,2054.0,81.0,28.0,2268.0,2.892857142857143,28.0,0,0,0,0
0001473066_Raw00_f_00006.jpg,numeric,0001473066,gunyin,2211.0,2024.0,2299.0,2047.0,88.0,23.0,2024.0,3.8260869565217392,23.0,0,0,0,0
0001473067_Raw00_f_00003.jpg,numeric,0001473067,gunyin,2544.0,846.0,2640.0,868.0,96.0,22.0,2112.0,4.363636363636363,22.0,0,0,0,0
0001473067_Raw00_f_00005.jpg,numeric,0001473067,gunyin,2626.0,2888.0,2744.0,2918.0,118.0,30.0,3540.0,3.933333333333333,30.0,0,0,0,0
0001473067_Raw01_f_00002.jpg,numeric,0001473067,gunyin,1576.0,2282.0,1778.0,2325.0,202.0,43.0,8686.0,4.6976744186046515,43.0,0,0,0,0
0001473068_Raw00_f_00001.jpg,numeric,0001473068,gunyin,2615.0,1386.0,2728.0,1407.0,113.0,21.0,2373.0,5.380952380952381,21.0,0,0,1,0
0001473068_Raw00_f_00004.jpg,numeric,0001473068,gunyin,2682.0,148.0,2805.0,178.0,123.0,30.0,3690.0,4.1,30.0,0,0,0,0
0001473068_Raw01_f_00001.jpg,numeric,0001473068,gunyin,1679.0,50.0,1848.0,82.0,169.0,32.0,5408.0,5.28125,32.0,0,0,1,0
0001473070_Raw00_f_00002.jpg,numeric,0001473070,gunyin,2550.0,125.0,2650.0,144.0,100.0,19.0,1900.0,5.2631578947368425,19.0,0,0,1,0
0001473070_Raw00_f_00004.jpg,numeric,0001473070,gunyin,2649.0,536.0,2765.0,565.0,116.0,29.0,3364.0,4.0,29.0,0,0,0,0
0001473070_Raw01_f_00003.jpg,numeric,0001473070,gunyin,1700.0,1238.0,1897.0,1278.0,197.0,40.0,7880.0,4.925,40.0,0,0,0,0
0001473071_Raw00_f_00001.jpg,numeric,0001473071,gunyin,2572.0,1305.0,2688.0,1335.0,116.0,30.0,3480.0,3.8666666666666667,30.0,0,0,0,0
0001473071_Raw00_f_00004.jpg,numeric,0001473071,gunyin,2651.0,2038.0,2759.0,2071.0,108.0,33.0,3564.0,3.272727272727273,33.0,0,0,0,0
0001473086_Raw00_f_00007.jpg,numeric,0001473086,gunyin,2568.0,2182.0,2680.0,2226.0,112.0,44.0,4928.0,2.5454545454545454,44.0,0,0,0,0
0001473086_Raw00_f_00010.jpg,numeric,0001473086,gunyin,2598.0,2015.0,2706.0,2055.0,108.0,40.0,4320.0,2.7,40.0,0,0,0,0
0001473086_Raw12_f_00008.jpg,numeric,0001473086,huashang,3360.0,2482.0,4089.0,2520.0,729.0,38.0,27702.0,19.18421052631579,38.0,0,0,1,1
0001473094_Raw00_f_00000.jpg,numeric,0001473094,gunyin,2323.0,20.0,2431.0,42.0,108.0,22.0,2376.0,4.909090909090909,22.0,0,0,0,0
0001473094_Raw00_f_00005.jpg,numeric,0001473094,gunyin,2274.0,563.0,2390.0,599.0,116.0,36.0,4176.0,3.2222222222222223,36.0,0,0,0,0
0001473094_Raw01_f_00001.jpg,numeric,0001473094,gunyin,1389.0,1333.0,1570.0,1386.0,181.0,53.0,9593.0,3.4150943396226414,53.0,0,0,0,0
0001473094_Raw01_f_00004.jpg,numeric,0001473094,gunyin,1365.0,1034.0,1551.0,1084.0,186.0,50.0,9300.0,3.72,50.0,0,0,0,0
0001473095_Raw00_f_00002.jpg,numeric,0001473095,gunyin,2169.0,1554.0,2265.0,1584.0,96.0,30.0,2880.0,3.2,30.0,0,0,0,0
0001473095_Raw00_f_00005.jpg,numeric,0001473095,gunyin,2149.0,1283.0,2272.0,1320.0,123.0,37.0,4551.0,3.324324324324324,37.0,0,0,0,0
0001473095_Raw00_f_00008.jpg,numeric,0001473095,gunyin,2143.0,1042.0,2266.0,1079.0,123.0,37.0,4551.0,3.324324324324324,37.0,0,0,0,0
0001473095_Raw00_f_00011.jpg,numeric,0001473095,gunyin,2180.0,838.0,2297.0,870.0,117.0,32.0,3744.0,3.65625,32.0,0,0,0,0
0001473095_Raw00_f_00014.jpg,numeric,0001473095,gunyin,2243.0,635.0,2360.0,666.0,117.0,31.0,3627.0,3.774193548387097,31.0,0,0,0,0
0001473095_Raw01_f_00007.jpg,numeric,0001473095,gunyin,1229.0,1525.0,1429.0,1593.0,200.0,68.0,13600.0,2.9411764705882355,68.0,0,0,0,0
0001473096_Raw00_f_00003.jpg,numeric,0001473096,gunyin,2209.0,2054.0,2322.0,2084.0,113.0,30.0,3390.0,3.7666666666666666,30.0,0,0,0,0
0001473096_Raw01_f_00002.jpg,numeric,0001473096,yanghuatiepi,394.0,873.0,419.0,908.0,25.0,35.0,875.0,1.4,25.0,0,0,0,0
0001473096_Raw01_f_00002.jpg,numeric,0001473096,gunyin,1284.0,2534.0,1466.0,2600.0,182.0,66.0,12012.0,2.757575757575758,66.0,0,0,0,0
0001473096_Raw01_f_00005.jpg,numeric,0001473096,gunyin,1341.0,2298.0,1539.0,2364.0,198.0,66.0,13068.0,3.0,66.0,0,0,0,0
0001473108_Raw00_f_00001.jpg,numeric,0001473108,gunyin,2208.0,2419.0,2308.0,2446.0,100.0,27.0,2700.0,3.7037037037037037,27.0,0,0,0,0
0001473111_Raw00_f_00000.jpg,numeric,0001473111,gunyin,2150.0,2680.0,2262.0,2712.0,112.0,32.0,3584.0,3.5,32.0,0,0,0,0
0001473112_Raw00_f_00004.jpg,numeric,0001473112,gunyin,2314.0,166.0,2422.0,201.0,108.0,35.0,3780.0,3.085714285714286,35.0,0,0,0,0
0001473113_Raw00_f_00003.jpg,numeric,0001473113,gunyin,2739.0,245.0,2850.0,283.0,111.0,38.0,4218.0,2.9210526315789473,38.0,0,0,0,0
0001473113_Raw00_f_00003.jpg,numeric,0001473113,yanghuatiepi,3723.0,1624.0,3764.0,1681.0,41.0,57.0,2337.0,1.3902439024390243,41.0,0,0,0,0
0001473113_Raw00_f_00006.jpg,numeric,0001473113,gunyin,2753.0,1238.0,2856.0,1273.0,103.0,35.0,3605.0,2.942857142857143,35.0,0,0,0,0
0001473113_Raw02_f_00001.jpg,numeric,0001473113,yanghuatiepi,3504.0,1249.0,3586.0,1290.0,82.0,41.0,3362.0,2.0,41.0,0,0,0,0
0001473113_Raw02_f_00001.jpg,numeric,0001473113,yiwuyaru,3539.0,2539.0,3799.0,2741.0,260.0,202.0,52520.0,1.2871287128712872,202.0,0,0,0,0
0001473113_Raw03_f_00001.jpg,numeric,0001473113,yanghuatiepi,1.0,1253.0,76.0,1296.0,75.0,43.0,3225.0,1.744186046511628,43.0,0,0,0,1
0001473113_Raw03_f_00001.jpg,numeric,0001473113,yiwuyaru,30.0,2546.0,318.0,2751.0,288.0,205.0,59040.0,1.4048780487804877,205.0,0,0,0,0
0001473113_Raw03_f_00001.jpg,numeric,0001473113,jieba,866.0,2459.0,1108.0,2702.0,242.0,243.0,58806.0,1.0041322314049588,242.0,0,0,0,0
0001473118_Raw00_f_00003.jpg,numeric,0001473118,gunyin,2486.0,53.0,2587.0,92.0,101.0,39.0,3939.0,2.58974358974359,39.0,0,0,0,0
0001473118_Raw00_f_00008.jpg,numeric,0001473118,gunyin,2489.0,2517.0,2586.0,2550.0,97.0,33.0,3201.0,2.9393939393939394,33.0,0,0,0,0
0001473120_Raw00_f_00002.jpg,numeric,0001473120,gunyin,2573.0,1042.0,2631.0,1061.0,58.0,19.0,1102.0,3.0526315789473686,19.0,0,0,0,0
0001473120_Raw00_f_00008.jpg,numeric,0001473120,gunyin,2526.0,223.0,2635.0,252.0,109.0,29.0,3161.0,3.7586206896551726,29.0,0,0,0,0
0001473120_Raw01_f_00004.jpg,numeric,0001473120,gunyin,1636.0,900.0,1811.0,965.0,175.0,65.0,11375.0,2.6923076923076925,65.0,0,0,0,0
0001473120_Raw01_f_00010.jpg,numeric,0001473120,gunyin,1608.0,510.0,1800.0,574.0,192.0,64.0,12288.0,3.0,64.0,0,0,0,0
0001473121_Raw00_f_00003.jpg,numeric,0001473121,gunyin,2456.0,144.0,2548.0,168.0,92.0,24.0,2208.0,3.8333333333333335,24.0,0,0,0,0
0001473121_Raw00_f_00008.jpg,numeric,0001473121,gunyin,2468.0,2676.0,2524.0,2700.0,56.0,24.0,1344.0,2.3333333333333335,24.0,0,0,0,0
0001473121_Raw00_f_00011.jpg,numeric,0001473121,gunyin,2500.0,2484.0,2613.0,2512.0,113.0,28.0,3164.0,4.035714285714286,28.0,0,0,0,0
0001473121_Raw01_f_00005.jpg,numeric,0001473121,gunyin,1544.0,379.0,1711.0,440.0,167.0,61.0,10187.0,2.737704918032787,61.0,0,0,0,0
0001473121_Raw01_f_00008.jpg,numeric,0001473121,gunyin,1532.0,154.0,1723.0,210.0,191.0,56.0,10696.0,3.4107142857142856,56.0,0,0,0,0
0001473122_Raw00_f_00001.jpg,numeric,0001473122,gunyin,2479.0,1126.0,2583.0,1149.0,104.0,23.0,2392.0,4.521739130434782,23.0,0,0,0,0
0001473122_Raw00_f_00003.jpg,numeric,0001473122,gunyin,2500.0,1285.0,2593.0,1307.0,93.0,22.0,2046.0,4.2272727272727275,22.0,0,0,0,0
0001473122_Raw00_f_00006.jpg,numeric,0001473122,gunyin,2520.0,980.0,2629.0,1007.0,109.0,27.0,2943.0,4.037037037037037,27.0,0,0,0,0
0001473122_Raw01_f_00005.jpg,numeric,0001473122,gunyin,1598.0,1462.0,1767.0,1515.0,169.0,53.0,8957.0,3.188679245283019,53.0,0,0,0,0
0001473122_Raw01_f_00008.jpg,numeric,0001473122,gunyin,1629.0,1234.0,1802.0,1300.0,173.0,66.0,11418.0,2.621212121212121,66.0,0,0,0,0
0001473123_Raw00_f_00008.jpg,numeric,0001473123,gunyin,2404.0,1019.0,2512.0,1051.0,108.0,32.0,3456.0,3.375,32.0,0,0,0,0
0001473123_Raw00_f_00011.jpg,numeric,0001473123,gunyin,2416.0,839.0,2518.0,866.0,102.0,27.0,2754.0,3.7777777777777777,27.0,0,0,0,0
0001473123_Raw01_f_00007.jpg,numeric,0001473123,gunyin,1490.0,1501.0,1675.0,1561.0,185.0,60.0,11100.0,3.0833333333333335,60.0,0,0,0,0
0001473123_Raw01_f_00010.jpg,numeric,0001473123,gunyin,1492.0,1301.0,1668.0,1370.0,176.0,69.0,12144.0,2.550724637681159,69.0,0,0,0,0
0001473125_Raw00_f_00000.jpg,numeric,0001473125,gunyin,2362.0,2949.0,2466.0,2978.0,104.0,29.0,3016.0,3.586206896551724,29.0,0,0,0,0
0001473125_Raw00_f_00006.jpg,numeric,0001473125,gunyin,2408.0,2451.0,2509.0,2483.0,101.0,32.0,3232.0,3.15625,32.0,0,0,0,0
0001473125_Raw00_f_00012.jpg,numeric,0001473125,gunyin,2505.0,1996.0,2607.0,2024.0,102.0,28.0,2856.0,3.642857142857143,28.0,0,0,0,0
0001473126_Raw00_f_00002.jpg,numeric,0001473126,gunyin,2425.0,234.0,2524.0,266.0,99.0,32.0,3168.0,3.09375,32.0,0,0,0,0
0001473126_Raw00_f_00004.jpg,numeric,0001473126,gunyin,2412.0,2964.0,2508.0,2993.0,96.0,29.0,2784.0,3.310344827586207,29.0,0,0,0,1
0001473126_Raw00_f_00007.jpg,numeric,0001473126,gunyin,2402.0,2702.0,2500.0,2731.0,98.0,29.0,2842.0,3.3793103448275863,29.0,0,0,0,0
0001473126_Raw00_f_00010.jpg,numeric,0001473126,gunyin,2418.0,2480.0,2508.0,2507.0,90.0,27.0,2430.0,3.3333333333333335,27.0,0,0,0,0
0001473126_Raw01_f_00001.jpg,numeric,0001473126,gunyin,1505.0,745.0,1683.0,801.0,178.0,56.0,9968.0,3.1785714285714284,56.0,0,0,0,0
0001473126_Raw01_f_00009.jpg,numeric,0001473126,mamianmakeng,3826.0,821.0,3865.0,851.0,39.0,30.0,1170.0,1.3,30.0,0,0,0,0
0001473126_Raw01_f_00009.jpg,numeric,0001473126,mamianmakeng,3696.0,1716.0,3728.0,1749.0,32.0,33.0,1056.0,1.03125,32.0,0,0,0,0
0001473126_Raw01_f_00009.jpg,numeric,0001473126,mamianmakeng,1680.0,1792.0,1706.0,1811.0,26.0,19.0,494.0,1.368421052631579,19.0,0,0,0,0
0001473126_Raw01_f_00009.jpg,numeric,0001473126,gunyin,1496.0,2952.0,1666.0,3000.0,170.0,48.0,8160.0,3.5416666666666665,48.0,0,0,0,1
0001473126_Raw01_f_00010.jpg,numeric,0001473126,mamianmakeng,3633.0,640.0,3674.0,670.0,41.0,30.0,1230.0,1.3666666666666667,30.0,0,0,0,0
0001473126_Raw01_f_00012.jpg,numeric,0001473126,gunyin,1540.0,2739.0,1710.0,2794.0,170.0,55.0,9350.0,3.090909090909091,55.0,0,0,0,0
0001473126_Raw02_f_00010.jpg,numeric,0001473126,mamianmakeng,1663.0,751.0,1685.0,770.0,22.0,19.0,418.0,1.1578947368421053,19.0,0,0,0,0
0001473126_Raw02_f_00010.jpg,numeric,0001473126,mamianmakeng,226.0,628.0,266.0,659.0,40.0,31.0,1240.0,1.2903225806451613,31.0,0,0,0,0
0001473126_Raw03_f_00010.jpg,numeric,0001473126,mamianmakeng,1800.0,104.0,1826.0,122.0,26.0,18.0,468.0,1.4444444444444444,18.0,0,0,0,0
0001473128_Raw00_f_00005.jpg,numeric,0001473128,gunyin,2376.0,2583.0,2480.0,2612.0,104.0,29.0,3016.0,3.586206896551724,29.0,0,0,0,0
0001473128_Raw00_f_00011.jpg,numeric,0001473128,gunyin,2425.0,2116.0,2516.0,2143.0,91.0,27.0,2457.0,3.3703703703703702,27.0,0,0,0,0
0001473129_Raw00_f_00003.jpg,numeric,0001473129,gunyin,2320.0,1296.0,2414.0,1325.0,94.0,29.0,2726.0,3.2413793103448274,29.0,0,0,0,0
0001473129_Raw00_f_00006.jpg,numeric,0001473129,gunyin,2323.0,1032.0,2423.0,1059.0,100.0,27.0,2700.0,3.7037037037037037,27.0,0,0,0,0
0001473129_Raw00_f_00009.jpg,numeric,0001473129,gunyin,2342.0,792.0,2446.0,821.0,104.0,29.0,3016.0,3.586206896551724,29.0,0,0,0,0
0001473130_Raw00_f_00002.jpg,numeric,0001473130,gunyin,2351.0,261.0,2450.0,280.0,99.0,19.0,1881.0,5.2105263157894735,19.0,0,0,1,0
0001473130_Raw00_f_00004.jpg,numeric,0001473130,gunyin,2363.0,1327.0,2462.0,1354.0,99.0,27.0,2673.0,3.6666666666666665,27.0,0,0,0,0
0001473130_Raw00_f_00007.jpg,numeric,0001473130,gunyin,2365.0,1115.0,2462.0,1142.0,97.0,27.0,2619.0,3.5925925925925926,27.0,0,0,0,0
0001473143_Raw00_f_00008.jpg,numeric,0001473143,gunyin,2389.0,2420.0,2513.0,2455.0,124.0,35.0,4340.0,3.5428571428571427,35.0,0,0,0,0
0001473143_Raw01_f_00007.jpg,numeric,0001473143,mamianmakeng,3446.0,1099.0,3472.0,1119.0,26.0,20.0,520.0,1.3,20.0,0,0,0,0
0001473143_Raw01_f_00007.jpg,numeric,0001473143,gunyin,1477.0,2903.0,1651.0,2973.0,174.0,70.0,12180.0,2.4857142857142858,70.0,0,0,0,0
0001473143_Raw02_f_00002.jpg,numeric,0001473143,gunyin,3828.0,742.0,3975.0,790.0,147.0,48.0,7056.0,3.0625,48.0,0,0,0,0
0001473143_Raw02_f_00007.jpg,numeric,0001473143,mamianmakeng,45.0,1084.0,71.0,1104.0,26.0,20.0,520.0,1.3,20.0,0,0,0,0
0001473143_Raw02_f_00008.jpg,numeric,0001473143,gunyin,3792.0,114.0,3937.0,164.0,145.0,50.0,7250.0,2.9,50.0,0,0,0,0
0001473143_Raw03_f_00005.jpg,numeric,0001473143,gunyin,298.0,428.0,453.0,476.0,155.0,48.0,7440.0,3.2291666666666665,48.0,0,0,0,0
0001473143_Raw03_f_00008.jpg,numeric,0001473143,gunyin,288.0,117.0,437.0,167.0,149.0,50.0,7450.0,2.98,50.0,0,0,0,0
0001473143_Raw03_f_00008.jpg,numeric,0001473143,yiwuyaru,1473.0,2699.0,1517.0,2744.0,44.0,45.0,1980.0,1.0227272727272727,44.0,0,0,0,0
0001473143_Raw03_f_00010.jpg,numeric,0001473143,gunyin,294.0,2854.0,444.0,2908.0,150.0,54.0,8100.0,2.7777777777777777,54.0,0,0,0,0
0001473143_Raw13_f_00001.jpg,numeric,0001473143,jieba,2561.0,1559.0,2612.0,1615.0,51.0,56.0,2856.0,1.0980392156862746,51.0,0,0,0,0
0001473143_Raw13_f_00001.jpg,numeric,0001473143,yiwuyaru,529.0,1278.0,605.0,1324.0,76.0,46.0,3496.0,1.6521739130434783,46.0,0,0,0,0
0001473148_Raw00_f_00001.jpg,numeric,0001473148,gunyin,2431.0,2626.0,2535.0,2645.0,104.0,19.0,1976.0,5.473684210526316,19.0,0,0,1,0
0001473148_Raw00_f_00006.jpg,numeric,0001473148,gunyin,2431.0,2730.0,2523.0,2758.0,92.0,28.0,2576.0,3.2857142857142856,28.0,0,0,0,0
0001473148_Raw00_f_00006.jpg,numeric,0001473148,gunyin,3212.0,106.0,3268.0,136.0,56.0,30.0,1680.0,1.8666666666666667,30.0,0,0,0,0
0001473148_Raw00_f_00008.jpg,numeric,0001473148,gunyin,3219.0,2856.0,3268.0,2887.0,49.0,31.0,1519.0,1.5806451612903225,31.0,0,0,0,0
0001473148_Raw00_f_00012.jpg,numeric,0001473148,gunyin,2473.0,2248.0,2561.0,2277.0,88.0,29.0,2552.0,3.0344827586206895,29.0,0,0,0,0
0001473148_Raw01_f_00006.jpg,numeric,0001473148,gunyin,1518.0,229.0,1698.0,287.0,180.0,58.0,10440.0,3.103448275862069,58.0,0,0,0,0
0001473148_Raw02_f_00007.jpg,numeric,0001473148,mamianmakeng,1555.0,1382.0,1596.0,1416.0,41.0,34.0,1394.0,1.2058823529411764,34.0,0,0,0,0
0001473148_Raw02_f_00009.jpg,numeric,0001473148,gunyin,3849.0,169.0,3972.0,214.0,123.0,45.0,5535.0,2.7333333333333334,45.0,0,0,0,0
0001473148_Raw02_f_00011.jpg,numeric,0001473148,mamianmakeng,3175.0,1910.0,3270.0,1980.0,95.0,70.0,6650.0,1.3571428571428572,70.0,0,0,0,0
0001473148_Raw02_f_00011.jpg,numeric,0001473148,mamianmakeng,3876.0,2249.0,3948.0,2288.0,72.0,39.0,2808.0,1.8461538461538463,39.0,0,0,0,0
0001473148_Raw02_f_00012.jpg,numeric,0001473148,mamianmakeng,1890.0,1628.0,1978.0,1687.0,88.0,59.0,5192.0,1.4915254237288136,59.0,0,0,0,0
0001473148_Raw02_f_00012.jpg,numeric,0001473148,mamianmakeng,3143.0,74.0,3216.0,139.0,73.0,65.0,4745.0,1.123076923076923,65.0,0,0,0,0
0001473148_Raw02_f_00012.jpg,numeric,0001473148,mamianmakeng,2410.0,2049.0,2444.0,2068.0,34.0,19.0,646.0,1.7894736842105263,19.0,0,0,0,0
0001473148_Raw02_f_00012.jpg,numeric,0001473148,mamianmakeng,2004.0,1129.0,2027.0,1146.0,23.0,17.0,391.0,1.3529411764705883,17.0,0,0,0,0
0001473148_Raw02_f_00012.jpg,numeric,0001473148,mamianmakeng,3787.0,2972.0,3818.0,3000.0,31.0,28.0,868.0,1.1071428571428572,28.0,0,0,0,1
0001473148_Raw02_f_00012.jpg,numeric,0001473148,mamianmakeng,2004.0,1670.0,2033.0,1692.0,29.0,22.0,638.0,1.3181818181818181,22.0,0,0,0,0
0001473148_Raw02_f_00012.jpg,numeric,0001473148,mamianmakeng,2016.0,2121.0,2062.0,2151.0,46.0,30.0,1380.0,1.5333333333333334,30.0,0,0,0,0
0001473148_Raw02_f_00012.jpg,numeric,0001473148,mamianmakeng,4000.0,622.0,4022.0,638.0,22.0,16.0,352.0,1.375,16.0,0,0,0,0
0001473148_Raw02_f_00012.jpg,numeric,0001473148,mamianmakeng,3118.0,997.0,3208.0,1070.0,90.0,73.0,6570.0,1.2328767123287672,73.0,0,0,0,0
0001473148_Raw02_f_00013.jpg,numeric,0001473148,mamianmakeng,3546.0,395.0,3576.0,420.0,30.0,25.0,750.0,1.2,25.0,0,0,0,0
0001473148_Raw03_f_00009.jpg,numeric,0001473148,gunyin,341.0,173.0,486.0,223.0,145.0,50.0,7250.0,2.9,50.0,0,0,0,0
0001473148_Raw03_f_00011.jpg,numeric,0001473148,mamianmakeng,1283.0,2465.0,1413.0,2595.0,130.0,130.0,16900.0,1.0,130.0,0,0,0,0
0001473148_Raw03_f_00011.jpg,numeric,0001473148,mamianmakeng,1747.0,2930.0,1778.0,2959.0,31.0,29.0,899.0,1.0689655172413792,29.0,0,0,0,0
0001473148_Raw03_f_00011.jpg,numeric,0001473148,mamianmakeng,716.0,2819.0,742.0,2843.0,26.0,24.0,624.0,1.0833333333333333,24.0,0,0,0,0
0001473148_Raw03_f_00011.jpg,numeric,0001473148,mamianmakeng,1360.0,2905.0,1386.0,2924.0,26.0,19.0,494.0,1.368421052631579,19.0,0,0,0,0
0001473148_Raw03_f_00011.jpg,numeric,0001473148,mamianmakeng,1857.0,2882.0,1884.0,2901.0,27.0,19.0,513.0,1.4210526315789473,19.0,0,0,0,0
0001473148_Raw03_f_00011.jpg,numeric,0001473148,mamianmakeng,370.0,2250.0,442.0,2292.0,72.0,42.0,3024.0,1.7142857142857142,42.0,0,0,0,0
0001473148_Raw03_f_00011.jpg,numeric,0001473148,mamianmakeng,695.0,2441.0,714.0,2459.0,19.0,18.0,342.0,1.0555555555555556,18.0,0,0,0,0
0001473148_Raw03_f_00013.jpg,numeric,0001473148,mamianmakeng,55.0,398.0,89.0,424.0,34.0,26.0,884.0,1.3076923076923077,26.0,0,0,0,0
0001473148_Raw03_f_00013.jpg,numeric,0001473148,mamianmakeng,263.0,0.0,299.0,17.0,36.0,17.0,612.0,2.1176470588235294,17.0,0,0,0,1
0001473148_Raw03_f_00013.jpg,numeric,0001473148,yiwuyaru,2120.0,107.0,2140.0,192.0,20.0,85.0,1700.0,4.25,20.0,0,0,0,0
0001473149_Raw00_f_00002.jpg,numeric,0001473149,gunyin,2356.0,1972.0,2451.0,2000.0,95.0,28.0,2660.0,3.392857142857143,28.0,0,0,0,0
0001473149_Raw00_f_00002.jpg,numeric,0001473149,gunyin,2330.0,2131.0,2428.0,2157.0,98.0,26.0,2548.0,3.769230769230769,26.0,0,0,0,0
0001473149_Raw00_f_00004.jpg,numeric,0001473149,mamianmakeng,926.0,2855.0,965.0,2883.0,39.0,28.0,1092.0,1.3928571428571428,28.0,0,0,0,0
0001473149_Raw00_f_00004.jpg,numeric,0001473149,gunyin,3142.0,2048.0,3193.0,2079.0,51.0,31.0,1581.0,1.6451612903225807,31.0,0,0,0,0
0001473149_Raw00_f_00005.jpg,numeric,0001473149,mamianmakeng,1508.0,1830.0,1555.0,1872.0,47.0,42.0,1974.0,1.119047619047619,42.0,0,0,0,0
0001473149_Raw00_f_00005.jpg,numeric,0001473149,mamianmakeng,973.0,720.0,1019.0,768.0,46.0,48.0,2208.0,1.0434782608695652,46.0,0,0,0,0
0001473149_Raw00_f_00005.jpg,numeric,0001473149,mamianmakeng,919.0,211.0,982.0,272.0,63.0,61.0,3843.0,1.0327868852459017,61.0,0,0,0,0
0001473149_Raw00_f_00005.jpg,numeric,0001473149,mamianmakeng,2018.0,1923.0,2048.0,1949.0,30.0,26.0,780.0,1.1538461538461537,26.0,0,0,0,0
0001473149_Raw00_f_00005.jpg,numeric,0001473149,mamianmakeng,923.0,687.0,960.0,748.0,37.0,61.0,2257.0,1.6486486486486487,37.0,0,0,0,0
0001473149_Raw00_f_00005.jpg,numeric,0001473149,mamianmakeng,1143.0,1508.0,1165.0,1529.0,22.0,21.0,462.0,1.0476190476190477,21.0,0,0,0,0
0001473149_Raw00_f_00005.jpg,numeric,0001473149,mamianmakeng,952.0,517.0,982.0,549.0,30.0,32.0,960.0,1.0666666666666667,30.0,0,0,0,0
0001473149_Raw00_f_00005.jpg,numeric,0001473149,mamianmakeng,1478.0,1641.0,1498.0,1662.0,20.0,21.0,420.0,1.05,20.0,0,0,0,0
0001473149_Raw00_f_00005.jpg,numeric,0001473149,gunyin,2354.0,1669.0,2453.0,1696.0,99.0,27.0,2673.0,3.6666666666666665,27.0,0,0,0,0
0001473149_Raw00_f_00007.jpg,numeric,0001473149,gunyin,3136.0,1764.0,3199.0,1795.0,63.0,31.0,1953.0,2.032258064516129,31.0,0,0,0,0
0001473149_Raw00_f_00008.jpg,numeric,0001473149,gunyin,2364.0,1380.0,2467.0,1411.0,103.0,31.0,3193.0,3.3225806451612905,31.0,0,0,0,0
0001473149_Raw00_f_00011.jpg,numeric,0001473149,gunyin,2394.0,1139.0,2492.0,1169.0,98.0,30.0,2940.0,3.2666666666666666,30.0,0,0,0,0
0001473149_Raw00_f_00013.jpg,numeric,0001473149,gunyin,3206.0,1262.0,3261.0,1294.0,55.0,32.0,1760.0,1.71875,32.0,0,0,0,0
0001473149_Raw01_f_00004.jpg,numeric,0001473149,gunyin,1435.0,2166.0,1629.0,2222.0,194.0,56.0,10864.0,3.4642857142857144,56.0,0,0,0,0
0001473149_Raw01_f_00010.jpg,numeric,0001473149,gunyin,1462.0,1616.0,1649.0,1673.0,187.0,57.0,10659.0,3.280701754385965,57.0,0,0,0,0
0001473149_Raw01_f_00013.jpg,numeric,0001473149,gunyin,1508.0,1368.0,1697.0,1433.0,189.0,65.0,12285.0,2.9076923076923076,65.0,0,0,0,0
0001473149_Raw02_f_00001.jpg,numeric,0001473149,mamianmakeng,2834.0,1463.0,2856.0,1487.0,22.0,24.0,528.0,1.0909090909090908,22.0,0,0,0,0
0001473149_Raw02_f_00001.jpg,numeric,0001473149,gunyin,3763.0,2678.0,3909.0,2729.0,146.0,51.0,7446.0,2.8627450980392157,51.0,0,0,0,0
0001473149_Raw02_f_00001.jpg,numeric,0001473149,yanghuatiepi,3482.0,1855.0,3565.0,1891.0,83.0,36.0,2988.0,2.3055555555555554,36.0,0,0,0,0
0001473149_Raw02_f_00007.jpg,numeric,0001473149,gunyin,3780.0,2075.0,3903.0,2124.0,123.0,49.0,6027.0,2.510204081632653,49.0,0,0,0,0
0001473149_Raw02_f_00010.jpg,numeric,0001473149,gunyin,3804.0,1804.0,3941.0,1855.0,137.0,51.0,6987.0,2.6862745098039214,51.0,0,0,0,0
0001473149_Raw02_f_00013.jpg,numeric,0001473149,gunyin,3835.0,1562.0,3950.0,1607.0,115.0,45.0,5175.0,2.5555555555555554,45.0,0,0,0,0
0001473149_Raw03_f_00001.jpg,numeric,0001473149,gunyin,262.0,2687.0,427.0,2735.0,165.0,48.0,7920.0,3.4375,48.0,0,0,0,0
0001473149_Raw03_f_00004.jpg,numeric,0001473149,gunyin,266.0,2368.0,438.0,2422.0,172.0,54.0,9288.0,3.185185185185185,54.0,0,0,0,0
0001473149_Raw03_f_00013.jpg,numeric,0001473149,gunyin,333.0,1566.0,478.0,1618.0,145.0,52.0,7540.0,2.7884615384615383,52.0,0,0,0,0
0001473164_Raw00_f_00001.jpg,numeric,0001473164,gunyin,2421.0,852.0,2505.0,876.0,84.0,24.0,2016.0,3.5,24.0,0,0,0,0
0001473164_Raw00_f_00001.jpg,numeric,0001473164,yanghuatiepi,3809.0,2390.0,3858.0,2414.0,49.0,24.0,1176.0,2.0416666666666665,24.0,0,0,0,0
0001473164_Raw00_f_00003.jpg,numeric,0001473164,gunyin,3202.0,914.0,3256.0,944.0,54.0,30.0,1620.0,1.8,30.0,0,0,0,0
0001473164_Raw00_f_00009.jpg,numeric,0001473164,gunyin,2419.0,2920.0,2534.0,2953.0,115.0,33.0,3795.0,3.484848484848485,33.0,0,0,0,0
0001473164_Raw00_f_00009.jpg,numeric,0001473164,gunyin,3182.0,285.0,3246.0,316.0,64.0,31.0,1984.0,2.064516129032258,31.0,0,0,0,0
0001473164_Raw00_f_00012.jpg,numeric,0001473164,gunyin,3202.0,22.0,3263.0,46.0,61.0,24.0,1464.0,2.5416666666666665,24.0,0,0,0,0
0001473164_Raw01_f_00013.jpg,numeric,0001473164,yiwuyaru,904.0,402.0,948.0,442.0,44.0,40.0,1760.0,1.1,40.0,0,0,0,0
0001473164_Raw02_f_00006.jpg,numeric,0001473164,gunyin,3824.0,913.0,3978.0,964.0,154.0,51.0,7854.0,3.019607843137255,51.0,0,0,0,0
0001473164_Raw03_f_00009.jpg,numeric,0001473164,gunyin,317.0,614.0,429.0,657.0,112.0,43.0,4816.0,2.604651162790698,43.0,0,0,0,0
0001473164_Raw03_f_00012.jpg,numeric,0001473164,gunyin,301.0,333.0,498.0,386.0,197.0,53.0,10441.0,3.7169811320754715,53.0,0,0,0,0
0001473234_Raw00_f_00008.jpg,numeric,0001473234,gunyin,3252.0,2383.0,3316.0,2414.0,64.0,31.0,1984.0,2.064516129032258,31.0,0,0,0,0
0001473234_Raw00_f_00011.jpg,numeric,0001473234,gunyin,3276.0,2148.0,3336.0,2171.0,60.0,23.0,1380.0,2.608695652173913,23.0,0,0,0,0
0001473234_Raw02_f_00002.jpg,numeric,0001473234,yanghuatiepi,3474.0,82.0,3550.0,128.0,76.0,46.0,3496.0,1.6521739130434783,46.0,0,0,0,0
0001473234_Raw02_f_00003.jpg,numeric,0001473234,gunyin,3952.0,332.0,4060.0,384.0,108.0,52.0,5616.0,2.076923076923077,52.0,0,0,0,0
0001473234_Raw02_f_00007.jpg,numeric,0001473234,gunyin,3482.0,2386.0,3530.0,2408.0,48.0,22.0,1056.0,2.1818181818181817,22.0,0,0,0,0
0001473234_Raw02_f_00008.jpg,numeric,0001473234,gunyin,3892.0,2711.0,4001.0,2757.0,109.0,46.0,5014.0,2.369565217391304,46.0,0,0,0,0
0001473234_Raw02_f_00010.jpg,numeric,0001473234,gunyin,3479.0,2116.0,3517.0,2137.0,38.0,21.0,798.0,1.8095238095238095,21.0,0,0,0,0
0001473234_Raw03_f_00011.jpg,numeric,0001473234,gunyin,399.0,2468.0,516.0,2513.0,117.0,45.0,5265.0,2.6,45.0,0,0,0,0
0001473245_Raw00_f_00004.jpg,numeric,0001473245,gunyin,3084.0,548.0,3148.0,578.0,64.0,30.0,1920.0,2.1333333333333333,30.0,0,0,0,0
0001473245_Raw00_f_00007.jpg,numeric,0001473245,gunyin,2372.0,2908.0,2481.0,2943.0,109.0,35.0,3815.0,3.1142857142857143,35.0,0,0,0,0
0001473245_Raw00_f_00007.jpg,numeric,0001473245,gunyin,3122.0,276.0,3186.0,302.0,64.0,26.0,1664.0,2.4615384615384617,26.0,0,0,0,0
0001473245_Raw01_f_00005.jpg,numeric,0001473245,yiwuyaru,910.0,452.0,947.0,472.0,37.0,20.0,740.0,1.85,20.0,0,0,0,0
0001473245_Raw02_f_00006.jpg,numeric,0001473245,gunyin,3334.0,236.0,3383.0,260.0,49.0,24.0,1176.0,2.0416666666666665,24.0,0,0,0,0
0001473245_Raw02_f_00008.jpg,numeric,0001473245,gunyin,3392.0,2961.0,3446.0,2987.0,54.0,26.0,1404.0,2.076923076923077,26.0,0,0,0,1
0001473346_Raw00_f_00006.jpg,numeric,0001473346,mamianmakeng,1140.0,2866.0,1202.0,3000.0,62.0,134.0,8308.0,2.161290322580645,62.0,0,0,0,1
0001473346_Raw01_f_00005.jpg,numeric,0001473346,mamianmakeng,2671.0,412.0,2715.0,461.0,44.0,49.0,2156.0,1.1136363636363635,44.0,0,0,0,0
0001473346_Raw01_f_00005.jpg,numeric,0001473346,yanghuatiepi,3725.0,417.0,3778.0,472.0,53.0,55.0,2915.0,1.0377358490566038,53.0,0,0,0,0
0001473365_Raw01_f_00004.jpg,numeric,0001473365,jieba,2540.0,37.0,2605.0,74.0,65.0,37.0,2405.0,1.7567567567567568,37.0,0,0,0,0
0001473365_Raw01_f_00005.jpg,numeric,0001473365,jieba,1.0,854.0,57.0,902.0,56.0,48.0,2688.0,1.1666666666666667,48.0,0,0,0,1
0001473367_Raw01_f_00016.jpg,numeric,0001473367,yanghuatiepi,1812.0,2316.0,1848.0,2364.0,36.0,48.0,1728.0,1.3333333333333333,36.0,0,0,0,0
0001473367_Raw02_f_00002.jpg,numeric,0001473367,yanghuatiepi,790.0,958.0,913.0,996.0,123.0,38.0,4674.0,3.236842105263158,38.0,0,0,0,0
0001474140_Raw01_f_00003.jpg,numeric,0001474140,yiwuyaru,758.0,301.0,928.0,519.0,170.0,218.0,37060.0,1.2823529411764707,170.0,0,0,0,0
0001474140_Raw01_f_00003.jpg,numeric,0001474140,jieba,2966.0,2626.0,3025.0,2658.0,59.0,32.0,1888.0,1.84375,32.0,0,0,0,0
0001474140_Raw01_f_00003.jpg,numeric,0001474140,jieba,2549.0,363.0,2599.0,416.0,50.0,53.0,2650.0,1.06,50.0,0,0,0,0
0001474140_Raw01_f_00003.jpg,numeric,0001474140,jieba,421.0,1908.0,468.0,2009.0,47.0,101.0,4747.0,2.148936170212766,47.0,0,0,0,0
0001474140_Raw01_f_00004.jpg,numeric,0001474140,jieba,1316.0,356.0,1339.0,393.0,23.0,37.0,851.0,1.608695652173913,23.0,0,0,0,0
0001474140_Raw01_f_00004.jpg,numeric,0001474140,jieba,1911.0,406.0,1927.0,430.0,16.0,24.0,384.0,1.5,16.0,0,0,0,0
0001474140_Raw02_f_00004.jpg,numeric,0001474140,jieba,1707.0,2094.0,1930.0,2150.0,223.0,56.0,12488.0,3.982142857142857,56.0,0,0,0,0
0001474140_Raw02_f_00004.jpg,numeric,0001474140,jieba,1532.0,1913.0,1654.0,2076.0,122.0,163.0,19886.0,1.3360655737704918,122.0,0,0,0,0
0001474140_Raw03_f_00003.jpg,numeric,0001474140,jieba,708.0,2594.0,762.0,2674.0,54.0,80.0,4320.0,1.4814814814814814,54.0,0,0,0,0
0001474140_Raw03_f_00003.jpg,numeric,0001474140,jieba,657.0,2564.0,677.0,2614.0,20.0,50.0,1000.0,2.5,20.0,0,0,0,0
0001474140_Raw12_f_00001.jpg,numeric,0001474140,jieba,2101.0,301.0,2239.0,553.0,138.0,252.0,34776.0,1.826086956521739,138.0,0,0,0,0
0001474140_Raw13_f_00003.jpg,numeric,0001474140,huashang,2416.0,936.0,2446.0,1421.0,30.0,485.0,14550.0,16.166666666666668,30.0,0,0,1,0
0001476556_Raw01_f_00010.jpg,numeric,0001476556,jieba,2611.0,476.0,2646.0,534.0,35.0,58.0,2030.0,1.6571428571428573,35.0,0,0,0,0
0001476606_Raw13_f_00001.jpg,numeric,0001476606,huashang,1488.0,87.0,1528.0,560.0,40.0,473.0,18920.0,11.825,40.0,0,0,1,0
0001476658_Raw00_f_00013.jpg,numeric,0001476658,yiwuyaru,900.0,412.0,937.0,571.0,37.0,159.0,5883.0,4.297297297297297,37.0,0,0,0,0
0001476661_Raw01_f_00004.jpg,numeric,0001476661,gunyin,1715.0,173.0,1756.0,195.0,41.0,22.0,902.0,1.8636363636363635,22.0,0,0,0,0
0001476675_Raw01_f_00005.jpg,numeric,0001476675,yanghuatiepi,2516.0,1908.0,2571.0,1973.0,55.0,65.0,3575.0,1.1818181818181819,55.0,0,0,0,0
0001478920_Raw03_f_00003.jpg,numeric,0001478920,mamianmakeng,736.0,2590.0,770.0,2626.0,34.0,36.0,1224.0,1.0588235294117647,34.0,0,0,0,0
0001480389_Raw00_f_00000.jpg,numeric,0001480389,yiwuyaru,1377.0,2657.0,1401.0,2680.0,24.0,23.0,552.0,1.0434782608695652,23.0,0,0,0,0
0001481074_Raw02_f_00002.jpg,numeric,0001481074,jiaza,2261.0,1.0,2308.0,368.0,47.0,367.0,17249.0,7.808510638297872,47.0,0,0,1,1
0001481543_Raw13_f_00000.jpg,numeric,0001481543,jieba,1510.0,2730.0,1652.0,2774.0,142.0,44.0,6248.0,3.227272727272727,44.0,0,0,0,0
0001481871_Raw12_f_00001.jpg,numeric,0001481871,jieba,3220.0,1022.0,3450.0,1190.0,230.0,168.0,38640.0,1.369047619047619,168.0,0,0,0,0
0001481920_Raw02_f_00014.jpg,numeric,0001481920,yiwuyaru,3233.0,640.0,3269.0,665.0,36.0,25.0,900.0,1.44,25.0,0,0,0,0
0001481922_Raw02_f_00003.jpg,numeric,0001481922,yiwuyaru,3147.0,2249.0,3193.0,2291.0,46.0,42.0,1932.0,1.0952380952380953,42.0,0,0,0,0
0001481923_Raw03_f_00006.jpg,numeric,0001481923,jiaza,624.0,2252.0,727.0,3000.0,103.0,748.0,77044.0,7.262135922330097,103.0,0,0,1,1
0001482141_Raw01_f_00012.jpg,numeric,0001482141,yiwuyaru,1434.0,465.0,1479.0,500.0,45.0,35.0,1575.0,1.2857142857142858,35.0,0,0,0,0
0001482235_Raw01_f_00006.jpg,numeric,0001482235,mamianmakeng,2264.0,345.0,2330.0,381.0,66.0,36.0,2376.0,1.8333333333333333,36.0,0,0,0,0
0001482460_Raw02_f_00008.jpg,numeric,0001482460,mamianmakeng,3260.0,1070.0,3297.0,1108.0,37.0,38.0,1406.0,1.027027027027027,37.0,0,0,0,0
0001482460_Raw02_f_00008.jpg,numeric,0001482460,mamianmakeng,2268.0,2749.0,2331.0,2812.0,63.0,63.0,3969.0,1.0,63.0,0,0,0,0
0001482460_Raw02_f_00008.jpg,numeric,0001482460,mamianmakeng,2216.0,2861.0,2293.0,2928.0,77.0,67.0,5159.0,1.1492537313432836,67.0,0,0,0,0
0001482487_Raw00_f_00001.jpg,numeric,0001482487,mamianmakeng,1553.0,2768.0,1587.0,2796.0,34.0,28.0,952.0,1.2142857142857142,28.0,0,0,0,0
0001482488_Raw02_f_00002.jpg,numeric,0001482488,mamianmakeng,1099.0,2522.0,1246.0,2629.0,147.0,107.0,15729.0,1.3738317757009346,107.0,0,0,0,0
0001482764_Raw02_f_00002.jpg,numeric,0001482764,yiwuyaru,2348.0,67.0,2365.0,81.0,17.0,14.0,238.0,1.2142857142857142,14.0,1,0,0,0
0001482852_Raw02_f_00001.jpg,numeric,0001482852,yiwuyaru,2328.0,476.0,2352.0,497.0,24.0,21.0,504.0,1.1428571428571428,21.0,0,0,0,0
0001482905_Raw03_f_00006.jpg,numeric,0001482905,yiwuyaru,1749.0,2841.0,1793.0,2881.0,44.0,40.0,1760.0,1.1,40.0,0,0,0,0
0001482973_Raw00_f_00006.jpg,numeric,0001482973,yiwuyaru,1975.0,1772.0,2004.0,1800.0,29.0,28.0,812.0,1.0357142857142858,28.0,0,0,0,0
0001483149_Raw01_f_00001.jpg,numeric,0001483149,yiwuyaru,1640.0,669.0,1685.0,734.0,45.0,65.0,2925.0,1.4444444444444444,45.0,0,0,0,0
0001483149_Raw01_f_00001.jpg,numeric,0001483149,yiwuyaru,1253.0,464.0,1290.0,493.0,37.0,29.0,1073.0,1.2758620689655173,29.0,0,0,0,0
0001483149_Raw01_f_00001.jpg,numeric,0001483149,yanghuatiepi,3839.0,1172.0,3964.0,1215.0,125.0,43.0,5375.0,2.9069767441860463,43.0,0,0,0,0
0001483149_Raw01_f_00001.jpg,numeric,0001483149,yanghuatiepi,104.0,2606.0,133.0,2660.0,29.0,54.0,1566.0,1.8620689655172413,29.0,0,0,0,0
0001483864_Raw01_f_00005.jpg,numeric,0001483864,zonglie,1245.0,2496.0,1275.0,2939.0,30.0,443.0,13290.0,14.766666666666667,30.0,0,0,1,0
0001484044_Raw12_f_00001.jpg,numeric,0001484044,jieba,2693.0,1217.0,2840.0,1461.0,147.0,244.0,35868.0,1.6598639455782314,147.0,0,0,0,0
0001484055_Raw01_f_00008.jpg,numeric,0001484055,yiwuyaru,1221.0,1912.0,1244.0,1935.0,23.0,23.0,529.0,1.0,23.0,0,0,0,0
0001484055_Raw01_f_00008.jpg,numeric,0001484055,yiwuyaru,1392.0,1791.0,1411.0,1809.0,19.0,18.0,342.0,1.0555555555555556,18.0,0,0,0,0
0001484055_Raw01_f_00008.jpg,numeric,0001484055,yiwuyaru,1470.0,1798.0,1482.0,1810.0,12.0,12.0,144.0,1.0,12.0,1,0,0,0
0001484599_Raw00_f_00006.jpg,numeric,0001484599,yiwuyaru,880.0,1652.0,896.0,1782.0,16.0,130.0,2080.0,8.125,16.0,0,0,1,0
0001484599_Raw00_f_00010.jpg,numeric,0001484599,yiwuyaru,886.0,1052.0,913.0,1167.0,27.0,115.0,3105.0,4.2592592592592595,27.0,0,0,0,0
0001484599_Raw02_f_00013.jpg,numeric,0001484599,mamianmakeng,1370.0,1985.0,1402.0,2017.0,32.0,32.0,1024.0,1.0,32.0,0,0,0,0
0001484724_Raw03_f_00011.jpg,numeric,0001484724,yiwuyaru,2175.0,2111.0,2229.0,2142.0,54.0,31.0,1674.0,1.7419354838709677,31.0,0,0,0,0
0001484724_Raw13_f_00000.jpg,numeric,0001484724,jieba,2564.0,2470.0,2598.0,2582.0,34.0,112.0,3808.0,3.2941176470588234,34.0,0,0,0,0
0001484725_Raw03_f_00008.jpg,numeric,0001484725,yiwuyaru,2137.0,594.0,2182.0,637.0,45.0,43.0,1935.0,1.0465116279069768,43.0,0,0,0,0
0001484839_Raw01_f_00006.jpg,numeric,0001484839,yanghuatiepi,3235.0,2884.0,3270.0,2926.0,35.0,42.0,1470.0,1.2,35.0,0,0,0,0
0001484931_Raw01_f_00011.jpg,numeric,0001484931,jieba,3860.0,968.0,3920.0,1005.0,60.0,37.0,2220.0,1.6216216216216217,37.0,0,0,0,0
0001484935_Raw13_f_00001.jpg,numeric,0001484935,jieba,2831.0,342.0,3010.0,536.0,179.0,194.0,34726.0,1.0837988826815643,179.0,0,0,0,0
0001485055_Raw01_f_00004.jpg,numeric,0001485055,jieba,2244.0,2161.0,2265.0,2201.0,21.0,40.0,840.0,1.9047619047619047,21.0,0,0,0,0
0001485292_Raw00_f_00006.jpg,numeric,0001485292,mamianmakeng,3300.0,1546.0,3341.0,1601.0,41.0,55.0,2255.0,1.3414634146341464,41.0,0,0,0,0
0001486073_Raw00_f_00003.jpg,numeric,0001486073,jiaza,1204.0,1325.0,1231.0,1588.0,27.0,263.0,7101.0,9.74074074074074,27.0,0,0,1,0
0001486250_Raw01_f_00007.jpg,numeric,0001486250,qilie,412.0,49.0,750.0,536.0,338.0,487.0,164606.0,1.4408284023668638,338.0,0,0,0,0
0001486250_Raw01_f_00007.jpg,numeric,0001486250,qilie,172.0,583.0,359.0,779.0,187.0,196.0,36652.0,1.0481283422459893,187.0,0,0,0,0
0001486250_Raw01_f_00007.jpg,numeric,0001486250,qilie,378.0,575.0,502.0,711.0,124.0,136.0,16864.0,1.096774193548387,124.0,0,0,0,0
0001486250_Raw01_f_00007.jpg,numeric,0001486250,qilie,529.0,586.0,744.0,998.0,215.0,412.0,88580.0,1.916279069767442,215.0,0,0,0,0
0001486250_Raw01_f_00007.jpg,numeric,0001486250,qilie,226.0,788.0,531.0,972.0,305.0,184.0,56120.0,1.6576086956521738,184.0,0,0,0,0
0001486250_Raw01_f_00007.jpg,numeric,0001486250,qilie,222.0,1019.0,701.0,1268.0,479.0,249.0,119271.0,1.9236947791164658,249.0,0,0,0,0
0001486250_Raw01_f_00007.jpg,numeric,0001486250,qilie,268.0,1457.0,423.0,1571.0,155.0,114.0,17670.0,1.3596491228070176,114.0,0,0,0,0
0001486250_Raw01_f_00007.jpg,numeric,0001486250,qilie,476.0,1280.0,606.0,1524.0,130.0,244.0,31720.0,1.876923076923077,130.0,0,0,0,0
0001487223_Raw03_f_00005.jpg,numeric,0001487223,yiwuyaru,1710.0,1899.0,1741.0,1931.0,31.0,32.0,992.0,1.032258064516129,31.0,0,0,0,0
0001487380_Raw00_f_00008.jpg,numeric,0001487380,yiwuyaru,3166.0,553.0,3217.0,586.0,51.0,33.0,1683.0,1.5454545454545454,33.0,0,0,0,0
0001487443_Raw01_f_00011.jpg,numeric,0001487443,zonglie,1467.0,2.0,1577.0,2093.0,110.0,2091.0,230010.0,19.009090909090908,110.0,0,0,1,1
0001487463_Raw01_f_00001.jpg,numeric,0001487463,zonglie,1541.0,1.0,1591.0,3000.0,50.0,2999.0,149950.0,59.98,50.0,0,0,1,1
0001487908_Raw13_f_00000.jpg,numeric,0001487908,jieba,2866.0,732.0,2901.0,1095.0,35.0,363.0,12705.0,10.371428571428572,35.0,0,0,1,0
0001487989_Raw01_f_00009.jpg,numeric,0001487989,zonglie,1710.0,759.0,1748.0,1543.0,38.0,784.0,29792.0,20.63157894736842,38.0,0,0,1,0
0001487989_Raw01_f_00009.jpg,numeric,0001487989,zonglie,1702.0,3.0,1730.0,461.0,28.0,458.0,12824.0,16.357142857142858,28.0,0,0,1,1
0001487996_Raw01_f_00010.jpg,numeric,0001487996,zonglie,2510.0,1.0,2561.0,1858.0,51.0,1857.0,94707.0,36.411764705882355,51.0,0,0,1,1
0001488436_Raw01_f_00010.jpg,numeric,0001488436,mamianmakeng,1047.0,1170.0,1085.0,1214.0,38.0,44.0,1672.0,1.1578947368421053,38.0,0,0,0,0
0001488464_Raw01_f_00009.jpg,numeric,0001488464,mamianmakeng,1699.0,2375.0,1735.0,2412.0,36.0,37.0,1332.0,1.0277777777777777,36.0,0,0,0,0
0001488473_Raw00_f_00001.jpg,numeric,0001488473,yanghuatiepi,2262.0,972.0,2324.0,1011.0,62.0,39.0,2418.0,1.5897435897435896,39.0,0,0,0,0
0001488473_Raw00_f_00001.jpg,numeric,0001488473,yanghuatiepi,2272.0,2165.0,2328.0,2202.0,56.0,37.0,2072.0,1.5135135135135136,37.0,0,0,0,0
0001488473_Raw00_f_00001.jpg,numeric,0001488473,yanghuatiepi,2250.0,1030.0,2330.0,1064.0,80.0,34.0,2720.0,2.3529411764705883,34.0,0,0,0,0
0001488473_Raw00_f_00001.jpg,numeric,0001488473,jieba,888.0,270.0,958.0,314.0,70.0,44.0,3080.0,1.5909090909090908,44.0,0,0,0,0
0001488652_Raw02_f_00009.jpg,numeric,0001488652,mamianmakeng,1345.0,1997.0,1427.0,2093.0,82.0,96.0,7872.0,1.170731707317073,82.0,0,0,0,0
0001488652_Raw02_f_00009.jpg,numeric,0001488652,mamianmakeng,2083.0,1506.0,2116.0,1540.0,33.0,34.0,1122.0,1.0303030303030303,33.0,0,0,0,0
0001488661_Raw00_f_00007.jpg,numeric,0001488661,jieba,1790.0,2224.0,1831.0,2246.0,41.0,22.0,902.0,1.8636363636363635,22.0,0,0,0,0
0001488665_Raw01_f_00007.jpg,numeric,0001488665,mamianmakeng,1792.0,166.0,1833.0,204.0,41.0,38.0,1558.0,1.0789473684210527,38.0,0,0,0,0
0001488665_Raw01_f_00007.jpg,numeric,0001488665,mamianmakeng,3531.0,2016.0,3572.0,2060.0,41.0,44.0,1804.0,1.0731707317073171,41.0,0,0,0,0
0001488665_Raw01_f_00007.jpg,numeric,0001488665,mamianmakeng,3470.0,1948.0,3486.0,1971.0,16.0,23.0,368.0,1.4375,16.0,0,0,0,0
0001488924_Raw01_f_00009.jpg,numeric,0001488924,yiwuyaru,2458.0,1516.0,2506.0,1561.0,48.0,45.0,2160.0,1.0666666666666667,45.0,0,0,0,0
0001489142_Raw01_f_00009.jpg,numeric,0001489142,zonglie,3031.0,1.0,3082.0,2836.0,51.0,2835.0,144585.0,55.588235294117645,51.0,0,0,1,1
0001496675_Raw02_f_00009.jpg,numeric,0001496675,yiwuyaru,2787.0,1793.0,2830.0,1849.0,43.0,56.0,2408.0,1.302325581395349,43.0,0,0,0,0
0001497752_Raw00_f_00010.jpg,numeric,0001497752,jieba,917.0,1652.0,1431.0,1756.0,514.0,104.0,53456.0,4.9423076923076925,104.0,0,0,0,0
0001497787_Raw00_f_00010.jpg,numeric,0001497787,jieba,939.0,686.0,1341.0,790.0,402.0,104.0,41808.0,3.8653846153846154,104.0,0,0,0,0
0001497865_Raw01_f_00011.jpg,numeric,0001497865,jieba,1848.0,1372.0,1886.0,1420.0,38.0,48.0,1824.0,1.263157894736842,38.0,0,0,0,0
0001498692_Raw01_f_00001.jpg,numeric,0001498692,yanghuatiepi,3471.0,542.0,3547.0,574.0,76.0,32.0,2432.0,2.375,32.0,0,0,0,0
0001498692_Raw02_f_00006.jpg,numeric,0001498692,yanghuatiepi,3860.0,2762.0,3899.0,2796.0,39.0,34.0,1326.0,1.1470588235294117,34.0,0,0,0,0
0001498707_Raw01_f_00003.jpg,numeric,0001498707,yanghuatiepi,2432.0,1758.0,2455.0,1776.0,23.0,18.0,414.0,1.2777777777777777,18.0,0,0,0,0
0001498711_Raw00_f_00001.jpg,numeric,0001498711,yanghuatiepi,2051.0,1571.0,2072.0,1603.0,21.0,32.0,672.0,1.5238095238095237,21.0,0,0,0,0
0001498713_Raw02_f_00002.jpg,numeric,0001498713,yanghuatiepi,2758.0,786.0,2783.0,824.0,25.0,38.0,950.0,1.52,25.0,0,0,0,0
0001498717_Raw01_f_00001.jpg,numeric,0001498717,yanghuatiepi,1186.0,2293.0,1236.0,2345.0,50.0,52.0,2600.0,1.04,50.0,0,0,0,0
0001498726_Raw01_f_00009.jpg,numeric,0001498726,yanghuatiepi,2815.0,1108.0,2866.0,1184.0,51.0,76.0,3876.0,1.4901960784313726,51.0,0,0,0,0
0001498726_Raw01_f_00009.jpg,numeric,0001498726,yanghuatiepi,3938.0,1065.0,4001.0,1121.0,63.0,56.0,3528.0,1.125,56.0,0,0,0,0
0001498726_Raw02_f_00007.jpg,numeric,0001498726,yanghuatiepi,865.0,2759.0,956.0,2797.0,91.0,38.0,3458.0,2.3947368421052633,38.0,0,0,0,0
0001498727_Raw01_f_00001.jpg,numeric,0001498727,yanghuatiepi,3022.0,1138.0,3059.0,1177.0,37.0,39.0,1443.0,1.054054054054054,37.0,0,0,0,0
0001498727_Raw01_f_00006.jpg,numeric,0001498727,yanghuatiepi,637.0,126.0,671.0,173.0,34.0,47.0,1598.0,1.3823529411764706,34.0,0,0,0,0
0001498727_Raw01_f_00009.jpg,numeric,0001498727,yanghuatiepi,2472.0,46.0,2553.0,69.0,81.0,23.0,1863.0,3.5217391304347827,23.0,0,0,0,0
0001498727_Raw02_f_00004.jpg,numeric,0001498727,yanghuatiepi,1119.0,33.0,1227.0,77.0,108.0,44.0,4752.0,2.4545454545454546,44.0,0,0,0,0
0001498728_Raw00_f_00006.jpg,numeric,0001498728,yanghuatiepi,1100.0,2124.0,1179.0,2194.0,79.0,70.0,5530.0,1.1285714285714286,70.0,0,0,0,0
0001498728_Raw00_f_00009.jpg,numeric,0001498728,yanghuatiepi,2472.0,1570.0,2580.0,1604.0,108.0,34.0,3672.0,3.176470588235294,34.0,0,0,0,0
0001498728_Raw00_f_00009.jpg,numeric,0001498728,yanghuatiepi,3075.0,1204.0,3120.0,1230.0,45.0,26.0,1170.0,1.7307692307692308,26.0,0,0,0,0
0001498728_Raw01_f_00005.jpg,numeric,0001498728,yanghuatiepi,907.0,245.0,968.0,287.0,61.0,42.0,2562.0,1.4523809523809523,42.0,0,0,0,0
0001498728_Raw01_f_00005.jpg,numeric,0001498728,yanghuatiepi,2773.0,1972.0,2833.0,2009.0,60.0,37.0,2220.0,1.6216216216216217,37.0,0,0,0,0
0001498728_Raw01_f_00009.jpg,numeric,0001498728,yanghuatiepi,2593.0,82.0,2675.0,108.0,82.0,26.0,2132.0,3.1538461538461537,26.0,0,0,0,0
0001498728_Raw02_f_00004.jpg,numeric,0001498728,yanghuatiepi,1544.0,119.0,1628.0,186.0,84.0,67.0,5628.0,1.2537313432835822,67.0,0,0,0,0
0001498728_Raw02_f_00005.jpg,numeric,0001498728,yanghuatiepi,700.0,2408.0,796.0,2528.0,96.0,120.0,11520.0,1.25,96.0,0,0,0,0
0001498728_Raw02_f_00005.jpg,numeric,0001498728,yanghuatiepi,3782.0,2572.0,3822.0,2608.0,40.0,36.0,1440.0,1.1111111111111112,36.0,0,0,0,0
0001498728_Raw02_f_00008.jpg,numeric,0001498728,yanghuatiepi,1785.0,408.0,1840.0,430.0,55.0,22.0,1210.0,2.5,22.0,0,0,0,0
0001498728_Raw02_f_00009.jpg,numeric,0001498728,yanghuatiepi,924.0,1528.0,972.0,1574.0,48.0,46.0,2208.0,1.0434782608695652,46.0,0,0,0,0
0001498729_Raw01_f_00006.jpg,numeric,0001498729,yanghuatiepi,3804.0,902.0,3878.0,980.0,74.0,78.0,5772.0,1.054054054054054,74.0,0,0,0,0
0001498729_Raw01_f_00006.jpg,numeric,0001498729,yanghuatiepi,4017.0,226.0,4081.0,279.0,64.0,53.0,3392.0,1.2075471698113207,53.0,0,0,0,1
0001498729_Raw02_f_00002.jpg,numeric,0001498729,yanghuatiepi,824.0,1602.0,883.0,1679.0,59.0,77.0,4543.0,1.305084745762712,59.0,0,0,0,0
0001498729_Raw02_f_00008.jpg,numeric,0001498729,yanghuatiepi,1486.0,268.0,1530.0,300.0,44.0,32.0,1408.0,1.375,32.0,0,0,0,0
0001498730_Raw02_f_00003.jpg,numeric,0001498730,yanghuatiepi,446.0,2936.0,521.0,2999.0,75.0,63.0,4725.0,1.1904761904761905,63.0,0,0,0,1
0001498744_Raw00_f_00003.jpg,numeric,0001498744,yanghuatiepi,2475.0,828.0,2667.0,985.0,192.0,157.0,30144.0,1.2229299363057324,157.0,0,0,0,0
0001498744_Raw00_f_00005.jpg,numeric,0001498744,yanghuatiepi,2356.0,2977.0,2388.0,3000.0,32.0,23.0,736.0,1.391304347826087,23.0,0,0,0,1
0001498745_Raw03_f_00001.jpg,numeric,0001498745,yanghuatiepi,2500.0,1.0,2542.0,419.0,42.0,418.0,17556.0,9.952380952380953,42.0,0,0,1,1
0001498795_Raw00_f_00002.jpg,numeric,0001498795,yanghuatiepi,1451.0,2600.0,1489.0,2634.0,38.0,34.0,1292.0,1.1176470588235294,34.0,0,0,0,0
0001498838_Raw01_f_00007.jpg,numeric,0001498838,yanghuatiepi,772.0,1013.0,815.0,1051.0,43.0,38.0,1634.0,1.131578947368421,38.0,0,0,0,0
0001498993_Raw12_f_00000.jpg,numeric,0001498993,jieba,1498.0,2659.0,1653.0,2838.0,155.0,179.0,27745.0,1.1548387096774193,155.0,0,0,0,0
0001498993_Raw13_f_00000.jpg,numeric,0001498993,jieba,2647.0,2460.0,2863.0,2658.0,216.0,198.0,42768.0,1.0909090909090908,198.0,0,0,0,0
0001498993_Raw13_f_00000.jpg,numeric,0001498993,jieba,2990.0,2656.0,3015.0,2719.0,25.0,63.0,1575.0,2.52,25.0,0,0,0,0
0001499676_Raw02_f_00001.jpg,numeric,0001499676,yanghuatiepi,1948.0,1976.0,2011.0,2047.0,63.0,71.0,4473.0,1.126984126984127,63.0,0,0,0,0
0001499677_Raw00_f_00014.jpg,numeric,0001499677,yanghuatiepi,2538.0,1312.0,2597.0,1368.0,59.0,56.0,3304.0,1.0535714285714286,56.0,0,0,0,0
0001499683_Raw00_f_00001.jpg,numeric,0001499683,yanghuatiepi,1658.0,897.0,1756.0,1024.0,98.0,127.0,12446.0,1.2959183673469388,98.0,0,0,0,0
0001499689_Raw02_f_00042.jpg,numeric,0001499689,yanghuatiepi,3265.0,1995.0,3309.0,2094.0,44.0,99.0,4356.0,2.25,44.0,0,0,0,0
0001499689_Raw02_f_00042.jpg,numeric,0001499689,yanghuatiepi,3083.0,1976.0,3185.0,2104.0,102.0,128.0,13056.0,1.2549019607843137,102.0,0,0,0,0
0001499689_Raw02_f_00042.jpg,numeric,0001499689,yanghuatiepi,3085.0,2865.0,3121.0,2987.0,36.0,122.0,4392.0,3.388888888888889,36.0,0,0,0,1
0001499689_Raw02_f_00046.jpg,numeric,0001499689,yanghuatiepi,3077.0,781.0,3116.0,815.0,39.0,34.0,1326.0,1.1470588235294117,34.0,0,0,0,0
0001499692_Raw00_f_00011.jpg,numeric,0001499692,yanghuatiepi,955.0,1452.0,987.0,1478.0,32.0,26.0,832.0,1.2307692307692308,26.0,0,0,0,0
0001499694_Raw00_f_00002.jpg,numeric,0001499694,yanghuatiepi,2375.0,1510.0,2415.0,1544.0,40.0,34.0,1360.0,1.1764705882352942,34.0,0,0,0,0
0001499705_Raw02_f_00006.jpg,numeric,0001499705,yanghuatiepi,3111.0,44.0,3142.0,63.0,31.0,19.0,589.0,1.631578947368421,19.0,0,0,0,0
0001499717_Raw00_f_00001.jpg,numeric,0001499717,yanghuatiepi,1216.0,2048.0,1248.0,2078.0,32.0,30.0,960.0,1.0666666666666667,30.0,0,0,0,0
0001499733_Raw00_f_00003.jpg,numeric,0001499733,yanghuatiepi,2233.0,2061.0,2270.0,2097.0,37.0,36.0,1332.0,1.0277777777777777,36.0,0,0,0,0
0001499735_Raw02_f_00001.jpg,numeric,0001499735,yanghuatiepi,2507.0,1987.0,2636.0,2024.0,129.0,37.0,4773.0,3.4864864864864864,37.0,0,0,0,0
0001499738_Raw00_f_00001.jpg,numeric,0001499738,yanghuatiepi,2287.0,1473.0,2323.0,1507.0,36.0,34.0,1224.0,1.0588235294117647,34.0,0,0,0,0
0001499749_Raw02_f_00003.jpg,numeric,0001499749,yanghuatiepi,3045.0,887.0,3127.0,967.0,82.0,80.0,6560.0,1.025,80.0,0,0,0,0
0001499758_Raw01_f_00001.jpg,numeric,0001499758,yanghuatiepi,825.0,2424.0,854.0,2447.0,29.0,23.0,667.0,1.2608695652173914,23.0,0,0,0,0
0001499758_Raw02_f_00001.jpg,numeric,0001499758,yanghuatiepi,3187.0,2712.0,3219.0,2738.0,32.0,26.0,832.0,1.2307692307692308,26.0,0,0,0,0
0001499762_Raw00_f_00002.jpg,numeric,0001499762,yanghuatiepi,3830.0,1937.0,3869.0,1960.0,39.0,23.0,897.0,1.6956521739130435,23.0,0,0,0,0
0001499766_Raw01_f_00001.jpg,numeric,0001499766,yanghuatiepi,4032.0,426.0,4054.0,508.0,22.0,82.0,1804.0,3.727272727272727,22.0,0,0,0,0
0001499767_Raw00_f_00001.jpg,numeric,0001499767,yanghuatiepi,1321.0,2580.0,1347.0,2600.0,26.0,20.0,520.0,1.3,20.0,0,0,0,0
0001499767_Raw00_f_00001.jpg,numeric,0001499767,yanghuatiepi,914.0,2907.0,945.0,2926.0,31.0,19.0,589.0,1.631578947368421,19.0,0,0,0,0
0001499779_Raw01_f_00002.jpg,numeric,0001499779,yanghuatiepi,3412.0,651.0,3432.0,670.0,20.0,19.0,380.0,1.0526315789473684,19.0,0,0,0,0
0001499780_Raw01_f_00010.jpg,numeric,0001499780,yanghuatiepi,3252.0,1460.0,3291.0,1479.0,39.0,19.0,741.0,2.0526315789473686,19.0,0,0,0,0
0001499781_Raw00_f_00003.jpg,numeric,0001499781,yanghuatiepi,987.0,1118.0,1024.0,1157.0,37.0,39.0,1443.0,1.054054054054054,37.0,0,0,0,0
0001499781_Raw01_f_00010.jpg,numeric,0001499781,yanghuatiepi,2537.0,1970.0,2589.0,1985.0,52.0,15.0,780.0,3.466666666666667,15.0,1,0,0,0
0001499957_Raw00_f_00007.jpg,numeric,0001499957,yanghuatiepi,3808.0,0.0,3858.0,42.0,50.0,42.0,2100.0,1.1904761904761905,42.0,0,0,0,1
0001499957_Raw00_f_00007.jpg,numeric,0001499957,yanghuatiepi,1686.0,2285.0,1768.0,2344.0,82.0,59.0,4838.0,1.3898305084745763,59.0,0,0,0,0
0001499957_Raw00_f_00007.jpg,numeric,0001499957,jiaza,1007.0,2271.0,1106.0,2724.0,99.0,453.0,44847.0,4.575757575757576,99.0,0,0,0,0
0001500004_Raw00_f_00002.jpg,numeric,0001500004,yanghuatiepi,1612.0,732.0,1664.0,763.0,52.0,31.0,1612.0,1.6774193548387097,31.0,0,0,0,0
0001500008_Raw00_f_00007.jpg,numeric,0001500008,yanghuatiepi,2264.0,1912.0,2282.0,1928.0,18.0,16.0,288.0,1.125,16.0,0,0,0,0
0001500010_Raw02_f_00006.jpg,numeric,0001500010,yanghuatiepi,1787.0,918.0,1809.0,988.0,22.0,70.0,1540.0,3.1818181818181817,22.0,0,0,0,0
0001500024_Raw02_f_00001.jpg,numeric,0001500024,yanghuatiepi,1724.0,2808.0,1745.0,2833.0,21.0,25.0,525.0,1.1904761904761905,21.0,0,0,0,0
0001500032_Raw02_f_00002.jpg,numeric,0001500032,yanghuatiepi,2641.0,1141.0,2710.0,1279.0,69.0,138.0,9522.0,2.0,69.0,0,0,0,0
0001500034_Raw00_f_00003.jpg,numeric,0001500034,yanghuatiepi,2313.0,2820.0,2353.0,2868.0,40.0,48.0,1920.0,1.2,40.0,0,0,0,0
0001500035_Raw00_f_00000.jpg,numeric,0001500035,yanghuatiepi,1648.0,2910.0,1714.0,2929.0,66.0,19.0,1254.0,3.473684210526316,19.0,0,0,0,0
0001500046_Raw00_f_00002.jpg,numeric,0001500046,yanghuatiepi,2077.0,153.0,2178.0,199.0,101.0,46.0,4646.0,2.1956521739130435,46.0,0,0,0,0
0001500046_Raw00_f_00003.jpg,numeric,0001500046,yanghuatiepi,2698.0,2266.0,2954.0,2374.0,256.0,108.0,27648.0,2.3703703703703702,108.0,0,0,0,0
0001500046_Raw01_f_00003.jpg,numeric,0001500046,yanghuatiepi,486.0,248.0,773.0,432.0,287.0,184.0,52808.0,1.559782608695652,184.0,0,0,0,0
0001500046_Raw01_f_00010.jpg,numeric,0001500046,yanghuatiepi,2000.0,1342.0,2029.0,1364.0,29.0,22.0,638.0,1.3181818181818181,22.0,0,0,0,0
0001500049_Raw00_f_00003.jpg,numeric,0001500049,yanghuatiepi,1194.0,1765.0,1215.0,1844.0,21.0,79.0,1659.0,3.761904761904762,21.0,0,0,0,0
0001500091_Raw03_f_00003.jpg,numeric,0001500091,yanghuatiepi,353.0,24.0,390.0,54.0,37.0,30.0,1110.0,1.2333333333333334,30.0,0,0,0,0
0001500174_Raw02_f_00003.jpg,numeric,0001500174,yanghuatiepi,1761.0,2270.0,1826.0,2339.0,65.0,69.0,4485.0,1.0615384615384615,65.0,0,0,0,0
0001500183_Raw00_f_00001.jpg,numeric,0001500183,jieba,955.0,2469.0,996.0,2496.0,41.0,27.0,1107.0,1.5185185185185186,27.0,0,0,0,0
0001500183_Raw00_f_00001.jpg,numeric,0001500183,jieba,945.0,1945.0,992.0,1970.0,47.0,25.0,1175.0,1.88,25.0,0,0,0,0
0001500183_Raw00_f_00001.jpg,numeric,0001500183,jieba,955.0,1292.0,986.0,1583.0,31.0,291.0,9021.0,9.387096774193548,31.0,0,0,1,0
0001500186_Raw03_f_00010.jpg,numeric,0001500186,yanghuatiepi,2152.0,1698.0,2188.0,1721.0,36.0,23.0,828.0,1.565217391304348,23.0,0,0,0,0
0001500186_Raw03_f_00010.jpg,numeric,0001500186,yanghuatiepi,525.0,900.0,590.0,932.0,65.0,32.0,2080.0,2.03125,32.0,0,0,0,0
0001500186_Raw03_f_00010.jpg,numeric,0001500186,yanghuatiepi,2395.0,1059.0,2431.0,1103.0,36.0,44.0,1584.0,1.2222222222222223,36.0,0,0,0,0
0001500186_Raw03_f_00010.jpg,numeric,0001500186,jieba,2710.0,1922.0,3047.0,2113.0,337.0,191.0,64367.0,1.7643979057591623,191.0,0,0,0,0
0001500189_Raw0_f_00006.jpg,numeric,0001500189,yiwuyaru,3208.0,1580.0,3240.0,1611.0,32.0,31.0,992.0,1.032258064516129,31.0,0,0,0,0
0001500191_Raw02_f_00007.jpg,numeric,0001500191,yiwuyaru,1898.0,196.0,2212.0,596.0,314.0,400.0,125600.0,1.2738853503184713,314.0,0,0,0,0
0001500191_Raw03_f_00008.jpg,numeric,0001500191,yiwuyaru,771.0,185.0,1094.0,375.0,323.0,190.0,61370.0,1.7,190.0,0,0,0,0
0001500198_Raw02_f_00007.jpg,numeric,0001500198,jieba,1156.0,1238.0,1331.0,1272.0,175.0,34.0,5950.0,5.147058823529412,34.0,0,0,1,0
0001500198_Raw02_f_00007.jpg,numeric,0001500198,jieba,191.0,1238.0,269.0,1272.0,78.0,34.0,2652.0,2.2941176470588234,34.0,0,0,0,0
0001500198_Raw02_f_00007.jpg,numeric,0001500198,jieba,2727.0,1249.0,2761.0,1272.0,34.0,23.0,782.0,1.4782608695652173,23.0,0,0,0,0
0001500198_Raw02_f_00007.jpg,numeric,0001500198,jieba,2818.0,1242.0,2865.0,1272.0,47.0,30.0,1410.0,1.5666666666666667,30.0,0,0,0,0
0001500198_Raw02_f_00007.jpg,numeric,0001500198,jieba,1943.0,1252.0,1974.0,1272.0,31.0,20.0,620.0,1.55,20.0,0,0,0,0
0001500198_Raw02_f_00007.jpg,numeric,0001500198,jieba,2623.0,1242.0,2682.0,1272.0,59.0,30.0,1770.0,1.9666666666666666,30.0,0,0,0,0
0001500198_Raw02_f_00007.jpg,numeric,0001500198,jieba,1602.0,1243.0,1740.0,1272.0,138.0,29.0,4002.0,4.758620689655173,29.0,0,0,0,0
0001500198_Raw02_f_00007.jpg,numeric,0001500198,jieba,2691.0,1254.0,2724.0,1272.0,33.0,18.0,594.0,1.8333333333333333,18.0,0,0,0,0
0001500198_Raw02_f_00007.jpg,numeric,0001500198,jieba,2465.0,1260.0,2496.0,1272.0,31.0,12.0,372.0,2.5833333333333335,12.0,1,0,0,0
0001500198_Raw02_f_00007.jpg,numeric,0001500198,jieba,524.0,1240.0,649.0,1272.0,125.0,32.0,4000.0,3.90625,32.0,0,0,0,0
0001500198_Raw03_f_00007.jpg,numeric,0001500198,yiwuyaru,956.0,994.0,1347.0,1201.0,391.0,207.0,80937.0,1.8888888888888888,207.0,0,0,0,0
0001500198_Raw03_f_00007.jpg,numeric,0001500198,yanghuatiepi,1245.0,996.0,1343.0,1084.0,98.0,88.0,8624.0,1.1136363636363635,88.0,0,0,0,0
0001500198_Raw03_f_00007.jpg,numeric,0001500198,jieba,1365.0,1120.0,1504.0,1238.0,139.0,118.0,16402.0,1.1779661016949152,118.0,0,0,0,0
0001500199_Raw01_f_00001.jpg,numeric,0001500199,yiwuyaru,245.0,2252.0,354.0,2372.0,109.0,120.0,13080.0,1.1009174311926606,109.0,0,0,0,0
0001500201_Raw01_f_00006.jpg,numeric,0001500201,yiwuyaru,1642.0,1239.0,1748.0,1426.0,106.0,187.0,19822.0,1.7641509433962264,106.0,0,0,0,0
0001500453_Raw13_f_00001.jpg,numeric,0001500453,jieba,2663.0,7.0,2803.0,144.0,140.0,137.0,19180.0,1.0218978102189782,137.0,0,0,0,1
0001500590_Raw00_f_00001.jpg,numeric,0001500590,yiwuyaru,1077.0,659.0,1148.0,746.0,71.0,87.0,6177.0,1.2253521126760563,71.0,0,0,0,0
0001500698_Raw03_f_00010.jpg,numeric,0001500698,yiwuyaru,922.0,479.0,949.0,503.0,27.0,24.0,648.0,1.125,24.0,0,0,0,0
0001501098_Raw03_f_00008.jpg,numeric,0001501098,yanghuatiepi,1905.0,1702.0,1960.0,1733.0,55.0,31.0,1705.0,1.7741935483870968,31.0,0,0,0,0
0001501495_Raw01_f_00001.jpg,numeric,0001501495,yanghuatiepi,611.0,268.0,653.0,307.0,42.0,39.0,1638.0,1.0769230769230769,39.0,0,0,0,0
0001501761_Raw00_f_00002.jpg,numeric,0001501761,yanghuatiepi,2198.0,664.0,2232.0,696.0,34.0,32.0,1088.0,1.0625,32.0,0,0,0,0
0001501828_Raw00_f_00004.jpg,numeric,0001501828,yanghuatiepi,1870.0,706.0,1941.0,795.0,71.0,89.0,6319.0,1.2535211267605635,71.0,0,0,0,0
0001501989_Raw02_f_00006.jpg,numeric,0001501989,yanghuatiepi,2176.0,1035.0,2284.0,1103.0,108.0,68.0,7344.0,1.588235294117647,68.0,0,0,0,0
0001502029_Raw01_f_00008.jpg,numeric,0001502029,yiwuyaru,2233.0,1104.0,2300.0,1157.0,67.0,53.0,3551.0,1.2641509433962264,53.0,0,0,0,0
0001502056_Raw13_f_00008.jpg,numeric,0001502056,yiwuyaru,2922.0,215.0,2942.0,265.0,20.0,50.0,1000.0,2.5,20.0,0,0,0,0
0001502505_Raw01_f_00005.jpg,numeric,0001502505,yanghuatiepi,1958.0,2644.0,2042.0,2695.0,84.0,51.0,4284.0,1.6470588235294117,51.0,0,0,0,0
0001502549_Raw01_f_00006.jpg,numeric,0001502549,jiaza,2306.0,1944.0,2397.0,3000.0,91.0,1056.0,96096.0,11.604395604395604,91.0,0,0,1,1
0001502581_Raw02_f_00009.jpg,numeric,0001502581,jieba,2085.0,78.0,2127.0,105.0,42.0,27.0,1134.0,1.5555555555555556,27.0,0,0,0,0
0001502877_Raw02_f_00002.jpg,numeric,0001502877,yanghuatiepi,2877.0,87.0,2906.0,116.0,29.0,29.0,841.0,1.0,29.0,0,0,0,0
0001502905_Raw03_f_00014.jpg,numeric,0001502905,yiwuyaru,1480.0,1862.0,1739.0,2374.0,259.0,512.0,132608.0,1.9768339768339769,259.0,0,0,0,0
0001503024_Raw01_f_00011.jpg,numeric,0001503024,yanghuatiepi,2300.0,517.0,2316.0,533.0,16.0,16.0,256.0,1.0,16.0,0,0,0,0
0001503160_Raw01_f_00006.jpg,numeric,0001503160,mamianmakeng,3091.0,1979.0,3121.0,1998.0,30.0,19.0,570.0,1.5789473684210527,19.0,0,0,0,0
0001503631_Raw02_f_00010.jpg,numeric,0001503631,jiaza,3589.0,2.0,3714.0,549.0,125.0,547.0,68375.0,4.376,125.0,0,0,0,1
0001503645_Raw00_f_00000.jpg,numeric,0001503645,jiaza,2674.0,2383.0,2710.0,2578.0,36.0,195.0,7020.0,5.416666666666667,36.0,0,0,1,0
0001504083_Raw00_f_00008.jpg,numeric,0001504083,yiwuyaru,3490.0,1639.0,3511.0,1666.0,21.0,27.0,567.0,1.2857142857142858,21.0,0,0,0,0
0001504083_Raw00_f_00008.jpg,numeric,0001504083,yiwuyaru,3490.0,1711.0,3518.0,1743.0,28.0,32.0,896.0,1.1428571428571428,28.0,0,0,0,0
0001504212_Raw01_f_00014.jpg,numeric,0001504212,yanghuatiepi,905.0,1063.0,949.0,1108.0,44.0,45.0,1980.0,1.0227272727272727,44.0,0,0,0,0
0001505245_Raw00_f_00003.jpg,numeric,0001505245,yiwuyaru,2911.0,2163.0,2984.0,2221.0,73.0,58.0,4234.0,1.2586206896551724,58.0,0,0,0,0
0001506150_Raw02_f_00007.jpg,numeric,0001506150,yanghuatiepi,3011.0,2627.0,3037.0,2676.0,26.0,49.0,1274.0,1.8846153846153846,26.0,0,0,0,0
0001506151_Raw02_f_00004.jpg,numeric,0001506151,yanghuatiepi,3357.0,756.0,3383.0,794.0,26.0,38.0,988.0,1.4615384615384615,26.0,0,0,0,0
0001506159_Raw02_f_00012.jpg,numeric,0001506159,yanghuatiepi,3143.0,118.0,3169.0,144.0,26.0,26.0,676.0,1.0,26.0,0,0,0,0
0001506161_Raw03_f_00002.jpg,numeric,0001506161,yanghuatiepi,1637.0,209.0,1667.0,241.0,30.0,32.0,960.0,1.0666666666666667,30.0,0,0,0,0
0001506162_Raw03_f_00004.jpg,numeric,0001506162,yanghuatiepi,2651.0,1938.0,2678.0,1974.0,27.0,36.0,972.0,1.3333333333333333,27.0,0,0,0,0
0001506189_Raw01_f_00001.jpg,numeric,0001506189,yanghuatiepi,1209.0,1979.0,1236.0,2014.0,27.0,35.0,945.0,1.2962962962962963,27.0,0,0,0,0
0001506217_Raw02_f_00004.jpg,numeric,0001506217,yanghuatiepi,4030.0,97.0,4054.0,124.0,24.0,27.0,648.0,1.125,24.0,0,0,0,0
0001506220_Raw03_f_00007.jpg,numeric,0001506220,yanghuatiepi,670.0,923.0,775.0,987.0,105.0,64.0,6720.0,1.640625,64.0,0,0,0,0
0001506239_Raw02_f_00001.jpg,numeric,0001506239,yanghuatiepi,3082.0,1133.0,3095.0,1155.0,13.0,22.0,286.0,1.6923076923076923,13.0,1,0,0,0
0001506247_Raw01_f_00004.jpg,numeric,0001506247,yanghuatiepi,487.0,1464.0,499.0,1483.0,12.0,19.0,228.0,1.5833333333333333,12.0,1,0,0,0
0001506254_Raw02_f_00003.jpg,numeric,0001506254,yanghuatiepi,831.0,2397.0,859.0,2429.0,28.0,32.0,896.0,1.1428571428571428,28.0,0,0,0,0
0001506266_Raw01_f_00004.jpg,numeric,0001506266,yanghuatiepi,667.0,136.0,693.0,172.0,26.0,36.0,936.0,1.3846153846153846,26.0,0,0,0,0
0001507084_Raw00_f_00002.jpg,numeric,0001507084,yanghuatiepi,2614.0,32.0,2701.0,193.0,87.0,161.0,14007.0,1.8505747126436782,87.0,0,0,0,0
0001507084_Raw01_f_00000.jpg,numeric,0001507084,yanghuatiepi,884.0,2751.0,910.0,2804.0,26.0,53.0,1378.0,2.0384615384615383,26.0,0,0,0,0
0001507084_Raw01_f_00001.jpg,numeric,0001507084,yanghuatiepi,293.0,1210.0,370.0,1272.0,77.0,62.0,4774.0,1.2419354838709677,62.0,0,0,0,0
0001507084_Raw03_f_00004.jpg,numeric,0001507084,yanghuatiepi,1325.0,2785.0,1352.0,2817.0,27.0,32.0,864.0,1.1851851851851851,27.0,0,0,0,0
0001507157_Raw00_f_00003.jpg,numeric,0001507157,yanghuatiepi,1913.0,1141.0,1934.0,1176.0,21.0,35.0,735.0,1.6666666666666667,21.0,0,0,0,0
0001507157_Raw00_f_00004.jpg,numeric,0001507157,yanghuatiepi,3621.0,651.0,3684.0,700.0,63.0,49.0,3087.0,1.2857142857142858,49.0,0,0,0,0
0001507157_Raw00_f_00005.jpg,numeric,0001507157,yanghuatiepi,2397.0,2330.0,2488.0,2423.0,91.0,93.0,8463.0,1.021978021978022,91.0,0,0,0,0
0001507157_Raw01_f_00001.jpg,numeric,0001507157,yanghuatiepi,11.0,1571.0,71.0,1638.0,60.0,67.0,4020.0,1.1166666666666667,60.0,0,0,0,1
0001507157_Raw01_f_00001.jpg,numeric,0001507157,yanghuatiepi,3334.0,2386.0,3375.0,2473.0,41.0,87.0,3567.0,2.1219512195121952,41.0,0,0,0,0
0001507157_Raw01_f_00003.jpg,numeric,0001507157,yanghuatiepi,887.0,38.0,927.0,68.0,40.0,30.0,1200.0,1.3333333333333333,30.0,0,0,0,0
0001507157_Raw01_f_00003.jpg,numeric,0001507157,yanghuatiepi,2471.0,1594.0,2522.0,1641.0,51.0,47.0,2397.0,1.0851063829787233,47.0,0,0,0,0
0001507157_Raw01_f_00003.jpg,numeric,0001507157,yanghuatiepi,2150.0,979.0,2209.0,1024.0,59.0,45.0,2655.0,1.3111111111111111,45.0,0,0,0,0
0001507157_Raw01_f_00005.jpg,numeric,0001507157,yanghuatiepi,1902.0,167.0,1949.0,212.0,47.0,45.0,2115.0,1.0444444444444445,45.0,0,0,0,0
0001507157_Raw01_f_00005.jpg,numeric,0001507157,yanghuatiepi,2333.0,1299.0,2363.0,1357.0,30.0,58.0,1740.0,1.9333333333333333,30.0,0,0,0,0
0001507176_Raw02_f_00001.jpg,numeric,0001507176,yanghuatiepi,2787.0,2071.0,2828.0,2109.0,41.0,38.0,1558.0,1.0789473684210527,38.0,0,0,0,0
0001507176_Raw02_f_00001.jpg,numeric,0001507176,yanghuatiepi,3720.0,2620.0,3762.0,2653.0,42.0,33.0,1386.0,1.2727272727272727,33.0,0,0,0,0
0001507176_Raw03_f_00001.jpg,numeric,0001507176,yanghuatiepi,203.0,2625.0,243.0,2659.0,40.0,34.0,1360.0,1.1764705882352942,34.0,0,0,0,0
0001507251_Raw01_f_00003.jpg,numeric,0001507251,yanghuatiepi,3211.0,2581.0,3250.0,2645.0,39.0,64.0,2496.0,1.641025641025641,39.0,0,0,0,0
0001507270_Raw03_f_00002.jpg,numeric,0001507270,yanghuatiepi,1177.0,2916.0,1223.0,2944.0,46.0,28.0,1288.0,1.6428571428571428,28.0,0,0,0,0
0001507282_Raw03_f_00001.jpg,numeric,0001507282,yanghuatiepi,1281.0,2140.0,1331.0,2207.0,50.0,67.0,3350.0,1.34,50.0,0,0,0,0
0001507282_Raw03_f_00002.jpg,numeric,0001507282,yanghuatiepi,1536.0,2.0,1573.0,45.0,37.0,43.0,1591.0,1.162162162162162,37.0,0,0,0,1
0001507290_Raw03_f_00001.jpg,numeric,0001507290,yanghuatiepi,1274.0,980.0,1324.0,1012.0,50.0,32.0,1600.0,1.5625,32.0,0,0,0,0
0001507290_Raw03_f_00002.jpg,numeric,0001507290,yanghuatiepi,1713.0,1558.0,1732.0,1583.0,19.0,25.0,475.0,1.3157894736842106,19.0,0,0,0,0
0001507315_Raw02_f_00002.jpg,numeric,0001507315,yanghuatiepi,3430.0,60.0,3496.0,151.0,66.0,91.0,6006.0,1.378787878787879,66.0,0,0,0,0
0001507315_Raw02_f_00004.jpg,numeric,0001507315,yanghuatiepi,364.0,585.0,414.0,612.0,50.0,27.0,1350.0,1.8518518518518519,27.0,0,0,0,0
0001507356_Raw00_f_00011.jpg,numeric,0001507356,yanghuatiepi,2276.0,168.0,2300.0,186.0,24.0,18.0,432.0,1.3333333333333333,18.0,0,0,0,0
0001507356_Raw01_f_00003.jpg,numeric,0001507356,yanghuatiepi,1688.0,2142.0,1715.0,2165.0,27.0,23.0,621.0,1.173913043478261,23.0,0,0,0,0
0001507356_Raw03_f_00004.jpg,numeric,0001507356,yanghuatiepi,1808.0,145.0,1830.0,171.0,22.0,26.0,572.0,1.1818181818181819,22.0,0,0,0,0
0001507564_Raw00_f_00004.jpg,numeric,0001507564,yanghuatiepi,1399.0,562.0,1424.0,590.0,25.0,28.0,700.0,1.12,25.0,0,0,0,0
0001507564_Raw00_f_00008.jpg,numeric,0001507564,yanghuatiepi,1244.0,2899.0,1269.0,2913.0,25.0,14.0,350.0,1.7857142857142858,14.0,1,0,0,0
0001507603_Raw03_f_00001.jpg,numeric,0001507603,yanghuatiepi,892.0,2620.0,917.0,2641.0,25.0,21.0,525.0,1.1904761904761905,21.0,0,0,0,0
0001507726_Raw00_f_00005.jpg,numeric,0001507726,yanghuatiepi,1825.0,1450.0,1848.0,1467.0,23.0,17.0,391.0,1.3529411764705883,17.0,0,0,0,0
0001507726_Raw00_f_00005.jpg,numeric,0001507726,yanghuatiepi,1928.0,1542.0,1950.0,1558.0,22.0,16.0,352.0,1.375,16.0,0,0,0,0
0001508067_Raw02_f_00009.jpg,numeric,0001508067,yanghuatiepi,2264.0,1399.0,2347.0,1478.0,83.0,79.0,6557.0,1.0506329113924051,79.0,0,0,0,0
0001508282_Raw00_f_00001.jpg,numeric,0001508282,yanghuatiepi,2119.0,2630.0,2151.0,2660.0,32.0,30.0,960.0,1.0666666666666667,30.0,0,0,0,0
0001508329_Raw01_f_00001.jpg,numeric,0001508329,yanghuatiepi,1959.0,1236.0,1992.0,1268.0,33.0,32.0,1056.0,1.03125,32.0,0,0,0,0
0001508329_Raw01_f_00003.jpg,numeric,0001508329,yanghuatiepi,2732.0,2840.0,2779.0,2864.0,47.0,24.0,1128.0,1.9583333333333333,24.0,0,0,0,0
0001508413_Raw01_f_00006.jpg,numeric,0001508413,yanghuatiepi,655.0,1923.0,680.0,1936.0,25.0,13.0,325.0,1.9230769230769231,13.0,1,0,0,0
0001508739_Raw01_f_00001.jpg,numeric,0001508739,yanghuatiepi,2505.0,2219.0,2523.0,2240.0,18.0,21.0,378.0,1.1666666666666667,18.0,0,0,0,0
0001508739_Raw02_f_00002.jpg,numeric,0001508739,yanghuatiepi,4017.0,413.0,4043.0,439.0,26.0,26.0,676.0,1.0,26.0,0,0,0,0
0001508743_Raw02_f_00007.jpg,numeric,0001508743,yanghuatiepi,2816.0,722.0,2894.0,788.0,78.0,66.0,5148.0,1.1818181818181819,66.0,0,0,0,0
0001508745_Raw01_f_00002.jpg,numeric,0001508745,yanghuatiepi,1491.0,995.0,1518.0,1020.0,27.0,25.0,675.0,1.08,25.0,0,0,0,0
0001508745_Raw02_f_00007.jpg,numeric,0001508745,yanghuatiepi,3048.0,1793.0,3092.0,1838.0,44.0,45.0,1980.0,1.0227272727272727,44.0,0,0,0,0
0001508746_Raw01_f_00002.jpg,numeric,0001508746,yanghuatiepi,1708.0,434.0,1737.0,454.0,29.0,20.0,580.0,1.45,20.0,0,0,0,0
0001508746_Raw02_f_00001.jpg,numeric,0001508746,yanghuatiepi,1874.0,2386.0,1903.0,2410.0,29.0,24.0,696.0,1.2083333333333333,24.0,0,0,0,0
0001508760_Raw02_f_00001.jpg,numeric,0001508760,yanghuatiepi,2559.0,1164.0,2581.0,1216.0,22.0,52.0,1144.0,2.3636363636363638,22.0,0,0,0,0
0001508766_Raw02_f_00001.jpg,numeric,0001508766,yanghuatiepi,3221.0,1022.0,3265.0,1165.0,44.0,143.0,6292.0,3.25,44.0,0,0,0,0
0001508836_Raw01_f_00001.jpg,numeric,0001508836,yanghuatiepi,1203.0,2326.0,1234.0,2346.0,31.0,20.0,620.0,1.55,20.0,0,0,0,0
0001508883_Raw00_f_00004.jpg,numeric,0001508883,yanghuatiepi,1290.0,1706.0,1310.0,1719.0,20.0,13.0,260.0,1.5384615384615385,13.0,1,0,0,0
0001509551_Raw01_f_00000.jpg,numeric,0001509551,jieba,1415.0,2613.0,1436.0,2649.0,21.0,36.0,756.0,1.7142857142857142,21.0,0,0,0,0
0001509560_Raw00_f_00003.jpg,numeric,0001509560,yanghuatiepi,1222.0,1805.0,1254.0,1846.0,32.0,41.0,1312.0,1.28125,32.0,0,0,0,0
0001509600_Raw13_f_00001.jpg,numeric,0001509600,jieba,2227.0,148.0,2995.0,487.0,768.0,339.0,260352.0,2.265486725663717,339.0,0,0,0,0
0001509744_Raw13_f_00009.jpg,numeric,0001509744,jieba,2445.0,551.0,2555.0,670.0,110.0,119.0,13090.0,1.0818181818181818,110.0,0,0,0,0
0001510003_Raw01_f_00016.jpg,numeric,0001510003,mamianmakeng,3967.0,2273.0,4017.0,2329.0,50.0,56.0,2800.0,1.12,50.0,0,0,0,0
0001510321_Raw01_f_00006.jpg,numeric,0001510321,yanghuatiepi,963.0,1332.0,1001.0,1386.0,38.0,54.0,2052.0,1.4210526315789473,38.0,0,0,0,0
0001510322_Raw02_f_00005.jpg,numeric,0001510322,yanghuatiepi,3756.0,120.0,3797.0,213.0,41.0,93.0,3813.0,2.268292682926829,41.0,0,0,0,0
0001510354_Raw00_f_00001.jpg,numeric,0001510354,yiwuyaru,2047.0,2955.0,2090.0,2990.0,43.0,35.0,1505.0,1.2285714285714286,35.0,0,0,0,1
0001510988_Raw00_f_00001.jpg,numeric,0001510988,yiwuyaru,1098.0,2499.0,1191.0,2559.0,93.0,60.0,5580.0,1.55,60.0,0,0,0,0
0001511851_Raw00_f_00012.jpg,numeric,0001511851,yanghuatiepi,920.0,462.0,945.0,539.0,25.0,77.0,1925.0,3.08,25.0,0,0,0,0
0001511954_Raw00_f_00009.jpg,numeric,0001511954,yanghuatiepi,2278.0,2015.0,2345.0,2094.0,67.0,79.0,5293.0,1.1791044776119404,67.0,0,0,0,0
0001512171_Raw02_f_00002.jpg,numeric,0001512171,yanghuatiepi,1737.0,2207.0,1759.0,2232.0,22.0,25.0,550.0,1.1363636363636365,22.0,0,0,0,0
0001512171_Raw02_f_00002.jpg,numeric,0001512171,yanghuatiepi,748.0,2640.0,788.0,2711.0,40.0,71.0,2840.0,1.775,40.0,0,0,0,0
0001513024_Raw00_f_00001.jpg,numeric,0001513024,yanghuatiepi,1765.0,2974.0,1814.0,3000.0,49.0,26.0,1274.0,1.8846153846153846,26.0,0,0,0,1
0001513024_Raw02_f_00001.jpg,numeric,0001513024,yanghuatiepi,2811.0,2728.0,2913.0,2776.0,102.0,48.0,4896.0,2.125,48.0,0,0,0,0
0001513181_Raw02_f_00007.jpg,numeric,0001513181,yanghuatiepi,3066.0,2956.0,3094.0,2979.0,28.0,23.0,644.0,1.2173913043478262,23.0,0,0,0,0
0001513231_Raw02_f_00003.jpg,numeric,0001513231,yanghuatiepi,3012.0,899.0,3057.0,950.0,45.0,51.0,2295.0,1.1333333333333333,45.0,0,0,0,0
0001513233_Raw02_f_00005.jpg,numeric,0001513233,yanghuatiepi,3110.0,133.0,3172.0,176.0,62.0,43.0,2666.0,1.441860465116279,43.0,0,0,0,0
0001513292_Raw00_f_00002.jpg,numeric,0001513292,yanghuatiepi,2193.0,865.0,2228.0,910.0,35.0,45.0,1575.0,1.2857142857142858,35.0,0,0,0,0
0001513292_Raw02_f_00002.jpg,numeric,0001513292,yanghuatiepi,3472.0,254.0,3492.0,299.0,20.0,45.0,900.0,2.25,20.0,0,0,0,0
0001513292_Raw02_f_00002.jpg,numeric,0001513292,yanghuatiepi,3599.0,940.0,3665.0,992.0,66.0,52.0,3432.0,1.2692307692307692,52.0,0,0,0,0
0001513292_Raw03_f_00002.jpg,numeric,0001513292,yanghuatiepi,59.0,946.0,127.0,999.0,68.0,53.0,3604.0,1.2830188679245282,53.0,0,0,0,0
0001513292_Raw03_f_00002.jpg,numeric,0001513292,yanghuatiepi,33.0,1490.0,64.0,1560.0,31.0,70.0,2170.0,2.2580645161290325,31.0,0,0,0,0
0001513322_Raw02_f_00004.jpg,numeric,0001513322,yanghuatiepi,2076.0,594.0,2128.0,633.0,52.0,39.0,2028.0,1.3333333333333333,39.0,0,0,0,0
0001513323_Raw02_f_00005.jpg,numeric,0001513323,yanghuatiepi,2452.0,2279.0,2491.0,2309.0,39.0,30.0,1170.0,1.3,30.0,0,0,0,0
0001513324_Raw01_f_00007.jpg,numeric,0001513324,yanghuatiepi,700.0,2091.0,736.0,2111.0,36.0,20.0,720.0,1.8,20.0,0,0,0,0
0001513324_Raw02_f_00006.jpg,numeric,0001513324,yanghuatiepi,1682.0,156.0,1727.0,172.0,45.0,16.0,720.0,2.8125,16.0,0,0,0,0
0001513327_Raw00_f_00001.jpg,numeric,0001513327,yanghuatiepi,3894.0,2720.0,3923.0,2827.0,29.0,107.0,3103.0,3.689655172413793,29.0,0,0,0,0
0001513328_Raw02_f_00002.jpg,numeric,0001513328,yanghuatiepi,3677.0,53.0,3712.0,106.0,35.0,53.0,1855.0,1.5142857142857142,35.0,0,0,0,0
0001513328_Raw02_f_00002.jpg,numeric,0001513328,yanghuatiepi,3561.0,1279.0,3599.0,1343.0,38.0,64.0,2432.0,1.6842105263157894,38.0,0,0,0,0
0001513329_Raw02_f_00007.jpg,numeric,0001513329,yanghuatiepi,4024.0,1153.0,4062.0,1174.0,38.0,21.0,798.0,1.8095238095238095,21.0,0,0,0,0
0001513329_Raw03_f_00007.jpg,numeric,0001513329,yanghuatiepi,499.0,1157.0,539.0,1178.0,40.0,21.0,840.0,1.9047619047619047,21.0,0,0,0,0
0001513347_Raw00_f_00004.jpg,numeric,0001513347,yanghuatiepi,1087.0,2021.0,1122.0,2056.0,35.0,35.0,1225.0,1.0,35.0,0,0,0,0
0001513348_Raw00_f_00003.jpg,numeric,0001513348,yanghuatiepi,2785.0,2036.0,2815.0,2069.0,30.0,33.0,990.0,1.1,30.0,0,0,0,0
0001513348_Raw00_f_00003.jpg,numeric,0001513348,yanghuatiepi,3021.0,1891.0,3080.0,1929.0,59.0,38.0,2242.0,1.5526315789473684,38.0,0,0,0,0
0001513348_Raw02_f_00003.jpg,numeric,0001513348,yanghuatiepi,3079.0,1186.0,3105.0,1210.0,26.0,24.0,624.0,1.0833333333333333,24.0,0,0,0,0
0001513352_Raw02_f_00002.jpg,numeric,0001513352,yanghuatiepi,4000.0,2723.0,4036.0,2740.0,36.0,17.0,612.0,2.1176470588235294,17.0,0,0,0,0
0001513352_Raw03_f_00002.jpg,numeric,0001513352,yanghuatiepi,481.0,2728.0,520.0,2744.0,39.0,16.0,624.0,2.4375,16.0,0,0,0,0
0001513366_Raw02_f_00001.jpg,numeric,0001513366,yanghuatiepi,3462.0,2640.0,3494.0,2666.0,32.0,26.0,832.0,1.2307692307692308,26.0,0,0,0,0
0001513419_Raw01_f_00003.jpg,numeric,0001513419,yanghuatiepi,1615.0,2197.0,1636.0,2216.0,21.0,19.0,399.0,1.105263157894737,19.0,0,0,0,0
0001513419_Raw01_f_00005.jpg,numeric,0001513419,yanghuatiepi,3507.0,402.0,3550.0,448.0,43.0,46.0,1978.0,1.069767441860465,43.0,0,0,0,0
0001513419_Raw01_f_00007.jpg,numeric,0001513419,yanghuatiepi,3417.0,1047.0,3453.0,1072.0,36.0,25.0,900.0,1.44,25.0,0,0,0,0
0001513419_Raw02_f_00005.jpg,numeric,0001513419,yanghuatiepi,84.0,381.0,128.0,427.0,44.0,46.0,2024.0,1.0454545454545454,44.0,0,0,0,0
0001513420_Raw00_f_00004.jpg,numeric,0001513420,yanghuatiepi,3380.0,2766.0,3421.0,2793.0,41.0,27.0,1107.0,1.5185185185185186,27.0,0,0,0,0
0001513420_Raw00_f_00013.jpg,numeric,0001513420,yanghuatiepi,1148.0,1986.0,1188.0,2036.0,40.0,50.0,2000.0,1.25,40.0,0,0,0,0
0001513420_Raw01_f_00005.jpg,numeric,0001513420,yanghuatiepi,589.0,2161.0,676.0,2211.0,87.0,50.0,4350.0,1.74,50.0,0,0,0,0
0001513420_Raw01_f_00005.jpg,numeric,0001513420,yanghuatiepi,3147.0,2113.0,3191.0,2136.0,44.0,23.0,1012.0,1.9130434782608696,23.0,0,0,0,0
0001513420_Raw02_f_00007.jpg,numeric,0001513420,yanghuatiepi,3777.0,1800.0,3840.0,1821.0,63.0,21.0,1323.0,3.0,21.0,0,0,0,0
0001513422_Raw03_f_00015.jpg,numeric,0001513422,yanghuatiepi,857.0,1608.0,886.0,1645.0,29.0,37.0,1073.0,1.2758620689655173,29.0,0,0,0,0
0001513424_Raw00_f_00001.jpg,numeric,0001513424,yanghuatiepi,1678.0,2889.0,1749.0,2934.0,71.0,45.0,3195.0,1.5777777777777777,45.0,0,0,0,0
0001513424_Raw00_f_00001.jpg,numeric,0001513424,yanghuatiepi,3570.0,2076.0,3616.0,2151.0,46.0,75.0,3450.0,1.6304347826086956,46.0,0,0,0,0
0001513428_Raw02_f_00014.jpg,numeric,0001513428,yanghuatiepi,4033.0,979.0,4062.0,1004.0,29.0,25.0,725.0,1.16,25.0,0,0,0,0
0001513462_Raw02_f_00002.jpg,numeric,0001513462,yanghuatiepi,3904.0,1052.0,3932.0,1079.0,28.0,27.0,756.0,1.037037037037037,27.0,0,0,0,0
0001513462_Raw03_f_00002.jpg,numeric,0001513462,yanghuatiepi,402.0,1055.0,429.0,1083.0,27.0,28.0,756.0,1.037037037037037,27.0,0,0,0,0
0001513466_Raw02_f_00002.jpg,numeric,0001513466,yanghuatiepi,1402.0,2408.0,1426.0,2428.0,24.0,20.0,480.0,1.2,20.0,0,0,0,0
0001513508_Raw02_f_00002.jpg,numeric,0001513508,yanghuatiepi,2857.0,98.0,2885.0,124.0,28.0,26.0,728.0,1.0769230769230769,26.0,0,0,0,0
0001513536_Raw00_f_00001.jpg,numeric,0001513536,yanghuatiepi,1902.0,2286.0,1941.0,2317.0,39.0,31.0,1209.0,1.2580645161290323,31.0,0,0,0,0
0001513536_Raw00_f_00001.jpg,numeric,0001513536,yanghuatiepi,1918.0,2841.0,1957.0,2883.0,39.0,42.0,1638.0,1.0769230769230769,39.0,0,0,0,0
0001513536_Raw00_f_00001.jpg,numeric,0001513536,yanghuatiepi,2376.0,2214.0,2403.0,2246.0,27.0,32.0,864.0,1.1851851851851851,27.0,0,0,0,0
0001513536_Raw01_f_00003.jpg,numeric,0001513536,yanghuatiepi,2472.0,867.0,2500.0,902.0,28.0,35.0,980.0,1.25,28.0,0,0,0,0
0001513536_Raw01_f_00003.jpg,numeric,0001513536,yanghuatiepi,2036.0,484.0,2072.0,511.0,36.0,27.0,972.0,1.3333333333333333,27.0,0,0,0,0
0001513536_Raw01_f_00003.jpg,numeric,0001513536,yanghuatiepi,1795.0,916.0,1832.0,947.0,37.0,31.0,1147.0,1.1935483870967742,31.0,0,0,0,0
0001513536_Raw01_f_00006.jpg,numeric,0001513536,yanghuatiepi,342.0,126.0,362.0,146.0,20.0,20.0,400.0,1.0,20.0,0,0,0,0
0001513536_Raw01_f_00006.jpg,numeric,0001513536,yanghuatiepi,414.0,498.0,438.0,524.0,24.0,26.0,624.0,1.0833333333333333,24.0,0,0,0,0
0001513537_Raw01_f_00002.jpg,numeric,0001513537,yanghuatiepi,2019.0,202.0,2050.0,225.0,31.0,23.0,713.0,1.3478260869565217,23.0,0,0,0,0
0001513539_Raw00_f_00001.jpg,numeric,0001513539,yanghuatiepi,1790.0,320.0,1848.0,431.0,58.0,111.0,6438.0,1.9137931034482758,58.0,0,0,0,0
0001513539_Raw00_f_00001.jpg,numeric,0001513539,yanghuatiepi,2689.0,798.0,2713.0,816.0,24.0,18.0,432.0,1.3333333333333333,18.0,0,0,0,0
0001513539_Raw00_f_00005.jpg,numeric,0001513539,yanghuatiepi,1425.0,2763.0,1507.0,2862.0,82.0,99.0,8118.0,1.2073170731707317,82.0,0,0,0,0
0001513539_Raw00_f_00007.jpg,numeric,0001513539,yanghuatiepi,1603.0,1910.0,1674.0,2011.0,71.0,101.0,7171.0,1.4225352112676057,71.0,0,0,0,0
0001513539_Raw00_f_00009.jpg,numeric,0001513539,yanghuatiepi,2128.0,1601.0,2224.0,1632.0,96.0,31.0,2976.0,3.096774193548387,31.0,0,0,0,0
0001513551_Raw00_f_00003.jpg,numeric,0001513551,yanghuatiepi,3641.0,2397.0,3668.0,2420.0,27.0,23.0,621.0,1.173913043478261,23.0,0,0,0,0
0001513551_Raw01_f_00001.jpg,numeric,0001513551,yanghuatiepi,3907.0,966.0,3939.0,1001.0,32.0,35.0,1120.0,1.09375,32.0,0,0,0,0
0001513551_Raw01_f_00003.jpg,numeric,0001513551,yanghuatiepi,222.0,2412.0,252.0,2434.0,30.0,22.0,660.0,1.3636363636363635,22.0,0,0,0,0
0001513551_Raw01_f_00005.jpg,numeric,0001513551,yanghuatiepi,1654.0,1878.0,1685.0,1907.0,31.0,29.0,899.0,1.0689655172413792,29.0,0,0,0,0
0001513553_Raw01_f_00010.jpg,numeric,0001513553,yanghuatiepi,2683.0,371.0,2704.0,390.0,21.0,19.0,399.0,1.105263157894737,19.0,0,0,0,0
0001513616_Raw01_f_00002.jpg,numeric,0001513616,yanghuatiepi,3666.0,234.0,3695.0,256.0,29.0,22.0,638.0,1.3181818181818181,22.0,0,0,0,0
0001513619_Raw01_f_00013.jpg,numeric,0001513619,yanghuatiepi,1671.0,1443.0,1698.0,1462.0,27.0,19.0,513.0,1.4210526315789473,19.0,0,0,0,0
0001513691_Raw01_f_00002.jpg,numeric,0001513691,yanghuatiepi,1935.0,1306.0,1992.0,1352.0,57.0,46.0,2622.0,1.2391304347826086,46.0,0,0,0,0
0001513691_Raw01_f_00002.jpg,numeric,0001513691,yanghuatiepi,339.0,2047.0,366.0,2077.0,27.0,30.0,810.0,1.1111111111111112,27.0,0,0,0,0
0001513691_Raw01_f_00002.jpg,numeric,0001513691,yanghuatiepi,844.0,542.0,860.0,572.0,16.0,30.0,480.0,1.875,16.0,0,0,0,0
0001513691_Raw01_f_00002.jpg,numeric,0001513691,yanghuatiepi,1776.0,334.0,1861.0,371.0,85.0,37.0,3145.0,2.2972972972972974,37.0,0,0,0,0
0001513691_Raw01_f_00002.jpg,numeric,0001513691,yanghuatiepi,1358.0,336.0,1396.0,399.0,38.0,63.0,2394.0,1.6578947368421053,38.0,0,0,0,0
0001513691_Raw01_f_00004.jpg,numeric,0001513691,yanghuatiepi,2439.0,1.0,2528.0,53.0,89.0,52.0,4628.0,1.7115384615384615,52.0,0,0,0,1
0001513691_Raw01_f_00004.jpg,numeric,0001513691,yanghuatiepi,3051.0,551.0,3088.0,583.0,37.0,32.0,1184.0,1.15625,32.0,0,0,0,0
0001513691_Raw01_f_00004.jpg,numeric,0001513691,yanghuatiepi,4050.0,1952.0,4096.0,2011.0,46.0,59.0,2714.0,1.2826086956521738,46.0,0,0,0,1
0001513691_Raw01_f_00012.jpg,numeric,0001513691,yanghuatiepi,3140.0,646.0,3181.0,667.0,41.0,21.0,861.0,1.9523809523809523,21.0,0,0,0,0
0001513691_Raw01_f_00012.jpg,numeric,0001513691,yanghuatiepi,3264.0,2452.0,3330.0,2509.0,66.0,57.0,3762.0,1.1578947368421053,57.0,0,0,0,0
0001513691_Raw01_f_00013.jpg,numeric,0001513691,yanghuatiepi,3969.0,2042.0,4004.0,2089.0,35.0,47.0,1645.0,1.3428571428571427,35.0,0,0,0,0
0001513691_Raw01_f_00013.jpg,numeric,0001513691,yanghuatiepi,1227.0,489.0,1276.0,561.0,49.0,72.0,3528.0,1.469387755102041,49.0,0,0,0,0
0001513691_Raw01_f_00013.jpg,numeric,0001513691,yanghuatiepi,1253.0,396.0,1312.0,452.0,59.0,56.0,3304.0,1.0535714285714286,56.0,0,0,0,0
0001513696_Raw01_f_00006.jpg,numeric,0001513696,yanghuatiepi,2689.0,467.0,2724.0,491.0,35.0,24.0,840.0,1.4583333333333333,24.0,0,0,0,0
0001513696_Raw01_f_00006.jpg,numeric,0001513696,yanghuatiepi,2701.0,943.0,2735.0,986.0,34.0,43.0,1462.0,1.2647058823529411,34.0,0,0,0,0
0001513813_Raw01_f_00002.jpg,numeric,0001513813,yanghuatiepi,2571.0,2487.0,2600.0,2556.0,29.0,69.0,2001.0,2.3793103448275863,29.0,0,0,0,0
0001513813_Raw01_f_00002.jpg,numeric,0001513813,yanghuatiepi,2275.0,1572.0,2318.0,1646.0,43.0,74.0,3182.0,1.7209302325581395,43.0,0,0,0,0
0001517512_Raw02_f_00001.jpg,numeric,0001517512,yiwuyaru,2387.0,301.0,3102.0,345.0,715.0,44.0,31460.0,16.25,44.0,0,0,1,0
0001517732_Raw00_f_00000.jpg,numeric,0001517732,mamianmakeng,2982.0,1972.0,3044.0,2094.0,62.0,122.0,7564.0,1.967741935483871,62.0,0,0,0,0
0001517732_Raw00_f_00000.jpg,numeric,0001517732,mamianmakeng,3266.0,2041.0,3313.0,2158.0,47.0,117.0,5499.0,2.4893617021276597,47.0,0,0,0,0
0001518218_Raw02_f_00005.jpg,numeric,0001518218,jieba,2854.0,1851.0,2876.0,1886.0,22.0,35.0,770.0,1.5909090909090908,22.0,0,0,0,0
0001520437_Raw03_f_00015.jpg,numeric,0001520437,jieba,1983.0,1795.0,2016.0,1884.0,33.0,89.0,2937.0,2.696969696969697,33.0,0,0,0,0
0001520526_Raw02_f_00012.jpg,numeric,0001520526,mamianmakeng,1305.0,882.0,1348.0,930.0,43.0,48.0,2064.0,1.1162790697674418,43.0,0,0,0,0
0001523797_Raw13_f_00000.jpg,numeric,0001523797,jieba,1979.0,1970.0,2014.0,1996.0,35.0,26.0,910.0,1.3461538461538463,26.0,0,0,0,0
0001523868_Raw01_f_00010.jpg,numeric,0001523868,zonglie,3379.0,101.0,3394.0,509.0,15.0,408.0,6120.0,27.2,15.0,1,0,1,0
0001523868_Raw01_f_00010.jpg,numeric,0001523868,zonglie,3391.0,837.0,3423.0,1530.0,32.0,693.0,22176.0,21.65625,32.0,0,0,1,0
0001524056_Raw10_f_00014.jpg,numeric,0001524056,jieba,1743.0,356.0,1797.0,411.0,54.0,55.0,2970.0,1.0185185185185186,54.0,0,0,0,0
0001525650_Raw01_f_00002.jpg,numeric,0001525650,yiwuyaru,1363.0,1486.0,1493.0,1597.0,130.0,111.0,14430.0,1.1711711711711712,111.0,0,0,0,0
0001527444_Raw00_f_00014.jpg,numeric,0001527444,mamianmakeng,1945.0,1196.0,1977.0,1217.0,32.0,21.0,672.0,1.5238095238095237,21.0,0,0,0,0
C1088360_V02_F00012_12b9dc2a-c6ad-421a-a1d5-d03176c95506.jpg,C,C1088360,yiwuyaru,3587.0,1963.0,3826.0,2074.0,239.0,111.0,26529.0,2.1531531531531534,111.0,0,0,0,0
C1088360_V03_F00012_33be0c21-b551-4406-9173-dd7856fbd9df.jpg,C,C1088360,yiwuyaru,69.0,1964.0,311.0,2076.0,242.0,112.0,27104.0,2.1607142857142856,112.0,0,0,0,0
C1088367_V01_F00009_5f14fd12-bed7-4548-ae5b-80c01e760d96.jpg,C,C1088367,gunyin,326.0,454.0,643.0,523.0,317.0,69.0,21873.0,4.594202898550725,69.0,0,0,0,0
C1088367_V01_F00009_5f14fd12-bed7-4548-ae5b-80c01e760d96.jpg,C,C1088367,yiwuyaru,3794.0,2286.0,3929.0,2617.0,135.0,331.0,44685.0,2.4518518518518517,135.0,0,0,0,0
C1088412_V13_F00010_cb5d4a23-28ee-454c-b20c-af21fcb49cc3.jpg,C,C1088412,jieba,791.0,679.0,886.0,816.0,95.0,137.0,13015.0,1.4421052631578948,95.0,0,0,0,0
C1088412_V13_F00010_cb5d4a23-28ee-454c-b20c-af21fcb49cc3.jpg,C,C1088412,yiwuyaru,1698.0,564.0,1741.0,719.0,43.0,155.0,6665.0,3.604651162790698,43.0,0,0,0,0
C1088412_V13_F00010_cb5d4a23-28ee-454c-b20c-af21fcb49cc3.jpg,C,C1088412,huashang,1471.0,851.0,1483.0,957.0,12.0,106.0,1272.0,8.833333333333334,12.0,1,0,1,0
C1088455_V10_F00005_d4c37f04-0d89-4638-b248-b28075ff4638.jpg,C,C1088455,yiwuyaru,3266.0,2832.0,3327.0,2947.0,61.0,115.0,7015.0,1.8852459016393444,61.0,0,0,0,0
C1088455_V10_F00005_d4c37f04-0d89-4638-b248-b28075ff4638.jpg,C,C1088455,yiwuyaru,3262.0,1.0,3331.0,131.0,69.0,130.0,8970.0,1.8840579710144927,69.0,0,0,0,1
C1088540_V13_F00002_5a06dc48-3e5f-4c0a-beeb-c539cdf09ebb.jpg,C,C1088540,jieba,807.0,2069.0,915.0,2192.0,108.0,123.0,13284.0,1.1388888888888888,108.0,0,0,0,0
C1088540_V13_F00002_5a06dc48-3e5f-4c0a-beeb-c539cdf09ebb.jpg,C,C1088540,jieba,1452.0,2450.0,1541.0,2730.0,89.0,280.0,24920.0,3.146067415730337,89.0,0,0,0,0
C1088540_V13_F00002_5a06dc48-3e5f-4c0a-beeb-c539cdf09ebb.jpg,C,C1088540,jieba,688.0,2859.0,736.0,3000.0,48.0,141.0,6768.0,2.9375,48.0,0,0,0,1
C1088540_V13_F00002_5a06dc48-3e5f-4c0a-beeb-c539cdf09ebb.jpg,C,C1088540,jieba,2806.0,2553.0,2838.0,2624.0,32.0,71.0,2272.0,2.21875,32.0,0,0,0,0
C1088584_V00_F00001_20a0835c-3454-4125-8478-61bb573743b2.jpg,C,C1088584,yiwuyaru,829.0,2461.0,897.0,2979.0,68.0,518.0,35224.0,7.617647058823529,68.0,0,0,1,0
C1088584_V00_F00001_20a0835c-3454-4125-8478-61bb573743b2.jpg,C,C1088584,yanghuatiepi,2241.0,1496.0,2312.0,1518.0,71.0,22.0,1562.0,3.227272727272727,22.0,0,0,0,0
C1088584_V00_F00002_719561fb-2b05-4c67-a86c-3c109eaaa675.jpg,C,C1088584,yiwuyaru,858.0,2685.0,891.0,2833.0,33.0,148.0,4884.0,4.484848484848484,33.0,0,0,0,0
C1088597_V02_F00005_f9cf0def-531a-4e89-a74c-24bc92c2e7d5.jpg,C,C1088597,yiwuyaru,3676.0,1855.0,3723.0,2087.0,47.0,232.0,10904.0,4.9361702127659575,47.0,0,0,0,0
C1088597_V02_F00011_c27c9fc7-9061-4e1a-90e3-6580813a1de5.jpg,C,C1088597,yiwuyaru,3692.0,2178.0,3766.0,2797.0,74.0,619.0,45806.0,8.364864864864865,74.0,0,0,1,0
C1088600_V01_F00005_f9960f16-299a-4ba0-a21e-380feae4eccc.jpg,C,C1088600,yanghuatiepi,3373.0,504.0,3395.0,540.0,22.0,36.0,792.0,1.6363636363636365,22.0,0,0,0,0
C1088600_V01_F00005_f9960f16-299a-4ba0-a21e-380feae4eccc.jpg,C,C1088600,yanghuatiepi,2640.0,2306.0,2664.0,2321.0,24.0,15.0,360.0,1.6,15.0,1,0,0,0
C1088600_V01_F00005_f9960f16-299a-4ba0-a21e-380feae4eccc.jpg,C,C1088600,yiwuyaru,3257.0,2673.0,3532.0,2862.0,275.0,189.0,51975.0,1.4550264550264551,189.0,0,0,0,0
C1088600_V01_F00013_ca104bf6-f49d-4a1c-a79a-4a687a2c677e.jpg,C,C1088600,yiwuyaru,3793.0,1630.0,3861.0,1706.0,68.0,76.0,5168.0,1.1176470588235294,68.0,0,0,0,0
C1088614_V00_F00014_dc18b864-585f-4054-8b76-ccf91318e3bc.jpg,C,C1088614,yiwuyaru,1440.0,8.0,1541.0,92.0,101.0,84.0,8484.0,1.2023809523809523,84.0,0,0,0,1
C1088663_V01_F00008_9f9920fa-1be8-4c8c-8d2b-434c38b11927.jpg,C,C1088663,jiaza,9.0,2046.0,49.0,2168.0,40.0,122.0,4880.0,3.05,40.0,0,0,0,1
C1088701_V01_F00007_8e455405-5ff1-466c-a9b4-a2a63de4d307.jpg,C,C1088701,mamianmakeng,1375.0,253.0,1407.0,327.0,32.0,74.0,2368.0,2.3125,32.0,0,0,0,0
C1088701_V01_F00007_8e455405-5ff1-466c-a9b4-a2a63de4d307.jpg,C,C1088701,mamianmakeng,1899.0,183.0,1928.0,217.0,29.0,34.0,986.0,1.1724137931034482,29.0,0,0,0,0
C1088701_V01_F00007_8e455405-5ff1-466c-a9b4-a2a63de4d307.jpg,C,C1088701,mamianmakeng,580.0,1417.0,639.0,1461.0,59.0,44.0,2596.0,1.3409090909090908,44.0,0,0,0,0
C1088705_V02_F00006_4b2ea227-30d3-45d2-9f7a-945c58f782d4.jpg,C,C1088705,yiwuyaru,2846.0,1246.0,2984.0,1407.0,138.0,161.0,22218.0,1.1666666666666667,138.0,0,0,0,0
C1088719_V11_F00009_3f9bfcf7-8687-4cae-801b-712621711e87.jpg,C,C1088719,jieba,2801.0,2472.0,2853.0,2511.0,52.0,39.0,2028.0,1.3333333333333333,39.0,0,0,0,0
C1088745_V00_F00001_0e9dc521-5c4c-4f42-bd6c-f1a9b19c3c29.jpg,C,C1088745,jieba,922.0,88.0,1023.0,541.0,101.0,453.0,45753.0,4.485148514851486,101.0,0,0,0,0
C1088745_V01_F00011_2cfbeb50-af09-4ac5-8417-c6fe03d59d89.jpg,C,C1088745,jieba,177.0,1108.0,255.0,1209.0,78.0,101.0,7878.0,1.294871794871795,78.0,0,0,0,0
C1088762_V13_F00001_65d8371e-6e29-49f3-adad-b9a14a945968.jpg,C,C1088762,yiwuyaru,309.0,2523.0,353.0,2706.0,44.0,183.0,8052.0,4.159090909090909,44.0,0,0,0,0
C1088762_V13_F00001_65d8371e-6e29-49f3-adad-b9a14a945968.jpg,C,C1088762,yiwuyaru,317.0,2714.0,338.0,2847.0,21.0,133.0,2793.0,6.333333333333333,21.0,0,0,1,0
C1088762_V13_F00001_65d8371e-6e29-49f3-adad-b9a14a945968.jpg,C,C1088762,jieba,942.0,2182.0,1044.0,2238.0,102.0,56.0,5712.0,1.8214285714285714,56.0,0,0,0,0
C1088762_V13_F00001_65d8371e-6e29-49f3-adad-b9a14a945968.jpg,C,C1088762,jieba,3039.0,1516.0,3087.0,1576.0,48.0,60.0,2880.0,1.25,48.0,0,0,0,0
C1088762_V13_F00001_65d8371e-6e29-49f3-adad-b9a14a945968.jpg,C,C1088762,jieba,3025.0,2591.0,3051.0,2649.0,26.0,58.0,1508.0,2.230769230769231,26.0,0,0,0,0
C1088764_V11_F00006_8bcf4819-be97-4556-a375-d7e63bd395b4.jpg,C,C1088764,yiwuyaru,1629.0,977.0,1701.0,1171.0,72.0,194.0,13968.0,2.6944444444444446,72.0,0,0,0,0
C1088771_V12_F00001_d40169ad-71e7-4149-a605-124ffb3436dd.jpg,C,C1088771,jieba,3311.0,1197.0,3354.0,1238.0,43.0,41.0,1763.0,1.048780487804878,41.0,0,0,0,0
C1088772_V12_F00001_20cfafe8-a6ee-4938-b5f6-12a0a78751d7.jpg,C,C1088772,yiwuyaru,3785.0,1230.0,3823.0,1416.0,38.0,186.0,7068.0,4.894736842105263,38.0,0,0,0,0
C1088772_V12_F00001_20cfafe8-a6ee-4938-b5f6-12a0a78751d7.jpg,C,C1088772,yiwuyaru,1342.0,2136.0,1370.0,2226.0,28.0,90.0,2520.0,3.2142857142857144,28.0,0,0,0,0
C1088772_V12_F00001_20cfafe8-a6ee-4938-b5f6-12a0a78751d7.jpg,C,C1088772,jieba,3071.0,1591.0,3111.0,1686.0,40.0,95.0,3800.0,2.375,40.0,0,0,0,0
C1088772_V13_F00001_099d7d3b-3266-4bbf-adf9-868ca24d81c3.jpg,C,C1088772,yiwuyaru,863.0,1234.0,899.0,1381.0,36.0,147.0,5292.0,4.083333333333333,36.0,0,0,0,0
C1088772_V13_F00001_099d7d3b-3266-4bbf-adf9-868ca24d81c3.jpg,C,C1088772,jieba,167.0,1622.0,197.0,1686.0,30.0,64.0,1920.0,2.1333333333333333,30.0,0,0,0,0
C1088772_V13_F00001_099d7d3b-3266-4bbf-adf9-868ca24d81c3.jpg,C,C1088772,jieba,3062.0,714.0,3099.0,851.0,37.0,137.0,5069.0,3.7027027027027026,37.0,0,0,0,0
C1088784_V02_F00010_ef3e146f-9528-4710-adc3-de0f50b1efd6.jpg,C,C1088784,jieba,2253.0,130.0,2353.0,368.0,100.0,238.0,23800.0,2.38,100.0,0,0,0,0
C1088785_V12_F00002_3e3711ca-73d7-489e-b7dd-ac738ca1db3c.jpg,C,C1088785,jieba,3383.0,803.0,3439.0,966.0,56.0,163.0,9128.0,2.9107142857142856,56.0,0,0,0,0
C1088785_V12_F00002_3e3711ca-73d7-489e-b7dd-ac738ca1db3c.jpg,C,C1088785,jieba,2376.0,132.0,2417.0,344.0,41.0,212.0,8692.0,5.170731707317073,41.0,0,0,1,0
C1088785_V12_F00002_3e3711ca-73d7-489e-b7dd-ac738ca1db3c.jpg,C,C1088785,jieba,3346.0,29.0,3376.0,66.0,30.0,37.0,1110.0,1.2333333333333334,30.0,0,0,0,0
C1088794_V02_F00008_c6c7a501-69c8-4223-81b6-380f7d9059f4.jpg,C,C1088794,jieba,789.0,658.0,863.0,703.0,74.0,45.0,3330.0,1.6444444444444444,45.0,0,0,0,0
C1088795_V12_F00002_1aca29ac-2d26-4003-a252-c602f79484d9.jpg,C,C1088795,jieba,3488.0,68.0,3542.0,226.0,54.0,158.0,8532.0,2.925925925925926,54.0,0,0,0,0
C1088795_V12_F00002_1aca29ac-2d26-4003-a252-c602f79484d9.jpg,C,C1088795,jieba,1410.0,1.0,1437.0,38.0,27.0,37.0,999.0,1.3703703703703705,27.0,0,0,0,1
C1088795_V12_F00002_1aca29ac-2d26-4003-a252-c602f79484d9.jpg,C,C1088795,jieba,2423.0,237.0,2456.0,253.0,33.0,16.0,528.0,2.0625,16.0,0,0,0,0
C1088795_V13_F00002_3864950e-b197-456a-9a4b-c1e80a4e666e.jpg,C,C1088795,jieba,2178.0,295.0,2210.0,371.0,32.0,76.0,2432.0,2.375,32.0,0,0,0,0
C1088795_V13_F00002_3864950e-b197-456a-9a4b-c1e80a4e666e.jpg,C,C1088795,jieba,538.0,69.0,601.0,231.0,63.0,162.0,10206.0,2.5714285714285716,63.0,0,0,0,0
C1088812_V00_F00001_25da1e02-080b-4f72-9291-84cca7659152.jpg,C,C1088812,jiaza,1633.0,2838.0,1644.0,2882.0,11.0,44.0,484.0,4.0,11.0,1,0,0,0
C1088812_V00_F00001_25da1e02-080b-4f72-9291-84cca7659152.jpg,C,C1088812,yiwuyaru,3091.0,2782.0,3471.0,2909.0,380.0,127.0,48260.0,2.9921259842519685,127.0,0,0,0,0
C1088820_V12_F00010_1686ae4b-94e1-4f3c-87ef-0d20c390c895.jpg,C,C1088820,jieba,735.0,929.0,778.0,949.0,43.0,20.0,860.0,2.15,20.0,0,0,0,0
C1088820_V12_F00010_1686ae4b-94e1-4f3c-87ef-0d20c390c895.jpg,C,C1088820,jieba,92.0,419.0,143.0,435.0,51.0,16.0,816.0,3.1875,16.0,0,0,0,0
C1088854_V11_F00011_457ec4ff-807c-4e07-81be-0cab2c3a757d.jpg,C,C1088854,jieba,1001.0,2572.0,1079.0,2710.0,78.0,138.0,10764.0,1.7692307692307692,78.0,0,0,0,0
C1088941_V02_F00001_f7290014-ce89-4dc0-9d56-89d413789f16.jpg,C,C1088941,yiwuyaru,1135.0,924.0,1249.0,956.0,114.0,32.0,3648.0,3.5625,32.0,0,0,0,0
C1088941_V02_F00001_f7290014-ce89-4dc0-9d56-89d413789f16.jpg,C,C1088941,yanghuatiepi,3731.0,498.0,3841.0,527.0,110.0,29.0,3190.0,3.793103448275862,29.0,0,0,0,0
C1088941_V02_F00001_f7290014-ce89-4dc0-9d56-89d413789f16.jpg,C,C1088941,jieba,2302.0,2385.0,2328.0,2424.0,26.0,39.0,1014.0,1.5,26.0,0,0,0,0
C1088941_V02_F00001_f7290014-ce89-4dc0-9d56-89d413789f16.jpg,C,C1088941,jieba,1130.0,794.0,1148.0,860.0,18.0,66.0,1188.0,3.6666666666666665,18.0,0,0,0,0
C1088941_V12_F00003_3509a851-edb0-48e2-87d3-c98a7f1435e3.jpg,C,C1088941,jieba,3553.0,53.0,3599.0,229.0,46.0,176.0,8096.0,3.8260869565217392,46.0,0,0,0,0
C1088941_V12_F00003_3509a851-edb0-48e2-87d3-c98a7f1435e3.jpg,C,C1088941,yiwuyaru,629.0,1187.0,678.0,1415.0,49.0,228.0,11172.0,4.653061224489796,49.0,0,0,0,0
C1088941_V12_F00003_3509a851-edb0-48e2-87d3-c98a7f1435e3.jpg,C,C1088941,yiwuyaru,566.0,1756.0,681.0,1916.0,115.0,160.0,18400.0,1.391304347826087,115.0,0,0,0,0
C1088941_V12_F00003_3509a851-edb0-48e2-87d3-c98a7f1435e3.jpg,C,C1088941,yiwuyaru,2608.0,369.0,2717.0,539.0,109.0,170.0,18530.0,1.5596330275229358,109.0,0,0,0,0
C1088941_V12_F00003_3509a851-edb0-48e2-87d3-c98a7f1435e3.jpg,C,C1088941,yiwuyaru,646.0,933.0,668.0,1007.0,22.0,74.0,1628.0,3.3636363636363638,22.0,0,0,0,0
C1088941_V12_F00003_3509a851-edb0-48e2-87d3-c98a7f1435e3.jpg,C,C1088941,jieba,627.0,550.0,663.0,645.0,36.0,95.0,3420.0,2.638888888888889,36.0,0,0,0,0
C1088950_V02_F00001_65a2ecfb-6a9f-46c8-bb8f-6a5cd6d08a0c.jpg,C,C1088950,jiaza,2761.0,2352.0,2812.0,2809.0,51.0,457.0,23307.0,8.96078431372549,51.0,0,0,1,0
C1089043_V13_F00001_2f23d5ed-f4da-4e7d-81d5-38a5a794f249.jpg,C,C1089043,jieba,1985.0,1442.0,2072.0,1655.0,87.0,213.0,18531.0,2.4482758620689653,87.0,0,0,0,0
C1089043_V13_F00001_2f23d5ed-f4da-4e7d-81d5-38a5a794f249.jpg,C,C1089043,jieba,2778.0,324.0,2924.0,659.0,146.0,335.0,48910.0,2.2945205479452055,146.0,0,0,0,0
C1089062_V00_F00001_f1a96bb1-78f2-4345-bfe6-e9821ac5c02c.jpg,C,C1089062,yiwuyaru,3202.0,2651.0,3384.0,2769.0,182.0,118.0,21476.0,1.5423728813559323,118.0,0,0,0,0
C1089079_V01_F00005_65b61bf1-28ee-42d0-8590-07ae82d355c8.jpg,C,C1089079,jieba,279.0,2152.0,394.0,2520.0,115.0,368.0,42320.0,3.2,115.0,0,0,0,0
C1089123_V00_F00002_7fbb4564-5b08-446f-bd91-d72cd2bce195.jpg,C,C1089123,yiwuyaru,875.0,681.0,907.0,794.0,32.0,113.0,3616.0,3.53125,32.0,0,0,0,0
C1089208_V01_F00002_997c72ad-009c-4039-83e0-fe194a8e3175.jpg,C,C1089208,yanghuatiepi,342.0,611.0,384.0,639.0,42.0,28.0,1176.0,1.5,28.0,0,0,0,0
C1089208_V01_F00002_997c72ad-009c-4039-83e0-fe194a8e3175.jpg,C,C1089208,yiwuyaru,1500.0,1710.0,1654.0,1836.0,154.0,126.0,19404.0,1.2222222222222223,126.0,0,0,0,0
C1089208_V12_F00002_41b9ab6d-61b1-414a-bd94-5ab691f88b05.jpg,C,C1089208,yiwuyaru,1881.0,1406.0,1942.0,1699.0,61.0,293.0,17873.0,4.80327868852459,61.0,0,0,0,0
C1089208_V12_F00002_41b9ab6d-61b1-414a-bd94-5ab691f88b05.jpg,C,C1089208,yiwuyaru,3235.0,580.0,3286.0,740.0,51.0,160.0,8160.0,3.1372549019607843,51.0,0,0,0,0
C1089211_V02_F00008_2a724abe-4b46-4e70-bfd8-012a499db3e3.jpg,C,C1089211,yiwuyaru,2003.0,2449.0,2108.0,2578.0,105.0,129.0,13545.0,1.2285714285714286,105.0,0,0,0,0
C1089267_V13_F00001_a2cb485b-4a21-4833-91a5-7c060a647724.jpg,C,C1089267,jieba,2860.0,348.0,2911.0,381.0,51.0,33.0,1683.0,1.5454545454545454,33.0,0,0,0,0
C1089267_V13_F00001_a2cb485b-4a21-4833-91a5-7c060a647724.jpg,C,C1089267,zonglie,2522.0,1651.0,2594.0,1913.0,72.0,262.0,18864.0,3.638888888888889,72.0,0,0,0,0
C1089313_V11_F00002_9f5447b4-e493-4d66-92e2-863dbe8d475b.jpg,C,C1089313,yiwuyaru,2585.0,266.0,2632.0,601.0,47.0,335.0,15745.0,7.127659574468085,47.0,0,0,1,0
C1089313_V11_F00002_9f5447b4-e493-4d66-92e2-863dbe8d475b.jpg,C,C1089313,yiwuyaru,2108.0,1.0,2179.0,45.0,71.0,44.0,3124.0,1.6136363636363635,44.0,0,0,0,1
C1089313_V11_F00002_9f5447b4-e493-4d66-92e2-863dbe8d475b.jpg,C,C1089313,jieba,2453.0,1360.0,2497.0,1404.0,44.0,44.0,1936.0,1.0,44.0,0,0,0,0
C1089313_V11_F00002_9f5447b4-e493-4d66-92e2-863dbe8d475b.jpg,C,C1089313,jieba,2108.0,1.0,2179.0,45.0,71.0,44.0,3124.0,1.6136363636363635,44.0,0,0,0,1
C1089313_V12_F00004_dc12a567-ffc2-4880-8074-e7c8d13dec3d.jpg,C,C1089313,yiwuyaru,3201.0,1938.0,3442.0,1974.0,241.0,36.0,8676.0,6.694444444444445,36.0,0,0,1,0
C1089313_V12_F00004_dc12a567-ffc2-4880-8074-e7c8d13dec3d.jpg,C,C1089313,jieba,3801.0,2154.0,3838.0,2222.0,37.0,68.0,2516.0,1.837837837837838,37.0,0,0,0,0
C1089313_V12_F00004_dc12a567-ffc2-4880-8074-e7c8d13dec3d.jpg,C,C1089313,yiwuyaru,3215.0,2928.0,3422.0,2960.0,207.0,32.0,6624.0,6.46875,32.0,0,0,1,0
C1089313_V12_F00004_dc12a567-ffc2-4880-8074-e7c8d13dec3d.jpg,C,C1089313,jieba,3620.0,2701.0,3630.0,2757.0,10.0,56.0,560.0,5.6,10.0,1,0,1,0
C1089313_V13_F00002_8830b638-2025-4fdf-9e20-0fb199425ed4.jpg,C,C1089313,jieba,1161.0,827.0,1234.0,949.0,73.0,122.0,8906.0,1.6712328767123288,73.0,0,0,0,0
C1089313_V13_F00002_8830b638-2025-4fdf-9e20-0fb199425ed4.jpg,C,C1089313,jieba,2113.0,1082.0,2160.0,1198.0,47.0,116.0,5452.0,2.4680851063829787,47.0,0,0,0,0
C1089314_V02_F00012_000ebb4a-fe69-40b5-9de1-3f5afa663ddd.jpg,C,C1089314,yiwuyaru,2524.0,764.0,2584.0,1098.0,60.0,334.0,20040.0,5.566666666666666,60.0,0,0,1,0
C1089315_V02_F00003_0610dc1f-6aff-4fc5-9420-792e1a8db51b.jpg,C,C1089315,yiwuyaru,2508.0,2454.0,2567.0,2711.0,59.0,257.0,15163.0,4.3559322033898304,59.0,0,0,0,0
C1089315_V02_F00003_0610dc1f-6aff-4fc5-9420-792e1a8db51b.jpg,C,C1089315,yiwuyaru,2502.0,161.0,2561.0,559.0,59.0,398.0,23482.0,6.745762711864407,59.0,0,0,1,0
C1089316_V13_F00007_b75bb509-3dd8-41e2-a33e-f714cf28acd1.jpg,C,C1089316,jieba,1612.0,290.0,1691.0,411.0,79.0,121.0,9559.0,1.5316455696202531,79.0,0,0,0,0
C1089316_V13_F00007_b75bb509-3dd8-41e2-a33e-f714cf28acd1.jpg,C,C1089316,jieba,2337.0,107.0,2475.0,207.0,138.0,100.0,13800.0,1.38,100.0,0,0,0,0
C1089333_V02_F00004_38fc346d-d092-4f16-acd4-c46dd1790e7e.jpg,C,C1089333,mamianmakeng,952.0,1190.0,1005.0,1232.0,53.0,42.0,2226.0,1.2619047619047619,42.0,0,0,0,0
C1089343_V11_F00002_a731b7bc-af84-4d1c-bed6-16eaee09ee11.jpg,C,C1089343,yiwuyaru,1970.0,1729.0,2076.0,2020.0,106.0,291.0,30846.0,2.7452830188679247,106.0,0,0,0,0
C1089343_V11_F00002_a731b7bc-af84-4d1c-bed6-16eaee09ee11.jpg,C,C1089343,yiwuyaru,2416.0,2417.0,2482.0,2625.0,66.0,208.0,13728.0,3.1515151515151514,66.0,0,0,0,0
C1089343_V11_F00002_a731b7bc-af84-4d1c-bed6-16eaee09ee11.jpg,C,C1089343,yiwuyaru,1870.0,1713.0,1904.0,1922.0,34.0,209.0,7106.0,6.147058823529412,34.0,0,0,1,0
C1089343_V11_F00002_a731b7bc-af84-4d1c-bed6-16eaee09ee11.jpg,C,C1089343,jieba,1520.0,2510.0,1567.0,2626.0,47.0,116.0,5452.0,2.4680851063829787,47.0,0,0,0,0
C1089343_V13_F00001_69fbc7de-64b5-48f3-ab41-577881f66f25.jpg,C,C1089343,jieba,1229.0,1523.0,1351.0,1733.0,122.0,210.0,25620.0,1.721311475409836,122.0,0,0,0,0
C1089343_V13_F00001_69fbc7de-64b5-48f3-ab41-577881f66f25.jpg,C,C1089343,jieba,1328.0,2202.0,1384.0,2495.0,56.0,293.0,16408.0,5.232142857142857,56.0,0,0,1,0
C1089343_V13_F00001_69fbc7de-64b5-48f3-ab41-577881f66f25.jpg,C,C1089343,jieba,1334.0,1883.0,1373.0,1936.0,39.0,53.0,2067.0,1.358974358974359,39.0,0,0,0,0
C1089345_V00_F00002_3714f1f7-8052-4141-9498-dc93832d938c.jpg,C,C1089345,mamianmakeng,1646.0,813.0,1708.0,855.0,62.0,42.0,2604.0,1.4761904761904763,42.0,0,0,0,0
C1089346_V01_F00006_75e4afe2-250b-4df1-8a2e-e7cbcf713c7f.jpg,C,C1089346,jieba,3821.0,950.0,3902.0,988.0,81.0,38.0,3078.0,2.1315789473684212,38.0,0,0,0,0
C1089346_V01_F00006_75e4afe2-250b-4df1-8a2e-e7cbcf713c7f.jpg,C,C1089346,yiwuyaru,1157.0,1498.0,1227.0,1549.0,70.0,51.0,3570.0,1.3725490196078431,51.0,0,0,0,0
C1089346_V01_F00006_75e4afe2-250b-4df1-8a2e-e7cbcf713c7f.jpg,C,C1089346,jieba,323.0,1105.0,353.0,1123.0,30.0,18.0,540.0,1.6666666666666667,18.0,0,0,0,0
C1089346_V01_F00006_75e4afe2-250b-4df1-8a2e-e7cbcf713c7f.jpg,C,C1089346,jieba,748.0,1124.0,784.0,1145.0,36.0,21.0,756.0,1.7142857142857142,21.0,0,0,0,0
C1089346_V01_F00006_75e4afe2-250b-4df1-8a2e-e7cbcf713c7f.jpg,C,C1089346,jieba,474.0,1111.0,487.0,1134.0,13.0,23.0,299.0,1.7692307692307692,13.0,1,0,0,0
C1089346_V02_F00006_495cb023-2529-4f75-b11d-cf36621c6d15.jpg,C,C1089346,jieba,409.0,937.0,487.0,969.0,78.0,32.0,2496.0,2.4375,32.0,0,0,0,0
C1089366_V10_F00002_5744c38e-c227-4478-9944-c54625a5f629.jpg,C,C1089366,yiwuyaru,3310.0,2777.0,3504.0,2865.0,194.0,88.0,17072.0,2.2045454545454546,88.0,0,0,0,0
C1089366_V10_F00002_5744c38e-c227-4478-9944-c54625a5f629.jpg,C,C1089366,yiwuyaru,3242.0,2144.0,3286.0,2202.0,44.0,58.0,2552.0,1.3181818181818181,44.0,0,0,0,0
C1089366_V10_F00002_5744c38e-c227-4478-9944-c54625a5f629.jpg,C,C1089366,jieba,3239.0,2512.0,3265.0,2593.0,26.0,81.0,2106.0,3.1153846153846154,26.0,0,0,0,0
C1089366_V10_F00002_5744c38e-c227-4478-9944-c54625a5f629.jpg,C,C1089366,jieba,3244.0,521.0,3265.0,579.0,21.0,58.0,1218.0,2.761904761904762,21.0,0,0,0,0
C1089388_V13_F00007_c053052d-2db2-4e30-84be-7a579b13295e.jpg,C,C1089388,jieba,2001.0,561.0,2104.0,725.0,103.0,164.0,16892.0,1.5922330097087378,103.0,0,0,0,0
C1089449_V00_F00002_b24387c5-fb68-42e0-93b5-0468c021fdd6.jpg,C,C1089449,jieba,2489.0,354.0,2515.0,405.0,26.0,51.0,1326.0,1.9615384615384615,26.0,0,0,0,0
C1089449_V01_F00001_e6c72f1d-2e89-429e-87ba-c9f6e06ea5b6.jpg,C,C1089449,jiaza,3130.0,2193.0,3140.0,2236.0,10.0,43.0,430.0,4.3,10.0,1,0,0,0
C1089449_V01_F00001_e6c72f1d-2e89-429e-87ba-c9f6e06ea5b6.jpg,C,C1089449,jiaza,1270.0,1834.0,1282.0,1907.0,12.0,73.0,876.0,6.083333333333333,12.0,1,0,1,0
C1089449_V01_F00001_e6c72f1d-2e89-429e-87ba-c9f6e06ea5b6.jpg,C,C1089449,jiaza,634.0,2253.0,645.0,2292.0,11.0,39.0,429.0,3.5454545454545454,11.0,1,0,0,0
C1089449_V01_F00001_e6c72f1d-2e89-429e-87ba-c9f6e06ea5b6.jpg,C,C1089449,jiaza,715.0,1736.0,730.0,1829.0,15.0,93.0,1395.0,6.2,15.0,1,0,1,0
C1089449_V01_F00001_e6c72f1d-2e89-429e-87ba-c9f6e06ea5b6.jpg,C,C1089449,jieba,2234.0,1573.0,2321.0,1632.0,87.0,59.0,5133.0,1.4745762711864407,59.0,0,0,0,0
C1089489_V11_F00000_964b155d-f26f-41a2-a86d-b867f52f082e.jpg,C,C1089489,jieba,1081.0,2725.0,1127.0,2799.0,46.0,74.0,3404.0,1.608695652173913,46.0,0,0,0,0
C1089489_V11_F00000_964b155d-f26f-41a2-a86d-b867f52f082e.jpg,C,C1089489,yiwuyaru,3754.0,2834.0,3818.0,2967.0,64.0,133.0,8512.0,2.078125,64.0,0,0,0,0
C1089489_V12_F00002_a12ae3e6-4a39-40b8-96aa-904edb312fce.jpg,C,C1089489,jieba,3376.0,549.0,3440.0,822.0,64.0,273.0,17472.0,4.265625,64.0,0,0,0,0
C1089574_V00_F00014_d5327d56-0802-414b-b337-5f6a7da43849.jpg,C,C1089574,jieba,2119.0,564.0,2166.0,615.0,47.0,51.0,2397.0,1.0851063829787233,47.0,0,0,0,0
C1089574_V00_F00014_d5327d56-0802-414b-b337-5f6a7da43849.jpg,C,C1089574,yanghuatiepi,3401.0,1571.0,3441.0,1605.0,40.0,34.0,1360.0,1.1764705882352942,34.0,0,0,0,0
C1089574_V00_F00014_d5327d56-0802-414b-b337-5f6a7da43849.jpg,C,C1089574,yanghuatiepi,2380.0,2756.0,2425.0,2777.0,45.0,21.0,945.0,2.142857142857143,21.0,0,0,0,0
C1089625_V00_F00005_f19415e8-fe1d-48a1-89be-af98ddc94ca6.jpg,C,C1089625,jieba,2638.0,1797.0,2693.0,1986.0,55.0,189.0,10395.0,3.4363636363636365,55.0,0,0,0,0
C1090581_V01_F00012_8d021149-1b4a-4e12-a570-9748d0bf40d2.jpg,C,C1090581,yiwuyaru,419.0,117.0,692.0,208.0,273.0,91.0,24843.0,3.0,91.0,0,0,0,0
C1090665_V02_F00007_5e6ecf37-20a0-482e-8e69-6c50f3d21f83.jpg,C,C1090665,yiwuyaru,1.0,2023.0,266.0,2213.0,265.0,190.0,50350.0,1.394736842105263,190.0,0,0,0,1
C1090687_V03_F00006_fc9ffcbb-ac3c-45fd-8e65-318271c347fb.jpg,C,C1090687,jieba,669.0,1099.0,742.0,1147.0,73.0,48.0,3504.0,1.5208333333333333,48.0,0,0,0,0
C1090689_V01_F00005_f0220962-dbb7-4c24-aaaa-8789a34d4da2.jpg,C,C1090689,yanghuatiepi,3389.0,1461.0,3403.0,1487.0,14.0,26.0,364.0,1.8571428571428572,14.0,1,0,0,0
C1090689_V01_F00005_f0220962-dbb7-4c24-aaaa-8789a34d4da2.jpg,C,C1090689,mamianmakeng,1496.0,2470.0,1571.0,2534.0,75.0,64.0,4800.0,1.171875,64.0,0,0,0,0
C1090717_V01_F00009_dd347726-3173-433f-8534-b170ca8f2e57.jpg,C,C1090717,jiaza,2689.0,1498.0,2714.0,1588.0,25.0,90.0,2250.0,3.6,25.0,0,0,0,0
C1090719_V03_F00005_888459da-67b3-4b18-ac1b-163941bac806.jpg,C,C1090719,jiaza,1433.0,1641.0,1470.0,1764.0,37.0,123.0,4551.0,3.324324324324324,37.0,0,0,0,0
C1090720_V02_F00009_8d0760e3-466a-4793-ab75-c305d9ea75ee.jpg,C,C1090720,jiaza,3281.0,2110.0,3305.0,2254.0,24.0,144.0,3456.0,6.0,24.0,0,0,1,0
C1090720_V02_F00009_8d0760e3-466a-4793-ab75-c305d9ea75ee.jpg,C,C1090720,jiaza,2194.0,2123.0,2211.0,2197.0,17.0,74.0,1258.0,4.352941176470588,17.0,0,0,0,0
C1090720_V02_F00009_8d0760e3-466a-4793-ab75-c305d9ea75ee.jpg,C,C1090720,jiaza,2231.0,1234.0,2248.0,1279.0,17.0,45.0,765.0,2.6470588235294117,17.0,0,0,0,0
C1090818_V00_F00001_705f0c18-5e24-4696-bbb1-6a2e6656a6ab.jpg,C,C1090818,jieba,938.0,1484.0,1220.0,1786.0,282.0,302.0,85164.0,1.070921985815603,282.0,0,0,0,0
C1090818_V00_F00001_705f0c18-5e24-4696-bbb1-6a2e6656a6ab.jpg,C,C1090818,jieba,3516.0,1347.0,3539.0,1484.0,23.0,137.0,3151.0,5.956521739130435,23.0,0,0,1,0
C1090818_V00_F00001_705f0c18-5e24-4696-bbb1-6a2e6656a6ab.jpg,C,C1090818,jieba,1246.0,1444.0,1287.0,1572.0,41.0,128.0,5248.0,3.1219512195121952,41.0,0,0,0,0
C1090818_V00_F00001_705f0c18-5e24-4696-bbb1-6a2e6656a6ab.jpg,C,C1090818,jieba,882.0,1343.0,987.0,1587.0,105.0,244.0,25620.0,2.323809523809524,105.0,0,0,0,0
C1090855_V12_F00000_f9eee688-1a90-40d2-bbfb-13bc9f4e6d32.jpg,C,C1090855,jieba,1391.0,2658.0,1468.0,2745.0,77.0,87.0,6699.0,1.12987012987013,77.0,0,0,0,0
C1090871_V00_F00001_8b54e8f7-5b1b-4a42-8909-a9705c247865.jpg,C,C1090871,jieba,863.0,1056.0,1115.0,1256.0,252.0,200.0,50400.0,1.26,200.0,0,0,0,0
C1090871_V01_F00002_88df8331-33a0-4f48-b9ca-31d6b7361e46.jpg,C,C1090871,yiwuyaru,1682.0,790.0,1753.0,824.0,71.0,34.0,2414.0,2.088235294117647,34.0,0,0,0,0
C1090908_V00_F00002_fbe8cdb5-2d0f-44ce-afb3-62a32bf0d8fa.jpg,C,C1090908,yiwuyaru,1605.0,651.0,1735.0,732.0,130.0,81.0,10530.0,1.6049382716049383,81.0,0,0,0,0
C1090908_V00_F00002_fbe8cdb5-2d0f-44ce-afb3-62a32bf0d8fa.jpg,C,C1090908,yiwuyaru,3461.0,725.0,3578.0,776.0,117.0,51.0,5967.0,2.2941176470588234,51.0,0,0,0,0
C1090908_V01_F00002_c4f3a7c3-2146-4359-9909-54802d3c0751.jpg,C,C1090908,yiwuyaru,1024.0,682.0,1151.0,769.0,127.0,87.0,11049.0,1.4597701149425288,87.0,0,0,0,0
C1090908_V01_F00002_c4f3a7c3-2146-4359-9909-54802d3c0751.jpg,C,C1090908,yiwuyaru,49.0,733.0,169.0,789.0,120.0,56.0,6720.0,2.142857142857143,56.0,0,0,0,0
C1090908_V01_F00002_c4f3a7c3-2146-4359-9909-54802d3c0751.jpg,C,C1090908,yiwuyaru,1722.0,721.0,1830.0,783.0,108.0,62.0,6696.0,1.7419354838709677,62.0,0,0,0,0
C1090908_V01_F00002_c4f3a7c3-2146-4359-9909-54802d3c0751.jpg,C,C1090908,jieba,3187.0,693.0,3233.0,748.0,46.0,55.0,2530.0,1.1956521739130435,46.0,0,0,0,0
C1090908_V01_F00002_c4f3a7c3-2146-4359-9909-54802d3c0751.jpg,C,C1090908,yiwuyaru,3872.0,686.0,3970.0,740.0,98.0,54.0,5292.0,1.8148148148148149,54.0,0,0,0,0
C1091030_V01_F00004_2add246a-5d9d-400c-8430-c77e11a1a536.jpg,C,C1091030,jiaza,827.0,2048.0,873.0,2409.0,46.0,361.0,16606.0,7.8478260869565215,46.0,0,0,1,0
C1091030_V01_F00004_2add246a-5d9d-400c-8430-c77e11a1a536.jpg,C,C1091030,jiaza,1063.0,1983.0,1077.0,2137.0,14.0,154.0,2156.0,11.0,14.0,1,0,1,0
C1091030_V01_F00004_2add246a-5d9d-400c-8430-c77e11a1a536.jpg,C,C1091030,jiaza,1093.0,189.0,1110.0,364.0,17.0,175.0,2975.0,10.294117647058824,17.0,0,0,1,0
C1091030_V01_F00004_2add246a-5d9d-400c-8430-c77e11a1a536.jpg,C,C1091030,jiaza,1073.0,690.0,1087.0,819.0,14.0,129.0,1806.0,9.214285714285714,14.0,1,0,1,0
C1091030_V01_F00004_2add246a-5d9d-400c-8430-c77e11a1a536.jpg,C,C1091030,jiaza,1145.0,904.0,1157.0,1014.0,12.0,110.0,1320.0,9.166666666666666,12.0,1,0,1,0
C1091030_V01_F00004_2add246a-5d9d-400c-8430-c77e11a1a536.jpg,C,C1091030,jiaza,1043.0,214.0,1065.0,337.0,22.0,123.0,2706.0,5.590909090909091,22.0,0,0,1,0
C1091030_V01_F00004_2add246a-5d9d-400c-8430-c77e11a1a536.jpg,C,C1091030,jiaza,995.0,20.0,1037.0,348.0,42.0,328.0,13776.0,7.809523809523809,42.0,0,0,1,0
C1091030_V01_F00005_68c4a48b-9aab-4ee2-89cb-2e2fa657de90.jpg,C,C1091030,jiaza,1148.0,2495.0,1239.0,2970.0,91.0,475.0,43225.0,5.21978021978022,91.0,0,0,1,0
C1091030_V01_F00005_68c4a48b-9aab-4ee2-89cb-2e2fa657de90.jpg,C,C1091030,jiaza,903.0,2285.0,936.0,2489.0,33.0,204.0,6732.0,6.181818181818182,33.0,0,0,1,0
C1091030_V01_F00005_68c4a48b-9aab-4ee2-89cb-2e2fa657de90.jpg,C,C1091030,jiaza,1097.0,562.0,1132.0,756.0,35.0,194.0,6790.0,5.542857142857143,35.0,0,0,1,0
C1091030_V01_F00005_68c4a48b-9aab-4ee2-89cb-2e2fa657de90.jpg,C,C1091030,jiaza,851.0,1100.0,873.0,1277.0,22.0,177.0,3894.0,8.045454545454545,22.0,0,0,1,0
C1091030_V01_F00007_3f69820b-ac2d-4bda-9120-7e1171bdc61c.jpg,C,C1091030,jiaza,1102.0,5.0,1129.0,264.0,27.0,259.0,6993.0,9.592592592592593,27.0,0,0,1,1
C1091030_V01_F00007_3f69820b-ac2d-4bda-9120-7e1171bdc61c.jpg,C,C1091030,jiaza,1078.0,296.0,1107.0,479.0,29.0,183.0,5307.0,6.310344827586207,29.0,0,0,1,0
C1091030_V01_F00007_3f69820b-ac2d-4bda-9120-7e1171bdc61c.jpg,C,C1091030,jiaza,1097.0,1346.0,1124.0,1546.0,27.0,200.0,5400.0,7.407407407407407,27.0,0,0,1,0
C1091030_V01_F00007_3f69820b-ac2d-4bda-9120-7e1171bdc61c.jpg,C,C1091030,jiaza,910.0,2281.0,940.0,2476.0,30.0,195.0,5850.0,6.5,30.0,0,0,1,0
C1091030_V01_F00007_3f69820b-ac2d-4bda-9120-7e1171bdc61c.jpg,C,C1091030,jiaza,956.0,2949.0,990.0,3000.0,34.0,51.0,1734.0,1.5,34.0,0,0,0,1
C1091030_V01_F00007_3f69820b-ac2d-4bda-9120-7e1171bdc61c.jpg,C,C1091030,jiaza,986.0,2641.0,999.0,2724.0,13.0,83.0,1079.0,6.384615384615385,13.0,1,0,1,0
C1091030_V01_F00007_3f69820b-ac2d-4bda-9120-7e1171bdc61c.jpg,C,C1091030,jiaza,1122.0,675.0,1141.0,827.0,19.0,152.0,2888.0,8.0,19.0,0,0,1,0
C1091030_V01_F00008_674fd21b-0b45-456c-a20f-95631b8a7838.jpg,C,C1091030,jiaza,962.0,1.0,988.0,112.0,26.0,111.0,2886.0,4.269230769230769,26.0,0,0,0,1
C1091030_V01_F00008_674fd21b-0b45-456c-a20f-95631b8a7838.jpg,C,C1091030,jiaza,1112.0,866.0,1138.0,1067.0,26.0,201.0,5226.0,7.730769230769231,26.0,0,0,1,0
C1091030_V01_F00008_674fd21b-0b45-456c-a20f-95631b8a7838.jpg,C,C1091030,jiaza,918.0,1048.0,951.0,1232.0,33.0,184.0,6072.0,5.575757575757576,33.0,0,0,1,0
C1091030_V01_F00008_674fd21b-0b45-456c-a20f-95631b8a7838.jpg,C,C1091030,jiaza,615.0,1548.0,634.0,1656.0,19.0,108.0,2052.0,5.684210526315789,19.0,0,0,1,0
C1091030_V01_F00008_674fd21b-0b45-456c-a20f-95631b8a7838.jpg,C,C1091030,jiaza,1004.0,2649.0,1043.0,2868.0,39.0,219.0,8541.0,5.615384615384615,39.0,0,0,1,0
C1091030_V01_F00008_674fd21b-0b45-456c-a20f-95631b8a7838.jpg,C,C1091030,jiaza,1070.0,126.0,1089.0,228.0,19.0,102.0,1938.0,5.368421052631579,19.0,0,0,1,0
C1091031_V01_F00002_b298fcda-d4d0-4391-a25b-9c13ee3df8c3.jpg,C,C1091031,jiaza,1124.0,1164.0,1168.0,1471.0,44.0,307.0,13508.0,6.9772727272727275,44.0,0,0,1,0
C1091031_V01_F00002_b298fcda-d4d0-4391-a25b-9c13ee3df8c3.jpg,C,C1091031,jiaza,863.0,2750.0,882.0,2927.0,19.0,177.0,3363.0,9.31578947368421,19.0,0,0,1,0
C1091031_V01_F00009_97ed2369-f940-4c68-a928-7a1ce5581f4d.jpg,C,C1091031,jiaza,901.0,811.0,921.0,986.0,20.0,175.0,3500.0,8.75,20.0,0,0,1,0
C1091031_V01_F00009_97ed2369-f940-4c68-a928-7a1ce5581f4d.jpg,C,C1091031,jiaza,882.0,1258.0,900.0,1378.0,18.0,120.0,2160.0,6.666666666666667,18.0,0,0,1,0
C1091031_V01_F00009_97ed2369-f940-4c68-a928-7a1ce5581f4d.jpg,C,C1091031,jiaza,926.0,1280.0,948.0,1441.0,22.0,161.0,3542.0,7.318181818181818,22.0,0,0,1,0
C1091032_V01_F00004_c64269a8-1ca5-4ba7-9b52-b7095b973493.jpg,C,C1091032,jiaza,867.0,1592.0,887.0,1706.0,20.0,114.0,2280.0,5.7,20.0,0,0,1,0
C1091032_V01_F00004_c64269a8-1ca5-4ba7-9b52-b7095b973493.jpg,C,C1091032,jiaza,839.0,1801.0,862.0,1957.0,23.0,156.0,3588.0,6.782608695652174,23.0,0,0,1,0
C1091032_V01_F00006_33cb40b6-0123-4e44-9062-7f1ef244922e.jpg,C,C1091032,jiaza,688.0,1285.0,702.0,1432.0,14.0,147.0,2058.0,10.5,14.0,1,0,1,0
C1091032_V01_F00006_33cb40b6-0123-4e44-9062-7f1ef244922e.jpg,C,C1091032,jiaza,742.0,1783.0,756.0,1899.0,14.0,116.0,1624.0,8.285714285714286,14.0,1,0,1,0
C1091032_V01_F00010_52ff0626-2fd1-48af-beaa-8801ae04e863.jpg,C,C1091032,jiaza,1309.0,2011.0,1362.0,2489.0,53.0,478.0,25334.0,9.018867924528301,53.0,0,0,1,0
C1091032_V01_F00010_52ff0626-2fd1-48af-beaa-8801ae04e863.jpg,C,C1091032,jiaza,1266.0,2604.0,1290.0,2817.0,24.0,213.0,5112.0,8.875,24.0,0,0,1,0
C1091032_V01_F00010_52ff0626-2fd1-48af-beaa-8801ae04e863.jpg,C,C1091032,jiaza,1197.0,1214.0,1208.0,1282.0,11.0,68.0,748.0,6.181818181818182,11.0,1,0,1,0
C1091032_V01_F00010_52ff0626-2fd1-48af-beaa-8801ae04e863.jpg,C,C1091032,yanghuatiepi,2781.0,2887.0,2831.0,2916.0,50.0,29.0,1450.0,1.7241379310344827,29.0,0,0,0,0
C1091130_V13_F00000_0e825ea0-74b2-493c-ad09-7e9effac11e0.jpg,C,C1091130,yiwuyaru,2399.0,2557.0,2459.0,2618.0,60.0,61.0,3660.0,1.0166666666666666,60.0,0,0,0,0
C1091135_V13_F00000_35a373fe-7fd4-4cf2-868c-a2c6e001918e.jpg,C,C1091135,jieba,2401.0,2592.0,2468.0,2653.0,67.0,61.0,4087.0,1.098360655737705,61.0,0,0,0,0
C1091135_V13_F00000_35a373fe-7fd4-4cf2-868c-a2c6e001918e.jpg,C,C1091135,jieba,2409.0,2255.0,2461.0,2313.0,52.0,58.0,3016.0,1.1153846153846154,52.0,0,0,0,0
C1091137_V13_F00000_0711bf0c-ae68-436a-adf0-92deb0cc42e4.jpg,C,C1091137,jieba,2402.0,2201.0,2459.0,2262.0,57.0,61.0,3477.0,1.0701754385964912,57.0,0,0,0,0
C1091230_V01_F00005_7f8c7414-4edb-4a74-ac18-41e40e886d5c.jpg,C,C1091230,zonglie,2491.0,1.0,2555.0,2559.0,64.0,2558.0,163712.0,39.96875,64.0,0,0,1,1
C1091230_V01_F00005_7f8c7414-4edb-4a74-ac18-41e40e886d5c.jpg,C,C1091230,zonglie,2586.0,2559.0,2620.0,3000.0,34.0,441.0,14994.0,12.970588235294118,34.0,0,0,1,1
C1091238_V01_F00001_800d75f3-3434-4a54-8f45-ad792692a713.jpg,C,C1091238,zonglie,1738.0,2256.0,1774.0,2573.0,36.0,317.0,11412.0,8.805555555555555,36.0,0,0,1,0
C1091238_V01_F00001_800d75f3-3434-4a54-8f45-ad792692a713.jpg,C,C1091238,zonglie,1732.0,2634.0,1769.0,3000.0,37.0,366.0,13542.0,9.891891891891891,37.0,0,0,1,1
C1091255_V01_F00002_53e17faa-38cc-4f78-abdf-03d767dc6ba5.jpg,C,C1091255,jieba,1992.0,1777.0,2071.0,1860.0,79.0,83.0,6557.0,1.0506329113924051,79.0,0,0,0,0
C1091255_V12_F00002_67b05801-67a1-424b-a640-f1765c73a01d.jpg,C,C1091255,jieba,66.0,91.0,104.0,161.0,38.0,70.0,2660.0,1.8421052631578947,38.0,0,0,0,0
C1091255_V12_F00002_67b05801-67a1-424b-a640-f1765c73a01d.jpg,C,C1091255,jieba,1.0,526.0,32.0,620.0,31.0,94.0,2914.0,3.032258064516129,31.0,0,0,0,1
C1091255_V12_F00002_67b05801-67a1-424b-a640-f1765c73a01d.jpg,C,C1091255,jieba,105.0,49.0,151.0,124.0,46.0,75.0,3450.0,1.6304347826086956,46.0,0,0,0,0
C1091262_V01_F00001_c2d7e650-a563-4555-a853-65a0cdf20d3e.jpg,C,C1091262,zonglie,2083.0,917.0,2150.0,2038.0,67.0,1121.0,75107.0,16.73134328358209,67.0,0,0,1,0
C1091262_V01_F00001_c2d7e650-a563-4555-a853-65a0cdf20d3e.jpg,C,C1091262,zonglie,2021.0,1.0,2071.0,408.0,50.0,407.0,20350.0,8.14,50.0,0,0,1,1
C1091283_V01_F00002_5f4c4c6e-d159-45e4-9cbb-213deb0a6fab.jpg,C,C1091283,zonglie,2144.0,1659.0,2218.0,3000.0,74.0,1341.0,99234.0,18.12162162162162,74.0,0,0,1,1
C1091283_V01_F00002_5f4c4c6e-d159-45e4-9cbb-213deb0a6fab.jpg,C,C1091283,zonglie,2133.0,528.0,2225.0,1464.0,92.0,936.0,86112.0,10.173913043478262,92.0,0,0,1,0
C1091283_V01_F00003_39ca138d-254c-4e57-a88a-b07b7e7d1a55.jpg,C,C1091283,zonglie,2145.0,1.0,2181.0,1002.0,36.0,1001.0,36036.0,27.805555555555557,36.0,0,0,1,1
C1091283_V01_F00003_39ca138d-254c-4e57-a88a-b07b7e7d1a55.jpg,C,C1091283,zonglie,2096.0,1026.0,2127.0,1148.0,31.0,122.0,3782.0,3.935483870967742,31.0,0,0,0,0
C1091283_V01_F00005_d5ea6683-500c-4065-b49e-6272e1e49c98.jpg,C,C1091283,zonglie,2294.0,1427.0,2390.0,3000.0,96.0,1573.0,151008.0,16.385416666666668,96.0,0,0,1,1
C1091283_V01_F00008_5c0749df-4e94-46b9-a317-36c7a67f24ea.jpg,C,C1091283,zonglie,2289.0,1.0,2348.0,391.0,59.0,390.0,23010.0,6.610169491525424,59.0,0,0,1,1
C1091283_V01_F00008_5c0749df-4e94-46b9-a317-36c7a67f24ea.jpg,C,C1091283,zonglie,2299.0,405.0,2355.0,786.0,56.0,381.0,21336.0,6.803571428571429,56.0,0,0,1,0
C1091283_V01_F00008_5c0749df-4e94-46b9-a317-36c7a67f24ea.jpg,C,C1091283,zonglie,2084.0,1146.0,2120.0,1402.0,36.0,256.0,9216.0,7.111111111111111,36.0,0,0,1,0
C1091283_V01_F00008_5c0749df-4e94-46b9-a317-36c7a67f24ea.jpg,C,C1091283,zonglie,2044.0,1504.0,2097.0,1742.0,53.0,238.0,12614.0,4.490566037735849,53.0,0,0,0,0
C1091283_V01_F00008_5c0749df-4e94-46b9-a317-36c7a67f24ea.jpg,C,C1091283,zonglie,2043.0,2112.0,2106.0,2547.0,63.0,435.0,27405.0,6.904761904761905,63.0,0,0,1,0
C1091283_V01_F00008_5c0749df-4e94-46b9-a317-36c7a67f24ea.jpg,C,C1091283,zonglie,2113.0,2545.0,2190.0,2999.0,77.0,454.0,34958.0,5.896103896103896,77.0,0,0,1,1
C1091305_V02_F00009_d17225cd-ce39-4be5-b0ae-279bd8882857.jpg,C,C1091305,yiwuyaru,909.0,1389.0,1051.0,1885.0,142.0,496.0,70432.0,3.492957746478873,142.0,0,0,0,0
C1091305_V02_F00009_d17225cd-ce39-4be5-b0ae-279bd8882857.jpg,C,C1091305,yiwuyaru,2074.0,1769.0,2226.0,1886.0,152.0,117.0,17784.0,1.2991452991452992,117.0,0,0,0,0
C1091356_V00_F00010_b8d7c29b-80e4-405d-beb9-d9eca7c36d25.jpg,C,C1091356,yanghuatiepi,1920.0,670.0,1936.0,681.0,16.0,11.0,176.0,1.4545454545454546,11.0,1,0,0,0
C1091356_V00_F00010_b8d7c29b-80e4-405d-beb9-d9eca7c36d25.jpg,C,C1091356,jiaza,3227.0,183.0,3246.0,261.0,19.0,78.0,1482.0,4.105263157894737,19.0,0,0,0,0
C1091356_V01_F00010_e775d356-e9ce-4a9d-9a06-16126b1f08b0.jpg,C,C1091356,zonglie,1178.0,1052.0,1243.0,2123.0,65.0,1071.0,69615.0,16.476923076923075,65.0,0,0,1,0
C1091356_V01_F00010_e775d356-e9ce-4a9d-9a06-16126b1f08b0.jpg,C,C1091356,yanghuatiepi,3817.0,724.0,3835.0,742.0,18.0,18.0,324.0,1.0,18.0,0,0,0,0
C1091356_V02_F00005_2eea346e-3cd6-4b19-b1f7-b109325e6dbc.jpg,C,C1091356,zonglie,991.0,835.0,1036.0,1229.0,45.0,394.0,17730.0,8.755555555555556,45.0,0,0,1,0
C1091356_V02_F00005_2eea346e-3cd6-4b19-b1f7-b109325e6dbc.jpg,C,C1091356,zonglie,987.0,1351.0,1049.0,2187.0,62.0,836.0,51832.0,13.483870967741936,62.0,0,0,1,0
C1091358_V01_F00005_5e1dc73a-fbdb-4574-b205-9b8dad5621be.jpg,C,C1091358,zonglie,3030.0,1567.0,3076.0,2029.0,46.0,462.0,21252.0,10.043478260869565,46.0,0,0,1,0
C1091358_V01_F00005_5e1dc73a-fbdb-4574-b205-9b8dad5621be.jpg,C,C1091358,zonglie,3062.0,626.0,3102.0,813.0,40.0,187.0,7480.0,4.675,40.0,0,0,0,0
C1091358_V01_F00005_5e1dc73a-fbdb-4574-b205-9b8dad5621be.jpg,C,C1091358,zonglie,3085.0,818.0,3124.0,949.0,39.0,131.0,5109.0,3.358974358974359,39.0,0,0,0,0
C1091358_V01_F00005_5e1dc73a-fbdb-4574-b205-9b8dad5621be.jpg,C,C1091358,yanghuatiepi,2076.0,1555.0,2128.0,1582.0,52.0,27.0,1404.0,1.9259259259259258,27.0,0,0,0,0
C1091358_V01_F00005_5e1dc73a-fbdb-4574-b205-9b8dad5621be.jpg,C,C1091358,zonglie,3075.0,1207.0,3101.0,1509.0,26.0,302.0,7852.0,11.615384615384615,26.0,0,0,1,0
C1091358_V01_F00010_8c455f36-16b7-41c8-8532-4777513b4100.jpg,C,C1091358,yanghuatiepi,2741.0,1047.0,2763.0,1068.0,22.0,21.0,462.0,1.0476190476190477,21.0,0,0,0,0
C1091358_V01_F00010_8c455f36-16b7-41c8-8532-4777513b4100.jpg,C,C1091358,yanghuatiepi,2841.0,1178.0,2874.0,1193.0,33.0,15.0,495.0,2.2,15.0,1,0,0,0
C1091358_V01_F00010_8c455f36-16b7-41c8-8532-4777513b4100.jpg,C,C1091358,zonglie,2309.0,1484.0,2354.0,1723.0,45.0,239.0,10755.0,5.311111111111111,45.0,0,0,1,0
C1091359_V01_F00008_3b15c718-5d11-47a7-a227-197bd1b9eea5.jpg,C,C1091359,zonglie,2311.0,539.0,2400.0,3000.0,89.0,2461.0,219029.0,27.651685393258425,89.0,0,0,1,1
C1091359_V01_F00008_3b15c718-5d11-47a7-a227-197bd1b9eea5.jpg,C,C1091359,yanghuatiepi,968.0,2923.0,991.0,2946.0,23.0,23.0,529.0,1.0,23.0,0,0,0,0
C1091359_V01_F00008_3b15c718-5d11-47a7-a227-197bd1b9eea5.jpg,C,C1091359,yanghuatiepi,930.0,1534.0,962.0,1557.0,32.0,23.0,736.0,1.391304347826087,23.0,0,0,0,0
C1091360_V01_F00002_c2bccc57-8893-45d7-b624-993cfe9c2fcf.jpg,C,C1091360,zonglie,1160.0,62.0,1210.0,749.0,50.0,687.0,34350.0,13.74,50.0,0,0,1,0
C1091360_V01_F00002_c2bccc57-8893-45d7-b624-993cfe9c2fcf.jpg,C,C1091360,yanghuatiepi,3783.0,1178.0,3839.0,1214.0,56.0,36.0,2016.0,1.5555555555555556,36.0,0,0,0,0
C1091360_V01_F00002_c2bccc57-8893-45d7-b624-993cfe9c2fcf.jpg,C,C1091360,yanghuatiepi,1530.0,1157.0,1576.0,1194.0,46.0,37.0,1702.0,1.2432432432432432,37.0,0,0,0,0
C1091360_V01_F00002_c2bccc57-8893-45d7-b624-993cfe9c2fcf.jpg,C,C1091360,yanghuatiepi,3850.0,646.0,3928.0,675.0,78.0,29.0,2262.0,2.689655172413793,29.0,0,0,0,0
C1091360_V01_F00002_c2bccc57-8893-45d7-b624-993cfe9c2fcf.jpg,C,C1091360,yanghuatiepi,2095.0,40.0,2126.0,73.0,31.0,33.0,1023.0,1.064516129032258,31.0,0,0,0,0
C1091360_V02_F00009_0d7f01f5-c1e6-4d36-bd68-53f0e7cfbfe3.jpg,C,C1091360,zonglie,942.0,349.0,992.0,1051.0,50.0,702.0,35100.0,14.04,50.0,0,0,1,0
C1091360_V02_F00009_0d7f01f5-c1e6-4d36-bd68-53f0e7cfbfe3.jpg,C,C1091360,zonglie,956.0,1093.0,1001.0,1656.0,45.0,563.0,25335.0,12.511111111111111,45.0,0,0,1,0
C1091360_V02_F00009_0d7f01f5-c1e6-4d36-bd68-53f0e7cfbfe3.jpg,C,C1091360,zonglie,967.0,1686.0,1015.0,2416.0,48.0,730.0,35040.0,15.208333333333334,48.0,0,0,1,0
C1091361_V01_F00003_6bd1991c-92bc-45a8-807c-baab091a6253.jpg,C,C1091361,zonglie,2384.0,2117.0,2451.0,3000.0,67.0,883.0,59161.0,13.17910447761194,67.0,0,0,1,1
C1091361_V01_F00004_eeae0291-c9f5-4653-a2f6-e49e026fbf9c.jpg,C,C1091361,zonglie,2417.0,1.0,2463.0,717.0,46.0,716.0,32936.0,15.565217391304348,46.0,0,0,1,1
C1091361_V01_F00004_eeae0291-c9f5-4653-a2f6-e49e026fbf9c.jpg,C,C1091361,zonglie,2437.0,955.0,2465.0,1089.0,28.0,134.0,3752.0,4.785714285714286,28.0,0,0,0,0
C1091440_V01_F00003_d554b55c-0854-46d6-bba3-f9a34d193353.jpg,C,C1091440,jieba,1882.0,1343.0,1936.0,1395.0,54.0,52.0,2808.0,1.0384615384615385,52.0,0,0,0,0
C1091440_V01_F00003_d554b55c-0854-46d6-bba3-f9a34d193353.jpg,C,C1091440,yiwuyaru,596.0,2795.0,625.0,2829.0,29.0,34.0,986.0,1.1724137931034482,29.0,0,0,0,0
C1091465_V02_F00008_866a920f-073c-4bdb-88a4-dc8b6c8e0971.jpg,C,C1091465,yiwuyaru,2591.0,2041.0,2791.0,2187.0,200.0,146.0,29200.0,1.36986301369863,146.0,0,0,0,0
C1091465_V02_F00008_866a920f-073c-4bdb-88a4-dc8b6c8e0971.jpg,C,C1091465,yiwuyaru,2591.0,2041.0,2791.0,2187.0,200.0,146.0,29200.0,1.36986301369863,146.0,0,0,0,0
C1091465_V02_F00008_866a920f-073c-4bdb-88a4-dc8b6c8e0971.jpg,C,C1091465,yiwuyaru,2192.0,2160.0,2392.0,2306.0,200.0,146.0,29200.0,1.36986301369863,146.0,0,0,0,0
C1091477_V12_F00003_977d6386-92dd-4336-9f9f-82d532fd19b4.jpg,C,C1091477,jieba,279.0,2304.0,384.0,2405.0,105.0,101.0,10605.0,1.0396039603960396,101.0,0,0,0,0
C1091479_V12_F00002_e8f827ad-3513-4435-b4ea-ff02f9fd4c6d.jpg,C,C1091479,yiwuyaru,3505.0,398.0,3652.0,513.0,147.0,115.0,16905.0,1.2782608695652173,115.0,0,0,0,0
C1091479_V12_F00002_e8f827ad-3513-4435-b4ea-ff02f9fd4c6d.jpg,C,C1091479,mamianmakeng,2576.0,203.0,2598.0,242.0,22.0,39.0,858.0,1.7727272727272727,22.0,0,0,0,0
C1091479_V13_F00002_c1ddc76b-7661-4e09-a1ba-193285190d8d.jpg,C,C1091479,yiwuyaru,550.0,399.0,702.0,516.0,152.0,117.0,17784.0,1.2991452991452992,117.0,0,0,0,0
C1091480_V01_F00007_daa45838-c0b4-47ed-8320-0a395f9d9fca.jpg,C,C1091480,jiaza,2984.0,991.0,3035.0,1477.0,51.0,486.0,24786.0,9.529411764705882,51.0,0,0,1,0
C1091548_V12_F00000_10d8e201-f614-4a56-ac04-fc8dff6b264f.jpg,C,C1091548,jieba,2679.0,2424.0,2734.0,2528.0,55.0,104.0,5720.0,1.8909090909090909,55.0,0,0,0,0
C1091551_V12_F00006_c68e99f2-ce09-4135-a964-c085ef64881c.jpg,C,C1091551,yiwuyaru,2032.0,1931.0,2130.0,2152.0,98.0,221.0,21658.0,2.2551020408163267,98.0,0,0,0,0
C1091580_V10_F00001_26ebb799-309d-4aab-8a1b-f606cb252214.jpg,C,C1091580,yiwuyaru,3677.0,1314.0,3727.0,1594.0,50.0,280.0,14000.0,5.6,50.0,0,0,1,0
C1091699_V01_F00001_aea9defc-4247-4007-98ee-aef31f2c0b0f.jpg,C,C1091699,yanghuatiepi,770.0,82.0,848.0,103.0,78.0,21.0,1638.0,3.7142857142857144,21.0,0,0,0,0
C1091699_V01_F00001_aea9defc-4247-4007-98ee-aef31f2c0b0f.jpg,C,C1091699,yanghuatiepi,1759.0,363.0,1842.0,384.0,83.0,21.0,1743.0,3.9523809523809526,21.0,0,0,0,0
C1091699_V01_F00001_aea9defc-4247-4007-98ee-aef31f2c0b0f.jpg,C,C1091699,zonglie,3194.0,349.0,3252.0,891.0,58.0,542.0,31436.0,9.344827586206897,58.0,0,0,1,0
C1091699_V01_F00001_aea9defc-4247-4007-98ee-aef31f2c0b0f.jpg,C,C1091699,zonglie,3200.0,1169.0,3249.0,1366.0,49.0,197.0,9653.0,4.020408163265306,49.0,0,0,0,0
C1091702_V01_F00003_89932c5c-07c0-483e-b2fb-7ad77ca84069.jpg,C,C1091702,zonglie,1195.0,2602.0,1238.0,3000.0,43.0,398.0,17114.0,9.255813953488373,43.0,0,0,1,1
C1091702_V01_F00004_ee59e66d-1d56-464c-878c-97db8ba4c52c.jpg,C,C1091702,zonglie,1183.0,0.0,1251.0,941.0,68.0,941.0,63988.0,13.838235294117647,68.0,0,0,1,1
C1091702_V01_F00004_ee59e66d-1d56-464c-878c-97db8ba4c52c.jpg,C,C1091702,zonglie,3015.0,2726.0,3053.0,2992.0,38.0,266.0,10108.0,7.0,38.0,0,0,1,1
C1091702_V01_F00004_ee59e66d-1d56-464c-878c-97db8ba4c52c.jpg,C,C1091702,yanghuatiepi,3880.0,547.0,3900.0,577.0,20.0,30.0,600.0,1.5,20.0,0,0,0,0
C1091702_V01_F00005_573cbcf4-4a3e-467e-934d-3f0d7a733093.jpg,C,C1091702,zonglie,2992.0,15.0,3058.0,1187.0,66.0,1172.0,77352.0,17.757575757575758,66.0,0,0,1,1
C1091712_V01_F00003_a293827a-c51f-4c67-a6b4-e8ad51b7eb83.jpg,C,C1091712,yiwuyaru,1365.0,1597.0,1430.0,1667.0,65.0,70.0,4550.0,1.0769230769230769,65.0,0,0,0,0
C1091728_V02_F00006_9e9e1feb-3cca-480d-b797-dcdac22221e1.jpg,C,C1091728,yiwuyaru,3635.0,951.0,3724.0,1306.0,89.0,355.0,31595.0,3.9887640449438204,89.0,0,0,0,0
C1092493_V01_F00001_2901632d-256f-40af-856b-4db305a6c482.jpg,C,C1092493,zonglie,2298.0,1682.0,2351.0,2270.0,53.0,588.0,31164.0,11.09433962264151,53.0,0,0,1,0
C1092493_V01_F00001_2901632d-256f-40af-856b-4db305a6c482.jpg,C,C1092493,zonglie,2294.0,2279.0,2355.0,2877.0,61.0,598.0,36478.0,9.80327868852459,61.0,0,0,1,0
C1092494_V01_F00005_d0f414f7-0a52-4150-8a95-68636187dfa2.jpg,C,C1092494,zonglie,2740.0,875.0,2817.0,3000.0,77.0,2125.0,163625.0,27.5974025974026,77.0,0,0,1,1
C1092494_V01_F00006_a2545a03-8454-4cac-adc1-8a86dcd0a64d.jpg,C,C1092494,zonglie,2737.0,1.0,2820.0,1257.0,83.0,1256.0,104248.0,15.132530120481928,83.0,0,0,1,1
C1092494_V01_F00006_a2545a03-8454-4cac-adc1-8a86dcd0a64d.jpg,C,C1092494,zonglie,2742.0,1310.0,2814.0,3000.0,72.0,1690.0,121680.0,23.47222222222222,72.0,0,0,1,1
C1092494_V01_F00007_3227d3cc-f209-46dd-9a10-aed0db876e9c.jpg,C,C1092494,zonglie,2778.0,2676.0,2850.0,3000.0,72.0,324.0,23328.0,4.5,72.0,0,0,0,1
C1092494_V01_F00007_3227d3cc-f209-46dd-9a10-aed0db876e9c.jpg,C,C1092494,zonglie,2745.0,1.0,2811.0,2570.0,66.0,2569.0,169554.0,38.92424242424242,66.0,0,0,1,1
C1093256_V01_F00002_28f5db85-418e-4d2a-b536-6cb6bbfe51f9.jpg,C,C1093256,zonglie,2624.0,437.0,2716.0,3000.0,92.0,2563.0,235796.0,27.858695652173914,92.0,0,0,1,1
C1093256_V01_F00002_28f5db85-418e-4d2a-b536-6cb6bbfe51f9.jpg,C,C1093256,jieba,297.0,2812.0,330.0,2858.0,33.0,46.0,1518.0,1.393939393939394,33.0,0,0,0,0
C1093258_V01_F00009_384ae20f-1797-47fa-a64a-3eb51d0bf722.jpg,C,C1093258,zonglie,2363.0,1486.0,2440.0,2861.0,77.0,1375.0,105875.0,17.857142857142858,77.0,0,0,1,0
C1093258_V01_F00009_384ae20f-1797-47fa-a64a-3eb51d0bf722.jpg,C,C1093258,zonglie,2360.0,0.0,2428.0,1516.0,68.0,1516.0,103088.0,22.294117647058822,68.0,0,0,1,1
C1093258_V01_F00009_384ae20f-1797-47fa-a64a-3eb51d0bf722.jpg,C,C1093258,yanghuatiepi,1121.0,2101.0,1162.0,2123.0,41.0,22.0,902.0,1.8636363636363635,22.0,0,0,0,0
C1093258_V01_F00009_384ae20f-1797-47fa-a64a-3eb51d0bf722.jpg,C,C1093258,yanghuatiepi,3228.0,2399.0,3283.0,2439.0,55.0,40.0,2200.0,1.375,40.0,0,0,0,0
C1094877_V01_F00006_84fccb13-03f9-4a3a-9f0f-c567249e1239.jpg,C,C1094877,zonglie,930.0,744.0,965.0,1134.0,35.0,390.0,13650.0,11.142857142857142,35.0,0,0,1,0
C1094877_V01_F00006_84fccb13-03f9-4a3a-9f0f-c567249e1239.jpg,C,C1094877,zonglie,930.0,242.0,970.0,677.0,40.0,435.0,17400.0,10.875,40.0,0,0,1,0
C1095342_V01_F00008_16af8437-4b14-4d0e-b6db-303a79ecd31a.jpg,C,C1095342,zonglie,1567.0,1548.0,1619.0,1964.0,52.0,416.0,21632.0,8.0,52.0,0,0,1,0
C1095342_V01_F00008_16af8437-4b14-4d0e-b6db-303a79ecd31a.jpg,C,C1095342,zonglie,1561.0,2285.0,1616.0,3000.0,55.0,715.0,39325.0,13.0,55.0,0,0,1,1
C1095342_V01_F00008_16af8437-4b14-4d0e-b6db-303a79ecd31a.jpg,C,C1095342,zonglie,1552.0,417.0,1609.0,834.0,57.0,417.0,23769.0,7.315789473684211,57.0,0,0,1,0
C1095343_V01_F00004_2afcb343-ef41-4d89-9cd0-ddf5fbee2edc.jpg,C,C1095343,zonglie,1840.0,224.0,1889.0,2231.0,49.0,2007.0,98343.0,40.95918367346939,49.0,0,0,1,0
C1095343_V01_F00004_2afcb343-ef41-4d89-9cd0-ddf5fbee2edc.jpg,C,C1095343,zonglie,1797.0,2278.0,1837.0,2470.0,40.0,192.0,7680.0,4.8,40.0,0,0,0,0
C1095666_V01_F00011_5a85eeb3-8435-4aee-bc03-d36d42117310.jpg,C,C1095666,zonglie,1388.0,408.0,1449.0,1514.0,61.0,1106.0,67466.0,18.131147540983605,61.0,0,0,1,0
C1095666_V01_F00011_5a85eeb3-8435-4aee-bc03-d36d42117310.jpg,C,C1095666,zonglie,1392.0,1485.0,1448.0,2418.0,56.0,933.0,52248.0,16.660714285714285,56.0,0,0,1,0
C1095666_V01_F00011_5a85eeb3-8435-4aee-bc03-d36d42117310.jpg,C,C1095666,yanghuatiepi,3834.0,168.0,3865.0,188.0,31.0,20.0,620.0,1.55,20.0,0,0,0,0
C1095666_V01_F00011_5a85eeb3-8435-4aee-bc03-d36d42117310.jpg,C,C1095666,yanghuatiepi,2844.0,1556.0,2869.0,1577.0,25.0,21.0,525.0,1.1904761904761905,21.0,0,0,0,0
C1095666_V01_F00011_5a85eeb3-8435-4aee-bc03-d36d42117310.jpg,C,C1095666,yanghuatiepi,2908.0,1808.0,2925.0,1855.0,17.0,47.0,799.0,2.764705882352941,17.0,0,0,0,0
C1095666_V01_F00011_5a85eeb3-8435-4aee-bc03-d36d42117310.jpg,C,C1095666,yanghuatiepi,3266.0,2208.0,3285.0,2230.0,19.0,22.0,418.0,1.1578947368421053,19.0,0,0,0,0
C1096335_V01_F00009_af8242cf-eaf8-48c3-a928-1145814e9acc.jpg,C,C1096335,zonglie,2083.0,1.0,2135.0,300.0,52.0,299.0,15548.0,5.75,52.0,0,0,1,1
C1096335_V01_F00009_af8242cf-eaf8-48c3-a928-1145814e9acc.jpg,C,C1096335,zonglie,2079.0,356.0,2135.0,2086.0,56.0,1730.0,96880.0,30.892857142857142,56.0,0,0,1,0
C1097967_V01_F00007_6272fcb3-0248-4c54-adbe-bf881ced500e.jpg,C,C1097967,zonglie,3853.0,1.0,3900.0,333.0,47.0,332.0,15604.0,7.0638297872340425,47.0,0,0,1,1
C1097967_V01_F00007_6272fcb3-0248-4c54-adbe-bf881ced500e.jpg,C,C1097967,zonglie,3854.0,526.0,3902.0,1246.0,48.0,720.0,34560.0,15.0,48.0,0,0,1,0
C1097967_V01_F00007_6272fcb3-0248-4c54-adbe-bf881ced500e.jpg,C,C1097967,zonglie,3862.0,1400.0,3904.0,2999.0,42.0,1599.0,67158.0,38.07142857142857,42.0,0,0,1,1
C1097978_V01_F00001_03cfbf48-200a-424c-9ad1-b96d7c71d9ff.jpg,C,C1097978,zonglie,3810.0,1125.0,3846.0,1483.0,36.0,358.0,12888.0,9.944444444444445,36.0,0,0,1,0
C1097978_V01_F00001_03cfbf48-200a-424c-9ad1-b96d7c71d9ff.jpg,C,C1097978,zonglie,3789.0,1485.0,3869.0,3000.0,80.0,1515.0,121200.0,18.9375,80.0,0,0,1,1
C1097978_V01_F00001_03cfbf48-200a-424c-9ad1-b96d7c71d9ff.jpg,C,C1097978,yanghuatiepi,1335.0,2472.0,1360.0,2490.0,25.0,18.0,450.0,1.3888888888888888,18.0,0,0,0,0
C1097978_V01_F00001_03cfbf48-200a-424c-9ad1-b96d7c71d9ff.jpg,C,C1097978,mamianmakeng,2397.0,1744.0,2515.0,1811.0,118.0,67.0,7906.0,1.7611940298507462,67.0,0,0,0,0
C1098590_V01_F00005_474bfc65-c87c-4e85-b26b-10acac56a069.jpg,C,C1098590,zonglie,2389.0,1.0,2429.0,831.0,40.0,830.0,33200.0,20.75,40.0,0,0,1,1
C1098590_V01_F00005_474bfc65-c87c-4e85-b26b-10acac56a069.jpg,C,C1098590,zonglie,2386.0,869.0,2427.0,2326.0,41.0,1457.0,59737.0,35.53658536585366,41.0,0,0,1,0
C1098590_V01_F00005_474bfc65-c87c-4e85-b26b-10acac56a069.jpg,C,C1098590,zonglie,2422.0,2381.0,2451.0,2498.0,29.0,117.0,3393.0,4.0344827586206895,29.0,0,0,0,0
C1098590_V01_F00005_474bfc65-c87c-4e85-b26b-10acac56a069.jpg,C,C1098590,zonglie,2412.0,2615.0,2438.0,2710.0,26.0,95.0,2470.0,3.6538461538461537,26.0,0,0,0,0
C1098590_V01_F00006_b4e40289-1047-4d67-b054-f6f27bba1d3a.jpg,C,C1098590,zonglie,2423.0,1486.0,2474.0,2530.0,51.0,1044.0,53244.0,20.470588235294116,51.0,0,0,1,0
C1098590_V01_F00006_b4e40289-1047-4d67-b054-f6f27bba1d3a.jpg,C,C1098590,zonglie,2421.0,272.0,2470.0,1512.0,49.0,1240.0,60760.0,25.306122448979593,49.0,0,0,1,0
C1098590_V01_F00006_b4e40289-1047-4d67-b054-f6f27bba1d3a.jpg,C,C1098590,yanghuatiepi,649.0,1647.0,679.0,1673.0,30.0,26.0,780.0,1.1538461538461537,26.0,0,0,0,0
C1098590_V01_F00007_9a62e988-3510-442a-8ec8-42f474c21531.jpg,C,C1098590,zonglie,2458.0,1.0,2499.0,245.0,41.0,244.0,10004.0,5.951219512195122,41.0,0,0,1,1
C1098591_V01_F00010_1940c9e7-4b1b-4cc0-88ff-804a4748e9b5.jpg,C,C1098591,zonglie,2416.0,1.0,2478.0,918.0,62.0,917.0,56854.0,14.790322580645162,62.0,0,0,1,1
C1098591_V01_F00010_1940c9e7-4b1b-4cc0-88ff-804a4748e9b5.jpg,C,C1098591,zonglie,2425.0,1228.0,2479.0,1922.0,54.0,694.0,37476.0,12.851851851851851,54.0,0,0,1,0
C1098591_V01_F00010_1940c9e7-4b1b-4cc0-88ff-804a4748e9b5.jpg,C,C1098591,zonglie,2428.0,1939.0,2480.0,2422.0,52.0,483.0,25116.0,9.288461538461538,52.0,0,0,1,0
C1098591_V01_F00010_1940c9e7-4b1b-4cc0-88ff-804a4748e9b5.jpg,C,C1098591,zonglie,2429.0,2565.0,2476.0,3000.0,47.0,435.0,20445.0,9.25531914893617,47.0,0,0,1,1
C1098591_V01_F00012_0d163970-112d-4b8d-bb8c-3a90236732d0.jpg,C,C1098591,zonglie,2425.0,1.0,2470.0,805.0,45.0,804.0,36180.0,17.866666666666667,45.0,0,0,1,1
C1098591_V01_F00012_0d163970-112d-4b8d-bb8c-3a90236732d0.jpg,C,C1098591,zonglie,2436.0,828.0,2474.0,1137.0,38.0,309.0,11742.0,8.131578947368421,38.0,0,0,1,0
C1098591_V01_F00012_0d163970-112d-4b8d-bb8c-3a90236732d0.jpg,C,C1098591,zonglie,2434.0,1170.0,2474.0,1823.0,40.0,653.0,26120.0,16.325,40.0,0,0,1,0
C1098591_V01_F00012_0d163970-112d-4b8d-bb8c-3a90236732d0.jpg,C,C1098591,zonglie,2434.0,2108.0,2480.0,2344.0,46.0,236.0,10856.0,5.130434782608695,46.0,0,0,1,0
C1098591_V01_F00012_0d163970-112d-4b8d-bb8c-3a90236732d0.jpg,C,C1098591,zonglie,2440.0,2486.0,2479.0,3000.0,39.0,514.0,20046.0,13.179487179487179,39.0,0,0,1,1
C1098641_V01_F00001_80f1af88-87cd-4641-9d97-e12c1a59a430.jpg,C,C1098641,zonglie,2951.0,1449.0,3006.0,1861.0,55.0,412.0,22660.0,7.490909090909091,55.0,0,0,1,0
C1098641_V01_F00001_80f1af88-87cd-4641-9d97-e12c1a59a430.jpg,C,C1098641,zonglie,2963.0,1917.0,3006.0,2207.0,43.0,290.0,12470.0,6.744186046511628,43.0,0,0,1,0
C1101762_V01_F00007_dd73d406-cc57-4aa1-89a0-07a01d74fc51.jpg,C,C1101762,zonglie,3005.0,692.0,3081.0,3000.0,76.0,2308.0,175408.0,30.36842105263158,76.0,0,0,1,1
C1101762_V01_F00007_dd73d406-cc57-4aa1-89a0-07a01d74fc51.jpg,C,C1101762,jiaza,3009.0,208.0,3063.0,490.0,54.0,282.0,15228.0,5.222222222222222,54.0,0,0,1,0
C1103594_V02_F00001_d57fb1c9-ccb1-4170-b2e4-dc19f7c6fac6.jpg,C,C1103594,jieba,1704.0,2072.0,1811.0,2341.0,107.0,269.0,28783.0,2.514018691588785,107.0,0,0,0,0
C1103665_V01_F00001_f7565d47-e361-4feb-b818-bb717d0d7141.jpg,C,C1103665,jieba,3823.0,2704.0,3885.0,2783.0,62.0,79.0,4898.0,1.2741935483870968,62.0,0,0,0,0
C1103665_V02_F00003_d056b7fd-a55e-4744-900f-ee7a22e30d1d.jpg,C,C1103665,jieba,1812.0,2538.0,1904.0,2583.0,92.0,45.0,4140.0,2.0444444444444443,45.0,0,0,0,0
C1103665_V02_F00003_d056b7fd-a55e-4744-900f-ee7a22e30d1d.jpg,C,C1103665,jieba,9.0,1515.0,70.0,1570.0,61.0,55.0,3355.0,1.1090909090909091,55.0,0,0,0,1
C1103717_V02_F00004_2c5f82cc-ae85-4161-8883-e8a5986d6650.jpg,C,C1103717,yiwuyaru,3293.0,1421.0,3422.0,1451.0,129.0,30.0,3870.0,4.3,30.0,0,0,0,0
C1103980_V13_F00000_40a308ab-85e7-47f7-a59e-5938cca56cff.jpg,C,C1103980,jieba,2399.0,2465.0,2556.0,2628.0,157.0,163.0,25591.0,1.0382165605095541,157.0,0,0,0,0
C1103980_V13_F00000_40a308ab-85e7-47f7-a59e-5938cca56cff.jpg,C,C1103980,jieba,1227.0,2917.0,1295.0,3000.0,68.0,83.0,5644.0,1.2205882352941178,68.0,0,0,0,1
C1104076_V02_F00002_a35dfab5-a3f8-4a25-a5fd-c4a351a11101.jpg,C,C1104076,yiwuyaru,3210.0,1779.0,3347.0,1826.0,137.0,47.0,6439.0,2.9148936170212765,47.0,0,0,0,0
C1104224_V02_F00006_808573dd-3b7a-4ddc-aa77-c98e6c849a2f.jpg,C,C1104224,zonglie,1144.0,1.0,1202.0,1455.0,58.0,1454.0,84332.0,25.06896551724138,58.0,0,0,1,1
C1104225_V00_F00003_23f7f13a-3bac-4823-a8d0-70d432751cf9.jpg,C,C1104225,jieba,3421.0,550.0,3504.0,666.0,83.0,116.0,9628.0,1.3975903614457832,83.0,0,0,0,0
C1104278_V01_F00006_6dc1704f-830a-4e64-b7eb-0b1e663e0e92.jpg,C,C1104278,yiwuyaru,3694.0,2064.0,3926.0,2347.0,232.0,283.0,65656.0,1.2198275862068966,232.0,0,0,0,0
C1104278_V02_F00006_ce8c29a8-a645-436e-9814-08484c3b55b5.jpg,C,C1104278,yiwuyaru,272.0,2054.0,506.0,2329.0,234.0,275.0,64350.0,1.1752136752136753,234.0,0,0,0,0
C1104278_V02_F00006_ce8c29a8-a645-436e-9814-08484c3b55b5.jpg,C,C1104278,jieba,629.0,1644.0,654.0,1664.0,25.0,20.0,500.0,1.25,20.0,0,0,0,0
C1104325_V00_F00001_c7f6e684-6869-47df-af4e-c540249c2b6b.jpg,C,C1104325,yiwuyaru,2073.0,2138.0,2153.0,2222.0,80.0,84.0,6720.0,1.05,80.0,0,0,0,0
C1104325_V00_F00003_368ef035-4cee-4c46-8cf4-0e39f8a1ca0b.jpg,C,C1104325,yiwuyaru,3151.0,2871.0,3228.0,2936.0,77.0,65.0,5005.0,1.1846153846153846,65.0,0,0,0,0
C1104325_V00_F00003_368ef035-4cee-4c46-8cf4-0e39f8a1ca0b.jpg,C,C1104325,mamianmakeng,1206.0,601.0,1242.0,640.0,36.0,39.0,1404.0,1.0833333333333333,36.0,0,0,0,0
C1104325_V00_F00003_368ef035-4cee-4c46-8cf4-0e39f8a1ca0b.jpg,C,C1104325,mamianmakeng,1198.0,559.0,1236.0,585.0,38.0,26.0,988.0,1.4615384615384615,26.0,0,0,0,0
C1104325_V00_F00003_368ef035-4cee-4c46-8cf4-0e39f8a1ca0b.jpg,C,C1104325,mamianmakeng,3942.0,2735.0,3986.0,2775.0,44.0,40.0,1760.0,1.1,40.0,0,0,0,0
C1104325_V00_F00003_368ef035-4cee-4c46-8cf4-0e39f8a1ca0b.jpg,C,C1104325,mamianmakeng,3870.0,2789.0,3897.0,2805.0,27.0,16.0,432.0,1.6875,16.0,0,0,0,0
C1104402_V03_F00004_599d63ca-ad07-4c50-ba70-a383e20f91a8.jpg,C,C1104402,jieba,497.0,110.0,547.0,166.0,50.0,56.0,2800.0,1.12,50.0,0,0,0,0
C1104402_V03_F00004_599d63ca-ad07-4c50-ba70-a383e20f91a8.jpg,C,C1104402,jieba,584.0,111.0,620.0,483.0,36.0,372.0,13392.0,10.333333333333334,36.0,0,0,1,0
C1104478_V11_F00004_e444d087-bba1-4903-83ad-7151825e6af9.jpg,C,C1104478,yiwuyaru,1719.0,389.0,1803.0,466.0,84.0,77.0,6468.0,1.0909090909090908,77.0,0,0,0,0
C1104611_V00_F00001_4f85eecf-5601-4c1e-99b7-2d0c6349629d.jpg,C,C1104611,mamianmakeng,1641.0,1034.0,1676.0,1081.0,35.0,47.0,1645.0,1.3428571428571427,35.0,0,0,0,0
C1104611_V00_F00001_4f85eecf-5601-4c1e-99b7-2d0c6349629d.jpg,C,C1104611,jieba,897.0,732.0,939.0,1038.0,42.0,306.0,12852.0,7.285714285714286,42.0,0,0,1,0
C1104611_V00_F00001_4f85eecf-5601-4c1e-99b7-2d0c6349629d.jpg,C,C1104611,jieba,897.0,1134.0,918.0,1293.0,21.0,159.0,3339.0,7.571428571428571,21.0,0,0,1,0
C1104611_V00_F00001_4f85eecf-5601-4c1e-99b7-2d0c6349629d.jpg,C,C1104611,jieba,2854.0,733.0,2874.0,760.0,20.0,27.0,540.0,1.35,20.0,0,0,0,0
C1104611_V01_F00002_d6922eca-c557-4699-b56e-93735deeeb84.jpg,C,C1104611,yiwuyaru,1293.0,1043.0,1370.0,1148.0,77.0,105.0,8085.0,1.3636363636363635,77.0,0,0,0,0
C1104611_V01_F00002_d6922eca-c557-4699-b56e-93735deeeb84.jpg,C,C1104611,gunyin,2052.0,876.0,2212.0,917.0,160.0,41.0,6560.0,3.902439024390244,41.0,0,0,0,0
C1104613_V11_F00001_597ed6ee-4d46-4c41-bdbb-840bd1e2010c.jpg,C,C1104613,jieba,2579.0,1519.0,2622.0,1603.0,43.0,84.0,3612.0,1.9534883720930232,43.0,0,0,0,0
C1104613_V11_F00001_597ed6ee-4d46-4c41-bdbb-840bd1e2010c.jpg,C,C1104613,yiwuyaru,2525.0,1619.0,2582.0,1692.0,57.0,73.0,4161.0,1.280701754385965,57.0,0,0,0,0
C1104648_V01_F00002_aee9e4cb-decd-4c75-8765-a7307c08f574.jpg,C,C1104648,yiwuyaru,949.0,1108.0,1088.0,1252.0,139.0,144.0,20016.0,1.0359712230215827,139.0,0,0,0,0
C1104648_V01_F00002_aee9e4cb-decd-4c75-8765-a7307c08f574.jpg,C,C1104648,yiwuyaru,2499.0,1194.0,2561.0,1272.0,62.0,78.0,4836.0,1.2580645161290323,62.0,0,0,0,0
C1104648_V01_F00002_aee9e4cb-decd-4c75-8765-a7307c08f574.jpg,C,C1104648,yiwuyaru,179.0,1233.0,209.0,1272.0,30.0,39.0,1170.0,1.3,30.0,0,0,0,0
C1104648_V01_F00002_aee9e4cb-decd-4c75-8765-a7307c08f574.jpg,C,C1104648,yiwuyaru,1448.0,1272.0,1475.0,1302.0,27.0,30.0,810.0,1.1111111111111112,27.0,0,0,0,0
C1104648_V01_F00002_aee9e4cb-decd-4c75-8765-a7307c08f574.jpg,C,C1104648,jieba,3827.0,1249.0,3853.0,1278.0,26.0,29.0,754.0,1.1153846153846154,26.0,0,0,0,0
C1104691_V00_F00001_853c9ea5-bd5f-4c46-8209-14f3c99f78f7.jpg,C,C1104691,jieba,2004.0,1929.0,2176.0,2042.0,172.0,113.0,19436.0,1.5221238938053097,113.0,0,0,0,0
C1104694_V02_F00001_3dc181a7-0a98-4ed7-8804-19819482588a.jpg,C,C1104694,yiwuyaru,1342.0,1835.0,1465.0,1965.0,123.0,130.0,15990.0,1.056910569105691,123.0,0,0,0,0
C1104694_V12_F00009_e932e8b9-ed12-4686-ba5d-19ede6b14abb.jpg,C,C1104694,yiwuyaru,3319.0,2108.0,3398.0,2324.0,79.0,216.0,17064.0,2.7341772151898733,79.0,0,0,0,0
C1104733_V00_F00000_989a5d3d-d107-4c5e-905c-af7cda8ad91d.jpg,C,C1104733,jieba,885.0,2279.0,960.0,2377.0,75.0,98.0,7350.0,1.3066666666666666,75.0,0,0,0,0
C1104738_V01_F00001_e4b58cf9-dad9-4230-8bdb-e1da17e0faaf.jpg,C,C1104738,yiwuyaru,3275.0,2590.0,3383.0,2703.0,108.0,113.0,12204.0,1.0462962962962963,108.0,0,0,0,0
C1104761_V01_F00006_e5cf70c1-bdaa-45eb-b3b0-3f38b5daa854.jpg,C,C1104761,zonglie,2248.0,2300.0,2302.0,3000.0,54.0,700.0,37800.0,12.962962962962964,54.0,0,0,1,1
C1104761_V01_F00008_d216d580-72ef-4657-8e77-c43015103867.jpg,C,C1104761,zonglie,2255.0,1670.0,2305.0,2807.0,50.0,1137.0,56850.0,22.74,50.0,0,0,1,0
C1104761_V01_F00008_d216d580-72ef-4657-8e77-c43015103867.jpg,C,C1104761,zonglie,2251.0,1.0,2341.0,1516.0,90.0,1515.0,136350.0,16.833333333333332,90.0,0,0,1,1
C1104761_V01_F00008_d216d580-72ef-4657-8e77-c43015103867.jpg,C,C1104761,zonglie,2295.0,1484.0,2342.0,1693.0,47.0,209.0,9823.0,4.446808510638298,47.0,0,0,0,0
C1104761_V01_F00008_d216d580-72ef-4657-8e77-c43015103867.jpg,C,C1104761,zonglie,2318.0,2804.0,2344.0,3000.0,26.0,196.0,5096.0,7.538461538461538,26.0,0,0,1,1
C1104873_V02_F00005_dab7e0bf-539a-4051-8618-876dd43f4641.jpg,C,C1104873,yiwuyaru,2412.0,1292.0,2523.0,1347.0,111.0,55.0,6105.0,2.018181818181818,55.0,0,0,0,0
C1109514_V02_F00006_6d2472d9-adfc-45ef-9c16-95daa040f141.jpg,C,C1109514,jieba,3334.0,1.0,3632.0,224.0,298.0,223.0,66454.0,1.336322869955157,223.0,0,0,0,1
C1109532_V00_F00000_425d51b0-8981-461f-a43f-f4c51598f9da.jpg,C,C1109532,jieba,919.0,2346.0,998.0,2475.0,79.0,129.0,10191.0,1.6329113924050633,79.0,0,0,0,0
C1109549_V00_F00002_e0910348-13a7-4f89-8874-ea49728a9a26.jpg,C,C1109549,yanghuatiepi,1847.0,39.0,1879.0,57.0,32.0,18.0,576.0,1.7777777777777777,18.0,0,0,0,0
C1109549_V00_F00002_e0910348-13a7-4f89-8874-ea49728a9a26.jpg,C,C1109549,mamianmakeng,2346.0,1746.0,2429.0,1810.0,83.0,64.0,5312.0,1.296875,64.0,0,0,0,0
C1109549_V02_F00005_f64305b7-85eb-4a53-9522-bb3511d9b225.jpg,C,C1109549,yiwuyaru,1559.0,2197.0,1610.0,2232.0,51.0,35.0,1785.0,1.457142857142857,35.0,0,0,0,0
C1109549_V02_F00005_f64305b7-85eb-4a53-9522-bb3511d9b225.jpg,C,C1109549,yiwuyaru,1603.0,1273.0,1654.0,1310.0,51.0,37.0,1887.0,1.3783783783783783,37.0,0,0,0,0
C1109549_V02_F00005_f64305b7-85eb-4a53-9522-bb3511d9b225.jpg,C,C1109549,yiwuyaru,1508.0,2180.0,1559.0,2214.0,51.0,34.0,1734.0,1.5,34.0,0,0,0,0
C1109556_V11_F00003_885486e1-6abb-4445-8896-d963343b001d.jpg,C,C1109556,yiwuyaru,1428.0,1093.0,1620.0,1254.0,192.0,161.0,30912.0,1.1925465838509317,161.0,0,0,0,0
C1109564_V01_F00005_c7795e4e-1b3e-48e7-b326-d37398e899e2.jpg,C,C1109564,yiwuyaru,3630.0,2338.0,3678.0,2420.0,48.0,82.0,3936.0,1.7083333333333333,48.0,0,0,0,0
C1109567_V02_F00005_fead8cfc-1c92-4e5e-ad71-383b536c2756.jpg,C,C1109567,yiwuyaru,3071.0,1262.0,3362.0,1361.0,291.0,99.0,28809.0,2.9393939393939394,99.0,0,0,0,0
C1109632_V13_F00001_99aefd6a-c2d3-4d7f-ad5a-8cee5a8119ea.jpg,C,C1109632,jieba,2799.0,1064.0,2989.0,1231.0,190.0,167.0,31730.0,1.1377245508982037,167.0,0,0,0,0
C1109632_V13_F00001_99aefd6a-c2d3-4d7f-ad5a-8cee5a8119ea.jpg,C,C1109632,jieba,1671.0,1190.0,1708.0,1249.0,37.0,59.0,2183.0,1.5945945945945945,37.0,0,0,0,0
C1109632_V13_F00001_99aefd6a-c2d3-4d7f-ad5a-8cee5a8119ea.jpg,C,C1109632,jieba,1947.0,1373.0,1990.0,1405.0,43.0,32.0,1376.0,1.34375,32.0,0,0,0,0
C1109632_V13_F00001_99aefd6a-c2d3-4d7f-ad5a-8cee5a8119ea.jpg,C,C1109632,jieba,2647.0,1099.0,2727.0,1162.0,80.0,63.0,5040.0,1.2698412698412698,63.0,0,0,0,0
C1109672_V10_F00000_aee158ae-b48a-4fba-b51f-6d3482a8a4b7.jpg,C,C1109672,jieba,2368.0,234.0,2433.0,288.0,65.0,54.0,3510.0,1.2037037037037037,54.0,0,0,0,0
C1109701_V01_F00009_2d722397-01f7-4e54-8bf9-07f5c59ed427.jpg,C,C1109701,zonglie,1447.0,226.0,1539.0,3000.0,92.0,2774.0,255208.0,30.152173913043477,92.0,0,0,1,1
C1109701_V01_F00011_4d8e75d4-484d-4f1b-a42e-1ebf65638808.jpg,C,C1109701,zonglie,1465.0,0.0,1550.0,1515.0,85.0,1515.0,128775.0,17.823529411764707,85.0,0,0,1,1
C1109701_V01_F00011_4d8e75d4-484d-4f1b-a42e-1ebf65638808.jpg,C,C1109701,zonglie,1479.0,1484.0,1557.0,3000.0,78.0,1516.0,118248.0,19.435897435897434,78.0,0,0,1,1
C1109701_V01_F00011_4d8e75d4-484d-4f1b-a42e-1ebf65638808.jpg,C,C1109701,yanghuatiepi,3065.0,74.0,3087.0,94.0,22.0,20.0,440.0,1.1,20.0,0,0,0,0
C1109701_V01_F00012_5d20753b-9078-472c-ab89-85ad0310551f.jpg,C,C1109701,zonglie,1507.0,1.0,1549.0,341.0,42.0,340.0,14280.0,8.095238095238095,42.0,0,0,1,1
C1109702_V01_F00001_e5773398-0046-4041-9eff-44f24d1cbdab.jpg,C,C1109702,yanghuatiepi,2720.0,549.0,2750.0,576.0,30.0,27.0,810.0,1.1111111111111112,27.0,0,0,0,0
C1109702_V01_F00001_e5773398-0046-4041-9eff-44f24d1cbdab.jpg,C,C1109702,yanghuatiepi,59.0,1215.0,92.0,1230.0,33.0,15.0,495.0,2.2,15.0,1,0,0,0
C1109702_V01_F00001_e5773398-0046-4041-9eff-44f24d1cbdab.jpg,C,C1109702,zonglie,1426.0,0.0,1501.0,1514.0,75.0,1514.0,113550.0,20.186666666666667,75.0,0,0,1,1
C1109702_V01_F00001_e5773398-0046-4041-9eff-44f24d1cbdab.jpg,C,C1109702,zonglie,1428.0,1484.0,1499.0,3000.0,71.0,1516.0,107636.0,21.35211267605634,71.0,0,0,1,1
C1109702_V01_F00003_4563735e-483f-41b1-99c5-e828f994f285.jpg,C,C1109702,zonglie,1422.0,1.0,1500.0,2981.0,78.0,2980.0,232440.0,38.205128205128204,78.0,0,0,1,1
C1109702_V01_F00004_e12f9990-944d-4656-b619-5128588d1c21.jpg,C,C1109702,zonglie,1353.0,2036.0,1450.0,2983.0,97.0,947.0,91859.0,9.762886597938145,97.0,0,0,1,0
C1109702_V01_F00004_e12f9990-944d-4656-b619-5128588d1c21.jpg,C,C1109702,zonglie,1375.0,1793.0,1483.0,2084.0,108.0,291.0,31428.0,2.6944444444444446,108.0,0,0,0,0
C1109702_V01_F00004_e12f9990-944d-4656-b619-5128588d1c21.jpg,C,C1109702,zonglie,1443.0,1.0,1505.0,1756.0,62.0,1755.0,108810.0,28.306451612903224,62.0,0,0,1,1
C1109702_V01_F00006_05a8ed5a-a52a-4676-9c0d-3fb316772cfc.jpg,C,C1109702,zonglie,1324.0,1.0,1383.0,1515.0,59.0,1514.0,89326.0,25.661016949152543,59.0,0,0,1,1
C1109702_V01_F00006_05a8ed5a-a52a-4676-9c0d-3fb316772cfc.jpg,C,C1109702,zonglie,1317.0,1484.0,1382.0,2991.0,65.0,1507.0,97955.0,23.184615384615384,65.0,0,0,1,1
C1109702_V01_F00007_105a6ae0-9e6e-4f09-9ba2-90af1c6f7209.jpg,C,C1109702,zonglie,1365.0,1.0,1418.0,1938.0,53.0,1937.0,102661.0,36.54716981132076,53.0,0,0,1,1
C1109977_V11_F00001_cff13a64-17d0-4ef3-adc0-95637a2c7398.jpg,C,C1109977,yiwuyaru,1286.0,633.0,1309.0,753.0,23.0,120.0,2760.0,5.217391304347826,23.0,0,0,1,0
C1109988_V02_F00012_8bc2ba23-b597-4ac1-b7e4-8c839f60e125.jpg,C,C1109988,yiwuyaru,1601.0,541.0,1705.0,864.0,104.0,323.0,33592.0,3.105769230769231,104.0,0,0,0,0
C1110103_V02_F00007_89a0dc57-84cc-4633-951a-756f215bd653.jpg,C,C1110103,yiwuyaru,1949.0,1448.0,2014.0,1515.0,65.0,67.0,4355.0,1.0307692307692307,65.0,0,0,0,0
C1110182_V13_F00008_f651c16e-fd66-4545-b03b-6549fbc8c6a6.jpg,C,C1110182,jieba,2226.0,772.0,2294.0,857.0,68.0,85.0,5780.0,1.25,68.0,0,0,0,0
C1110259_V00_F00004_d03c919e-7457-42e5-a732-2d1f73477c23.jpg,C,C1110259,yanghuatiepi,2749.0,1109.0,2768.0,1124.0,19.0,15.0,285.0,1.2666666666666666,15.0,1,0,0,0
C1110259_V00_F00004_d03c919e-7457-42e5-a732-2d1f73477c23.jpg,C,C1110259,yiwuyaru,2500.0,2637.0,2564.0,2687.0,64.0,50.0,3200.0,1.28,50.0,0,0,0,0
C1110279_V03_F00001_e3a366b8-7da0-44d6-b9e6-cf892f204449.jpg,C,C1110279,yanghuatiepi,445.0,188.0,498.0,273.0,53.0,85.0,4505.0,1.6037735849056605,53.0,0,0,0,0
C1110279_V03_F00001_e3a366b8-7da0-44d6-b9e6-cf892f204449.jpg,C,C1110279,yiwuyaru,366.0,382.0,417.0,442.0,51.0,60.0,3060.0,1.1764705882352942,51.0,0,0,0,0
C1110315_V01_F00002_cc4e7e48-b0b1-46fe-996a-75afff017949.jpg,C,C1110315,yiwuyaru,3021.0,1245.0,3138.0,1350.0,117.0,105.0,12285.0,1.1142857142857143,105.0,0,0,0,0
C1110318_V02_F00001_f39e862b-34d0-4d55-a4f7-bf8ca22db7d5.jpg,C,C1110318,yiwuyaru,701.0,1309.0,1177.0,1577.0,476.0,268.0,127568.0,1.7761194029850746,268.0,0,0,0,0
C1110379_V13_F00000_96579f1f-afe2-4704-895e-561d42755793.jpg,C,C1110379,jieba,2894.0,2600.0,2943.0,2643.0,49.0,43.0,2107.0,1.1395348837209303,43.0,0,0,0,0
C1110461_V02_F00005_b7e0cd45-a280-4ef0-b0b4-662db30716f5.jpg,C,C1110461,yiwuyaru,1401.0,2591.0,1466.0,2640.0,65.0,49.0,3185.0,1.3265306122448979,49.0,0,0,0,0
C1110698_V11_F00001_2abda4eb-4789-401d-98af-7e3f577f8476.jpg,C,C1110698,jieba,266.0,646.0,417.0,843.0,151.0,197.0,29747.0,1.304635761589404,151.0,0,0,0,0
C1110698_V11_F00001_2abda4eb-4789-401d-98af-7e3f577f8476.jpg,C,C1110698,jieba,718.0,652.0,773.0,682.0,55.0,30.0,1650.0,1.8333333333333333,30.0,0,0,0,0
C1110698_V11_F00001_2abda4eb-4789-401d-98af-7e3f577f8476.jpg,C,C1110698,jieba,260.0,842.0,298.0,939.0,38.0,97.0,3686.0,2.5526315789473686,38.0,0,0,0,0
C1110698_V11_F00001_2abda4eb-4789-401d-98af-7e3f577f8476.jpg,C,C1110698,jieba,272.0,1012.0,302.0,1105.0,30.0,93.0,2790.0,3.1,30.0,0,0,0,0
C1110746_V01_F00002_aeee404f-eb97-42ef-b9c1-5e6e631638a5.jpg,C,C1110746,jieba,2156.0,858.0,2246.0,925.0,90.0,67.0,6030.0,1.3432835820895523,67.0,0,0,0,0
C1110746_V01_F00002_aeee404f-eb97-42ef-b9c1-5e6e631638a5.jpg,C,C1110746,jieba,1759.0,936.0,1801.0,958.0,42.0,22.0,924.0,1.9090909090909092,22.0,0,0,0,0
C1110746_V01_F00002_aeee404f-eb97-42ef-b9c1-5e6e631638a5.jpg,C,C1110746,jieba,3042.0,41.0,3087.0,68.0,45.0,27.0,1215.0,1.6666666666666667,27.0,0,0,0,0
C1110807_V01_F00004_0151808f-741c-4130-bf48-f31d4cb90000.jpg,C,C1110807,yanghuatiepi,1236.0,191.0,1276.0,222.0,40.0,31.0,1240.0,1.2903225806451613,31.0,0,0,0,0
C1110807_V01_F00004_0151808f-741c-4130-bf48-f31d4cb90000.jpg,C,C1110807,zonglie,2490.0,995.0,2586.0,2999.0,96.0,2004.0,192384.0,20.875,96.0,0,0,1,1
C1110807_V01_F00004_0151808f-741c-4130-bf48-f31d4cb90000.jpg,C,C1110807,zonglie,2512.0,1.0,2588.0,923.0,76.0,922.0,70072.0,12.131578947368421,76.0,0,0,1,1
C1110808_V01_F00002_ab96413d-636d-4420-b77c-88ae973f2e82.jpg,C,C1110808,yanghuatiepi,44.0,968.0,65.0,1002.0,21.0,34.0,714.0,1.619047619047619,21.0,0,0,0,0
C1110808_V01_F00002_ab96413d-636d-4420-b77c-88ae973f2e82.jpg,C,C1110808,yanghuatiepi,1050.0,0.0,1106.0,39.0,56.0,39.0,2184.0,1.435897435897436,39.0,0,0,0,1
C1110808_V01_F00002_ab96413d-636d-4420-b77c-88ae973f2e82.jpg,C,C1110808,yanghuatiepi,3518.0,1050.0,3558.0,1078.0,40.0,28.0,1120.0,1.4285714285714286,28.0,0,0,0,0
C1110808_V01_F00002_ab96413d-636d-4420-b77c-88ae973f2e82.jpg,C,C1110808,zonglie,2436.0,1484.0,2519.0,2996.0,83.0,1512.0,125496.0,18.216867469879517,83.0,0,0,1,1
C1110808_V01_F00002_ab96413d-636d-4420-b77c-88ae973f2e82.jpg,C,C1110808,zonglie,2434.0,0.0,2510.0,1514.0,76.0,1514.0,115064.0,19.92105263157895,76.0,0,0,1,1
C1110808_V01_F00006_7c53c24f-e96c-40fa-9369-420e171dbf9f.jpg,C,C1110808,yanghuatiepi,3437.0,2119.0,3490.0,2171.0,53.0,52.0,2756.0,1.0192307692307692,52.0,0,0,0,0
C1110808_V01_F00006_7c53c24f-e96c-40fa-9369-420e171dbf9f.jpg,C,C1110808,yanghuatiepi,853.0,1404.0,890.0,1428.0,37.0,24.0,888.0,1.5416666666666667,24.0,0,0,0,0
C1110808_V01_F00006_7c53c24f-e96c-40fa-9369-420e171dbf9f.jpg,C,C1110808,yanghuatiepi,1309.0,2201.0,1362.0,2235.0,53.0,34.0,1802.0,1.5588235294117647,34.0,0,0,0,0
C1110808_V01_F00006_7c53c24f-e96c-40fa-9369-420e171dbf9f.jpg,C,C1110808,zonglie,2492.0,1482.0,2582.0,2905.0,90.0,1423.0,128070.0,15.811111111111112,90.0,0,0,1,0
C1110808_V01_F00006_7c53c24f-e96c-40fa-9369-420e171dbf9f.jpg,C,C1110808,zonglie,2475.0,0.0,2560.0,1514.0,85.0,1514.0,128690.0,17.811764705882354,85.0,0,0,1,1
C1111005_V02_F00003_62267d65-e517-4c4c-bfd4-e566e29bed26.jpg,C,C1111005,mamianmakeng,1659.0,2146.0,1710.0,2189.0,51.0,43.0,2193.0,1.186046511627907,43.0,0,0,0,0
C1111104_V01_F00005_f5cb5003-1b0a-4258-a40e-b31a165b68ca.jpg,C,C1111104,mamianmakeng,3657.0,1341.0,3706.0,1388.0,49.0,47.0,2303.0,1.0425531914893618,47.0,0,0,0,0
C1111280_V02_F00007_b2550ea2-f928-4779-b018-2020e957195e.jpg,C,C1111280,mamianmakeng,1124.0,668.0,1210.0,746.0,86.0,78.0,6708.0,1.1025641025641026,78.0,0,0,0,0
C1111280_V02_F00010_a791641e-5b3b-40d6-b7f2-a8de25410b03.jpg,C,C1111280,mamianmakeng,759.0,647.0,838.0,699.0,79.0,52.0,4108.0,1.5192307692307692,52.0,0,0,0,0
C1111298_V00_F00012_490ae05c-6026-4540-900d-c5a76c31abbc.jpg,C,C1111298,mamianmakeng,3634.0,1256.0,3721.0,1351.0,87.0,95.0,8265.0,1.0919540229885059,87.0,0,0,0,0
C1111298_V01_F00012_2c1d66e9-53e3-43d6-95e3-922745135228.jpg,C,C1111298,mamianmakeng,227.0,1269.0,289.0,1352.0,62.0,83.0,5146.0,1.3387096774193548,62.0,0,0,0,0
C1111298_V01_F00012_2c1d66e9-53e3-43d6-95e3-922745135228.jpg,C,C1111298,yanghuatiepi,1838.0,2131.0,1894.0,2167.0,56.0,36.0,2016.0,1.5555555555555556,36.0,0,0,0,0
C1111299_V02_F00003_a5b3fe3a-f372-4308-a82b-4ee9e5184ac2.jpg,C,C1111299,mamianmakeng,593.0,764.0,677.0,825.0,84.0,61.0,5124.0,1.3770491803278688,61.0,0,0,0,0
C1111317_V13_F00000_5c77b1b6-7683-4402-976d-aa538bff7cb1.jpg,C,C1111317,jieba,2916.0,2480.0,2999.0,2588.0,83.0,108.0,8964.0,1.3012048192771084,83.0,0,0,0,0
C1111317_V13_F00000_5c77b1b6-7683-4402-976d-aa538bff7cb1.jpg,C,C1111317,jieba,1699.0,2831.0,1726.0,2870.0,27.0,39.0,1053.0,1.4444444444444444,27.0,0,0,0,0
C1111437_V02_F00009_74d54169-0ba9-46d4-9686-77324adfef1b.jpg,C,C1111437,yiwuyaru,1954.0,1966.0,1997.0,2023.0,43.0,57.0,2451.0,1.3255813953488371,43.0,0,0,0,0
C1111437_V02_F00009_74d54169-0ba9-46d4-9686-77324adfef1b.jpg,C,C1111437,yiwuyaru,2028.0,2069.0,2042.0,2088.0,14.0,19.0,266.0,1.3571428571428572,14.0,1,0,0,0
C1111437_V02_F00009_74d54169-0ba9-46d4-9686-77324adfef1b.jpg,C,C1111437,yiwuyaru,2056.0,2113.0,2079.0,2136.0,23.0,23.0,529.0,1.0,23.0,0,0,0,0
C1111437_V10_F00001_282afe7a-4f6f-4229-87ca-796d94ab70e1.jpg,C,C1111437,jieba,1615.0,465.0,1645.0,505.0,30.0,40.0,1200.0,1.3333333333333333,30.0,0,0,0,0
C1111452_V00_F00003_09162d72-d291-4692-a774-8a22975ef4e4.jpg,C,C1111452,jieba,1173.0,231.0,1211.0,274.0,38.0,43.0,1634.0,1.131578947368421,38.0,0,0,0,0
C1111463_V01_F00009_432cc8bf-17b9-4017-9a5f-ca59013cce48.jpg,C,C1111463,yiwuyaru,2798.0,366.0,2875.0,420.0,77.0,54.0,4158.0,1.4259259259259258,54.0,0,0,0,0
C1111487_V00_F00010_455d7460-550e-4cf8-a535-ca4f209823ca.jpg,C,C1111487,zonglie,3584.0,1.0,3632.0,547.0,48.0,546.0,26208.0,11.375,48.0,0,0,1,1
C1111487_V10_F00004_11a18cc9-b873-4694-a80d-79342ded1737.jpg,C,C1111487,yiwuyaru,3562.0,0.0,3629.0,266.0,67.0,266.0,17822.0,3.970149253731343,67.0,0,0,0,1
C1111487_V10_F00004_11a18cc9-b873-4694-a80d-79342ded1737.jpg,C,C1111487,yiwuyaru,3584.0,2545.0,3651.0,2942.0,67.0,397.0,26599.0,5.925373134328358,67.0,0,0,1,0
C1111512_V13_F00000_eb917ed9-598b-4576-89fa-7db813716740.jpg,C,C1111512,jieba,2986.0,2295.0,3008.0,2330.0,22.0,35.0,770.0,1.5909090909090908,22.0,0,0,0,0
C1111512_V13_F00000_eb917ed9-598b-4576-89fa-7db813716740.jpg,C,C1111512,jieba,2974.0,2428.0,3006.0,2494.0,32.0,66.0,2112.0,2.0625,32.0,0,0,0,0
C1111512_V13_F00000_eb917ed9-598b-4576-89fa-7db813716740.jpg,C,C1111512,jieba,2981.0,2614.0,3002.0,2659.0,21.0,45.0,945.0,2.142857142857143,21.0,0,0,0,0
C1111512_V13_F00000_eb917ed9-598b-4576-89fa-7db813716740.jpg,C,C1111512,jieba,2978.0,2670.0,3004.0,2694.0,26.0,24.0,624.0,1.0833333333333333,24.0,0,0,0,0
C1111512_V13_F00000_eb917ed9-598b-4576-89fa-7db813716740.jpg,C,C1111512,jieba,2975.0,2741.0,3003.0,2809.0,28.0,68.0,1904.0,2.4285714285714284,28.0,0,0,0,0
C1111523_V10_F00002_9ca148bf-3a3f-4b3b-a727-89a269b0f725.jpg,C,C1111523,yiwuyaru,3820.0,275.0,3844.0,491.0,24.0,216.0,5184.0,9.0,24.0,0,0,1,0
C1111523_V10_F00002_9ca148bf-3a3f-4b3b-a727-89a269b0f725.jpg,C,C1111523,yiwuyaru,3812.0,2044.0,3847.0,2221.0,35.0,177.0,6195.0,5.057142857142857,35.0,0,0,1,0
C1111523_V10_F00002_9ca148bf-3a3f-4b3b-a727-89a269b0f725.jpg,C,C1111523,jieba,3795.0,1189.0,3820.0,1270.0,25.0,81.0,2025.0,3.24,25.0,0,0,0,0
C1111523_V10_F00009_1dc5ebfc-fb68-4356-8e07-c7a88834a822.jpg,C,C1111523,yiwuyaru,3793.0,1715.0,3845.0,2036.0,52.0,321.0,16692.0,6.173076923076923,52.0,0,0,1,0
C1111523_V11_F00004_8c1c593c-6a29-4f2e-9b8e-5ad75e0e9505.jpg,C,C1111523,yiwuyaru,833.0,2611.0,873.0,2928.0,40.0,317.0,12680.0,7.925,40.0,0,0,1,0
C1111523_V11_F00004_8c1c593c-6a29-4f2e-9b8e-5ad75e0e9505.jpg,C,C1111523,yiwuyaru,832.0,0.0,860.0,236.0,28.0,236.0,6608.0,8.428571428571429,28.0,0,0,1,1
C1111523_V11_F00009_cdca61a3-bc92-42ba-814c-82ff877152e0.jpg,C,C1111523,yiwuyaru,815.0,1685.0,863.0,2020.0,48.0,335.0,16080.0,6.979166666666667,48.0,0,0,1,0
C1111524_V11_F00002_8d6372dc-84b9-45ab-903f-312a7be86c3c.jpg,C,C1111524,yiwuyaru,841.0,180.0,895.0,379.0,54.0,199.0,10746.0,3.685185185185185,54.0,0,0,0,0
C1111524_V11_F00002_8d6372dc-84b9-45ab-903f-312a7be86c3c.jpg,C,C1111524,yiwuyaru,827.0,2203.0,857.0,2366.0,30.0,163.0,4890.0,5.433333333333334,30.0,0,0,1,0
C1111538_V00_F00010_a2da7a69-dc50-4ee0-82b0-82ac15f60de9.jpg,C,C1111538,mamianmakeng,1630.0,561.0,1686.0,618.0,56.0,57.0,3192.0,1.0178571428571428,56.0,0,0,0,0
C1111538_V00_F00010_a2da7a69-dc50-4ee0-82b0-82ac15f60de9.jpg,C,C1111538,yanghuatiepi,2808.0,2574.0,2829.0,2591.0,21.0,17.0,357.0,1.2352941176470589,17.0,0,0,0,0
C1111538_V00_F00010_a2da7a69-dc50-4ee0-82b0-82ac15f60de9.jpg,C,C1111538,yanghuatiepi,3014.0,1375.0,3036.0,1394.0,22.0,19.0,418.0,1.1578947368421053,19.0,0,0,0,0
C1111538_V00_F00010_a2da7a69-dc50-4ee0-82b0-82ac15f60de9.jpg,C,C1111538,yanghuatiepi,3416.0,1060.0,3437.0,1078.0,21.0,18.0,378.0,1.1666666666666667,18.0,0,0,0,0
C1111776_V00_F00001_f61ca677-5702-4ecc-ac77-93cdab73c443.jpg,C,C1111776,yanghuatiepi,1659.0,1693.0,1671.0,1713.0,12.0,20.0,240.0,1.6666666666666667,12.0,1,0,0,0
C1111776_V00_F00001_f61ca677-5702-4ecc-ac77-93cdab73c443.jpg,C,C1111776,yanghuatiepi,3804.0,1196.0,3843.0,1219.0,39.0,23.0,897.0,1.6956521739130435,23.0,0,0,0,0
C1111776_V00_F00001_f61ca677-5702-4ecc-ac77-93cdab73c443.jpg,C,C1111776,yanghuatiepi,2638.0,682.0,2658.0,697.0,20.0,15.0,300.0,1.3333333333333333,15.0,1,0,0,0
C1111776_V00_F00001_f61ca677-5702-4ecc-ac77-93cdab73c443.jpg,C,C1111776,mamianmakeng,3557.0,2155.0,3580.0,2210.0,23.0,55.0,1265.0,2.391304347826087,23.0,0,0,0,0
C1111776_V00_F00001_f61ca677-5702-4ecc-ac77-93cdab73c443.jpg,C,C1111776,mamianmakeng,3802.0,2399.0,3836.0,2434.0,34.0,35.0,1190.0,1.0294117647058822,34.0,0,0,0,0
C1112690_V02_F00008_d5152128-3a0c-471c-91cc-f2f7366f1311.jpg,C,C1112690,zonglie,1543.0,956.0,1570.0,1162.0,27.0,206.0,5562.0,7.62962962962963,27.0,0,0,1,0
C1112690_V02_F00008_d5152128-3a0c-471c-91cc-f2f7366f1311.jpg,C,C1112690,yiwuyaru,968.0,1992.0,1036.0,2129.0,68.0,137.0,9316.0,2.014705882352941,68.0,0,0,0,0
C1112690_V02_F00008_d5152128-3a0c-471c-91cc-f2f7366f1311.jpg,C,C1112690,yanghuatiepi,3370.0,1819.0,3388.0,1871.0,18.0,52.0,936.0,2.888888888888889,18.0,0,0,0,0
C1112712_V01_F00006_8ac816e7-0044-4d63-8653-92d15405ec45.jpg,C,C1112712,yiwuyaru,3216.0,49.0,3433.0,144.0,217.0,95.0,20615.0,2.2842105263157895,95.0,0,0,0,0
C1112716_V01_F00001_79b33a34-174c-4dd3-b473-b03052d760ff.jpg,C,C1112716,jieba,983.0,869.0,1018.0,906.0,35.0,37.0,1295.0,1.0571428571428572,35.0,0,0,0,0
C1112737_V03_F00004_7c5b70fa-aea1-490a-a923-f1e8ee4aecb4.jpg,C,C1112737,yiwuyaru,412.0,2782.0,443.0,2860.0,31.0,78.0,2418.0,2.5161290322580645,31.0,0,0,0,0
C1112746_V01_F00003_be534aaf-8a79-4dbe-a08f-d7e47bb28f3a.jpg,C,C1112746,zonglie,2118.0,1.0,2176.0,1077.0,58.0,1076.0,62408.0,18.551724137931036,58.0,0,0,1,1
C1112746_V01_F00003_be534aaf-8a79-4dbe-a08f-d7e47bb28f3a.jpg,C,C1112746,zonglie,2125.0,1160.0,2169.0,2448.0,44.0,1288.0,56672.0,29.272727272727273,44.0,0,0,1,0
C1112805_V02_F00013_3ab5fa1f-e609-44b6-acbc-3aab5a6a8e9e.jpg,C,C1112805,jieba,1287.0,205.0,1350.0,240.0,63.0,35.0,2205.0,1.8,35.0,0,0,0,0
C1112806_V10_F00007_4c018885-f799-4290-a5dc-162235f4940a.jpg,C,C1112806,jieba,2259.0,2933.0,2289.0,2976.0,30.0,43.0,1290.0,1.4333333333333333,30.0,0,0,0,0
C1112840_V01_F00002_d684e1da-2b4b-4172-9aab-4aeb87dba00c.jpg,C,C1112840,zonglie,2557.0,1599.0,2611.0,2462.0,54.0,863.0,46602.0,15.981481481481481,54.0,0,0,1,0
C1112840_V01_F00002_d684e1da-2b4b-4172-9aab-4aeb87dba00c.jpg,C,C1112840,zonglie,2561.0,1272.0,2596.0,1403.0,35.0,131.0,4585.0,3.742857142857143,35.0,0,0,0,0
C1112907_V00_F00006_36067822-fa64-41d5-b472-b39161889add.jpg,C,C1112907,jiaza,4035.0,1130.0,4096.0,1550.0,61.0,420.0,25620.0,6.885245901639344,61.0,0,0,1,1
C1112907_V01_F00006_bc6b175e-2930-46db-ab67-951cf3937af5.jpg,C,C1112907,jiaza,3272.0,1784.0,3317.0,1946.0,45.0,162.0,7290.0,3.6,45.0,0,0,0,0
C1112907_V01_F00006_bc6b175e-2930-46db-ab67-951cf3937af5.jpg,C,C1112907,jiaza,620.0,1133.0,676.0,1550.0,56.0,417.0,23352.0,7.446428571428571,56.0,0,0,1,0
C1112907_V02_F00012_4067c79c-05d3-41d4-9542-edcac1162a97.jpg,C,C1112907,jiaza,992.0,291.0,1016.0,468.0,24.0,177.0,4248.0,7.375,24.0,0,0,1,0
C1112961_V00_F00001_95665408-6c67-4bdb-a8dc-560a669dcf02.jpg,C,C1112961,jieba,2697.0,1526.0,2736.0,1570.0,39.0,44.0,1716.0,1.1282051282051282,39.0,0,0,0,0
C1112973_V02_F00002_f9cb6f71-6dfd-4c88-bcce-25bea4c7a58c.jpg,C,C1112973,yiwuyaru,1412.0,107.0,1566.0,248.0,154.0,141.0,21714.0,1.0921985815602837,141.0,0,0,0,0
C1112996_V02_F00007_36aa876f-fd14-42d3-8b1b-2498c14f9ff4.jpg,C,C1112996,yanghuatiepi,820.0,2223.0,867.0,2283.0,47.0,60.0,2820.0,1.2765957446808511,47.0,0,0,0,0
C1112996_V02_F00007_36aa876f-fd14-42d3-8b1b-2498c14f9ff4.jpg,C,C1112996,yiwuyaru,2268.0,2874.0,2404.0,2954.0,136.0,80.0,10880.0,1.7,80.0,0,0,0,0
C1113004_V02_F00007_ddf0f57f-1ebc-4ff9-910f-575748ddde3b.jpg,C,C1113004,mamianmakeng,1106.0,983.0,1139.0,1006.0,33.0,23.0,759.0,1.434782608695652,23.0,0,0,0,0
C1113004_V02_F00007_ddf0f57f-1ebc-4ff9-910f-575748ddde3b.jpg,C,C1113004,mamianmakeng,590.0,1822.0,646.0,1870.0,56.0,48.0,2688.0,1.1666666666666667,48.0,0,0,0,0
C1113004_V02_F00007_ddf0f57f-1ebc-4ff9-910f-575748ddde3b.jpg,C,C1113004,mamianmakeng,808.0,1065.0,874.0,1109.0,66.0,44.0,2904.0,1.5,44.0,0,0,0,0
C1113006_V03_F00003_345f0da0-d0d0-4f86-b04a-2d851476d8af.jpg,C,C1113006,mamianmakeng,507.0,2499.0,576.0,2568.0,69.0,69.0,4761.0,1.0,69.0,0,0,0,0
C1113014_V01_F00011_572ceded-55b4-4cdb-97db-2588b5a8bb85.jpg,C,C1113014,yiwuyaru,2373.0,2517.0,2514.0,2705.0,141.0,188.0,26508.0,1.3333333333333333,141.0,0,0,0,0
C1113014_V01_F00011_572ceded-55b4-4cdb-97db-2588b5a8bb85.jpg,C,C1113014,yiwuyaru,3457.0,2326.0,3555.0,2424.0,98.0,98.0,9604.0,1.0,98.0,0,0,0,0
C1113610_V01_F00011_145d8c36-bf40-4e33-8605-1aabc34396be.jpg,C,C1113610,zonglie,3297.0,1.0,3351.0,1279.0,54.0,1278.0,69012.0,23.666666666666668,54.0,0,0,1,1
C1113907_V11_F00001_1888f57b-d6a9-4e0f-a9ee-136c853a521d.jpg,C,C1113907,jieba,2391.0,2473.0,2443.0,2636.0,52.0,163.0,8476.0,3.1346153846153846,52.0,0,0,0,0
C1113952_V00_F00010_044e9195-45b8-4b65-88f3-c90309c2d49e.jpg,C,C1113952,jieba,1493.0,2579.0,1514.0,2633.0,21.0,54.0,1134.0,2.5714285714285716,21.0,0,0,0,0
C1113952_V00_F00010_044e9195-45b8-4b65-88f3-c90309c2d49e.jpg,C,C1113952,jieba,1485.0,2200.0,1513.0,2251.0,28.0,51.0,1428.0,1.8214285714285714,28.0,0,0,0,0
C1113952_V00_F00010_044e9195-45b8-4b65-88f3-c90309c2d49e.jpg,C,C1113952,jieba,1470.0,1282.0,1496.0,1365.0,26.0,83.0,2158.0,3.1923076923076925,26.0,0,0,0,0
C1113952_V00_F00010_044e9195-45b8-4b65-88f3-c90309c2d49e.jpg,C,C1113952,jieba,1494.0,2968.0,1518.0,2997.0,24.0,29.0,696.0,1.2083333333333333,24.0,0,0,0,1
C1113952_V00_F00010_044e9195-45b8-4b65-88f3-c90309c2d49e.jpg,C,C1113952,jieba,1487.0,1935.0,1507.0,2014.0,20.0,79.0,1580.0,3.95,20.0,0,0,0,0
C1113952_V00_F00010_044e9195-45b8-4b65-88f3-c90309c2d49e.jpg,C,C1113952,jieba,1474.0,1417.0,1496.0,1458.0,22.0,41.0,902.0,1.8636363636363635,22.0,0,0,0,0
C1113952_V00_F00010_044e9195-45b8-4b65-88f3-c90309c2d49e.jpg,C,C1113952,jieba,1475.0,994.0,1494.0,1064.0,19.0,70.0,1330.0,3.6842105263157894,19.0,0,0,0,0
C1114100_V01_F00011_9fe96cb1-1fde-45ef-9bed-ffad4ab3d971.jpg,C,C1114100,yiwuyaru,3011.0,509.0,3260.0,1036.0,249.0,527.0,131223.0,2.1164658634538154,249.0,0,0,0,0
C1114173_V13_F00001_dafa55fa-87f8-48fc-8ac5-7455ebc8f86e.jpg,C,C1114173,jieba,2494.0,747.0,2597.0,884.0,103.0,137.0,14111.0,1.3300970873786409,103.0,0,0,0,0
C1114173_V13_F00001_dafa55fa-87f8-48fc-8ac5-7455ebc8f86e.jpg,C,C1114173,jieba,2813.0,1201.0,2976.0,1311.0,163.0,110.0,17930.0,1.481818181818182,110.0,0,0,0,0
C1114173_V13_F00001_dafa55fa-87f8-48fc-8ac5-7455ebc8f86e.jpg,C,C1114173,jieba,2952.0,1122.0,2978.0,1188.0,26.0,66.0,1716.0,2.5384615384615383,26.0,0,0,0,0
C1114209_V13_F00000_10b43632-b333-4997-945b-75306029b2f2.jpg,C,C1114209,jieba,2490.0,2786.0,2587.0,2898.0,97.0,112.0,10864.0,1.1546391752577319,97.0,0,0,0,0
C1114209_V13_F00000_10b43632-b333-4997-945b-75306029b2f2.jpg,C,C1114209,jieba,2710.0,2764.0,2806.0,2878.0,96.0,114.0,10944.0,1.1875,96.0,0,0,0,0
C1114246_V11_F00002_d94c8456-711c-4076-ae2f-9305632056aa.jpg,C,C1114246,yiwuyaru,804.0,392.0,851.0,536.0,47.0,144.0,6768.0,3.0638297872340425,47.0,0,0,0,0
C1114270_V02_F00010_2ece5839-c3af-4854-881d-ce6d697d60ec.jpg,C,C1114270,yiwuyaru,2490.0,1940.0,2546.0,1955.0,56.0,15.0,840.0,3.7333333333333334,15.0,1,0,0,0
C1114270_V02_F00010_2ece5839-c3af-4854-881d-ce6d697d60ec.jpg,C,C1114270,yiwuyaru,2394.0,2385.0,2493.0,2559.0,99.0,174.0,17226.0,1.7575757575757576,99.0,0,0,0,0
C1114275_V02_F00006_eecb0553-e805-4b2a-919d-fd3a6b1a1126.jpg,C,C1114275,yiwuyaru,2481.0,1079.0,2640.0,1388.0,159.0,309.0,49131.0,1.9433962264150944,159.0,0,0,0,0
C1114284_V12_F00032_9cb42838-6e5d-47c7-9c88-adb801528b27.jpg,C,C1114284,yiwuyaru,3742.0,928.0,3859.0,1100.0,117.0,172.0,20124.0,1.4700854700854702,117.0,0,0,0,0
C1114284_V13_F00032_51a12ace-94a5-4d06-a7e6-b050170db0ac.jpg,C,C1114284,yiwuyaru,793.0,921.0,908.0,1105.0,115.0,184.0,21160.0,1.6,115.0,0,0,0,0
C1114300_V01_F00002_67de1ca7-15c7-40b1-b528-c3aecb35682e.jpg,C,C1114300,yiwuyaru,1564.0,609.0,1617.0,697.0,53.0,88.0,4664.0,1.6603773584905661,53.0,0,0,0,0
C1114300_V01_F00002_67de1ca7-15c7-40b1-b528-c3aecb35682e.jpg,C,C1114300,jieba,2749.0,877.0,2833.0,907.0,84.0,30.0,2520.0,2.8,30.0,0,0,0,0
C1114300_V13_F00002_e8450b5e-7184-423e-ad51-b6ffa6e4ca53.jpg,C,C1114300,jieba,1868.0,855.0,1922.0,965.0,54.0,110.0,5940.0,2.037037037037037,54.0,0,0,0,0
C1114300_V13_F00002_e8450b5e-7184-423e-ad51-b6ffa6e4ca53.jpg,C,C1114300,jieba,307.0,297.0,342.0,367.0,35.0,70.0,2450.0,2.0,35.0,0,0,0,0
C1114301_V02_F00010_caa0bdc2-2453-4a31-97de-9c7dce3c2bf9.jpg,C,C1114301,jieba,690.0,740.0,738.0,787.0,48.0,47.0,2256.0,1.0212765957446808,47.0,0,0,0,0
C1114301_V02_F00010_caa0bdc2-2453-4a31-97de-9c7dce3c2bf9.jpg,C,C1114301,yiwuyaru,1482.0,1609.0,1524.0,1638.0,42.0,29.0,1218.0,1.4482758620689655,29.0,0,0,0,0
C1114305_V00_F00004_771b915c-95ea-4717-b773-05882c2c9c13.jpg,C,C1114305,yiwuyaru,2067.0,2581.0,2125.0,2624.0,58.0,43.0,2494.0,1.3488372093023255,43.0,0,0,0,0
C1114317_V03_F00007_df201d21-20d0-4c3c-9be2-1ce3e2a3d96d.jpg,C,C1114317,jieba,306.0,832.0,382.0,893.0,76.0,61.0,4636.0,1.2459016393442623,61.0,0,0,0,0
C1114317_V03_F00007_df201d21-20d0-4c3c-9be2-1ce3e2a3d96d.jpg,C,C1114317,jieba,250.0,911.0,300.0,962.0,50.0,51.0,2550.0,1.02,50.0,0,0,0,0
C1114335_V01_F00010_d23b134a-cd58-4cf3-b2d1-2465d70e756a.jpg,C,C1114335,zonglie,2071.0,1786.0,2122.0,2469.0,51.0,683.0,34833.0,13.392156862745098,51.0,0,0,1,0
C1114336_V01_F00012_5dde8587-bde1-4b71-95f3-9b998fc28280.jpg,C,C1114336,zonglie,2244.0,1.0,2334.0,3000.0,90.0,2999.0,269910.0,33.32222222222222,90.0,0,0,1,1
C1114336_V01_F00013_9c51f10d-4235-4568-9494-4545d824ed3f.jpg,C,C1114336,zonglie,2281.0,1.0,2366.0,1976.0,85.0,1975.0,167875.0,23.235294117647058,85.0,0,0,1,1
C1122549_V01_F00003_5187f101-3a86-47ec-82e1-3eab9a4573bf.jpg,C,C1122549,zonglie,2899.0,1.0,2961.0,1753.0,62.0,1752.0,108624.0,28.258064516129032,62.0,0,0,1,1
C1122549_V01_F00004_043c0266-fe55-4ddc-97e8-66c4d187d5ee.jpg,C,C1122549,zonglie,2914.0,1484.0,2974.0,3000.0,60.0,1516.0,90960.0,25.266666666666666,60.0,0,0,1,1
C1122549_V01_F00004_043c0266-fe55-4ddc-97e8-66c4d187d5ee.jpg,C,C1122549,zonglie,2923.0,523.0,2956.0,1416.0,33.0,893.0,29469.0,27.060606060606062,33.0,0,0,1,0
C1122549_V01_F00006_58bc1037-e904-42d1-8bdf-adef3c3aba0e.jpg,C,C1122549,zonglie,2940.0,1.0,2983.0,1131.0,43.0,1130.0,48590.0,26.27906976744186,43.0,0,0,1,1
C1122549_V01_F00006_58bc1037-e904-42d1-8bdf-adef3c3aba0e.jpg,C,C1122549,zonglie,2943.0,1638.0,2987.0,2471.0,44.0,833.0,36652.0,18.931818181818183,44.0,0,0,1,0
C1122863_V00_F00008_240f763c-d124-4c81-9f38-c089a61fd889.jpg,C,C1122863,gunyin,2828.0,851.0,2996.0,893.0,168.0,42.0,7056.0,4.0,42.0,0,0,0,0
C1122866_V00_F00001_59aa88ed-f671-4118-a777-ff7a22e7d696.jpg,C,C1122866,gunyin,2741.0,844.0,2911.0,888.0,170.0,44.0,7480.0,3.8636363636363638,44.0,0,0,0,0
C1122880_V00_F00005_1bd4152c-806e-44c6-a464-d620121486c4.jpg,C,C1122880,gunyin,2885.0,482.0,3048.0,523.0,163.0,41.0,6683.0,3.975609756097561,41.0,0,0,0,0
C1122880_V00_F00008_8ba32973-fed2-4c16-814d-601e84386948.jpg,C,C1122880,gunyin,2902.0,229.0,3066.0,269.0,164.0,40.0,6560.0,4.1,40.0,0,0,0,0
C1122884_V00_F00010_3b9c10b3-4fc0-46ea-b108-c37fe5b2a6a0.jpg,C,C1122884,gunyin,2882.0,853.0,3053.0,900.0,171.0,47.0,8037.0,3.6382978723404253,47.0,0,0,0,0
C1122885_V00_F00009_a2593b14-cf8f-4230-85c4-35fbdbfb6944.jpg,C,C1122885,gunyin,2887.0,1230.0,3050.0,1275.0,163.0,45.0,7335.0,3.6222222222222222,45.0,0,0,0,0
C1122886_V00_F00007_407c3adf-64d0-4f0c-8734-a2caa293dcf9.jpg,C,C1122886,gunyin,2895.0,1554.0,3059.0,1601.0,164.0,47.0,7708.0,3.4893617021276597,47.0,0,0,0,0
C1122924_V00_F00009_50caf2fb-a500-4a8a-a308-bba2cb03a277.jpg,C,C1122924,gunyin,3441.0,2190.0,3607.0,2240.0,166.0,50.0,8300.0,3.32,50.0,0,0,0,0
C1122946_V00_F00009_cd4b0e6d-e9ff-4adc-98b4-fdc17e4f36d6.jpg,C,C1122946,gunyin,2303.0,732.0,2467.0,781.0,164.0,49.0,8036.0,3.3469387755102042,49.0,0,0,0,0
C1122979_V00_F00001_d39b78ae-b922-41ac-b5ac-1f7203b22ba0.jpg,C,C1122979,gunyin,2751.0,835.0,2909.0,872.0,158.0,37.0,5846.0,4.27027027027027,37.0,0,0,0,0
C1123762_V02_F00007_48c800c1-16ad-4f8e-ac06-1634363f2e7b.jpg,C,C1123762,gunyin,3084.0,603.0,3140.0,633.0,56.0,30.0,1680.0,1.8666666666666667,30.0,0,0,0,0
C1123764_V02_F00005_b1d24eb1-8e7d-4e4e-a0e2-1a471d4b4f58.jpg,C,C1123764,gunyin,3138.0,2180.0,3194.0,2210.0,56.0,30.0,1680.0,1.8666666666666667,30.0,0,0,0,0
C1123764_V02_F00008_879129e4-22ec-473b-af11-142c8121083e.jpg,C,C1123764,gunyin,3150.0,1596.0,3207.0,1628.0,57.0,32.0,1824.0,1.78125,32.0,0,0,0,0
C1123764_V02_F00011_d55b4792-b11f-4a38-bfd1-6bd9fb088f25.jpg,C,C1123764,gunyin,3182.0,1050.0,3241.0,1082.0,59.0,32.0,1888.0,1.84375,32.0,0,0,0,0
C1123765_V02_F00003_0def98d0-cb63-45d3-a683-d9ad8260bf10.jpg,C,C1123765,gunyin,3152.0,1764.0,3205.0,1792.0,53.0,28.0,1484.0,1.8928571428571428,28.0,0,0,0,0
C1123765_V02_F00009_bd947d6c-9efe-4914-bd45-5f60dd7d87de.jpg,C,C1123765,gunyin,3190.0,597.0,3248.0,629.0,58.0,32.0,1856.0,1.8125,32.0,0,0,0,0
C1123766_V02_F00004_7eaeba98-7a23-422e-9aed-dbeeafe4fdd1.jpg,C,C1123766,gunyin,3199.0,504.0,3253.0,531.0,54.0,27.0,1458.0,2.0,27.0,0,0,0,0
C1123767_V02_F00011_6841c6ad-35ac-4131-8128-1d738385ed40.jpg,C,C1123767,gunyin,3200.0,802.0,3255.0,833.0,55.0,31.0,1705.0,1.7741935483870968,31.0,0,0,0,0
C1123768_V02_F00003_6fdc3bf5-a385-4257-90bd-fc93bee90f97.jpg,C,C1123768,gunyin,3147.0,1875.0,3201.0,1904.0,54.0,29.0,1566.0,1.8620689655172413,29.0,0,0,0,0
C1123768_V02_F00006_7f9c5cde-259a-4f4a-a64c-e66a65062760.jpg,C,C1123768,gunyin,3131.0,1271.0,3187.0,1300.0,56.0,29.0,1624.0,1.9310344827586208,29.0,0,0,0,0
C1123768_V02_F00009_4d79a9f3-2b26-4e96-9c70-12afc1e992ce.jpg,C,C1123768,gunyin,3142.0,711.0,3198.0,742.0,56.0,31.0,1736.0,1.8064516129032258,31.0,0,0,0,0
C1123769_V02_F00004_8e3e6fe4-035c-4835-b58b-cf4df312874a.jpg,C,C1123769,gunyin,3130.0,525.0,3187.0,556.0,57.0,31.0,1767.0,1.8387096774193548,31.0,0,0,0,0
C1123770_V02_F00005_4f27801c-c874-41bc-a299-c54fe323faa6.jpg,C,C1123770,gunyin,3150.0,1160.0,3206.0,1190.0,56.0,30.0,1680.0,1.8666666666666667,30.0,0,0,0,0
C1123772_V02_F00002_24b1a5ff-3505-4322-815f-56d2a31d5774.jpg,C,C1123772,gunyin,3196.0,1506.0,3248.0,1524.0,52.0,18.0,936.0,2.888888888888889,18.0,0,0,0,0
C1123773_V02_F00002_e62b0165-5f5b-4724-8e36-52a7d9098297.jpg,C,C1123773,gunyin,3200.0,1247.0,3258.0,1274.0,58.0,27.0,1566.0,2.1481481481481484,27.0,0,0,0,0
C1123775_V02_F00004_cc657caa-1ee2-401e-92e3-0b96c8c80199.jpg,C,C1123775,gunyin,3199.0,771.0,3259.0,803.0,60.0,32.0,1920.0,1.875,32.0,0,0,0,0
C1123776_V02_F00010_3be3efc4-7c69-414b-9b16-48b734774a82.jpg,C,C1123776,gunyin,3231.0,1473.0,3289.0,1505.0,58.0,32.0,1856.0,1.8125,32.0,0,0,0,0
C1123778_V02_F00005_41d63a75-2b9e-43f3-b737-3e27bb6132fc.jpg,C,C1123778,gunyin,3431.0,1914.0,3487.0,1945.0,56.0,31.0,1736.0,1.8064516129032258,31.0,0,0,0,0
C1123779_V02_F00003_67ac59ad-ef9a-4a51-bfa4-d2baa6307184.jpg,C,C1123779,gunyin,3368.0,2511.0,3426.0,2541.0,58.0,30.0,1740.0,1.9333333333333333,30.0,0,0,0,0
C1123785_V02_F00007_4d5ef61f-3769-4b2a-8b48-c42a7edd9417.jpg,C,C1123785,gunyin,3291.0,743.0,3350.0,776.0,59.0,33.0,1947.0,1.7878787878787878,33.0,0,0,0,0
C1123787_V02_F00008_3ac1d1da-20ec-427c-a0bd-b4966e601071.jpg,C,C1123787,gunyin,3406.0,815.0,3462.0,849.0,56.0,34.0,1904.0,1.6470588235294117,34.0,0,0,0,0
C1123789_V02_F00007_d83099d0-8196-4e2c-ba20-6b6292d907b8.jpg,C,C1123789,gunyin,3460.0,647.0,3517.0,677.0,57.0,30.0,1710.0,1.9,30.0,0,0,0,0
C1123789_V02_F00007_d83099d0-8196-4e2c-ba20-6b6292d907b8.jpg,C,C1123789,jieba,1502.0,766.0,1578.0,914.0,76.0,148.0,11248.0,1.9473684210526316,76.0,0,0,0,0
C1123789_V02_F00007_d83099d0-8196-4e2c-ba20-6b6292d907b8.jpg,C,C1123789,jieba,2060.0,865.0,2142.0,994.0,82.0,129.0,10578.0,1.5731707317073171,82.0,0,0,0,0
C1123789_V02_F00007_d83099d0-8196-4e2c-ba20-6b6292d907b8.jpg,C,C1123789,mamianmakeng,1548.0,1101.0,1585.0,1235.0,37.0,134.0,4958.0,3.6216216216216215,37.0,0,0,0,0
C1123790_V02_F00008_1afc3ccc-5f94-4f5f-b75b-648ccdf41e0a.jpg,C,C1123790,gunyin,3416.0,134.0,3472.0,167.0,56.0,33.0,1848.0,1.696969696969697,33.0,0,0,0,0
C1123807_V02_F00007_503e89bc-c08d-4d04-b67d-9b3469116972.jpg,C,C1123807,gunyin,3337.0,2146.0,3391.0,2178.0,54.0,32.0,1728.0,1.6875,32.0,0,0,0,0
C1123825_V02_F00005_6f80f5a6-c5da-4321-b728-d81ecab2cb43.jpg,C,C1123825,gunyin,2371.0,1464.0,2433.0,1506.0,62.0,42.0,2604.0,1.4761904761904763,42.0,0,0,0,0
C1123825_V02_F00005_6f80f5a6-c5da-4321-b728-d81ecab2cb43.jpg,C,C1123825,gunyin,1008.0,2269.0,1236.0,2307.0,228.0,38.0,8664.0,6.0,38.0,0,0,1,0
C1123840_V02_F00007_010d11e8-e988-4235-afbd-9c37188334e6.jpg,C,C1123840,gunyin,490.0,2293.0,718.0,2322.0,228.0,29.0,6612.0,7.862068965517241,29.0,0,0,1,0
C1123840_V02_F00007_010d11e8-e988-4235-afbd-9c37188334e6.jpg,C,C1123840,gunyin,1859.0,1509.0,1915.0,1540.0,56.0,31.0,1736.0,1.8064516129032258,31.0,0,0,0,0
C1123842_V02_F00007_7ca39998-0a0b-4c17-b0d1-9eea63b430c7.jpg,C,C1123842,gunyin,500.0,1747.0,731.0,1789.0,231.0,42.0,9702.0,5.5,42.0,0,0,1,0
C1123842_V02_F00007_7ca39998-0a0b-4c17-b0d1-9eea63b430c7.jpg,C,C1123842,gunyin,1867.0,963.0,1922.0,992.0,55.0,29.0,1595.0,1.896551724137931,29.0,0,0,0,0
C1124303_V00_F00006_289b7074-18d5-4fb6-aae1-346eb964d89f.jpg,C,C1124303,gunyin,3415.0,920.0,3520.0,956.0,105.0,36.0,3780.0,2.9166666666666665,36.0,0,0,0,0
C1124305_V00_F00001_072d8033-3336-4b1f-872f-67db80447773.jpg,C,C1124305,gunyin,3436.0,2158.0,3548.0,2201.0,112.0,43.0,4816.0,2.604651162790698,43.0,0,0,0,0
C1124305_V00_F00010_57ccc79f-a40f-4110-ba17-0d95fd488f33.jpg,C,C1124305,gunyin,3412.0,814.0,3518.0,857.0,106.0,43.0,4558.0,2.4651162790697674,43.0,0,0,0,0
C1124305_V01_F00004_f2c2acdf-0766-4b41-90c3-206191ab1687.jpg,C,C1124305,gunyin,18.0,1699.0,117.0,1737.0,99.0,38.0,3762.0,2.6052631578947367,38.0,0,0,0,0
C1124305_V01_F00010_995b4768-99f6-4280-8599-256147238089.jpg,C,C1124305,gunyin,22.0,826.0,122.0,861.0,100.0,35.0,3500.0,2.857142857142857,35.0,0,0,0,0
C1124326_V00_F00004_d62933eb-391e-4581-a318-fbab39687b1d.jpg,C,C1124326,gunyin,3086.0,1049.0,3185.0,1094.0,99.0,45.0,4455.0,2.2,45.0,0,0,0,0
C1124331_V01_F00007_1aee41ea-7729-4503-b84f-a68a5657a1b8.jpg,C,C1124331,gunyin,78.0,633.0,179.0,677.0,101.0,44.0,4444.0,2.2954545454545454,44.0,0,0,0,0
C1124333_V00_F00007_3349d953-5b6b-4b16-931c-055b957478f3.jpg,C,C1124333,gunyin,3566.0,2290.0,3667.0,2330.0,101.0,40.0,4040.0,2.525,40.0,0,0,0,0
C1124334_V00_F00002_b1c7bd9b-a7cd-416e-a074-361e2b254e41.jpg,C,C1124334,gunyin,3265.0,1668.0,3364.0,1711.0,99.0,43.0,4257.0,2.302325581395349,43.0,0,0,0,0
C1124350_V01_F00003_3b5a5f9f-150e-4152-9906-1e34a644ac6f.jpg,C,C1124350,gunyin,777.0,1039.0,876.0,1078.0,99.0,39.0,3861.0,2.5384615384615383,39.0,0,0,0,0
C1124353_V01_F00004_303ae0f1-36a8-45ad-981d-a1f3df64d575.jpg,C,C1124353,gunyin,836.0,2895.0,936.0,2933.0,100.0,38.0,3800.0,2.6315789473684212,38.0,0,0,0,0
C1124363_V01_F00007_9f1686cf-2363-4421-beb1-b1b64e986dc8.jpg,C,C1124363,gunyin,1004.0,1201.0,1104.0,1243.0,100.0,42.0,4200.0,2.380952380952381,42.0,0,0,0,0
C1124368_V01_F00001_f137a985-b8c8-435d-b053-4692503a277e.jpg,C,C1124368,gunyin,924.0,1719.0,1025.0,1753.0,101.0,34.0,3434.0,2.9705882352941178,34.0,0,0,0,0
C1124387_V01_F00003_b0f798c0-788b-44c7-9a60-c107585b79e0.jpg,C,C1124387,gunyin,57.0,2238.0,154.0,2275.0,97.0,37.0,3589.0,2.6216216216216215,37.0,0,0,0,0
C1124388_V00_F00003_6f2e484f-9e4b-451b-9245-e7078ada41d9.jpg,C,C1124388,gunyin,3436.0,1942.0,3531.0,1979.0,95.0,37.0,3515.0,2.5675675675675675,37.0,0,0,0,0
C1124388_V01_F00003_17ed0299-a60e-45e2-9590-4d712d1b5abd.jpg,C,C1124388,gunyin,45.0,1950.0,142.0,1991.0,97.0,41.0,3977.0,2.3658536585365852,41.0,0,0,0,0
C1124388_V01_F00009_a87164c1-35e9-4471-8f80-9f6e33d7bb6c.jpg,C,C1124388,gunyin,51.0,1052.0,147.0,1090.0,96.0,38.0,3648.0,2.526315789473684,38.0,0,0,0,0
C1124391_V00_F00003_37bea4e1-c500-4361-8a37-746ec7365272.jpg,C,C1124391,yiwuyaru,1656.0,774.0,1690.0,805.0,34.0,31.0,1054.0,1.096774193548387,31.0,0,0,0,0
C1124391_V00_F00003_37bea4e1-c500-4361-8a37-746ec7365272.jpg,C,C1124391,gunyin,3372.0,882.0,3472.0,918.0,100.0,36.0,3600.0,2.7777777777777777,36.0,0,0,0,0
C1124396_V00_F00001_e7d5fa88-104d-4929-b621-b36d4da0a276.jpg,C,C1124396,gunyin,3303.0,978.0,3405.0,1018.0,102.0,40.0,4080.0,2.55,40.0,0,0,0,0
C1124396_V00_F00009_838cae75-91e5-40a0-b074-58f324aac3eb.jpg,C,C1124396,gunyin,3443.0,2713.0,3545.0,2753.0,102.0,40.0,4080.0,2.55,40.0,0,0,0,0
C1124397_V00_F00008_74a8d280-3071-48f7-8d88-db7047898d77.jpg,C,C1124397,gunyin,3550.0,2476.0,3653.0,2516.0,103.0,40.0,4120.0,2.575,40.0,0,0,0,0
C1124399_V00_F00004_7cbcbb38-8c39-4d58-8079-290e06fda9fa.jpg,C,C1124399,gunyin,3358.0,1934.0,3461.0,2015.0,103.0,81.0,8343.0,1.271604938271605,81.0,0,0,0,0
C1124416_V00_F00010_4ac934c7-a4e4-449c-98bd-fe94c7b5b374.jpg,C,C1124416,gunyin,3429.0,2182.0,3517.0,2216.0,88.0,34.0,2992.0,2.588235294117647,34.0,0,0,0,0
C1124419_V00_F00008_1996e979-3577-452b-b667-787159c02bb3.jpg,C,C1124419,gunyin,3266.0,1898.0,3351.0,1938.0,85.0,40.0,3400.0,2.125,40.0,0,0,0,0
C1124420_V00_F00007_76a4ef32-2fb2-4269-a2df-3ac3a46113f2.jpg,C,C1124420,gunyin,3245.0,1865.0,3333.0,1902.0,88.0,37.0,3256.0,2.3783783783783785,37.0,0,0,0,0
C1124422_V00_F00013_05a25d09-8f53-4f88-a344-3153a797dbd9.jpg,C,C1124422,gunyin,3316.0,2711.0,3417.0,2746.0,101.0,35.0,3535.0,2.8857142857142857,35.0,0,0,0,0
C1124437_V00_F00003_edb9741b-2c79-4634-a1bf-c42636f0ec3f.jpg,C,C1124437,gunyin,3057.0,1587.0,3153.0,1616.0,96.0,29.0,2784.0,3.310344827586207,29.0,0,0,0,0
C1124440_V00_F00004_a5a1c356-96b3-47ad-9c49-c67f1e046331.jpg,C,C1124440,gunyin,3031.0,1392.0,3129.0,1427.0,98.0,35.0,3430.0,2.8,35.0,0,0,0,0
C1124442_V00_F00008_4ffbc4e4-9378-466a-9940-2f77fc3ea978.jpg,C,C1124442,gunyin,3111.0,845.0,3210.0,878.0,99.0,33.0,3267.0,3.0,33.0,0,0,0,0
C1124445_V00_F00012_83d7e7ca-9df4-492a-a4a4-1073b520d2ab.jpg,C,C1124445,gunyin,3256.0,2711.0,3352.0,2750.0,96.0,39.0,3744.0,2.4615384615384617,39.0,0,0,0,0
C1134060_V02_F00007_33728f63-8557-4db0-a857-3e6e41b612bf.jpg,C,C1134060,gunyin,712.0,1174.0,908.0,1216.0,196.0,42.0,8232.0,4.666666666666667,42.0,0,0,0,0
C1134064_V02_F00008_048130dc-d632-4bfb-a828-0de39a2a887d.jpg,C,C1134064,gunyin,621.0,1198.0,814.0,1238.0,193.0,40.0,7720.0,4.825,40.0,0,0,0,0
C1134146_V01_F00007_2a93238f-9e75-4565-9050-be402c1b0f35.jpg,C,C1134146,jiaza,605.0,2477.0,629.0,2719.0,24.0,242.0,5808.0,10.083333333333334,24.0,0,0,1,0
C1134177_V01_F00002_cd66da3b-1082-46b8-a76d-aa8fa63609f0.jpg,C,C1134177,gunyin,2895.0,1366.0,3094.0,1399.0,199.0,33.0,6567.0,6.03030303030303,33.0,0,0,1,0
C1134181_V01_F00005_87fb53ef-0acc-46af-a185-f83152423da8.jpg,C,C1134181,gunyin,2768.0,716.0,2959.0,755.0,191.0,39.0,7449.0,4.897435897435898,39.0,0,0,0,0
C1134395_V00_F00009_51cc2d4c-77e7-4f26-b505-c9c824f0dbc0.jpg,C,C1134395,jiaza,2795.0,90.0,2811.0,155.0,16.0,65.0,1040.0,4.0625,16.0,0,0,0,0
C1134395_V01_F00002_86f15e58-54e7-4a7c-906f-9412e1454166.jpg,C,C1134395,jiaza,1718.0,120.0,1763.0,323.0,45.0,203.0,9135.0,4.511111111111111,45.0,0,0,0,0
C1134395_V01_F00002_86f15e58-54e7-4a7c-906f-9412e1454166.jpg,C,C1134395,jiaza,1922.0,623.0,1940.0,669.0,18.0,46.0,828.0,2.5555555555555554,18.0,0,0,0,0
C1134395_V01_F00002_86f15e58-54e7-4a7c-906f-9412e1454166.jpg,C,C1134395,jiaza,1529.0,297.0,1541.0,340.0,12.0,43.0,516.0,3.5833333333333335,12.0,1,0,0,0
C1134396_V00_F00001_d8481c79-f56d-45ca-969f-43441d96d9b2.jpg,C,C1134396,jiaza,2450.0,2718.0,2469.0,2814.0,19.0,96.0,1824.0,5.052631578947368,19.0,0,0,1,0
C1134396_V00_F00001_d8481c79-f56d-45ca-969f-43441d96d9b2.jpg,C,C1134396,jiaza,1392.0,1133.0,1405.0,1177.0,13.0,44.0,572.0,3.3846153846153846,13.0,1,0,0,0
C1134785_V00_F00002_aaf86a49-b45f-4aa1-b4a0-ed624ce844d6.jpg,C,C1134785,yiwuyaru,2437.0,1478.0,2503.0,1513.0,66.0,35.0,2310.0,1.8857142857142857,35.0,0,0,0,0
C1134908_V01_F00005_6aff6a27-a7e8-47f9-8a28-abb0c5233b6c.jpg,C,C1134908,mamianmakeng,15.0,649.0,66.0,687.0,51.0,38.0,1938.0,1.3421052631578947,38.0,0,0,0,1
C1134948_V03_F00001_6964a135-6343-4276-989f-942c5f8884ce.jpg,C,C1134948,jieba,1256.0,569.0,1326.0,657.0,70.0,88.0,6160.0,1.2571428571428571,70.0,0,0,0,0
C1135022_V11_F00003_e06ed0dd-21bd-4deb-89ff-3ef929d884a8.jpg,C,C1135022,jieba,1571.0,577.0,1685.0,660.0,114.0,83.0,9462.0,1.3734939759036144,83.0,0,0,0,0
C1135022_V12_F00003_0d6c3d59-7c23-4285-a318-1430e6d69189.jpg,C,C1135022,jieba,3187.0,435.0,3290.0,654.0,103.0,219.0,22557.0,2.1262135922330097,103.0,0,0,0,0
C1135022_V12_F00003_0d6c3d59-7c23-4285-a318-1430e6d69189.jpg,C,C1135022,mamianmakeng,1828.0,1242.0,1883.0,1311.0,55.0,69.0,3795.0,1.2545454545454546,55.0,0,0,0,0
C1135077_V12_F00003_79d2dab9-0b00-40c9-9c48-6ccf271df251.jpg,C,C1135077,yiwuyaru,3130.0,801.0,3181.0,989.0,51.0,188.0,9588.0,3.6862745098039214,51.0,0,0,0,0
C1135081_V11_F00008_488b2b0f-af45-40c2-84f7-3956b8cad0aa.jpg,C,C1135081,jieba,3720.0,731.0,3761.0,783.0,41.0,52.0,2132.0,1.2682926829268293,41.0,0,0,0,0
C1135081_V11_F00008_488b2b0f-af45-40c2-84f7-3956b8cad0aa.jpg,C,C1135081,jieba,3675.0,345.0,3714.0,388.0,39.0,43.0,1677.0,1.1025641025641026,39.0,0,0,0,0
C1135081_V11_F00008_488b2b0f-af45-40c2-84f7-3956b8cad0aa.jpg,C,C1135081,huashang,1733.0,1.0,1756.0,183.0,23.0,182.0,4186.0,7.913043478260869,23.0,0,0,1,1
C1135081_V11_F00008_488b2b0f-af45-40c2-84f7-3956b8cad0aa.jpg,C,C1135081,huashang,3158.0,506.0,3195.0,1143.0,37.0,637.0,23569.0,17.216216216216218,37.0,0,0,1,0
C1135081_V11_F00008_488b2b0f-af45-40c2-84f7-3956b8cad0aa.jpg,C,C1135081,huashang,2993.0,195.0,3011.0,509.0,18.0,314.0,5652.0,17.444444444444443,18.0,0,0,1,0
C1135081_V11_F00008_488b2b0f-af45-40c2-84f7-3956b8cad0aa.jpg,C,C1135081,huashang,2684.0,1.0,2706.0,283.0,22.0,282.0,6204.0,12.818181818181818,22.0,0,0,1,1
C1135113_V12_F00003_f8b4d00b-ff44-4246-963a-26a8851c6cbe.jpg,C,C1135113,jieba,3286.0,194.0,3365.0,404.0,79.0,210.0,16590.0,2.6582278481012658,79.0,0,0,0,0
C1135113_V13_F00003_36e66cf8-c99e-493b-a018-d56f2d08e446.jpg,C,C1135113,jieba,339.0,187.0,417.0,401.0,78.0,214.0,16692.0,2.7435897435897436,78.0,0,0,0,0
C1135155_V01_F00013_0d5a57a7-f68a-4bb4-868d-3fdfb5219dac.jpg,C,C1135155,mamianmakeng,919.0,2226.0,943.0,2250.0,24.0,24.0,576.0,1.0,24.0,0,0,0,0
C1135169_V01_F00001_a66217ab-04a8-4098-86ea-8a65d8e8463c.jpg,C,C1135169,jieba,1380.0,467.0,1411.0,666.0,31.0,199.0,6169.0,6.419354838709677,31.0,0,0,1,0
C1135169_V01_F00001_a66217ab-04a8-4098-86ea-8a65d8e8463c.jpg,C,C1135169,jieba,3778.0,2690.0,3871.0,2813.0,93.0,123.0,11439.0,1.3225806451612903,93.0,0,0,0,0
C1135169_V01_F00001_a66217ab-04a8-4098-86ea-8a65d8e8463c.jpg,C,C1135169,mamianmakeng,513.0,2581.0,554.0,2659.0,41.0,78.0,3198.0,1.9024390243902438,41.0,0,0,0,0
C1135169_V01_F00001_a66217ab-04a8-4098-86ea-8a65d8e8463c.jpg,C,C1135169,jieba,1423.0,1398.0,1449.0,1438.0,26.0,40.0,1040.0,1.5384615384615385,26.0,0,0,0,0
C1135169_V02_F00001_08cea1df-9fe7-4ab1-a91f-6dbf495b0440.jpg,C,C1135169,jiaza,946.0,1884.0,979.0,2016.0,33.0,132.0,4356.0,4.0,33.0,0,0,0,0
C1135169_V02_F00001_08cea1df-9fe7-4ab1-a91f-6dbf495b0440.jpg,C,C1135169,jiaza,1556.0,1144.0,1571.0,1198.0,15.0,54.0,810.0,3.6,15.0,1,0,0,0
C1135169_V02_F00001_08cea1df-9fe7-4ab1-a91f-6dbf495b0440.jpg,C,C1135169,jieba,363.0,2671.0,454.0,2795.0,91.0,124.0,11284.0,1.3626373626373627,91.0,0,0,0,0
C1135170_V11_F00003_7f6e0c63-9fbd-40c3-b51b-12b04a289660.jpg,C,C1135170,jieba,1660.0,738.0,1698.0,779.0,38.0,41.0,1558.0,1.0789473684210527,38.0,0,0,0,0
C1135170_V11_F00003_7f6e0c63-9fbd-40c3-b51b-12b04a289660.jpg,C,C1135170,jieba,963.0,1493.0,983.0,1529.0,20.0,36.0,720.0,1.8,20.0,0,0,0,0
C1135170_V13_F00004_e595f884-d16f-4e1f-8a16-fb46e4aeb872.jpg,C,C1135170,jieba,2150.0,2191.0,2222.0,2364.0,72.0,173.0,12456.0,2.4027777777777777,72.0,0,0,0,0
C1135171_V13_F00002_f4c9ce8d-17de-4473-9465-287d2cdbf042.jpg,C,C1135171,jieba,2152.0,1428.0,2222.0,1558.0,70.0,130.0,9100.0,1.8571428571428572,70.0,0,0,0,0
C1135171_V13_F00002_f4c9ce8d-17de-4473-9465-287d2cdbf042.jpg,C,C1135171,yiwuyaru,2294.0,630.0,2362.0,767.0,68.0,137.0,9316.0,2.014705882352941,68.0,0,0,0,0
C1135238_V12_F00003_d31b4226-70b9-4b19-9532-b73fd6d3453b.jpg,C,C1135238,jieba,2224.0,676.0,2284.0,837.0,60.0,161.0,9660.0,2.683333333333333,60.0,0,0,0,0
C1135238_V12_F00003_d31b4226-70b9-4b19-9532-b73fd6d3453b.jpg,C,C1135238,jieba,458.0,168.0,536.0,288.0,78.0,120.0,9360.0,1.5384615384615385,78.0,0,0,0,0
C1135238_V12_F00003_d31b4226-70b9-4b19-9532-b73fd6d3453b.jpg,C,C1135238,jieba,245.0,2375.0,326.0,2457.0,81.0,82.0,6642.0,1.0123456790123457,81.0,0,0,0,0
C1135241_V12_F00008_bab97759-2438-4077-8668-e1ddea693af3.jpg,C,C1135241,jieba,298.0,2759.0,359.0,2813.0,61.0,54.0,3294.0,1.1296296296296295,54.0,0,0,0,0
C1135246_V01_F00002_048e4f10-9075-416b-9ede-0c746a5d8323.jpg,C,C1135246,yiwuyaru,3560.0,82.0,3717.0,292.0,157.0,210.0,32970.0,1.3375796178343948,157.0,0,0,0,0
C1135246_V01_F00002_048e4f10-9075-416b-9ede-0c746a5d8323.jpg,C,C1135246,yanghuatiepi,4002.0,2647.0,4064.0,2715.0,62.0,68.0,4216.0,1.096774193548387,62.0,0,0,0,0
C1135246_V01_F00002_048e4f10-9075-416b-9ede-0c746a5d8323.jpg,C,C1135246,yanghuatiepi,1534.0,2677.0,1556.0,2694.0,22.0,17.0,374.0,1.2941176470588236,17.0,0,0,0,0
C1135246_V01_F00002_ba2d618e-354e-4f35-8443-3d7f5087505b.jpg,C,C1135246,yiwuyaru,3564.0,86.0,3719.0,296.0,155.0,210.0,32550.0,1.3548387096774193,155.0,0,0,0,0
C1135246_V02_F00002_d54a876e-7666-40f2-94dc-e67293c1b4c9.jpg,C,C1135246,yiwuyaru,147.0,71.0,303.0,280.0,156.0,209.0,32604.0,1.3397435897435896,156.0,0,0,0,0
C1135246_V02_F00002_efb426cd-2c93-49f5-bf72-3d238f67e7c8.jpg,C,C1135246,yiwuyaru,150.0,70.0,303.0,280.0,153.0,210.0,32130.0,1.3725490196078431,153.0,0,0,0,0
C1135542_V13_F00004_19aaa607-8c21-4dcf-bc87-b04162b3dff2.jpg,C,C1135542,yiwuyaru,2910.0,866.0,2964.0,1131.0,54.0,265.0,14310.0,4.907407407407407,54.0,0,0,0,0
C1135685_V13_F00002_7d3c0694-3b2c-4dc4-91f5-1586d47a92c2.jpg,C,C1135685,jieba,2046.0,2504.0,2076.0,2685.0,30.0,181.0,5430.0,6.033333333333333,30.0,0,0,1,0
C1135685_V13_F00002_7d3c0694-3b2c-4dc4-91f5-1586d47a92c2.jpg,C,C1135685,huashang,2481.0,1755.0,2500.0,2442.0,19.0,687.0,13053.0,36.1578947368421,19.0,0,0,1,0
C1135685_V13_F00002_7d3c0694-3b2c-4dc4-91f5-1586d47a92c2.jpg,C,C1135685,huashang,2527.0,2389.0,2539.0,2813.0,12.0,424.0,5088.0,35.333333333333336,12.0,1,0,1,0
C1135685_V13_F00002_7d3c0694-3b2c-4dc4-91f5-1586d47a92c2.jpg,C,C1135685,jieba,381.0,2345.0,449.0,2392.0,68.0,47.0,3196.0,1.446808510638298,47.0,0,0,0,0
C1135688_V13_F00005_61cb0e48-a4f8-469d-b1b4-302ae28f4800.jpg,C,C1135688,huashang,2465.0,2248.0,2497.0,2998.0,32.0,750.0,24000.0,23.4375,32.0,0,0,1,1
C1135688_V13_F00005_61cb0e48-a4f8-469d-b1b4-302ae28f4800.jpg,C,C1135688,huashang,2090.0,2707.0,2114.0,2998.0,24.0,291.0,6984.0,12.125,24.0,0,0,1,1
C1135688_V13_F00005_61cb0e48-a4f8-469d-b1b4-302ae28f4800.jpg,C,C1135688,huashang,2302.0,2395.0,2323.0,2541.0,21.0,146.0,3066.0,6.9523809523809526,21.0,0,0,1,0
C1135688_V13_F00005_61cb0e48-a4f8-469d-b1b4-302ae28f4800.jpg,C,C1135688,huashang,1664.0,2448.0,1682.0,2639.0,18.0,191.0,3438.0,10.61111111111111,18.0,0,0,1,0
C1136577_V01_F00004_155266d9-556b-4ea9-a0d7-91fbc70f1fb0.jpg,C,C1136577,zonglie,3153.0,1565.0,3219.0,3000.0,66.0,1435.0,94710.0,21.742424242424242,66.0,0,0,1,1
C1136577_V01_F00005_1cf157fe-2a23-4cb6-8e6a-a32bf0c0f192.jpg,C,C1136577,zonglie,3139.0,1.0,3224.0,2624.0,85.0,2623.0,222955.0,30.858823529411765,85.0,0,0,1,1
C1136758_V01_F00003_2794bec2-fb77-410a-b9df-4c89ba6a9b51.jpg,C,C1136758,zonglie,3005.0,1.0,3105.0,2999.0,100.0,2998.0,299800.0,29.98,100.0,0,0,1,1
C1136758_V01_F00004_8aee0557-84a2-442e-90f1-4f6c375c9d5e.jpg,C,C1136758,zonglie,2986.0,1.0,3063.0,2989.0,77.0,2988.0,230076.0,38.8051948051948,77.0,0,0,1,1
C1136884_V02_F00006_97b59a81-ed65-4ef5-954b-041f8fd2fb16.jpg,C,C1136884,zonglie,935.0,1.0,996.0,1311.0,61.0,1310.0,79910.0,21.475409836065573,61.0,0,0,1,1
C1137596_V03_F00007_8a916950-e830-4e35-a051-47fe6229800a.jpg,C,C1137596,yanghuatiepi,212.0,2549.0,237.0,2570.0,25.0,21.0,525.0,1.1904761904761905,21.0,0,0,0,0
C1137596_V03_F00007_8a916950-e830-4e35-a051-47fe6229800a.jpg,C,C1137596,jiaza,1859.0,2649.0,1883.0,2838.0,24.0,189.0,4536.0,7.875,24.0,0,0,1,0
C1140022_V01_F00004_975b7dfa-141c-4ae7-a068-1dc250a8d14f.jpg,C,C1140022,jiaza,2256.0,2279.0,2274.0,2358.0,18.0,79.0,1422.0,4.388888888888889,18.0,0,0,0,0
C1140024_V02_F00011_13e04b08-d35e-44ad-8212-bf7610bb58e4.jpg,C,C1140024,jiaza,1183.0,201.0,1195.0,283.0,12.0,82.0,984.0,6.833333333333333,12.0,1,0,1,0
C1141611_V03_F00006_14786234-026d-4f17-99be-45bdba764a2e.jpg,C,C1141611,qilie,662.0,176.0,711.0,307.0,49.0,131.0,6419.0,2.673469387755102,49.0,0,0,0,0
C1141611_V03_F00006_14786234-026d-4f17-99be-45bdba764a2e.jpg,C,C1141611,qilie,679.0,2793.0,703.0,2905.0,24.0,112.0,2688.0,4.666666666666667,24.0,0,0,0,0
C1141611_V03_F00006_14786234-026d-4f17-99be-45bdba764a2e.jpg,C,C1141611,qilie,671.0,434.0,712.0,664.0,41.0,230.0,9430.0,5.609756097560975,41.0,0,0,1,0
C1141611_V03_F00006_14786234-026d-4f17-99be-45bdba764a2e.jpg,C,C1141611,qilie,683.0,1065.0,707.0,1204.0,24.0,139.0,3336.0,5.791666666666667,24.0,0,0,1,0
C1141611_V03_F00006_14786234-026d-4f17-99be-45bdba764a2e.jpg,C,C1141611,qilie,667.0,2109.0,693.0,2182.0,26.0,73.0,1898.0,2.8076923076923075,26.0,0,0,0,0
C1141611_V03_F00006_14786234-026d-4f17-99be-45bdba764a2e.jpg,C,C1141611,qilie,682.0,2375.0,701.0,2461.0,19.0,86.0,1634.0,4.526315789473684,19.0,0,0,0,0
C1141611_V03_F00006_14786234-026d-4f17-99be-45bdba764a2e.jpg,C,C1141611,jieba,686.0,1534.0,708.0,1625.0,22.0,91.0,2002.0,4.136363636363637,22.0,0,0,0,0
C1141611_V03_F00006_14786234-026d-4f17-99be-45bdba764a2e.jpg,C,C1141611,jieba,682.0,335.0,713.0,429.0,31.0,94.0,2914.0,3.032258064516129,31.0,0,0,0,0
C1141611_V03_F00006_14786234-026d-4f17-99be-45bdba764a2e.jpg,C,C1141611,jieba,694.0,817.0,709.0,873.0,15.0,56.0,840.0,3.7333333333333334,15.0,1,0,0,0
C1141612_V03_F00011_1d6ef1d1-e784-43ef-879a-6e2662ccd03b.jpg,C,C1141612,qilie,717.0,1.0,763.0,318.0,46.0,317.0,14582.0,6.891304347826087,46.0,0,0,1,1
C1141612_V03_F00011_1d6ef1d1-e784-43ef-879a-6e2662ccd03b.jpg,C,C1141612,qilie,712.0,521.0,772.0,730.0,60.0,209.0,12540.0,3.4833333333333334,60.0,0,0,0,0
C1141612_V03_F00011_1d6ef1d1-e784-43ef-879a-6e2662ccd03b.jpg,C,C1141612,qilie,729.0,856.0,777.0,1001.0,48.0,145.0,6960.0,3.0208333333333335,48.0,0,0,0,0
C1141612_V03_F00011_1d6ef1d1-e784-43ef-879a-6e2662ccd03b.jpg,C,C1141612,qilie,735.0,1233.0,785.0,1340.0,50.0,107.0,5350.0,2.14,50.0,0,0,0,0
C1141612_V03_F00011_1d6ef1d1-e784-43ef-879a-6e2662ccd03b.jpg,C,C1141612,qilie,752.0,1574.0,796.0,1728.0,44.0,154.0,6776.0,3.5,44.0,0,0,0,0
C1141612_V03_F00011_1d6ef1d1-e784-43ef-879a-6e2662ccd03b.jpg,C,C1141612,qilie,761.0,1931.0,803.0,2046.0,42.0,115.0,4830.0,2.738095238095238,42.0,0,0,0,0
C1141612_V03_F00011_1d6ef1d1-e784-43ef-879a-6e2662ccd03b.jpg,C,C1141612,qilie,774.0,2328.0,819.0,2627.0,45.0,299.0,13455.0,6.644444444444445,45.0,0,0,1,0
C1141612_V03_F00011_1d6ef1d1-e784-43ef-879a-6e2662ccd03b.jpg,C,C1141612,qilie,779.0,2655.0,827.0,2883.0,48.0,228.0,10944.0,4.75,48.0,0,0,0,0
C1141612_V03_F00011_1d6ef1d1-e784-43ef-879a-6e2662ccd03b.jpg,C,C1141612,qilie,790.0,2913.0,834.0,2999.0,44.0,86.0,3784.0,1.9545454545454546,44.0,0,0,0,1
C1141612_V03_F00011_1d6ef1d1-e784-43ef-879a-6e2662ccd03b.jpg,C,C1141612,qilie,770.0,2078.0,805.0,2200.0,35.0,122.0,4270.0,3.4857142857142858,35.0,0,0,0,0
C1141612_V03_F00011_1d6ef1d1-e784-43ef-879a-6e2662ccd03b.jpg,C,C1141612,qilie,759.0,1432.0,794.0,1505.0,35.0,73.0,2555.0,2.085714285714286,35.0,0,0,0,0
C1141612_V03_F00011_1d6ef1d1-e784-43ef-879a-6e2662ccd03b.jpg,C,C1141612,qilie,734.0,422.0,762.0,482.0,28.0,60.0,1680.0,2.142857142857143,28.0,0,0,0,0
C1141634_V02_F00003_4e60892e-cbc9-4a98-8bd7-92b74781677d.jpg,C,C1141634,yanghuatiepi,3347.0,731.0,3388.0,755.0,41.0,24.0,984.0,1.7083333333333333,24.0,0,0,0,0
C1141634_V02_F00003_4e60892e-cbc9-4a98-8bd7-92b74781677d.jpg,C,C1141634,mamianmakeng,3447.0,2703.0,3486.0,2780.0,39.0,77.0,3003.0,1.9743589743589745,39.0,0,0,0,0
C1141634_V02_F00003_4e60892e-cbc9-4a98-8bd7-92b74781677d.jpg,C,C1141634,jieba,2959.0,2736.0,3033.0,2875.0,74.0,139.0,10286.0,1.8783783783783783,74.0,0,0,0,0
C1141681_V12_F00003_6f621d39-1cbb-4f00-850c-648987139a31.jpg,C,C1141681,huashang,2735.0,51.0,2751.0,286.0,16.0,235.0,3760.0,14.6875,16.0,0,0,1,0
C1141681_V12_F00003_6f621d39-1cbb-4f00-850c-648987139a31.jpg,C,C1141681,jieba,3119.0,1546.0,3152.0,1657.0,33.0,111.0,3663.0,3.3636363636363638,33.0,0,0,0,0
C1141710_V12_F00005_bfaa27f4-dbcd-411a-8835-f270c4ff503e.jpg,C,C1141710,jieba,467.0,1441.0,517.0,1528.0,50.0,87.0,4350.0,1.74,50.0,0,0,0,0
C1142083_V01_F00006_e08d31f4-8aa6-44a6-8ee4-965f4fac1f71.jpg,C,C1142083,yiwuyaru,1508.0,1258.0,1550.0,1303.0,42.0,45.0,1890.0,1.0714285714285714,42.0,0,0,0,0
C1142091_V02_F00003_46ad1e57-22c3-428c-8c31-59db3eed275d.jpg,C,C1142091,jieba,811.0,1854.0,860.0,1991.0,49.0,137.0,6713.0,2.795918367346939,49.0,0,0,0,0
C1142123_V02_F00009_23993846-1de9-4354-8382-28b678c1c414.jpg,C,C1142123,mamianmakeng,3507.0,2591.0,3534.0,2624.0,27.0,33.0,891.0,1.2222222222222223,27.0,0,0,0,0
C1142123_V02_F00009_23993846-1de9-4354-8382-28b678c1c414.jpg,C,C1142123,mamianmakeng,3508.0,2455.0,3540.0,2495.0,32.0,40.0,1280.0,1.25,32.0,0,0,0,0
C1142123_V02_F00009_23993846-1de9-4354-8382-28b678c1c414.jpg,C,C1142123,mamianmakeng,3523.0,2424.0,3561.0,2453.0,38.0,29.0,1102.0,1.3103448275862069,29.0,0,0,0,0
C1142123_V02_F00009_23993846-1de9-4354-8382-28b678c1c414.jpg,C,C1142123,mamianmakeng,3535.0,2722.0,3561.0,2759.0,26.0,37.0,962.0,1.4230769230769231,26.0,0,0,0,0
C1142123_V03_F00009_86927ee3-1747-479d-90b2-a79cb0477b61.jpg,C,C1142123,mamianmakeng,10.0,2461.0,41.0,2500.0,31.0,39.0,1209.0,1.2580645161290323,31.0,0,0,0,1
C1142123_V03_F00009_86927ee3-1747-479d-90b2-a79cb0477b61.jpg,C,C1142123,mamianmakeng,978.0,1666.0,1006.0,1698.0,28.0,32.0,896.0,1.1428571428571428,28.0,0,0,0,0
C1142123_V03_F00009_86927ee3-1747-479d-90b2-a79cb0477b61.jpg,C,C1142123,mamianmakeng,1.0,2598.0,28.0,2630.0,27.0,32.0,864.0,1.1851851851851851,27.0,0,0,0,1
C1142123_V03_F00009_86927ee3-1747-479d-90b2-a79cb0477b61.jpg,C,C1142123,mamianmakeng,25.0,2428.0,64.0,2461.0,39.0,33.0,1287.0,1.1818181818181819,33.0,0,0,0,0
C1142127_V13_F00001_014ed88b-b50a-4bdb-8096-0fc7cfa9cafa.jpg,C,C1142127,jieba,2414.0,397.0,2500.0,475.0,86.0,78.0,6708.0,1.1025641025641026,78.0,0,0,0,0
C1142127_V13_F00001_014ed88b-b50a-4bdb-8096-0fc7cfa9cafa.jpg,C,C1142127,jieba,2959.0,338.0,3017.0,367.0,58.0,29.0,1682.0,2.0,29.0,0,0,0,0
C1142142_V00_F00001_369c14b9-8961-41b7-abd6-fa50665f1b1d.jpg,C,C1142142,jieba,854.0,575.0,909.0,659.0,55.0,84.0,4620.0,1.5272727272727273,55.0,0,0,0,0
C1142142_V02_F00001_75d1702a-1c01-4c69-834b-4ec7078db1eb.jpg,C,C1142142,yiwuyaru,2232.0,1879.0,2320.0,1962.0,88.0,83.0,7304.0,1.0602409638554218,83.0,0,0,0,0
C1142142_V11_F00001_b5750f60-ce9b-4d08-ae6e-e328666263a6.jpg,C,C1142142,jieba,1785.0,1673.0,1841.0,1726.0,56.0,53.0,2968.0,1.0566037735849056,53.0,0,0,0,0
C1142142_V11_F00001_b5750f60-ce9b-4d08-ae6e-e328666263a6.jpg,C,C1142142,jieba,856.0,1243.0,910.0,1301.0,54.0,58.0,3132.0,1.0740740740740742,54.0,0,0,0,0
C1142142_V11_F00001_b5750f60-ce9b-4d08-ae6e-e328666263a6.jpg,C,C1142142,jieba,1843.0,1642.0,1921.0,1740.0,78.0,98.0,7644.0,1.2564102564102564,78.0,0,0,0,0
C1142188_V02_F00001_d961ced8-e1c1-4b5e-bb2c-08b8f317a3e5.jpg,C,C1142188,jieba,2512.0,1314.0,2576.0,1395.0,64.0,81.0,5184.0,1.265625,64.0,0,0,0,0
C1142204_V02_F00001_da6e0134-e55c-43bb-9373-1f06307cf570.jpg,C,C1142204,jieba,1904.0,112.0,1977.0,183.0,73.0,71.0,5183.0,1.028169014084507,71.0,0,0,0,0
C1142204_V02_F00001_da6e0134-e55c-43bb-9373-1f06307cf570.jpg,C,C1142204,mamianmakeng,126.0,2270.0,218.0,2323.0,92.0,53.0,4876.0,1.7358490566037736,53.0,0,0,0,0
C1142260_V01_F00006_820e4084-ea5b-41f0-b895-1e5ea3fab180.jpg,C,C1142260,yiwuyaru,3103.0,705.0,4090.0,865.0,987.0,160.0,157920.0,6.16875,160.0,0,0,1,1
C1142260_V02_F00006_30a8fa1d-c1a3-4dd4-b253-fc8264ddbfcc.jpg,C,C1142260,yiwuyaru,1202.0,851.0,1917.0,999.0,715.0,148.0,105820.0,4.831081081081081,148.0,0,0,0,0
C1142260_V02_F00006_30a8fa1d-c1a3-4dd4-b253-fc8264ddbfcc.jpg,C,C1142260,yiwuyaru,1.0,453.0,2054.0,800.0,2053.0,347.0,712391.0,5.916426512968299,347.0,0,0,1,1
C1142288_V11_F00001_06663bd1-4307-4217-b716-7e85191a65a0.jpg,C,C1142288,yiwuyaru,3154.0,256.0,3217.0,448.0,63.0,192.0,12096.0,3.0476190476190474,63.0,0,0,0,0
C1142288_V12_F00000_fe644c5c-97b4-4017-8830-d158855418a6.jpg,C,C1142288,yiwuyaru,2943.0,2728.0,3006.0,3000.0,63.0,272.0,17136.0,4.317460317460317,63.0,0,0,0,1
C1142314_V00_F00000_ee1bb7ab-b9d8-447a-b62c-147830a3f22c.jpg,C,C1142314,jieba,2430.0,2419.0,2474.0,2460.0,44.0,41.0,1804.0,1.0731707317073171,41.0,0,0,0,0
C1142337_V12_F00001_384f3f99-af00-48b1-b456-bc44a78ca7b1.jpg,C,C1142337,yiwuyaru,1226.0,157.0,1279.0,230.0,53.0,73.0,3869.0,1.3773584905660377,53.0,0,0,0,0
C1142337_V12_F00001_384f3f99-af00-48b1-b456-bc44a78ca7b1.jpg,C,C1142337,jieba,4035.0,1197.0,4079.0,1244.0,44.0,47.0,2068.0,1.0681818181818181,44.0,0,0,0,0
C1142403_V00_F00001_0505953e-3e12-40fb-8f37-b624b33b8a36.jpg,C,C1142403,jieba,1113.0,1.0,1154.0,267.0,41.0,266.0,10906.0,6.487804878048781,41.0,0,0,1,1
C1142406_V11_F00005_4190c03e-5611-4b9a-9639-48f9fed5c0e5.jpg,C,C1142406,jieba,222.0,2123.0,276.0,2281.0,54.0,158.0,8532.0,2.925925925925926,54.0,0,0,0,0
C1142406_V11_F00005_4190c03e-5611-4b9a-9639-48f9fed5c0e5.jpg,C,C1142406,jieba,250.0,123.0,283.0,207.0,33.0,84.0,2772.0,2.5454545454545454,33.0,0,0,0,0
C1142406_V11_F00005_4190c03e-5611-4b9a-9639-48f9fed5c0e5.jpg,C,C1142406,jieba,247.0,445.0,288.0,517.0,41.0,72.0,2952.0,1.7560975609756098,41.0,0,0,0,0
C1142406_V11_F00005_4190c03e-5611-4b9a-9639-48f9fed5c0e5.jpg,C,C1142406,jieba,246.0,596.0,268.0,647.0,22.0,51.0,1122.0,2.3181818181818183,22.0,0,0,0,0
C1142406_V11_F00005_4190c03e-5611-4b9a-9639-48f9fed5c0e5.jpg,C,C1142406,jieba,241.0,745.0,273.0,838.0,32.0,93.0,2976.0,2.90625,32.0,0,0,0,0
C1142406_V11_F00005_4190c03e-5611-4b9a-9639-48f9fed5c0e5.jpg,C,C1142406,jieba,236.0,1294.0,264.0,1360.0,28.0,66.0,1848.0,2.357142857142857,28.0,0,0,0,0
C1142453_V01_F00006_15c1a543-109b-41a1-a7da-6ada01aa6517.jpg,C,C1142453,mamianmakeng,1508.0,246.0,1561.0,295.0,53.0,49.0,2597.0,1.0816326530612246,49.0,0,0,0,0
C1142493_V01_F00001_9ba704dc-3ad3-4a8d-9e68-588108429297.jpg,C,C1142493,yiwuyaru,3085.0,776.0,3690.0,966.0,605.0,190.0,114950.0,3.1842105263157894,190.0,0,0,0,0
C1142529_V02_F00002_4d39f71b-d497-413d-8373-16097e257062.jpg,C,C1142529,yiwuyaru,684.0,61.0,795.0,239.0,111.0,178.0,19758.0,1.6036036036036037,111.0,0,0,0,0
C1142529_V02_F00002_4d39f71b-d497-413d-8373-16097e257062.jpg,C,C1142529,yanghuatiepi,3802.0,2965.0,3829.0,2980.0,27.0,15.0,405.0,1.8,15.0,1,0,0,0
C1142529_V02_F00002_4d39f71b-d497-413d-8373-16097e257062.jpg,C,C1142529,yanghuatiepi,3366.0,1332.0,3382.0,1350.0,16.0,18.0,288.0,1.125,16.0,0,0,0,0
C1142529_V02_F00002_4d39f71b-d497-413d-8373-16097e257062.jpg,C,C1142529,yanghuatiepi,1852.0,180.0,1941.0,210.0,89.0,30.0,2670.0,2.966666666666667,30.0,0,0,0,0
C1142529_V10_F00004_aa9b73be-a0c0-4308-a28f-86bfdd8ebec6.jpg,C,C1142529,jieba,2741.0,1919.0,2806.0,1999.0,65.0,80.0,5200.0,1.2307692307692308,65.0,0,0,0,0
C1142804_V00_F00004_c8a41bb0-b6a6-4714-97d7-0c39ab4416b4.jpg,C,C1142804,jiaza,1734.0,1443.0,1752.0,1565.0,18.0,122.0,2196.0,6.777777777777778,18.0,0,0,1,0
C1143856_V01_F00011_7d27801d-23cc-4a76-9f66-2ddf18d84749.jpg,C,C1143856,zonglie,3019.0,488.0,3072.0,1504.0,53.0,1016.0,53848.0,19.169811320754718,53.0,0,0,1,0
C1143856_V01_F00011_7d27801d-23cc-4a76-9f66-2ddf18d84749.jpg,C,C1143856,zonglie,3019.0,1485.0,3090.0,2997.0,71.0,1512.0,107352.0,21.295774647887324,71.0,0,0,1,1
C1143856_V01_F00012_c6fcc512-3537-41ee-88b6-03ca7fb15de9.jpg,C,C1143856,zonglie,3027.0,2.0,3112.0,2198.0,85.0,2196.0,186660.0,25.83529411764706,85.0,0,0,1,1
C1144856_V01_F00004_a6352fa2-84fd-48c1-8ffa-3ba7e5c6d6dc.jpg,C,C1144856,zonglie,3541.0,121.0,3605.0,2921.0,64.0,2800.0,179200.0,43.75,64.0,0,0,1,0
C1144856_V01_F00005_0030fe19-1a39-421c-a6b0-922e2f1d60ac.jpg,C,C1144856,zonglie,3549.0,353.0,3617.0,2997.0,68.0,2644.0,179792.0,38.88235294117647,68.0,0,0,1,1
C1144856_V01_F00006_86bceb68-ce78-4610-92a9-71a54176c354.jpg,C,C1144856,zonglie,3571.0,1.0,3626.0,1326.0,55.0,1325.0,72875.0,24.09090909090909,55.0,0,0,1,1
C1144856_V02_F00005_1adb5b8b-9226-4c5d-bffb-e5d508ec3ece.jpg,C,C1144856,zonglie,116.0,511.0,172.0,2996.0,56.0,2485.0,139160.0,44.375,56.0,0,0,1,1
C1144856_V02_F00006_06df6a93-7509-4e81-8a70-15545a346dc0.jpg,C,C1144856,zonglie,134.0,1.0,182.0,1301.0,48.0,1300.0,62400.0,27.083333333333332,48.0,0,0,1,1
C1145669_V12_F00008_849796c1-4bf8-486e-8030-569356807e3f.jpg,C,C1145669,yiwuyaru,1153.0,2120.0,1195.0,2204.0,42.0,84.0,3528.0,2.0,42.0,0,0,0,0
C1145669_V12_F00008_849796c1-4bf8-486e-8030-569356807e3f.jpg,C,C1145669,jieba,3641.0,2174.0,3692.0,2226.0,51.0,52.0,2652.0,1.0196078431372548,51.0,0,0,0,0
C1145669_V12_F00008_849796c1-4bf8-486e-8030-569356807e3f.jpg,C,C1145669,huashang,461.0,1.0,505.0,622.0,44.0,621.0,27324.0,14.113636363636363,44.0,0,0,1,1
C1145669_V12_F00008_849796c1-4bf8-486e-8030-569356807e3f.jpg,C,C1145669,huashang,506.0,802.0,536.0,1156.0,30.0,354.0,10620.0,11.8,30.0,0,0,1,0
C1145669_V12_F00008_849796c1-4bf8-486e-8030-569356807e3f.jpg,C,C1145669,huashang,369.0,961.0,418.0,1875.0,49.0,914.0,44786.0,18.653061224489797,49.0,0,0,1,0
C1145669_V12_F00008_849796c1-4bf8-486e-8030-569356807e3f.jpg,C,C1145669,huashang,328.0,1543.0,352.0,1901.0,24.0,358.0,8592.0,14.916666666666666,24.0,0,0,1,0
C1147618_V00_F00009_ccf52a4b-7d6c-4013-8f4d-5086dcf85980.jpg,C,C1147618,yiwuyaru,1317.0,1968.0,1372.0,2078.0,55.0,110.0,6050.0,2.0,55.0,0,0,0,0
C1147618_V00_F00009_ccf52a4b-7d6c-4013-8f4d-5086dcf85980.jpg,C,C1147618,yiwuyaru,1113.0,1963.0,1224.0,2027.0,111.0,64.0,7104.0,1.734375,64.0,0,0,0,0
C1147623_V00_F00008_3cf45743-c63c-41e8-9ce5-88c2cf5c2219.jpg,C,C1147623,yiwuyaru,1516.0,1773.0,1748.0,1833.0,232.0,60.0,13920.0,3.8666666666666667,60.0,0,0,0,0
C1147631_V10_F00003_a9c61113-2514-4e10-ae68-931e8e7e3d73.jpg,C,C1147631,jieba,3521.0,1806.0,3551.0,1863.0,30.0,57.0,1710.0,1.9,30.0,0,0,0,0
C1147631_V10_F00003_a9c61113-2514-4e10-ae68-931e8e7e3d73.jpg,C,C1147631,jieba,3536.0,823.0,3570.0,987.0,34.0,164.0,5576.0,4.823529411764706,34.0,0,0,0,0
C1147631_V10_F00003_a9c61113-2514-4e10-ae68-931e8e7e3d73.jpg,C,C1147631,jieba,3519.0,2652.0,3568.0,2855.0,49.0,203.0,9947.0,4.142857142857143,49.0,0,0,0,0
C1147631_V10_F00003_a9c61113-2514-4e10-ae68-931e8e7e3d73.jpg,C,C1147631,jieba,3519.0,2440.0,3575.0,2597.0,56.0,157.0,8792.0,2.8035714285714284,56.0,0,0,0,0
C1147631_V10_F00003_a9c61113-2514-4e10-ae68-931e8e7e3d73.jpg,C,C1147631,jieba,3525.0,1115.0,3572.0,1201.0,47.0,86.0,4042.0,1.8297872340425532,47.0,0,0,0,0
C1147631_V12_F00001_99407a13-0043-41b3-9de8-48968926f099.jpg,C,C1147631,yiwuyaru,2290.0,2236.0,2437.0,2305.0,147.0,69.0,10143.0,2.130434782608696,69.0,0,0,0,0
C1147631_V12_F00001_99407a13-0043-41b3-9de8-48968926f099.jpg,C,C1147631,yiwuyaru,2294.0,1953.0,2333.0,2009.0,39.0,56.0,2184.0,1.435897435897436,39.0,0,0,0,0
C1147631_V12_F00001_99407a13-0043-41b3-9de8-48968926f099.jpg,C,C1147631,yiwuyaru,537.0,2406.0,582.0,2428.0,45.0,22.0,990.0,2.0454545454545454,22.0,0,0,0,0
C1147634_V11_F00005_b71f7051-6f88-4848-9d83-b75ecbd0a470.jpg,C,C1147634,yiwuyaru,2657.0,792.0,2728.0,867.0,71.0,75.0,5325.0,1.056338028169014,71.0,0,0,0,0
C1147678_V12_F00001_54e83692-afaf-4d10-9734-52d7507e8893.jpg,C,C1147678,jieba,2842.0,1240.0,3011.0,1349.0,169.0,109.0,18421.0,1.5504587155963303,109.0,0,0,0,0
C1147678_V12_F00001_54e83692-afaf-4d10-9734-52d7507e8893.jpg,C,C1147678,jieba,2278.0,1883.0,2310.0,1916.0,32.0,33.0,1056.0,1.03125,32.0,0,0,0,0
C1147704_V00_F00006_699caf78-f407-4c39-ae5a-d3f090a60948.jpg,C,C1147704,mamianmakeng,1075.0,1721.0,1131.0,1756.0,56.0,35.0,1960.0,1.6,35.0,0,0,0,0
C1147716_V12_F00001_359455a5-d97f-4530-a6aa-5cf3425afd86.jpg,C,C1147716,jieba,2786.0,1289.0,2897.0,1430.0,111.0,141.0,15651.0,1.2702702702702702,111.0,0,0,0,0
C1147716_V12_F00001_359455a5-d97f-4530-a6aa-5cf3425afd86.jpg,C,C1147716,jieba,3455.0,2691.0,3478.0,2738.0,23.0,47.0,1081.0,2.0434782608695654,23.0,0,0,0,0
C1147781_V12_F00000_e084530c-b376-4f8a-a7bc-6afdf93a61f2.jpg,C,C1147781,jieba,3443.0,1151.0,3504.0,1251.0,61.0,100.0,6100.0,1.639344262295082,61.0,0,0,0,0
C1147781_V12_F00000_e084530c-b376-4f8a-a7bc-6afdf93a61f2.jpg,C,C1147781,jieba,3380.0,303.0,3412.0,331.0,32.0,28.0,896.0,1.1428571428571428,28.0,0,0,0,0
C1147781_V12_F00000_e084530c-b376-4f8a-a7bc-6afdf93a61f2.jpg,C,C1147781,huashang,3627.0,2564.0,3639.0,2803.0,12.0,239.0,2868.0,19.916666666666668,12.0,1,0,1,0
C1147805_V02_F00001_3317250b-90ba-47ab-a80e-2cc338c890a4.jpg,C,C1147805,jieba,1073.0,1756.0,1112.0,1786.0,39.0,30.0,1170.0,1.3,30.0,0,0,0,0
C1147853_V13_F00005_88828bfd-44c4-4f59-b521-1d6ec7b418f5.jpg,C,C1147853,yiwuyaru,2904.0,1504.0,2978.0,1584.0,74.0,80.0,5920.0,1.0810810810810811,74.0,0,0,0,0
C1147853_V13_F00005_88828bfd-44c4-4f59-b521-1d6ec7b418f5.jpg,C,C1147853,yiwuyaru,2911.0,1815.0,2972.0,2034.0,61.0,219.0,13359.0,3.5901639344262297,61.0,0,0,0,0
C1147862_V01_F00003_c5d621fb-ae95-4102-94d3-e143bd15b84e.jpg,C,C1147862,zonglie,1992.0,1.0,2036.0,1494.0,44.0,1493.0,65692.0,33.93181818181818,44.0,0,0,1,1
C1147862_V01_F00003_c5d621fb-ae95-4102-94d3-e143bd15b84e.jpg,C,C1147862,zonglie,1992.0,1521.0,2038.0,2999.0,46.0,1478.0,67988.0,32.130434782608695,46.0,0,0,1,1
C1147862_V01_F00005_954d6ecc-1616-4a1d-8bdf-705d49eb8e3f.jpg,C,C1147862,zonglie,2024.0,571.0,2076.0,1301.0,52.0,730.0,37960.0,14.038461538461538,52.0,0,0,1,0
C1147862_V01_F00005_954d6ecc-1616-4a1d-8bdf-705d49eb8e3f.jpg,C,C1147862,zonglie,2033.0,1336.0,2087.0,2992.0,54.0,1656.0,89424.0,30.666666666666668,54.0,0,0,1,1
C1147863_V01_F00008_88283117-571f-4546-b2a3-d3fa7663dd2c.jpg,C,C1147863,yanghuatiepi,3244.0,1627.0,3296.0,1657.0,52.0,30.0,1560.0,1.7333333333333334,30.0,0,0,0,0
C1147863_V01_F00008_88283117-571f-4546-b2a3-d3fa7663dd2c.jpg,C,C1147863,yanghuatiepi,1541.0,1484.0,1601.0,1557.0,60.0,73.0,4380.0,1.2166666666666666,60.0,0,0,0,0
C1147863_V01_F00008_88283117-571f-4546-b2a3-d3fa7663dd2c.jpg,C,C1147863,zonglie,1191.0,2757.0,1208.0,2959.0,17.0,202.0,3434.0,11.882352941176471,17.0,0,0,1,0
C1147863_V01_F00008_88283117-571f-4546-b2a3-d3fa7663dd2c.jpg,C,C1147863,zonglie,1199.0,1736.0,1226.0,2609.0,27.0,873.0,23571.0,32.333333333333336,27.0,0,0,1,0
C1147885_V11_F00001_8775e4f9-4e56-44ff-8f8e-bc57b74bb47a.jpg,C,C1147885,jieba,1810.0,1710.0,1903.0,1978.0,93.0,268.0,24924.0,2.881720430107527,93.0,0,0,0,0
C1147910_V00_F00005_bd6fe391-8cb0-4eea-9286-0064add74d53.jpg,C,C1147910,yiwuyaru,2532.0,4.0,3220.0,598.0,688.0,594.0,408672.0,1.1582491582491583,594.0,0,0,0,1
C1147936_V02_F00000_89790228-e859-4f58-97fd-d129628acf0c.jpg,C,C1147936,jieba,2350.0,1855.0,2420.0,1889.0,70.0,34.0,2380.0,2.0588235294117645,34.0,0,0,0,0
C1147936_V02_F00000_89790228-e859-4f58-97fd-d129628acf0c.jpg,C,C1147936,jieba,2673.0,1977.0,2725.0,2011.0,52.0,34.0,1768.0,1.5294117647058822,34.0,0,0,0,0
C1148158_V01_F00000_00727c9a-def1-4882-9e19-f0eecb9489b3.jpg,C,C1148158,jieba,1031.0,2107.0,1131.0,2181.0,100.0,74.0,7400.0,1.3513513513513513,74.0,0,0,0,0
C1148389_V10_F00007_b1cc5989-2f58-4979-bb9c-49581340ba19.jpg,C,C1148389,jieba,2902.0,139.0,2925.0,264.0,23.0,125.0,2875.0,5.434782608695652,23.0,0,0,1,0
C1148389_V10_F00007_b1cc5989-2f58-4979-bb9c-49581340ba19.jpg,C,C1148389,jieba,2905.0,1883.0,2925.0,1931.0,20.0,48.0,960.0,2.4,20.0,0,0,0,0
C1148389_V10_F00007_b1cc5989-2f58-4979-bb9c-49581340ba19.jpg,C,C1148389,jieba,2904.0,1047.0,2922.0,1110.0,18.0,63.0,1134.0,3.5,18.0,0,0,0,0
C1148389_V10_F00007_b1cc5989-2f58-4979-bb9c-49581340ba19.jpg,C,C1148389,qilie,2901.0,689.0,2939.0,866.0,38.0,177.0,6726.0,4.657894736842105,38.0,0,0,0,0
C1148389_V10_F00007_b1cc5989-2f58-4979-bb9c-49581340ba19.jpg,C,C1148389,jieba,2902.0,2029.0,2923.0,2119.0,21.0,90.0,1890.0,4.285714285714286,21.0,0,0,0,0
C1148389_V10_F00007_b1cc5989-2f58-4979-bb9c-49581340ba19.jpg,C,C1148389,jieba,2906.0,2223.0,2918.0,2383.0,12.0,160.0,1920.0,13.333333333333334,12.0,1,0,1,0
C1148389_V10_F00007_b1cc5989-2f58-4979-bb9c-49581340ba19.jpg,C,C1148389,jieba,2906.0,1306.0,2921.0,1387.0,15.0,81.0,1215.0,5.4,15.0,1,0,1,0
C1148414_V01_F00003_b9fd37a3-bf37-4711-8903-054880d359e6.jpg,C,C1148414,jiaza,1921.0,25.0,1970.0,301.0,49.0,276.0,13524.0,5.63265306122449,49.0,0,0,1,0
C1148414_V01_F00003_b9fd37a3-bf37-4711-8903-054880d359e6.jpg,C,C1148414,jiaza,2168.0,1284.0,2188.0,1384.0,20.0,100.0,2000.0,5.0,20.0,0,0,1,0
C1148414_V01_F00007_2be71d90-48c2-46be-8b22-e03d20222a3f.jpg,C,C1148414,jiaza,607.0,2355.0,643.0,2556.0,36.0,201.0,7236.0,5.583333333333333,36.0,0,0,1,0
C1148414_V01_F00012_51809df6-f892-4535-96f1-7abb5335eb83.jpg,C,C1148414,jiaza,1579.0,1896.0,1626.0,2082.0,47.0,186.0,8742.0,3.9574468085106385,47.0,0,0,0,0
C1148416_V01_F00003_f578bb36-872d-4f27-a332-0f89c0af4240.jpg,C,C1148416,jiaza,610.0,2665.0,634.0,2774.0,24.0,109.0,2616.0,4.541666666666667,24.0,0,0,0,0
C1148416_V01_F00007_cef3e4b6-034a-476b-b82e-66d6fa2ca5c1.jpg,C,C1148416,jiaza,3204.0,95.0,3232.0,222.0,28.0,127.0,3556.0,4.535714285714286,28.0,0,0,0,0
C1148510_V10_F00002_9c9dbd28-81e9-4b1d-92e1-07604acd7e5c.jpg,C,C1148510,jieba,3727.0,1798.0,3761.0,1965.0,34.0,167.0,5678.0,4.911764705882353,34.0,0,0,0,0
C1148510_V10_F00002_9c9dbd28-81e9-4b1d-92e1-07604acd7e5c.jpg,C,C1148510,jieba,3727.0,2205.0,3753.0,2352.0,26.0,147.0,3822.0,5.653846153846154,26.0,0,0,1,0
C1148510_V10_F00002_9c9dbd28-81e9-4b1d-92e1-07604acd7e5c.jpg,C,C1148510,jieba,3721.0,2875.0,3749.0,2990.0,28.0,115.0,3220.0,4.107142857142857,28.0,0,0,0,1
C1148510_V10_F00002_9c9dbd28-81e9-4b1d-92e1-07604acd7e5c.jpg,C,C1148510,jieba,3738.0,725.0,3759.0,861.0,21.0,136.0,2856.0,6.476190476190476,21.0,0,0,1,0
C1148510_V10_F00008_cecdd310-0e21-4053-b9db-5d23cd1ac5c9.jpg,C,C1148510,jieba,3615.0,1085.0,3643.0,1285.0,28.0,200.0,5600.0,7.142857142857143,28.0,0,0,1,0
C1148510_V10_F00008_cecdd310-0e21-4053-b9db-5d23cd1ac5c9.jpg,C,C1148510,jieba,3609.0,2053.0,3634.0,2141.0,25.0,88.0,2200.0,3.52,25.0,0,0,0,0
C1148510_V10_F00008_cecdd310-0e21-4053-b9db-5d23cd1ac5c9.jpg,C,C1148510,jieba,3608.0,2319.0,3636.0,2457.0,28.0,138.0,3864.0,4.928571428571429,28.0,0,0,0,0
C1148510_V10_F00008_cecdd310-0e21-4053-b9db-5d23cd1ac5c9.jpg,C,C1148510,jieba,3619.0,623.0,3642.0,730.0,23.0,107.0,2461.0,4.6521739130434785,23.0,0,0,0,0
C1148512_V10_F00002_9d15ea21-8f51-483d-a1c6-1d8bdb8562b1.jpg,C,C1148512,jieba,3539.0,2693.0,3570.0,2843.0,31.0,150.0,4650.0,4.838709677419355,31.0,0,0,0,0
C1148512_V10_F00002_9d15ea21-8f51-483d-a1c6-1d8bdb8562b1.jpg,C,C1148512,jieba,3550.0,1885.0,3582.0,2009.0,32.0,124.0,3968.0,3.875,32.0,0,0,0,0
C1148512_V10_F00002_9d15ea21-8f51-483d-a1c6-1d8bdb8562b1.jpg,C,C1148512,jieba,3575.0,478.0,3639.0,677.0,64.0,199.0,12736.0,3.109375,64.0,0,0,0,0
C1148512_V10_F00002_9d15ea21-8f51-483d-a1c6-1d8bdb8562b1.jpg,C,C1148512,jieba,3547.0,2143.0,3580.0,2282.0,33.0,139.0,4587.0,4.212121212121212,33.0,0,0,0,0
C1148512_V10_F00002_9d15ea21-8f51-483d-a1c6-1d8bdb8562b1.jpg,C,C1148512,jieba,3576.0,823.0,3598.0,853.0,22.0,30.0,660.0,1.3636363636363635,22.0,0,0,0,0
C1148873_V01_F00003_dd3fe065-aece-4bec-ad03-66cbef2ba401.jpg,C,C1148873,zonglie,1293.0,1.0,1355.0,3000.0,62.0,2999.0,185938.0,48.37096774193548,62.0,0,0,1,1
C1148873_V01_F00005_5bbafc71-ec02-4fa1-a30b-5ec13d035ade.jpg,C,C1148873,zonglie,1311.0,1.0,1388.0,2997.0,77.0,2996.0,230692.0,38.90909090909091,77.0,0,0,1,1
C1148873_V01_F00006_cafc21a2-631a-41f4-a777-45a56d89e37d.jpg,C,C1148873,zonglie,1320.0,1.0,1400.0,3000.0,80.0,2999.0,239920.0,37.4875,80.0,0,0,1,1
C1148873_V01_F00007_78e83f97-f8d9-443c-a61d-b6d3a5a4927e.jpg,C,C1148873,zonglie,1339.0,1.0,1403.0,2198.0,64.0,2197.0,140608.0,34.328125,64.0,0,0,1,1
C1148873_V01_F00007_78e83f97-f8d9-443c-a61d-b6d3a5a4927e.jpg,C,C1148873,jieba,2363.0,1677.0,2391.0,1695.0,28.0,18.0,504.0,1.5555555555555556,18.0,0,0,0,0
C1149026_V02_F00001_5fe2a532-fa1d-4aae-baa6-3ffb78b382a4.jpg,C,C1149026,zonglie,3934.0,993.0,3989.0,2306.0,55.0,1313.0,72215.0,23.87272727272727,55.0,0,0,1,0
C1149225_V12_F00003_db9b3cb9-44d8-4041-8477-0d7edfbd93e4.jpg,C,C1149225,huashang,0.0,738.0,4088.0,774.0,4088.0,36.0,147168.0,113.55555555555556,36.0,0,0,1,1
C1149586_V01_F00010_f65bea2f-17d1-46f2-be11-9fdfda676ca0.jpg,C,C1149586,mamianmakeng,1584.0,205.0,1650.0,548.0,66.0,343.0,22638.0,5.196969696969697,66.0,0,0,1,0
C1149586_V01_F00010_f65bea2f-17d1-46f2-be11-9fdfda676ca0.jpg,C,C1149586,yanghuatiepi,4047.0,503.0,4072.0,524.0,25.0,21.0,525.0,1.1904761904761905,21.0,0,0,0,0
C1149608_V00_F00007_740c47c4-df65-49de-84e3-064943f859b0.jpg,C,C1149608,jiaza,3175.0,1938.0,3195.0,2092.0,20.0,154.0,3080.0,7.7,20.0,0,0,1,0
C1150180_V02_F00003_2704399c-11aa-4aa5-b46c-16f8a3c4ee80.jpg,C,C1150180,jiaza,1581.0,981.0,1601.0,1119.0,20.0,138.0,2760.0,6.9,20.0,0,0,1,0
C1150978_V01_F00008_933751fb-c480-4f29-9856-4646c0c36c36.jpg,C,C1150978,jiaza,282.0,857.0,297.0,959.0,15.0,102.0,1530.0,6.8,15.0,1,0,1,0
C1154655_V10_F00003_f266db0c-1311-42bc-9c21-7ff06b8a3ab7.jpg,C,C1154655,huashang,2422.0,1.0,2452.0,1540.0,30.0,1539.0,46170.0,51.3,30.0,0,0,1,1
C1154655_V10_F00003_f266db0c-1311-42bc-9c21-7ff06b8a3ab7.jpg,C,C1154655,huashang,2414.0,1534.0,2444.0,2315.0,30.0,781.0,23430.0,26.033333333333335,30.0,0,0,1,0
C1154655_V10_F00003_f266db0c-1311-42bc-9c21-7ff06b8a3ab7.jpg,C,C1154655,huashang,2821.0,5.0,2846.0,1110.0,25.0,1105.0,27625.0,44.2,25.0,0,0,1,1
C1154655_V10_F00003_f266db0c-1311-42bc-9c21-7ff06b8a3ab7.jpg,C,C1154655,huashang,2885.0,644.0,2906.0,1326.0,21.0,682.0,14322.0,32.476190476190474,21.0,0,0,1,0
C1154655_V10_F00003_f266db0c-1311-42bc-9c21-7ff06b8a3ab7.jpg,C,C1154655,huashang,2852.0,1504.0,2876.0,2241.0,24.0,737.0,17688.0,30.708333333333332,24.0,0,0,1,0
C1154655_V10_F00003_f266db0c-1311-42bc-9c21-7ff06b8a3ab7.jpg,C,C1154655,jieba,1956.0,2242.0,2116.0,2310.0,160.0,68.0,10880.0,2.3529411764705883,68.0,0,0,0,0
C1154655_V10_F00003_f266db0c-1311-42bc-9c21-7ff06b8a3ab7.jpg,C,C1154655,huashang,2410.0,2434.0,2433.0,3000.0,23.0,566.0,13018.0,24.608695652173914,23.0,0,0,1,1
C1154683_V00_F00003_3c8ea282-c1d8-4217-8062-e286b11599e4.jpg,C,C1154683,jiaza,2678.0,509.0,2703.0,648.0,25.0,139.0,3475.0,5.56,25.0,0,0,1,0
C1154959_V12_F00002_7e771b1c-ea0a-4df8-9956-236798417159.jpg,C,C1154959,huashang,1984.0,1848.0,4096.0,1918.0,2112.0,70.0,147840.0,30.17142857142857,70.0,0,0,1,1
C1155074_V01_F00001_96eb5d73-d38d-458a-995b-75b9706dce02.jpg,C,C1155074,zonglie,3107.0,976.0,3177.0,1643.0,70.0,667.0,46690.0,9.528571428571428,70.0,0,0,1,0
C1155091_V01_F00004_b00688cb-05c7-4907-a3e7-a76a706d825f.jpg,C,C1155091,zonglie,1171.0,2102.0,1231.0,3000.0,60.0,898.0,53880.0,14.966666666666667,60.0,0,0,1,1
C1155091_V01_F00004_b00688cb-05c7-4907-a3e7-a76a706d825f.jpg,C,C1155091,zonglie,1164.0,1.0,1229.0,2084.0,65.0,2083.0,135395.0,32.04615384615385,65.0,0,0,1,1
C1155119_V02_F00001_1479d175-5783-41ae-8510-4db347483d74.jpg,C,C1155119,yanghuatiepi,3053.0,1979.0,3073.0,2001.0,20.0,22.0,440.0,1.1,20.0,0,0,0,0
C1155119_V02_F00001_1479d175-5783-41ae-8510-4db347483d74.jpg,C,C1155119,yanghuatiepi,1655.0,18.0,1700.0,29.0,45.0,11.0,495.0,4.090909090909091,11.0,1,0,0,0
C1155119_V02_F00001_1479d175-5783-41ae-8510-4db347483d74.jpg,C,C1155119,zonglie,603.0,2083.0,680.0,2996.0,77.0,913.0,70301.0,11.857142857142858,77.0,0,0,1,1
C1155156_V01_F00002_9fe396b3-c05d-4a64-88bc-ba3dd5e26e16.jpg,C,C1155156,yanghuatiepi,3038.0,111.0,3077.0,150.0,39.0,39.0,1521.0,1.0,39.0,0,0,0,0
C1155156_V01_F00002_9fe396b3-c05d-4a64-88bc-ba3dd5e26e16.jpg,C,C1155156,yanghuatiepi,1063.0,126.0,1091.0,153.0,28.0,27.0,756.0,1.037037037037037,27.0,0,0,0,0
C1155156_V01_F00002_9fe396b3-c05d-4a64-88bc-ba3dd5e26e16.jpg,C,C1155156,jiaza,1566.0,2524.0,1588.0,2624.0,22.0,100.0,2200.0,4.545454545454546,22.0,0,0,0,0
C1155156_V01_F00002_9fe396b3-c05d-4a64-88bc-ba3dd5e26e16.jpg,C,C1155156,jiaza,1489.0,2404.0,1503.0,2461.0,14.0,57.0,798.0,4.071428571428571,14.0,1,0,0,0
C1155606_V10_F00008_cb86112f-321a-4721-b019-c4f5f56cfe3c.jpg,C,C1155606,jieba,3633.0,489.0,3660.0,640.0,27.0,151.0,4077.0,5.592592592592593,27.0,0,0,1,0
C1155606_V10_F00008_cb86112f-321a-4721-b019-c4f5f56cfe3c.jpg,C,C1155606,jieba,3633.0,1939.0,3670.0,2190.0,37.0,251.0,9287.0,6.783783783783784,37.0,0,0,1,0
C1155606_V10_F00008_cb86112f-321a-4721-b019-c4f5f56cfe3c.jpg,C,C1155606,jieba,3634.0,1280.0,3667.0,1461.0,33.0,181.0,5973.0,5.484848484848484,33.0,0,0,1,0
C1155608_V11_F00003_04ded480-25b8-4f03-a646-c6c00992d429.jpg,C,C1155608,jieba,660.0,758.0,701.0,946.0,41.0,188.0,7708.0,4.585365853658536,41.0,0,0,0,0
C1155608_V11_F00003_04ded480-25b8-4f03-a646-c6c00992d429.jpg,C,C1155608,jieba,667.0,471.0,701.0,590.0,34.0,119.0,4046.0,3.5,34.0,0,0,0,0
C1155608_V11_F00003_04ded480-25b8-4f03-a646-c6c00992d429.jpg,C,C1155608,jieba,667.0,251.0,701.0,271.0,34.0,20.0,680.0,1.7,20.0,0,0,0,0
C1155608_V11_F00006_5848ff4c-e681-464c-9c6d-24bc3c24c082.jpg,C,C1155608,jieba,629.0,668.0,663.0,813.0,34.0,145.0,4930.0,4.264705882352941,34.0,0,0,0,0
C1155608_V11_F00006_5848ff4c-e681-464c-9c6d-24bc3c24c082.jpg,C,C1155608,jieba,626.0,1843.0,660.0,1939.0,34.0,96.0,3264.0,2.823529411764706,34.0,0,0,0,0
C1155608_V11_F00006_5848ff4c-e681-464c-9c6d-24bc3c24c082.jpg,C,C1155608,jieba,627.0,2280.0,645.0,2377.0,18.0,97.0,1746.0,5.388888888888889,18.0,0,0,1,0
C1155608_V11_F00006_5848ff4c-e681-464c-9c6d-24bc3c24c082.jpg,C,C1155608,mamianmakeng,3520.0,1000.0,3650.0,1061.0,130.0,61.0,7930.0,2.1311475409836067,61.0,0,0,0,0
C1155709_V02_F00003_6dfbabde-3649-4550-8a73-63b905f6b223.jpg,C,C1155709,gunyin,303.0,2951.0,408.0,2962.0,105.0,11.0,1155.0,9.545454545454545,11.0,1,0,1,0
C1155709_V02_F00003_6dfbabde-3649-4550-8a73-63b905f6b223.jpg,C,C1155709,gunyin,307.0,1112.0,409.0,1123.0,102.0,11.0,1122.0,9.272727272727273,11.0,1,0,1,0
C1155710_V02_F00006_d02a5c5a-957a-43b0-b503-99e468eeb7fd.jpg,C,C1155710,gunyin,278.0,1701.0,385.0,1717.0,107.0,16.0,1712.0,6.6875,16.0,0,0,1,0
C1155713_V01_F00002_27c04011-143f-4013-af01-f95b4a95fe69.jpg,C,C1155713,gunyin,3753.0,2147.0,3856.0,2161.0,103.0,14.0,1442.0,7.357142857142857,14.0,1,0,1,0
C1155713_V01_F00002_27c04011-143f-4013-af01-f95b4a95fe69.jpg,C,C1155713,gunyin,3751.0,247.0,3847.0,258.0,96.0,11.0,1056.0,8.727272727272727,11.0,1,0,1,0
C1155713_V01_F00002_27c04011-143f-4013-af01-f95b4a95fe69.jpg,C,C1155713,gunyin,362.0,686.0,423.0,708.0,61.0,22.0,1342.0,2.772727272727273,22.0,0,0,0,0
C1155754_V02_F00005_864b4573-172d-41b4-8cd5-e8c418219164.jpg,C,C1155754,gunyin,760.0,2451.0,857.0,2465.0,97.0,14.0,1358.0,6.928571428571429,14.0,1,0,1,0
C1155754_V02_F00005_864b4573-172d-41b4-8cd5-e8c418219164.jpg,C,C1155754,gunyin,754.0,549.0,842.0,559.0,88.0,10.0,880.0,8.8,10.0,1,0,1,0
C1155765_V01_F00008_41128c5d-e627-4960-8aaf-428d5f78539a.jpg,C,C1155765,gunyin,3873.0,199.0,3980.0,219.0,107.0,20.0,2140.0,5.35,20.0,0,0,1,0
C1155765_V01_F00008_41128c5d-e627-4960-8aaf-428d5f78539a.jpg,C,C1155765,gunyin,3882.0,2139.0,3981.0,2147.0,99.0,8.0,792.0,12.375,8.0,1,0,1,0
C1156267_V10_F00003_7b6ad1d6-c623-470e-bb4f-c26fea04ae68.jpg,C,C1156267,huashang,3752.0,0.0,3784.0,627.0,32.0,627.0,20064.0,19.59375,32.0,0,0,1,1
C1156267_V11_F00003_b68bec78-6426-47af-8b00-f336007cc5df.jpg,C,C1156267,huashang,762.0,1.0,809.0,605.0,47.0,604.0,28388.0,12.851063829787234,47.0,0,0,1,1
C1156267_V11_F00003_b68bec78-6426-47af-8b00-f336007cc5df.jpg,C,C1156267,jieba,2344.0,279.0,2360.0,330.0,16.0,51.0,816.0,3.1875,16.0,0,0,0,0
C1156267_V11_F00003_b68bec78-6426-47af-8b00-f336007cc5df.jpg,C,C1156267,jieba,758.0,2921.0,799.0,2935.0,41.0,14.0,574.0,2.9285714285714284,14.0,1,0,0,0
C1156428_V01_F00005_de3141d4-015e-4c0c-85a5-90b057ac4606.jpg,C,C1156428,mamianmakeng,3750.0,1021.0,3797.0,1053.0,47.0,32.0,1504.0,1.46875,32.0,0,0,0,0
C1156428_V02_F00005_9cdbfbd6-44f3-4a23-9470-921b1add6183.jpg,C,C1156428,mamianmakeng,343.0,1007.0,391.0,1037.0,48.0,30.0,1440.0,1.6,30.0,0,0,0,0
C1156428_V02_F00005_9cdbfbd6-44f3-4a23-9470-921b1add6183.jpg,C,C1156428,mamianmakeng,1793.0,1293.0,1821.0,1317.0,28.0,24.0,672.0,1.1666666666666667,24.0,0,0,0,0
C1156454_V01_F00006_0832288d-331b-405e-821e-eacbade74075.jpg,C,C1156454,jiaza,3875.0,632.0,3906.0,775.0,31.0,143.0,4433.0,4.612903225806452,31.0,0,0,0,0
C1156454_V01_F00006_0832288d-331b-405e-821e-eacbade74075.jpg,C,C1156454,jiaza,3991.0,1567.0,4018.0,1711.0,27.0,144.0,3888.0,5.333333333333333,27.0,0,0,1,0
C1156454_V01_F00006_0832288d-331b-405e-821e-eacbade74075.jpg,C,C1156454,jiaza,3765.0,2410.0,3789.0,2566.0,24.0,156.0,3744.0,6.5,24.0,0,0,1,0
C1156454_V01_F00006_0832288d-331b-405e-821e-eacbade74075.jpg,C,C1156454,jiaza,3926.0,813.0,3949.0,909.0,23.0,96.0,2208.0,4.173913043478261,23.0,0,0,0,0
C1156454_V01_F00006_bd358053-0fc6-4600-a2a8-43e0b768eb17.jpg,C,C1156454,jiaza,3874.0,631.0,3908.0,780.0,34.0,149.0,5066.0,4.382352941176471,34.0,0,0,0,0
C1156454_V01_F00006_bd358053-0fc6-4600-a2a8-43e0b768eb17.jpg,C,C1156454,jiaza,3990.0,1579.0,4020.0,1696.0,30.0,117.0,3510.0,3.9,30.0,0,0,0,0
C1156454_V01_F00006_bd358053-0fc6-4600-a2a8-43e0b768eb17.jpg,C,C1156454,jiaza,3767.0,2409.0,3790.0,2552.0,23.0,143.0,3289.0,6.217391304347826,23.0,0,0,1,0
C1156454_V01_F00006_bd358053-0fc6-4600-a2a8-43e0b768eb17.jpg,C,C1156454,jiaza,3929.0,812.0,3947.0,909.0,18.0,97.0,1746.0,5.388888888888889,18.0,0,0,1,0
C1156454_V02_F00006_d6015ac5-e0f6-4b53-84ec-327b22e81cf9.jpg,C,C1156454,jiaza,563.0,1554.0,589.0,1680.0,26.0,126.0,3276.0,4.846153846153846,26.0,0,0,0,0
C1156454_V02_F00006_d6015ac5-e0f6-4b53-84ec-327b22e81cf9.jpg,C,C1156454,jiaza,447.0,618.0,472.0,764.0,25.0,146.0,3650.0,5.84,25.0,0,0,1,0
C1156454_V02_F00006_d6015ac5-e0f6-4b53-84ec-327b22e81cf9.jpg,C,C1156454,jiaza,337.0,2395.0,355.0,2534.0,18.0,139.0,2502.0,7.722222222222222,18.0,0,0,1,0
C1156454_V02_F00006_d6015ac5-e0f6-4b53-84ec-327b22e81cf9.jpg,C,C1156454,jiaza,497.0,791.0,520.0,894.0,23.0,103.0,2369.0,4.478260869565218,23.0,0,0,0,0
C1156455_V01_F00005_f50766c4-1b39-4348-b525-bc6e05909cd8.jpg,C,C1156455,jiaza,3586.0,704.0,3610.0,818.0,24.0,114.0,2736.0,4.75,24.0,0,0,0,0
C1156619_V11_F00010_20467f58-c259-40db-b294-61d3a78a3e15.jpg,C,C1156619,jieba,709.0,2281.0,740.0,2426.0,31.0,145.0,4495.0,4.67741935483871,31.0,0,0,0,0
C1156619_V11_F00010_20467f58-c259-40db-b294-61d3a78a3e15.jpg,C,C1156619,jieba,713.0,969.0,749.0,1040.0,36.0,71.0,2556.0,1.9722222222222223,36.0,0,0,0,0
C1156619_V11_F00010_20467f58-c259-40db-b294-61d3a78a3e15.jpg,C,C1156619,jieba,711.0,1507.0,755.0,1679.0,44.0,172.0,7568.0,3.909090909090909,44.0,0,0,0,0
C1156619_V11_F00010_20467f58-c259-40db-b294-61d3a78a3e15.jpg,C,C1156619,qilie,711.0,1507.0,755.0,1679.0,44.0,172.0,7568.0,3.909090909090909,44.0,0,0,0,0
C1156619_V11_F00010_20467f58-c259-40db-b294-61d3a78a3e15.jpg,C,C1156619,qilie,715.0,2786.0,762.0,2922.0,47.0,136.0,6392.0,2.893617021276596,47.0,0,0,0,0
C1156620_V11_F00007_adac4b0d-d5c1-48c4-82ce-053031ff929c.jpg,C,C1156620,qilie,750.0,431.0,784.0,614.0,34.0,183.0,6222.0,5.382352941176471,34.0,0,0,1,0
C1156620_V11_F00007_adac4b0d-d5c1-48c4-82ce-053031ff929c.jpg,C,C1156620,qilie,748.0,958.0,775.0,1122.0,27.0,164.0,4428.0,6.074074074074074,27.0,0,0,1,0
C1156620_V11_F00007_adac4b0d-d5c1-48c4-82ce-053031ff929c.jpg,C,C1156620,jieba,748.0,1742.0,769.0,1873.0,21.0,131.0,2751.0,6.238095238095238,21.0,0,0,1,0
C1156620_V11_F00007_adac4b0d-d5c1-48c4-82ce-053031ff929c.jpg,C,C1156620,jieba,745.0,2235.0,773.0,2392.0,28.0,157.0,4396.0,5.607142857142857,28.0,0,0,1,0
C1156620_V11_F00007_adac4b0d-d5c1-48c4-82ce-053031ff929c.jpg,C,C1156620,jieba,745.0,2676.0,768.0,2759.0,23.0,83.0,1909.0,3.608695652173913,23.0,0,0,0,0
C1156620_V11_F00007_adac4b0d-d5c1-48c4-82ce-053031ff929c.jpg,C,C1156620,jieba,745.0,2896.0,764.0,2998.0,19.0,102.0,1938.0,5.368421052631579,19.0,0,0,1,1
C1156620_V11_F00007_adac4b0d-d5c1-48c4-82ce-053031ff929c.jpg,C,C1156620,jieba,750.0,1488.0,762.0,1531.0,12.0,43.0,516.0,3.5833333333333335,12.0,1,0,0,0
C1156620_V11_F00007_adac4b0d-d5c1-48c4-82ce-053031ff929c.jpg,C,C1156620,jieba,746.0,255.0,776.0,375.0,30.0,120.0,3600.0,4.0,30.0,0,0,0,0
C1156620_V11_F00007_adac4b0d-d5c1-48c4-82ce-053031ff929c.jpg,C,C1156620,jieba,750.0,75.0,773.0,156.0,23.0,81.0,1863.0,3.5217391304347827,23.0,0,0,0,0
C1156621_V10_F00002_fe84d579-254e-4d2b-95ad-88c2e1d945b1.jpg,C,C1156621,jieba,3742.0,1.0,3773.0,139.0,31.0,138.0,4278.0,4.451612903225806,31.0,0,0,0,1
C1156621_V10_F00002_fe84d579-254e-4d2b-95ad-88c2e1d945b1.jpg,C,C1156621,jieba,3741.0,417.0,3772.0,530.0,31.0,113.0,3503.0,3.6451612903225805,31.0,0,0,0,0
C1156621_V10_F00002_fe84d579-254e-4d2b-95ad-88c2e1d945b1.jpg,C,C1156621,jieba,3741.0,607.0,3763.0,684.0,22.0,77.0,1694.0,3.5,22.0,0,0,0,0
C1156621_V10_F00002_fe84d579-254e-4d2b-95ad-88c2e1d945b1.jpg,C,C1156621,jieba,3725.0,2856.0,3751.0,2930.0,26.0,74.0,1924.0,2.8461538461538463,26.0,0,0,0,0
C1156621_V10_F00002_fe84d579-254e-4d2b-95ad-88c2e1d945b1.jpg,C,C1156621,jieba,3725.0,2734.0,3746.0,2804.0,21.0,70.0,1470.0,3.3333333333333335,21.0,0,0,0,0
C1156621_V10_F00002_fe84d579-254e-4d2b-95ad-88c2e1d945b1.jpg,C,C1156621,jieba,3727.0,2636.0,3749.0,2672.0,22.0,36.0,792.0,1.6363636363636365,22.0,0,0,0,0
C1156621_V10_F00002_fe84d579-254e-4d2b-95ad-88c2e1d945b1.jpg,C,C1156621,jieba,3720.0,2434.0,3757.0,2540.0,37.0,106.0,3922.0,2.864864864864865,37.0,0,0,0,0
C1156621_V10_F00002_fe84d579-254e-4d2b-95ad-88c2e1d945b1.jpg,C,C1156621,jieba,3726.0,2251.0,3744.0,2283.0,18.0,32.0,576.0,1.7777777777777777,18.0,0,0,0,0
C1156621_V10_F00002_fe84d579-254e-4d2b-95ad-88c2e1d945b1.jpg,C,C1156621,jieba,3727.0,2071.0,3749.0,2112.0,22.0,41.0,902.0,1.8636363636363635,22.0,0,0,0,0
C1156621_V10_F00002_fe84d579-254e-4d2b-95ad-88c2e1d945b1.jpg,C,C1156621,jieba,3729.0,1957.0,3752.0,2004.0,23.0,47.0,1081.0,2.0434782608695654,23.0,0,0,0,0
C1156621_V10_F00002_fe84d579-254e-4d2b-95ad-88c2e1d945b1.jpg,C,C1156621,jieba,3728.0,1705.0,3765.0,1825.0,37.0,120.0,4440.0,3.2432432432432434,37.0,0,0,0,0
C1156621_V10_F00002_fe84d579-254e-4d2b-95ad-88c2e1d945b1.jpg,C,C1156621,jieba,3728.0,1519.0,3756.0,1613.0,28.0,94.0,2632.0,3.357142857142857,28.0,0,0,0,0
C1156621_V10_F00002_fe84d579-254e-4d2b-95ad-88c2e1d945b1.jpg,C,C1156621,jieba,3734.0,1040.0,3767.0,1158.0,33.0,118.0,3894.0,3.5757575757575757,33.0,0,0,0,0
C1156621_V10_F00002_fe84d579-254e-4d2b-95ad-88c2e1d945b1.jpg,C,C1156621,jieba,3732.0,991.0,3755.0,1028.0,23.0,37.0,851.0,1.608695652173913,23.0,0,0,0,0
C1156621_V10_F00002_fe84d579-254e-4d2b-95ad-88c2e1d945b1.jpg,C,C1156621,jieba,3736.0,826.0,3769.0,949.0,33.0,123.0,4059.0,3.727272727272727,33.0,0,0,0,0
C1156621_V10_F00005_77eeabb6-df25-4fe5-ac9d-df2605644cf2.jpg,C,C1156621,jieba,3677.0,1026.0,3710.0,1134.0,33.0,108.0,3564.0,3.272727272727273,33.0,0,0,0,0
C1156621_V10_F00005_77eeabb6-df25-4fe5-ac9d-df2605644cf2.jpg,C,C1156621,jieba,3679.0,1433.0,3706.0,1542.0,27.0,109.0,2943.0,4.037037037037037,27.0,0,0,0,0
C1156621_V10_F00005_77eeabb6-df25-4fe5-ac9d-df2605644cf2.jpg,C,C1156621,jieba,3677.0,2210.0,3714.0,2328.0,37.0,118.0,4366.0,3.189189189189189,37.0,0,0,0,0
C1156621_V10_F00005_77eeabb6-df25-4fe5-ac9d-df2605644cf2.jpg,C,C1156621,jieba,3675.0,2533.0,3708.0,2665.0,33.0,132.0,4356.0,4.0,33.0,0,0,0,0
C1156621_V10_F00005_77eeabb6-df25-4fe5-ac9d-df2605644cf2.jpg,C,C1156621,jieba,3674.0,2834.0,3706.0,2972.0,32.0,138.0,4416.0,4.3125,32.0,0,0,0,0
C1156621_V10_F00005_77eeabb6-df25-4fe5-ac9d-df2605644cf2.jpg,C,C1156621,jieba,3684.0,1318.0,3706.0,1387.0,22.0,69.0,1518.0,3.1363636363636362,22.0,0,0,0,0
C1156621_V10_F00005_77eeabb6-df25-4fe5-ac9d-df2605644cf2.jpg,C,C1156621,jieba,3679.0,2005.0,3702.0,2123.0,23.0,118.0,2714.0,5.130434782608695,23.0,0,0,1,0
C1156621_V10_F00008_fe5950c5-068c-4794-9792-09738516dfc7.jpg,C,C1156621,qilie,3645.0,4.0,3685.0,161.0,40.0,157.0,6280.0,3.925,40.0,0,0,0,1
C1156621_V10_F00008_fe5950c5-068c-4794-9792-09738516dfc7.jpg,C,C1156621,jieba,3642.0,538.0,3674.0,650.0,32.0,112.0,3584.0,3.5,32.0,0,0,0,0
C1156621_V10_F00008_fe5950c5-068c-4794-9792-09738516dfc7.jpg,C,C1156621,qilie,3635.0,924.0,3695.0,1250.0,60.0,326.0,19560.0,5.433333333333334,60.0,0,0,1,0
C1156621_V10_F00008_fe5950c5-068c-4794-9792-09738516dfc7.jpg,C,C1156621,qilie,3628.0,1820.0,3675.0,2087.0,47.0,267.0,12549.0,5.680851063829787,47.0,0,0,1,0
C1156621_V10_F00008_fe5950c5-068c-4794-9792-09738516dfc7.jpg,C,C1156621,jieba,3624.0,2318.0,3673.0,2507.0,49.0,189.0,9261.0,3.857142857142857,49.0,0,0,0,0
C1156621_V10_F00008_fe5950c5-068c-4794-9792-09738516dfc7.jpg,C,C1156621,jieba,3623.0,2891.0,3653.0,3000.0,30.0,109.0,3270.0,3.6333333333333333,30.0,0,0,0,1
C1156621_V10_F00008_fe5950c5-068c-4794-9792-09738516dfc7.jpg,C,C1156621,jieba,3642.0,249.0,3669.0,330.0,27.0,81.0,2187.0,3.0,27.0,0,0,0,0
C1156621_V10_F00008_fe5950c5-068c-4794-9792-09738516dfc7.jpg,C,C1156621,jieba,3623.0,2571.0,3648.0,2654.0,25.0,83.0,2075.0,3.32,25.0,0,0,0,0
C1156621_V10_F00011_04030549-bb6e-40a6-ae7c-bb2a1593e6ab.jpg,C,C1156621,jieba,3560.0,0.0,3598.0,107.0,38.0,107.0,4066.0,2.8157894736842106,38.0,0,0,0,1
C1156621_V10_F00011_04030549-bb6e-40a6-ae7c-bb2a1593e6ab.jpg,C,C1156621,jieba,3568.0,255.0,3591.0,308.0,23.0,53.0,1219.0,2.3043478260869565,23.0,0,0,0,0
C1156621_V10_F00011_04030549-bb6e-40a6-ae7c-bb2a1593e6ab.jpg,C,C1156621,jieba,3564.0,515.0,3589.0,581.0,25.0,66.0,1650.0,2.64,25.0,0,0,0,0
C1156621_V10_F00011_04030549-bb6e-40a6-ae7c-bb2a1593e6ab.jpg,C,C1156621,jieba,3558.0,718.0,3587.0,846.0,29.0,128.0,3712.0,4.413793103448276,29.0,0,0,0,0
C1156621_V10_F00011_04030549-bb6e-40a6-ae7c-bb2a1593e6ab.jpg,C,C1156621,jieba,3559.0,959.0,3583.0,1054.0,24.0,95.0,2280.0,3.9583333333333335,24.0,0,0,0,0
C1156621_V10_F00011_04030549-bb6e-40a6-ae7c-bb2a1593e6ab.jpg,C,C1156621,jieba,3558.0,1279.0,3587.0,1331.0,29.0,52.0,1508.0,1.793103448275862,29.0,0,0,0,0
C1156621_V11_F00001_1a152819-8ad0-4c6d-9d2e-344a80776783.jpg,C,C1156621,jieba,754.0,2829.0,781.0,2928.0,27.0,99.0,2673.0,3.6666666666666665,27.0,0,0,0,0
C1156621_V11_F00001_1a152819-8ad0-4c6d-9d2e-344a80776783.jpg,C,C1156621,jieba,755.0,2490.0,784.0,2597.0,29.0,107.0,3103.0,3.689655172413793,29.0,0,0,0,0
C1156621_V11_F00001_1a152819-8ad0-4c6d-9d2e-344a80776783.jpg,C,C1156621,jieba,754.0,2093.0,780.0,2258.0,26.0,165.0,4290.0,6.346153846153846,26.0,0,0,1,0
C1156621_V11_F00001_1a152819-8ad0-4c6d-9d2e-344a80776783.jpg,C,C1156621,jieba,757.0,2638.0,777.0,2707.0,20.0,69.0,1380.0,3.45,20.0,0,0,0,0
C1156621_V11_F00001_1a152819-8ad0-4c6d-9d2e-344a80776783.jpg,C,C1156621,jieba,759.0,1533.0,789.0,1677.0,30.0,144.0,4320.0,4.8,30.0,0,0,0,0
C1156621_V11_F00001_1a152819-8ad0-4c6d-9d2e-344a80776783.jpg,C,C1156621,jieba,757.0,2388.0,776.0,2444.0,19.0,56.0,1064.0,2.9473684210526314,19.0,0,0,0,0
C1156621_V11_F00003_c30e2e80-2dde-4a7f-8576-d3aeb166b474.jpg,C,C1156621,jieba,734.0,42.0,762.0,125.0,28.0,83.0,2324.0,2.9642857142857144,28.0,0,0,0,0
C1156621_V11_F00003_c30e2e80-2dde-4a7f-8576-d3aeb166b474.jpg,C,C1156621,jieba,734.0,277.0,777.0,424.0,43.0,147.0,6321.0,3.4186046511627906,43.0,0,0,0,0
C1156621_V11_F00003_c30e2e80-2dde-4a7f-8576-d3aeb166b474.jpg,C,C1156621,jieba,731.0,1058.0,759.0,1191.0,28.0,133.0,3724.0,4.75,28.0,0,0,0,0
C1156621_V11_F00003_c30e2e80-2dde-4a7f-8576-d3aeb166b474.jpg,C,C1156621,jieba,727.0,1962.0,753.0,2078.0,26.0,116.0,3016.0,4.461538461538462,26.0,0,0,0,0
C1156621_V11_F00003_c30e2e80-2dde-4a7f-8576-d3aeb166b474.jpg,C,C1156621,jieba,730.0,1362.0,755.0,1477.0,25.0,115.0,2875.0,4.6,25.0,0,0,0,0
C1156621_V11_F00004_f60fc63b-c524-4cb9-83b2-4422c5838ac4.jpg,C,C1156621,jieba,716.0,435.0,744.0,569.0,28.0,134.0,3752.0,4.785714285714286,28.0,0,0,0,0
C1156621_V11_F00004_f60fc63b-c524-4cb9-83b2-4422c5838ac4.jpg,C,C1156621,jieba,720.0,0.0,757.0,205.0,37.0,205.0,7585.0,5.54054054054054,37.0,0,0,1,1
C1156621_V11_F00004_f60fc63b-c524-4cb9-83b2-4422c5838ac4.jpg,C,C1156621,jieba,715.0,1369.0,756.0,1530.0,41.0,161.0,6601.0,3.926829268292683,41.0,0,0,0,0
C1156621_V11_F00004_f60fc63b-c524-4cb9-83b2-4422c5838ac4.jpg,C,C1156621,jieba,703.0,2423.0,744.0,2573.0,41.0,150.0,6150.0,3.658536585365854,41.0,0,0,0,0
C1156621_V11_F00004_f60fc63b-c524-4cb9-83b2-4422c5838ac4.jpg,C,C1156621,jieba,704.0,2661.0,740.0,2827.0,36.0,166.0,5976.0,4.611111111111111,36.0,0,0,0,0
C1156621_V11_F00005_505062e1-b808-4a28-a683-ca9be957ccf3.jpg,C,C1156621,jieba,695.0,1006.0,727.0,1113.0,32.0,107.0,3424.0,3.34375,32.0,0,0,0,0
C1156621_V11_F00005_505062e1-b808-4a28-a683-ca9be957ccf3.jpg,C,C1156621,jieba,691.0,2512.0,718.0,2646.0,27.0,134.0,3618.0,4.962962962962963,27.0,0,0,0,0
C1156621_V11_F00005_505062e1-b808-4a28-a683-ca9be957ccf3.jpg,C,C1156621,jieba,688.0,2812.0,717.0,2944.0,29.0,132.0,3828.0,4.551724137931035,29.0,0,0,0,0
C1156621_V11_F00005_505062e1-b808-4a28-a683-ca9be957ccf3.jpg,C,C1156621,jieba,694.0,2190.0,722.0,2305.0,28.0,115.0,3220.0,4.107142857142857,28.0,0,0,0,0
C1156621_V11_F00005_505062e1-b808-4a28-a683-ca9be957ccf3.jpg,C,C1156621,jieba,697.0,1425.0,721.0,1536.0,24.0,111.0,2664.0,4.625,24.0,0,0,0,0
C1156621_V11_F00005_505062e1-b808-4a28-a683-ca9be957ccf3.jpg,C,C1156621,jieba,694.0,1982.0,718.0,2090.0,24.0,108.0,2592.0,4.5,24.0,0,0,0,0
C1156621_V11_F00005_505062e1-b808-4a28-a683-ca9be957ccf3.jpg,C,C1156621,jieba,701.0,1292.0,725.0,1366.0,24.0,74.0,1776.0,3.0833333333333335,24.0,0,0,0,0
C1156621_V11_F00005_505062e1-b808-4a28-a683-ca9be957ccf3.jpg,C,C1156621,jieba,700.0,501.0,721.0,578.0,21.0,77.0,1617.0,3.6666666666666665,21.0,0,0,0,0
C1156621_V11_F00007_a8540c88-bad3-4c23-a023-f237d6b0fa44.jpg,C,C1156621,jieba,676.0,64.0,700.0,154.0,24.0,90.0,2160.0,3.75,24.0,0,0,0,0
C1156621_V11_F00007_a8540c88-bad3-4c23-a023-f237d6b0fa44.jpg,C,C1156621,jieba,677.0,518.0,699.0,633.0,22.0,115.0,2530.0,5.2272727272727275,22.0,0,0,1,0
C1156621_V11_F00007_a8540c88-bad3-4c23-a023-f237d6b0fa44.jpg,C,C1156621,jieba,683.0,347.0,700.0,423.0,17.0,76.0,1292.0,4.470588235294118,17.0,0,0,0,0
C1156621_V11_F00007_a8540c88-bad3-4c23-a023-f237d6b0fa44.jpg,C,C1156621,qilie,675.0,844.0,712.0,1099.0,37.0,255.0,9435.0,6.891891891891892,37.0,0,0,1,0
C1156621_V11_F00007_a8540c88-bad3-4c23-a023-f237d6b0fa44.jpg,C,C1156621,jieba,675.0,1379.0,701.0,1476.0,26.0,97.0,2522.0,3.730769230769231,26.0,0,0,0,0
C1156621_V11_F00007_a8540c88-bad3-4c23-a023-f237d6b0fa44.jpg,C,C1156621,qilie,671.0,1964.0,711.0,2173.0,40.0,209.0,8360.0,5.225,40.0,0,0,1,0
C1156621_V11_F00007_a8540c88-bad3-4c23-a023-f237d6b0fa44.jpg,C,C1156621,qilie,666.0,2531.0,715.0,2796.0,49.0,265.0,12985.0,5.408163265306122,49.0,0,0,1,0
C1156621_V11_F00007_a8540c88-bad3-4c23-a023-f237d6b0fa44.jpg,C,C1156621,qilie,669.0,2963.0,697.0,2999.0,28.0,36.0,1008.0,1.2857142857142858,28.0,0,0,0,1
C1156621_V11_F00007_a8540c88-bad3-4c23-a023-f237d6b0fa44.jpg,C,C1156621,jieba,674.0,1213.0,695.0,1289.0,21.0,76.0,1596.0,3.619047619047619,21.0,0,0,0,0
C1156622_V10_F00001_75bad260-8f11-4937-aefc-1a6db1be907b.jpg,C,C1156622,jieba,3576.0,2384.0,3629.0,2632.0,53.0,248.0,13144.0,4.679245283018868,53.0,0,0,0,0
C1156622_V10_F00001_75bad260-8f11-4937-aefc-1a6db1be907b.jpg,C,C1156622,jieba,3599.0,1216.0,3633.0,1338.0,34.0,122.0,4148.0,3.588235294117647,34.0,0,0,0,0
C1156622_V10_F00001_75bad260-8f11-4937-aefc-1a6db1be907b.jpg,C,C1156622,jieba,3591.0,1585.0,3620.0,1716.0,29.0,131.0,3799.0,4.517241379310345,29.0,0,0,0,0
C1156622_V10_F00001_75bad260-8f11-4937-aefc-1a6db1be907b.jpg,C,C1156622,jieba,3583.0,2797.0,3602.0,2871.0,19.0,74.0,1406.0,3.8947368421052633,19.0,0,0,0,0
C1156622_V10_F00002_5c9df06d-8d45-4866-be74-f667ae43455e.jpg,C,C1156622,jieba,3583.0,9.0,3618.0,179.0,35.0,170.0,5950.0,4.857142857142857,35.0,0,0,0,1
C1156622_V10_F00002_5c9df06d-8d45-4866-be74-f667ae43455e.jpg,C,C1156622,jieba,3579.0,486.0,3614.0,630.0,35.0,144.0,5040.0,4.114285714285714,35.0,0,0,0,0
C1156622_V10_F00002_5c9df06d-8d45-4866-be74-f667ae43455e.jpg,C,C1156622,jieba,3585.0,266.0,3612.0,336.0,27.0,70.0,1890.0,2.5925925925925926,27.0,0,0,0,0
C1156622_V10_F00002_5c9df06d-8d45-4866-be74-f667ae43455e.jpg,C,C1156622,jieba,3579.0,903.0,3598.0,1018.0,19.0,115.0,2185.0,6.052631578947368,19.0,0,0,1,0
C1156622_V10_F00002_5c9df06d-8d45-4866-be74-f667ae43455e.jpg,C,C1156622,jieba,3575.0,2525.0,3599.0,2646.0,24.0,121.0,2904.0,5.041666666666667,24.0,0,0,1,0
C1156622_V10_F00005_26a6cb11-4d9e-433d-94a5-4d3184bcf36b.jpg,C,C1156622,jieba,3538.0,294.0,3576.0,514.0,38.0,220.0,8360.0,5.7894736842105265,38.0,0,0,1,0
C1156622_V10_F00005_26a6cb11-4d9e-433d-94a5-4d3184bcf36b.jpg,C,C1156622,jieba,3538.0,831.0,3563.0,899.0,25.0,68.0,1700.0,2.72,25.0,0,0,0,0
C1156622_V10_F00005_26a6cb11-4d9e-433d-94a5-4d3184bcf36b.jpg,C,C1156622,jieba,3532.0,1307.0,3563.0,1416.0,31.0,109.0,3379.0,3.5161290322580645,31.0,0,0,0,0
C1156622_V10_F00005_26a6cb11-4d9e-433d-94a5-4d3184bcf36b.jpg,C,C1156622,jieba,3528.0,2601.0,3561.0,2685.0,33.0,84.0,2772.0,2.5454545454545454,33.0,0,0,0,0
C1156622_V10_F00005_26a6cb11-4d9e-433d-94a5-4d3184bcf36b.jpg,C,C1156622,jieba,3529.0,1505.0,3550.0,1605.0,21.0,100.0,2100.0,4.761904761904762,21.0,0,0,0,0
C1156622_V10_F00005_26a6cb11-4d9e-433d-94a5-4d3184bcf36b.jpg,C,C1156622,jieba,3532.0,1642.0,3555.0,1761.0,23.0,119.0,2737.0,5.173913043478261,23.0,0,0,1,0
C1156622_V10_F00005_26a6cb11-4d9e-433d-94a5-4d3184bcf36b.jpg,C,C1156622,jieba,3531.0,1882.0,3559.0,2133.0,28.0,251.0,7028.0,8.964285714285714,28.0,0,0,1,0
C1156622_V10_F00005_26a6cb11-4d9e-433d-94a5-4d3184bcf36b.jpg,C,C1156622,jieba,3532.0,2230.0,3553.0,2272.0,21.0,42.0,882.0,2.0,21.0,0,0,0,0
C1156622_V10_F00005_26a6cb11-4d9e-433d-94a5-4d3184bcf36b.jpg,C,C1156622,jieba,3528.0,2352.0,3555.0,2505.0,27.0,153.0,4131.0,5.666666666666667,27.0,0,0,1,0
C1156622_V10_F00005_26a6cb11-4d9e-433d-94a5-4d3184bcf36b.jpg,C,C1156622,jieba,3528.0,2773.0,3557.0,2924.0,29.0,151.0,4379.0,5.206896551724138,29.0,0,0,1,0
C1156622_V11_F00003_8d0a7cb5-4424-4c12-ab16-61383ce43b1b.jpg,C,C1156622,jieba,581.0,350.0,615.0,483.0,34.0,133.0,4522.0,3.911764705882353,34.0,0,0,0,0
C1156622_V11_F00003_8d0a7cb5-4424-4c12-ab16-61383ce43b1b.jpg,C,C1156622,jieba,580.0,1003.0,610.0,1104.0,30.0,101.0,3030.0,3.3666666666666667,30.0,0,0,0,0
C1156622_V11_F00003_8d0a7cb5-4424-4c12-ab16-61383ce43b1b.jpg,C,C1156622,jieba,586.0,619.0,607.0,676.0,21.0,57.0,1197.0,2.7142857142857144,21.0,0,0,0,0
C1156622_V11_F00003_8d0a7cb5-4424-4c12-ab16-61383ce43b1b.jpg,C,C1156622,jieba,585.0,806.0,607.0,885.0,22.0,79.0,1738.0,3.590909090909091,22.0,0,0,0,0
C1156622_V11_F00003_8d0a7cb5-4424-4c12-ab16-61383ce43b1b.jpg,C,C1156622,jieba,570.0,2741.0,587.0,2800.0,17.0,59.0,1003.0,3.4705882352941178,17.0,0,0,0,0
C1156622_V11_F00004_88e7b881-9823-41a2-a81c-2bcf87d0ec47.jpg,C,C1156622,jieba,576.0,87.0,603.0,203.0,27.0,116.0,3132.0,4.296296296296297,27.0,0,0,0,0
C1156622_V11_F00004_88e7b881-9823-41a2-a81c-2bcf87d0ec47.jpg,C,C1156622,jieba,563.0,1832.0,593.0,1963.0,30.0,131.0,3930.0,4.366666666666666,30.0,0,0,0,0
C1156622_V11_F00004_88e7b881-9823-41a2-a81c-2bcf87d0ec47.jpg,C,C1156622,jieba,554.0,2392.0,593.0,2546.0,39.0,154.0,6006.0,3.948717948717949,39.0,0,0,0,0
C1156622_V11_F00004_88e7b881-9823-41a2-a81c-2bcf87d0ec47.jpg,C,C1156622,qilie,572.0,294.0,592.0,409.0,20.0,115.0,2300.0,5.75,20.0,0,0,1,0
C1156622_V11_F00004_88e7b881-9823-41a2-a81c-2bcf87d0ec47.jpg,C,C1156622,jieba,556.0,2676.0,584.0,2818.0,28.0,142.0,3976.0,5.071428571428571,28.0,0,0,1,0
C1156772_V12_F00007_86455210-4da2-43b5-8a52-93bd9c8a4332.jpg,C,C1156772,yiwuyaru,2918.0,1184.0,2994.0,1306.0,76.0,122.0,9272.0,1.605263157894737,76.0,0,0,0,0
C1156772_V12_F00007_86455210-4da2-43b5-8a52-93bd9c8a4332.jpg,C,C1156772,yiwuyaru,227.0,761.0,267.0,910.0,40.0,149.0,5960.0,3.725,40.0,0,0,0,0
C1156773_V02_F00007_bd31837a-0ab3-4d96-995d-88f9f375b041.jpg,C,C1156773,yiwuyaru,215.0,2742.0,312.0,2807.0,97.0,65.0,6305.0,1.4923076923076923,65.0,0,0,0,0
C1156774_V01_F00009_ed75c365-3183-4760-969f-b089263d69ae.jpg,C,C1156774,yiwuyaru,3770.0,2383.0,4052.0,2506.0,282.0,123.0,34686.0,2.292682926829268,123.0,0,0,0,0
C1156783_V00_F00004_548a06fa-6317-448b-99b5-bf72adee0ad6.jpg,C,C1156783,mamianmakeng,2468.0,2099.0,2589.0,2239.0,121.0,140.0,16940.0,1.1570247933884297,121.0,0,0,0,0
C1156785_V12_F00002_936143eb-ffbf-4609-b75c-2778f476c44c.jpg,C,C1156785,jieba,1192.0,149.0,1245.0,285.0,53.0,136.0,7208.0,2.5660377358490565,53.0,0,0,0,0
C1156785_V12_F00002_936143eb-ffbf-4609-b75c-2778f476c44c.jpg,C,C1156785,jieba,790.0,137.0,832.0,232.0,42.0,95.0,3990.0,2.261904761904762,42.0,0,0,0,0
C1156785_V12_F00003_52278f94-7810-4314-8a77-6276b3559eaa.jpg,C,C1156785,jieba,3520.0,1137.0,3621.0,1272.0,101.0,135.0,13635.0,1.3366336633663367,101.0,0,0,0,0
C1156819_V11_F00009_d10d695d-35f0-4a75-b371-f0b8ae0dec5d.jpg,C,C1156819,jieba,2566.0,2877.0,2613.0,2998.0,47.0,121.0,5687.0,2.574468085106383,47.0,0,0,0,1
C1156834_V00_F00002_65ea1587-94ce-4381-8727-721ffa1be441.jpg,C,C1156834,yiwuyaru,1309.0,761.0,1411.0,791.0,102.0,30.0,3060.0,3.4,30.0,0,0,0,0
C1156870_V00_F00002_6ea33b3c-125c-487c-b788-f484685ed78a.jpg,C,C1156870,jieba,3328.0,934.0,3392.0,977.0,64.0,43.0,2752.0,1.4883720930232558,43.0,0,0,0,0
C1156870_V00_F00002_6ea33b3c-125c-487c-b788-f484685ed78a.jpg,C,C1156870,jieba,3308.0,912.0,3335.0,967.0,27.0,55.0,1485.0,2.037037037037037,27.0,0,0,0,0
C1157069_V01_F00011_40e37665-f4e1-40ab-9912-0fcbc188c03e.jpg,C,C1157069,yiwuyaru,3532.0,1382.0,3788.0,1624.0,256.0,242.0,61952.0,1.0578512396694215,242.0,0,0,0,0
C1157076_V00_F00004_d7f79994-6fbb-4d47-a04d-232790c5530b.jpg,C,C1157076,yiwuyaru,1987.0,2183.0,2079.0,2270.0,92.0,87.0,8004.0,1.0574712643678161,87.0,0,0,0,0
C1157125_V10_F00008_a9609d51-9761-4fa9-9841-9343ce1b57fe.jpg,C,C1157125,yiwuyaru,2177.0,2602.0,2218.0,2812.0,41.0,210.0,8610.0,5.121951219512195,41.0,0,0,1,0
C1157130_V13_F00001_0f2b2696-11bb-420a-b9a8-148caac10257.jpg,C,C1157130,jieba,915.0,1190.0,984.0,1320.0,69.0,130.0,8970.0,1.8840579710144927,69.0,0,0,0,0
C1157137_V02_F00010_c72dc62a-7a5b-4c4c-805d-3ef6a47c60f6.jpg,C,C1157137,mamianmakeng,3531.0,595.0,3569.0,632.0,38.0,37.0,1406.0,1.027027027027027,37.0,0,0,0,0
C1157137_V02_F00010_c72dc62a-7a5b-4c4c-805d-3ef6a47c60f6.jpg,C,C1157137,jieba,3780.0,436.0,3818.0,537.0,38.0,101.0,3838.0,2.6578947368421053,38.0,0,0,0,0
C1157137_V02_F00010_c72dc62a-7a5b-4c4c-805d-3ef6a47c60f6.jpg,C,C1157137,jieba,3309.0,603.0,3388.0,643.0,79.0,40.0,3160.0,1.975,40.0,0,0,0,0
C1157149_V00_F00007_d766e2f4-73cb-446b-841d-1c871e180724.jpg,C,C1157149,yiwuyaru,1221.0,1507.0,1319.0,1618.0,98.0,111.0,10878.0,1.1326530612244898,98.0,0,0,0,0
C1157208_V03_F00005_860015ba-cded-4c11-ba45-05cf5c8fe41d.jpg,C,C1157208,jieba,185.0,351.0,235.0,487.0,50.0,136.0,6800.0,2.72,50.0,0,0,0,0
C1157208_V03_F00005_860015ba-cded-4c11-ba45-05cf5c8fe41d.jpg,C,C1157208,jieba,206.0,117.0,232.0,218.0,26.0,101.0,2626.0,3.8846153846153846,26.0,0,0,0,0
C1157323_V01_F00006_b0bf10b9-6175-4cd3-9a5f-356f5ebd7f7b.jpg,C,C1157323,zonglie,1498.0,680.0,1597.0,3000.0,99.0,2320.0,229680.0,23.434343434343436,99.0,0,0,1,1
C1157603_V10_F00002_9b7d74d5-573c-4da1-ad02-7c7ce3bbb7c0.jpg,C,C1157603,jieba,2516.0,863.0,2545.0,939.0,29.0,76.0,2204.0,2.6206896551724137,29.0,0,0,0,0
C1157603_V10_F00002_9b7d74d5-573c-4da1-ad02-7c7ce3bbb7c0.jpg,C,C1157603,jieba,2510.0,1553.0,2535.0,1634.0,25.0,81.0,2025.0,3.24,25.0,0,0,0,0
C1157603_V10_F00003_2b2c5948-92f6-494f-a3c7-633d4754233c.jpg,C,C1157603,jieba,2470.0,1718.0,2500.0,1834.0,30.0,116.0,3480.0,3.8666666666666667,30.0,0,0,0,0
C1157603_V10_F00003_2b2c5948-92f6-494f-a3c7-633d4754233c.jpg,C,C1157603,jieba,2485.0,332.0,2515.0,425.0,30.0,93.0,2790.0,3.1,30.0,0,0,0,0
C1157603_V10_F00003_2b2c5948-92f6-494f-a3c7-633d4754233c.jpg,C,C1157603,jieba,2485.0,565.0,2512.0,660.0,27.0,95.0,2565.0,3.5185185185185186,27.0,0,0,0,0
C1157603_V10_F00003_2b2c5948-92f6-494f-a3c7-633d4754233c.jpg,C,C1157603,jieba,2460.0,2791.0,2489.0,2906.0,29.0,115.0,3335.0,3.9655172413793105,29.0,0,0,0,0
C1157603_V10_F00003_2b2c5948-92f6-494f-a3c7-633d4754233c.jpg,C,C1157603,jieba,2492.0,0.0,2512.0,43.0,20.0,43.0,860.0,2.15,20.0,0,0,0,1
C1157603_V10_F00004_b01eb530-9b5b-4fdc-ad9f-a5b432fa630d.jpg,C,C1157603,jieba,2451.0,789.0,2481.0,910.0,30.0,121.0,3630.0,4.033333333333333,30.0,0,0,0,0
C1157603_V10_F00004_b01eb530-9b5b-4fdc-ad9f-a5b432fa630d.jpg,C,C1157603,jieba,2437.0,2394.0,2471.0,2587.0,34.0,193.0,6562.0,5.676470588235294,34.0,0,0,1,0
C1157603_V10_F00004_b01eb530-9b5b-4fdc-ad9f-a5b432fa630d.jpg,C,C1157603,jieba,2448.0,1027.0,2478.0,1204.0,30.0,177.0,5310.0,5.9,30.0,0,0,1,0
C1157603_V10_F00004_b01eb530-9b5b-4fdc-ad9f-a5b432fa630d.jpg,C,C1157603,jieba,2445.0,1669.0,2468.0,1790.0,23.0,121.0,2783.0,5.260869565217392,23.0,0,0,1,0
C1157603_V10_F00004_b01eb530-9b5b-4fdc-ad9f-a5b432fa630d.jpg,C,C1157603,jieba,2459.0,0.0,2487.0,87.0,28.0,87.0,2436.0,3.107142857142857,28.0,0,0,0,1
C1157603_V10_F00004_b01eb530-9b5b-4fdc-ad9f-a5b432fa630d.jpg,C,C1157603,jieba,2459.0,197.0,2483.0,268.0,24.0,71.0,1704.0,2.9583333333333335,24.0,0,0,0,0
C1158017_V00_F00014_d0a0f9e4-e890-42dc-841f-28f95ba99fde.jpg,C,C1158017,yiwuyaru,1165.0,660.0,1845.0,1049.0,680.0,389.0,264520.0,1.7480719794344473,389.0,0,0,0,0
C1159261_V01_F00019_ecf2dd64-387f-4141-bcc7-49511f0996c0.jpg,C,C1159261,zonglie,3135.0,1056.0,3199.0,1878.0,64.0,822.0,52608.0,12.84375,64.0,0,0,1,0
C1159261_V01_F00019_ecf2dd64-387f-4141-bcc7-49511f0996c0.jpg,C,C1159261,zonglie,3140.0,403.0,3181.0,709.0,41.0,306.0,12546.0,7.463414634146342,41.0,0,0,1,0
C1159261_V01_F00019_ecf2dd64-387f-4141-bcc7-49511f0996c0.jpg,C,C1159261,zonglie,3159.0,735.0,3207.0,1076.0,48.0,341.0,16368.0,7.104166666666667,48.0,0,0,1,0
C1159566_V01_F00002_b6bc262c-beb7-4126-9e13-9fc9a53c7572.jpg,C,C1159566,mamianmakeng,481.0,804.0,562.0,875.0,81.0,71.0,5751.0,1.1408450704225352,71.0,0,0,0,0
C1159659_V01_F00006_47eb3bad-c2c8-43c8-8eb0-338f8d5a448f.jpg,C,C1159659,mamianmakeng,1564.0,838.0,1644.0,934.0,80.0,96.0,7680.0,1.2,80.0,0,0,0,0
C1160247_V10_F00004_17bd3276-8671-4c99-a7b8-fa877ac3991d.jpg,C,C1160247,qilie,1827.0,1625.0,1924.0,2055.0,97.0,430.0,41710.0,4.43298969072165,97.0,0,0,0,0
C1160247_V10_F00004_17bd3276-8671-4c99-a7b8-fa877ac3991d.jpg,C,C1160247,yiwuyaru,2784.0,1558.0,2819.0,1592.0,35.0,34.0,1190.0,1.0294117647058822,34.0,0,0,0,0
C1160247_V10_F00005_635d83e0-efb5-49fb-b1b8-e6045bce5df6.jpg,C,C1160247,qilie,1842.0,1873.0,1883.0,1979.0,41.0,106.0,4346.0,2.5853658536585367,41.0,0,0,0,0
C1160247_V10_F00005_635d83e0-efb5-49fb-b1b8-e6045bce5df6.jpg,C,C1160247,qilie,1838.0,1458.0,1880.0,1539.0,42.0,81.0,3402.0,1.9285714285714286,42.0,0,0,0,0
C1160247_V10_F00005_635d83e0-efb5-49fb-b1b8-e6045bce5df6.jpg,C,C1160247,qilie,1840.0,1677.0,1860.0,1797.0,20.0,120.0,2400.0,6.0,20.0,0,0,1,0
C1160358_V12_F00001_dadf79e7-3bc4-4155-86a7-c626c102b811.jpg,C,C1160358,jieba,1357.0,2038.0,1420.0,2120.0,63.0,82.0,5166.0,1.3015873015873016,63.0,0,0,0,0
C1160358_V12_F00001_dadf79e7-3bc4-4155-86a7-c626c102b811.jpg,C,C1160358,jieba,3783.0,1969.0,3816.0,2224.0,33.0,255.0,8415.0,7.7272727272727275,33.0,0,0,1,0
C1160358_V12_F00001_dadf79e7-3bc4-4155-86a7-c626c102b811.jpg,C,C1160358,jieba,2598.0,2153.0,2663.0,2243.0,65.0,90.0,5850.0,1.3846153846153846,65.0,0,0,0,0
C1160358_V12_F00001_dadf79e7-3bc4-4155-86a7-c626c102b811.jpg,C,C1160358,jieba,3193.0,2075.0,3227.0,2112.0,34.0,37.0,1258.0,1.088235294117647,34.0,0,0,0,0
C1160625_V00_F00001_83902bcf-7d0b-461f-897a-f4cf375457cf.jpg,C,C1160625,mamianmakeng,1901.0,1856.0,1954.0,1919.0,53.0,63.0,3339.0,1.1886792452830188,53.0,0,0,0,0
C1160900_V01_F00004_39d8aab4-77f5-419c-ae73-0f2280efd2db.jpg,C,C1160900,mamianmakeng,756.0,1492.0,801.0,1557.0,45.0,65.0,2925.0,1.4444444444444444,45.0,0,0,0,0
C1160988_V03_F00003_a2377648-5e2f-4114-8a5b-de55b7481f55.jpg,C,C1160988,yiwuyaru,2905.0,1215.0,2975.0,1245.0,70.0,30.0,2100.0,2.3333333333333335,30.0,0,0,0,0
C1161035_V01_F00002_b1850b8e-1b6b-4d54-87f5-6ffddf439148.jpg,C,C1161035,mamianmakeng,3222.0,2300.0,3260.0,2332.0,38.0,32.0,1216.0,1.1875,32.0,0,0,0,0
C1161080_V03_F00001_3b9692ef-7911-41a0-becf-4dd460b6fc91.jpg,C,C1161080,jieba,1355.0,2.0,1422.0,77.0,67.0,75.0,5025.0,1.1194029850746268,67.0,0,0,0,1
C1161084_V00_F00019_d648ba38-b528-4294-85df-f01269e3e7b1.jpg,C,C1161084,yiwuyaru,880.0,1614.0,956.0,1775.0,76.0,161.0,12236.0,2.1184210526315788,76.0,0,0,0,0
C1161090_V00_F00005_2c30b343-0162-43a2-ae5c-8f161a775b47.jpg,C,C1161090,yiwuyaru,1306.0,1801.0,1377.0,1930.0,71.0,129.0,9159.0,1.8169014084507042,71.0,0,0,0,0
C1161108_V01_F00004_4bc1d490-9e8a-4619-a2a0-cef9e90347e3.jpg,C,C1161108,jieba,441.0,951.0,471.0,1001.0,30.0,50.0,1500.0,1.6666666666666667,30.0,0,0,0,0
C1161113_V02_F00003_cc979d5d-c123-4c48-82a3-e53ad858bc52.jpg,C,C1161113,yiwuyaru,2312.0,1916.0,2624.0,2408.0,312.0,492.0,153504.0,1.5769230769230769,312.0,0,0,0,0
C1161128_V01_F00007_18507148-9a5d-40f4-9583-bbbfdc4fb811.jpg,C,C1161128,jieba,2255.0,1881.0,2344.0,1976.0,89.0,95.0,8455.0,1.0674157303370786,89.0,0,0,0,0
C1161129_V00_F00002_c483aaf8-268e-4129-9ffe-7d967d16ccd5.jpg,C,C1161129,jieba,1421.0,32.0,1494.0,77.0,73.0,45.0,3285.0,1.6222222222222222,45.0,0,0,0,0
C1161129_V00_F00002_c483aaf8-268e-4129-9ffe-7d967d16ccd5.jpg,C,C1161129,jieba,3028.0,16.0,3054.0,67.0,26.0,51.0,1326.0,1.9615384615384615,26.0,0,0,0,1
C1161129_V01_F00002_05b4ecbe-0575-4436-92c5-d01c1470b5da.jpg,C,C1161129,jieba,2751.0,26.0,2784.0,66.0,33.0,40.0,1320.0,1.2121212121212122,33.0,0,0,0,0
C1161129_V01_F00002_05b4ecbe-0575-4436-92c5-d01c1470b5da.jpg,C,C1161129,yiwuyaru,1089.0,1.0,1230.0,89.0,141.0,88.0,12408.0,1.6022727272727273,88.0,0,0,0,1
C1161130_V01_F00002_8b4861b7-07af-49f8-82b5-ad0db3475556.jpg,C,C1161130,mamianmakeng,1214.0,2326.0,1285.0,2395.0,71.0,69.0,4899.0,1.0289855072463767,69.0,0,0,0,0
C1161130_V01_F00002_8b4861b7-07af-49f8-82b5-ad0db3475556.jpg,C,C1161130,mamianmakeng,2750.0,891.0,2804.0,948.0,54.0,57.0,3078.0,1.0555555555555556,54.0,0,0,0,0
C1161172_V12_F00008_5c0c16bb-5c27-414e-bed6-f1af5164c503.jpg,C,C1161172,yiwuyaru,2349.0,777.0,2380.0,855.0,31.0,78.0,2418.0,2.5161290322580645,31.0,0,0,0,0
C1161271_V03_F00006_7155803a-e5e7-48a0-8865-3f3b1c1b94f0.jpg,C,C1161271,jieba,1252.0,2520.0,1352.0,2607.0,100.0,87.0,8700.0,1.1494252873563218,87.0,0,0,0,0
C1161279_V02_F00004_bd1f379e-1b76-4c60-b520-0d58c383a3fc.jpg,C,C1161279,yiwuyaru,724.0,95.0,1014.0,443.0,290.0,348.0,100920.0,1.2,290.0,0,0,0,0
C1161290_V02_F00008_b094e7eb-9bc8-4057-87e2-bfaa51ddae9e.jpg,C,C1161290,jieba,2725.0,797.0,2787.0,862.0,62.0,65.0,4030.0,1.0483870967741935,62.0,0,0,0,0
C1161325_V01_F00003_9575544c-ae50-414e-972d-5ae048957900.jpg,C,C1161325,jiaza,590.0,2217.0,628.0,2382.0,38.0,165.0,6270.0,4.342105263157895,38.0,0,0,0,0
C1161408_V01_F00011_d4cfb5ca-2ae8-4559-b201-6924a66bb4ae.jpg,C,C1161408,jiaza,1121.0,1085.0,1132.0,1201.0,11.0,116.0,1276.0,10.545454545454545,11.0,1,0,1,0
C1234652_V02_F00002_3c7d7188-6ae7-48a0-8b9b-ca89e45eab99.jpg,C,C1234652,mamianmakeng,2984.0,2052.0,3030.0,2100.0,46.0,48.0,2208.0,1.0434782608695652,46.0,0,0,0,0
C1234652_V02_F00002_3c7d7188-6ae7-48a0-8b9b-ca89e45eab99.jpg,C,C1234652,mamianmakeng,3012.0,1996.0,3036.0,2021.0,24.0,25.0,600.0,1.0416666666666667,24.0,0,0,0,0
C1234652_V02_F00002_3c7d7188-6ae7-48a0-8b9b-ca89e45eab99.jpg,C,C1234652,mamianmakeng,3054.0,2043.0,3081.0,2063.0,27.0,20.0,540.0,1.35,20.0,0,0,0,0
C1234652_V02_F00002_3c7d7188-6ae7-48a0-8b9b-ca89e45eab99.jpg,C,C1234652,mamianmakeng,3414.0,1933.0,3445.0,1949.0,31.0,16.0,496.0,1.9375,16.0,0,0,0,0
C1234652_V02_F00002_3c7d7188-6ae7-48a0-8b9b-ca89e45eab99.jpg,C,C1234652,mamianmakeng,3751.0,1968.0,3780.0,1986.0,29.0,18.0,522.0,1.6111111111111112,18.0,0,0,0,0
C1234652_V02_F00002_3c7d7188-6ae7-48a0-8b9b-ca89e45eab99.jpg,C,C1234652,mamianmakeng,3843.0,1833.0,3870.0,1852.0,27.0,19.0,513.0,1.4210526315789473,19.0,0,0,0,0
C1234652_V02_F00002_3c7d7188-6ae7-48a0-8b9b-ca89e45eab99.jpg,C,C1234652,mamianmakeng,2989.0,135.0,3045.0,215.0,56.0,80.0,4480.0,1.4285714285714286,56.0,0,0,0,0
C1234652_V02_F00002_3c7d7188-6ae7-48a0-8b9b-ca89e45eab99.jpg,C,C1234652,mamianmakeng,3676.0,1938.0,3686.0,1951.0,10.0,13.0,130.0,1.3,10.0,1,0,0,0
C1234652_V02_F00002_3c7d7188-6ae7-48a0-8b9b-ca89e45eab99.jpg,C,C1234652,mamianmakeng,3013.0,754.0,3038.0,778.0,25.0,24.0,600.0,1.0416666666666667,24.0,0,0,0,0
C1234696_V03_F00005_eeb4af39-fdf7-48ae-ba87-2241cc66ede9.jpg,C,C1234696,jieba,2255.0,1971.0,2311.0,2070.0,56.0,99.0,5544.0,1.7678571428571428,56.0,0,0,0,0
C1234696_V03_F00005_eeb4af39-fdf7-48ae-ba87-2241cc66ede9.jpg,C,C1234696,jieba,2290.0,805.0,2311.0,852.0,21.0,47.0,987.0,2.238095238095238,21.0,0,0,0,0
C1234696_V03_F00009_7b94e951-a860-4ba8-a719-7b5485a19a90.jpg,C,C1234696,jieba,2291.0,1684.0,2337.0,1735.0,46.0,51.0,2346.0,1.108695652173913,46.0,0,0,0,0
C1234696_V03_F00009_7b94e951-a860-4ba8-a719-7b5485a19a90.jpg,C,C1234696,jieba,2298.0,1012.0,2324.0,1052.0,26.0,40.0,1040.0,1.5384615384615385,26.0,0,0,0,0
C1235173_V01_F00006_3f8b77f3-f0ab-463c-ab9b-f5098a3324f8.jpg,C,C1235173,zonglie,3009.0,2377.0,3060.0,3000.0,51.0,623.0,31773.0,12.215686274509803,51.0,0,0,1,1
C1235173_V01_F00009_ec7e7013-3d8a-41f0-aa0e-41ba4c93659b.jpg,C,C1235173,zonglie,3014.0,351.0,3065.0,610.0,51.0,259.0,13209.0,5.078431372549019,51.0,0,0,1,0
C1235173_V01_F00009_ec7e7013-3d8a-41f0-aa0e-41ba4c93659b.jpg,C,C1235173,zonglie,3058.0,1.0,3105.0,392.0,47.0,391.0,18377.0,8.319148936170214,47.0,0,0,1,1
C1235412_V00_F00003_2872c12a-89c7-4070-a4d6-c88bcf885fbd.jpg,C,C1235412,jieba,1289.0,624.0,1362.0,697.0,73.0,73.0,5329.0,1.0,73.0,0,0,0,0
C1235531_V01_F00008_a2da0b35-bb19-4cf0-9cfd-aa9618d6cf0c.jpg,C,C1235531,zonglie,526.0,2235.0,577.0,3000.0,51.0,765.0,39015.0,15.0,51.0,0,0,1,1
C1235531_V01_F00009_0b8093fa-3356-49fd-96f8-2efe3cebae56.jpg,C,C1235531,zonglie,532.0,1.0,590.0,973.0,58.0,972.0,56376.0,16.75862068965517,58.0,0,0,1,1
C1235531_V01_F00014_7dc9b55e-3bbc-45e9-aead-44cd8d350701.jpg,C,C1235531,zonglie,682.0,1.0,729.0,671.0,47.0,670.0,31490.0,14.25531914893617,47.0,0,0,1,1
C1235531_V01_F00014_7dc9b55e-3bbc-45e9-aead-44cd8d350701.jpg,C,C1235531,zonglie,708.0,669.0,766.0,984.0,58.0,315.0,18270.0,5.431034482758621,58.0,0,0,1,0
C1235531_V01_F00014_7dc9b55e-3bbc-45e9-aead-44cd8d350701.jpg,C,C1235531,zonglie,681.0,991.0,729.0,1533.0,48.0,542.0,26016.0,11.291666666666666,48.0,0,0,1,0
C1235531_V01_F00014_7dc9b55e-3bbc-45e9-aead-44cd8d350701.jpg,C,C1235531,zonglie,667.0,1532.0,740.0,2934.0,73.0,1402.0,102346.0,19.205479452054796,73.0,0,0,1,0
C1235531_V01_F00015_79073c0f-2b49-4564-b989-fedf0d9f0e62.jpg,C,C1235531,zonglie,675.0,1.0,719.0,1304.0,44.0,1303.0,57332.0,29.613636363636363,44.0,0,0,1,1
C1235531_V01_F00015_79073c0f-2b49-4564-b989-fedf0d9f0e62.jpg,C,C1235531,zonglie,735.0,1305.0,771.0,1494.0,36.0,189.0,6804.0,5.25,36.0,0,0,1,0
C1235531_V01_F00015_79073c0f-2b49-4564-b989-fedf0d9f0e62.jpg,C,C1235531,zonglie,821.0,1570.0,874.0,2010.0,53.0,440.0,23320.0,8.30188679245283,53.0,0,0,1,0
C1235531_V01_F00017_13592e79-fe81-4893-8959-365a0e967a06.jpg,C,C1235531,zonglie,962.0,2.0,1010.0,232.0,48.0,230.0,11040.0,4.791666666666667,48.0,0,0,0,1
C1235531_V01_F00017_13592e79-fe81-4893-8959-365a0e967a06.jpg,C,C1235531,zonglie,1016.0,256.0,1057.0,700.0,41.0,444.0,18204.0,10.829268292682928,41.0,0,0,1,0
C1235531_V01_F00017_13592e79-fe81-4893-8959-365a0e967a06.jpg,C,C1235531,zonglie,908.0,474.0,961.0,1479.0,53.0,1005.0,53265.0,18.962264150943398,53.0,0,0,1,0
C1235531_V01_F00017_13592e79-fe81-4893-8959-365a0e967a06.jpg,C,C1235531,zonglie,789.0,1427.0,836.0,2292.0,47.0,865.0,40655.0,18.404255319148938,47.0,0,0,1,0
C1235699_V03_F00001_9ad344da-1546-408b-87ed-2ad8bec1737c.jpg,C,C1235699,jieba,2596.0,588.0,2642.0,757.0,46.0,169.0,7774.0,3.6739130434782608,46.0,0,0,0,0
C1235699_V03_F00001_9ad344da-1546-408b-87ed-2ad8bec1737c.jpg,C,C1235699,jieba,2611.0,937.0,2632.0,957.0,21.0,20.0,420.0,1.05,20.0,0,0,0,0
C1235699_V03_F00001_9ad344da-1546-408b-87ed-2ad8bec1737c.jpg,C,C1235699,jieba,2598.0,2123.0,2616.0,2147.0,18.0,24.0,432.0,1.3333333333333333,18.0,0,0,0,0
C1235699_V03_F00003_ac9b828b-16d6-495d-9361-0fc0bc243ef3.jpg,C,C1235699,jieba,1582.0,2492.0,1628.0,2533.0,46.0,41.0,1886.0,1.1219512195121952,41.0,0,0,0,0
C1235699_V03_F00003_ac9b828b-16d6-495d-9361-0fc0bc243ef3.jpg,C,C1235699,jieba,2521.0,2463.0,2556.0,2532.0,35.0,69.0,2415.0,1.9714285714285715,35.0,0,0,0,0
C1235699_V03_F00003_ac9b828b-16d6-495d-9361-0fc0bc243ef3.jpg,C,C1235699,jieba,2519.0,1218.0,2570.0,1369.0,51.0,151.0,7701.0,2.9607843137254903,51.0,0,0,0,0
C1235699_V03_F00003_ac9b828b-16d6-495d-9361-0fc0bc243ef3.jpg,C,C1235699,jieba,2526.0,2220.0,2557.0,2447.0,31.0,227.0,7037.0,7.32258064516129,31.0,0,0,1,0
C1235699_V03_F00003_ac9b828b-16d6-495d-9361-0fc0bc243ef3.jpg,C,C1235699,jieba,2551.0,950.0,2577.0,977.0,26.0,27.0,702.0,1.0384615384615385,26.0,0,0,0,0
C1235699_V03_F00006_4ea0c7a3-6ace-45f0-a6e7-e404f29c27ba.jpg,C,C1235699,qilie,2470.0,440.0,2518.0,500.0,48.0,60.0,2880.0,1.25,48.0,0,0,0,0
C1235699_V03_F00006_4ea0c7a3-6ace-45f0-a6e7-e404f29c27ba.jpg,C,C1235699,jieba,2511.0,2489.0,2529.0,2522.0,18.0,33.0,594.0,1.8333333333333333,18.0,0,0,0,0
C1235699_V03_F00006_4ea0c7a3-6ace-45f0-a6e7-e404f29c27ba.jpg,C,C1235699,jieba,2502.0,2258.0,2529.0,2320.0,27.0,62.0,1674.0,2.2962962962962963,27.0,0,0,0,0
C1235699_V03_F00006_4ea0c7a3-6ace-45f0-a6e7-e404f29c27ba.jpg,C,C1235699,jieba,2500.0,2083.0,2518.0,2124.0,18.0,41.0,738.0,2.2777777777777777,18.0,0,0,0,0
C1235699_V03_F00006_4ea0c7a3-6ace-45f0-a6e7-e404f29c27ba.jpg,C,C1235699,jieba,2481.0,721.0,2528.0,787.0,47.0,66.0,3102.0,1.4042553191489362,47.0,0,0,0,0
C1236206_V11_F00007_b578bbbb-6fce-40b9-b9ab-a609149c8e63.jpg,C,C1236206,jieba,2423.0,2149.0,2451.0,2227.0,28.0,78.0,2184.0,2.7857142857142856,28.0,0,0,0,0
C1236206_V11_F00007_b578bbbb-6fce-40b9-b9ab-a609149c8e63.jpg,C,C1236206,yiwuyaru,2119.0,2576.0,2235.0,2708.0,116.0,132.0,15312.0,1.1379310344827587,116.0,0,0,0,0
C1236206_V11_F00007_b578bbbb-6fce-40b9-b9ab-a609149c8e63.jpg,C,C1236206,huashang,2203.0,2564.0,2229.0,3000.0,26.0,436.0,11336.0,16.76923076923077,26.0,0,0,1,1
C1236680_V01_F00005_e6be607a-8ea9-4f22-9dab-91401b293257.jpg,C,C1236680,zonglie,3507.0,2590.0,3543.0,2988.0,36.0,398.0,14328.0,11.055555555555555,36.0,0,0,1,1
C1236682_V01_F00004_a0f2312d-2207-4795-914b-2e2039ac359c.jpg,C,C1236682,zonglie,3621.0,1.0,3660.0,620.0,39.0,619.0,24141.0,15.871794871794872,39.0,0,0,1,1
C1236682_V01_F00004_a0f2312d-2207-4795-914b-2e2039ac359c.jpg,C,C1236682,zonglie,3616.0,644.0,3655.0,1477.0,39.0,833.0,32487.0,21.358974358974358,39.0,0,0,1,0
C1236763_V00_F00005_24438f22-c9b5-4df8-b1f5-ab319bf9fe74.jpg,C,C1236763,jieba,3895.0,479.0,3949.0,545.0,54.0,66.0,3564.0,1.2222222222222223,54.0,0,0,0,0
C1236763_V00_F00005_24438f22-c9b5-4df8-b1f5-ab319bf9fe74.jpg,C,C1236763,jieba,983.0,5.0,1077.0,127.0,94.0,122.0,11468.0,1.297872340425532,94.0,0,0,0,1
C1236763_V00_F00005_24438f22-c9b5-4df8-b1f5-ab319bf9fe74.jpg,C,C1236763,jiaza,2646.0,448.0,2672.0,570.0,26.0,122.0,3172.0,4.6923076923076925,26.0,0,0,0,0
C1236831_V12_F00001_daee3974-1117-4b41-9e30-ab0e0d6c2194.jpg,C,C1236831,jieba,3014.0,649.0,3033.0,690.0,19.0,41.0,779.0,2.1578947368421053,19.0,0,0,0,0
C1236831_V12_F00001_daee3974-1117-4b41-9e30-ab0e0d6c2194.jpg,C,C1236831,yiwuyaru,3684.0,2010.0,3764.0,2237.0,80.0,227.0,18160.0,2.8375,80.0,0,0,0,0
C1236852_V01_F00011_6c40fd8e-0259-4eff-a195-de8eebb3dfdf.jpg,C,C1236852,zonglie,2193.0,1.0,2241.0,755.0,48.0,754.0,36192.0,15.708333333333334,48.0,0,0,1,1
C1236881_V13_F00000_78120b69-1247-4dcd-9b3d-9fb3932a5c15.jpg,C,C1236881,jieba,2982.0,2496.0,3067.0,2816.0,85.0,320.0,27200.0,3.764705882352941,85.0,0,0,0,0
C1236881_V13_F00000_78120b69-1247-4dcd-9b3d-9fb3932a5c15.jpg,C,C1236881,jieba,2942.0,2672.0,3004.0,2778.0,62.0,106.0,6572.0,1.7096774193548387,62.0,0,0,0,0
C1236881_V13_F00000_78120b69-1247-4dcd-9b3d-9fb3932a5c15.jpg,C,C1236881,jieba,2680.0,2510.0,2739.0,2589.0,59.0,79.0,4661.0,1.3389830508474576,59.0,0,0,0,0
C1236881_V13_F00000_78120b69-1247-4dcd-9b3d-9fb3932a5c15.jpg,C,C1236881,jieba,2983.0,2495.0,3062.0,2628.0,79.0,133.0,10507.0,1.6835443037974684,79.0,0,0,0,0
C1236952_V01_F00007_436eb1b9-3df1-4ad2-9a0a-898be01e4191.jpg,C,C1236952,jieba,474.0,1820.0,534.0,1870.0,60.0,50.0,3000.0,1.2,50.0,0,0,0,0
C1237025_V02_F00002_b7444489-4d1e-417c-b218-fd2a3f911020.jpg,C,C1237025,zonglie,3029.0,1215.0,3079.0,1605.0,50.0,390.0,19500.0,7.8,50.0,0,0,1,0
C1237026_V02_F00001_8ecb6f76-9365-4a34-bf38-136c400f315c.jpg,C,C1237026,zonglie,2757.0,1194.0,2798.0,1423.0,41.0,229.0,9389.0,5.585365853658536,41.0,0,0,1,0
C1237122_V00_F00002_f7c8338a-bb48-41b9-809a-233115b17a6b.jpg,C,C1237122,yiwuyaru,2289.0,1257.0,2321.0,1275.0,32.0,18.0,576.0,1.7777777777777777,18.0,0,0,0,0
C1237122_V00_F00002_f7c8338a-bb48-41b9-809a-233115b17a6b.jpg,C,C1237122,yiwuyaru,2346.0,1344.0,2383.0,1371.0,37.0,27.0,999.0,1.3703703703703705,27.0,0,0,0,0
C1237122_V00_F00002_f7c8338a-bb48-41b9-809a-233115b17a6b.jpg,C,C1237122,yiwuyaru,2188.0,1420.0,2214.0,1443.0,26.0,23.0,598.0,1.1304347826086956,23.0,0,0,0,0
C1237122_V00_F00002_f7c8338a-bb48-41b9-809a-233115b17a6b.jpg,C,C1237122,yiwuyaru,2219.0,1343.0,2242.0,1360.0,23.0,17.0,391.0,1.3529411764705883,17.0,0,0,0,0
C1237122_V00_F00002_f7c8338a-bb48-41b9-809a-233115b17a6b.jpg,C,C1237122,yiwuyaru,2335.0,2402.0,2361.0,2420.0,26.0,18.0,468.0,1.4444444444444444,18.0,0,0,0,0
C1237206_V12_F00003_8137fd13-448a-4481-b144-db71bd8df6c9.jpg,C,C1237206,yiwuyaru,2790.0,1319.0,2858.0,1374.0,68.0,55.0,3740.0,1.2363636363636363,55.0,0,0,0,0
C1237206_V12_F00003_8137fd13-448a-4481-b144-db71bd8df6c9.jpg,C,C1237206,yiwuyaru,2743.0,1021.0,2803.0,1082.0,60.0,61.0,3660.0,1.0166666666666666,60.0,0,0,0,0
C1237206_V12_F00003_8137fd13-448a-4481-b144-db71bd8df6c9.jpg,C,C1237206,yiwuyaru,2864.0,1046.0,2897.0,1085.0,33.0,39.0,1287.0,1.1818181818181819,33.0,0,0,0,0
C1237206_V12_F00003_8137fd13-448a-4481-b144-db71bd8df6c9.jpg,C,C1237206,yiwuyaru,2857.0,1006.0,2879.0,1026.0,22.0,20.0,440.0,1.1,20.0,0,0,0,0
C1237206_V12_F00003_8137fd13-448a-4481-b144-db71bd8df6c9.jpg,C,C1237206,yiwuyaru,2800.0,1091.0,2833.0,1134.0,33.0,43.0,1419.0,1.303030303030303,33.0,0,0,0,0
C1237206_V12_F00003_8137fd13-448a-4481-b144-db71bd8df6c9.jpg,C,C1237206,yiwuyaru,2817.0,957.0,2838.0,986.0,21.0,29.0,609.0,1.380952380952381,21.0,0,0,0,0
C1237206_V12_F00003_8137fd13-448a-4481-b144-db71bd8df6c9.jpg,C,C1237206,yiwuyaru,2870.0,824.0,2895.0,846.0,25.0,22.0,550.0,1.1363636363636365,22.0,0,0,0,0
C1237309_V01_F00003_fd17bf29-987b-4667-8229-3b4204eff3de.jpg,C,C1237309,jiaza,2898.0,2215.0,2919.0,2287.0,21.0,72.0,1512.0,3.4285714285714284,21.0,0,0,0,0
C1237353_V01_F00002_8af949c2-cbf2-480d-a251-f05f7386c099.jpg,C,C1237353,zonglie,3618.0,311.0,3688.0,2939.0,70.0,2628.0,183960.0,37.542857142857144,70.0,0,0,1,0
C1237354_V01_F00002_94eee226-7f34-49e5-93aa-185b95fb1129.jpg,C,C1237354,zonglie,1373.0,2392.0,1432.0,3000.0,59.0,608.0,35872.0,10.305084745762711,59.0,0,0,1,1
C1237354_V01_F00003_589ba6e2-50c7-4bf6-abd1-09e54489e0c1.jpg,C,C1237354,zonglie,1373.0,1.0,1444.0,964.0,71.0,963.0,68373.0,13.56338028169014,71.0,0,0,1,1
C1237354_V01_F00008_cf217963-b78b-4cda-a5e8-80ba37258255.jpg,C,C1237354,zonglie,3514.0,1250.0,3582.0,2176.0,68.0,926.0,62968.0,13.617647058823529,68.0,0,0,1,0
C1237355_V02_F00009_d6ecd033-8515-403f-8def-b025e932ae4d.jpg,C,C1237355,jieba,3407.0,183.0,3492.0,322.0,85.0,139.0,11815.0,1.6352941176470588,85.0,0,0,0,0
C1237355_V02_F00009_d6ecd033-8515-403f-8def-b025e932ae4d.jpg,C,C1237355,jieba,2015.0,306.0,2054.0,363.0,39.0,57.0,2223.0,1.4615384615384615,39.0,0,0,0,0
C1237355_V02_F00009_d6ecd033-8515-403f-8def-b025e932ae4d.jpg,C,C1237355,jieba,1942.0,300.0,1977.0,363.0,35.0,63.0,2205.0,1.8,35.0,0,0,0,0
C1237355_V02_F00009_d6ecd033-8515-403f-8def-b025e932ae4d.jpg,C,C1237355,jieba,1847.0,301.0,1862.0,328.0,15.0,27.0,405.0,1.8,15.0,1,0,0,0
C1237355_V02_F00009_d6ecd033-8515-403f-8def-b025e932ae4d.jpg,C,C1237355,jieba,2212.0,259.0,2239.0,338.0,27.0,79.0,2133.0,2.925925925925926,27.0,0,0,0,0
C1237355_V02_F00009_d6ecd033-8515-403f-8def-b025e932ae4d.jpg,C,C1237355,jieba,2506.0,288.0,2603.0,351.0,97.0,63.0,6111.0,1.5396825396825398,63.0,0,0,0,0
C1237355_V02_F00009_d6ecd033-8515-403f-8def-b025e932ae4d.jpg,C,C1237355,jieba,3823.0,181.0,3839.0,211.0,16.0,30.0,480.0,1.875,16.0,0,0,0,0
C1237355_V02_F00009_d6ecd033-8515-403f-8def-b025e932ae4d.jpg,C,C1237355,jieba,4027.0,7.0,4058.0,53.0,31.0,46.0,1426.0,1.4838709677419355,31.0,0,0,0,1
C1237355_V02_F00009_d6ecd033-8515-403f-8def-b025e932ae4d.jpg,C,C1237355,jieba,63.0,346.0,131.0,424.0,68.0,78.0,5304.0,1.1470588235294117,68.0,0,0,0,0
C1237356_V10_F00002_9f333c29-2d50-4fdc-b3ad-986d174eb091.jpg,C,C1237356,jieba,1992.0,1342.0,2074.0,1597.0,82.0,255.0,20910.0,3.1097560975609757,82.0,0,0,0,0
C1237356_V10_F00002_9f333c29-2d50-4fdc-b3ad-986d174eb091.jpg,C,C1237356,jieba,3438.0,2275.0,3490.0,2354.0,52.0,79.0,4108.0,1.5192307692307692,52.0,0,0,0,0
C1237406_V02_F00003_1001c03a-52b9-4450-8269-4e46f678e2fc.jpg,C,C1237406,jieba,1573.0,1347.0,1626.0,1401.0,53.0,54.0,2862.0,1.0188679245283019,53.0,0,0,0,0
C1237420_V12_F00005_d47bd8dc-dd05-4234-bbfa-fe7ebbb9cec9.jpg,C,C1237420,jieba,2502.0,1575.0,2570.0,1675.0,68.0,100.0,6800.0,1.4705882352941178,68.0,0,0,0,0
C1237421_V10_F00000_8aa2a520-9914-409b-8c6b-c49c621870be.jpg,C,C1237421,jieba,1462.0,2141.0,1774.0,2374.0,312.0,233.0,72696.0,1.3390557939914163,233.0,0,0,0,0
C1237507_V01_F00003_7cf2689f-c0f0-44a8-b425-00f7d1ffb4df.jpg,C,C1237507,zonglie,3464.0,1.0,3538.0,2999.0,74.0,2998.0,221852.0,40.513513513513516,74.0,0,0,1,1
C1237507_V01_F00004_afc33390-f5a1-473e-86b2-cc3de96d38a6.jpg,C,C1237507,zonglie,3478.0,4.0,3530.0,2267.0,52.0,2263.0,117676.0,43.51923076923077,52.0,0,0,1,1
C1237507_V01_F00004_afc33390-f5a1-473e-86b2-cc3de96d38a6.jpg,C,C1237507,zonglie,3445.0,2221.0,3488.0,2707.0,43.0,486.0,20898.0,11.30232558139535,43.0,0,0,1,0
C1237507_V01_F00004_afc33390-f5a1-473e-86b2-cc3de96d38a6.jpg,C,C1237507,zonglie,3441.0,2717.0,3493.0,3000.0,52.0,283.0,14716.0,5.4423076923076925,52.0,0,0,1,1
C1237507_V02_F00002_b75d3cce-7341-45ea-8e41-acbb5168cb4e.jpg,C,C1237507,zonglie,35.0,1.0,88.0,2999.0,53.0,2998.0,158894.0,56.56603773584906,53.0,0,0,1,1
C1237507_V02_F00003_fa0ee19c-329e-49c0-a295-9869fbf204df.jpg,C,C1237507,zonglie,17.0,1.0,75.0,2999.0,58.0,2998.0,173884.0,51.689655172413794,58.0,0,0,1,1
C1237561_V01_F00032_2c6705ce-1b20-4afd-8846-58e3265346b8.jpg,C,C1237561,zonglie,2478.0,1224.0,2540.0,1857.0,62.0,633.0,39246.0,10.209677419354838,62.0,0,0,1,0
C1237682_V00_F00001_cff9b591-b6aa-4981-b5f3-bd245f442b3f.jpg,C,C1237682,jiaza,959.0,2330.0,1005.0,2794.0,46.0,464.0,21344.0,10.08695652173913,46.0,0,0,1,0
C1237889_V01_F00009_8d72dc62-68a5-4954-8434-c87cdc0a1d2c.jpg,C,C1237889,zonglie,3198.0,106.0,3225.0,966.0,27.0,860.0,23220.0,31.85185185185185,27.0,0,0,1,0
C1237889_V01_F00009_8d72dc62-68a5-4954-8434-c87cdc0a1d2c.jpg,C,C1237889,zonglie,3210.0,1076.0,3227.0,1229.0,17.0,153.0,2601.0,9.0,17.0,0,0,1,0
C1237900_V01_F00003_aefd7c4b-0cdc-4c79-bf30-4a0795d34c29.jpg,C,C1237900,zonglie,2892.0,1798.0,2963.0,3000.0,71.0,1202.0,85342.0,16.929577464788732,71.0,0,0,1,1
C1237900_V01_F00004_b77039af-78d5-4d13-a748-679ad5f69aa1.jpg,C,C1237900,zonglie,2884.0,1.0,2938.0,2442.0,54.0,2441.0,131814.0,45.2037037037037,54.0,0,0,1,1
C1237900_V01_F00004_b77039af-78d5-4d13-a748-679ad5f69aa1.jpg,C,C1237900,zonglie,2888.0,2463.0,2940.0,3000.0,52.0,537.0,27924.0,10.326923076923077,52.0,0,0,1,1
C1237900_V01_F00005_b377b0df-058a-4ffb-b5ac-41a61226ac04.jpg,C,C1237900,zonglie,2892.0,1.0,2931.0,958.0,39.0,957.0,37323.0,24.53846153846154,39.0,0,0,1,1
C1237900_V01_F00005_b377b0df-058a-4ffb-b5ac-41a61226ac04.jpg,C,C1237900,zonglie,2885.0,1035.0,2930.0,1933.0,45.0,898.0,40410.0,19.955555555555556,45.0,0,0,1,0
C1237900_V01_F00005_b377b0df-058a-4ffb-b5ac-41a61226ac04.jpg,C,C1237900,zonglie,2888.0,1985.0,2936.0,2998.0,48.0,1013.0,48624.0,21.104166666666668,48.0,0,0,1,1
C1238058_V12_F00001_a5ef8e03-5145-4492-85d8-90da9d4d349c.jpg,C,C1238058,jieba,581.0,2138.0,648.0,2185.0,67.0,47.0,3149.0,1.425531914893617,47.0,0,0,0,0
C1238058_V12_F00001_a5ef8e03-5145-4492-85d8-90da9d4d349c.jpg,C,C1238058,jieba,1918.0,1837.0,1980.0,1908.0,62.0,71.0,4402.0,1.1451612903225807,62.0,0,0,0,0
C1238058_V12_F00001_a5ef8e03-5145-4492-85d8-90da9d4d349c.jpg,C,C1238058,jieba,2041.0,2598.0,2086.0,2624.0,45.0,26.0,1170.0,1.7307692307692308,26.0,0,0,0,0
C1238058_V12_F00001_a5ef8e03-5145-4492-85d8-90da9d4d349c.jpg,C,C1238058,yiwuyaru,2096.0,1959.0,2241.0,2333.0,145.0,374.0,54230.0,2.579310344827586,145.0,0,0,0,0
C1238058_V12_F00001_a5ef8e03-5145-4492-85d8-90da9d4d349c.jpg,C,C1238058,yiwuyaru,2136.0,2004.0,2167.0,2089.0,31.0,85.0,2635.0,2.7419354838709675,31.0,0,0,0,0
C1238149_V01_F00007_b85d9b39-7ce2-4c58-b01e-efb9d14314e8.jpg,C,C1238149,zonglie,3544.0,0.0,3608.0,2997.0,64.0,2997.0,191808.0,46.828125,64.0,0,0,1,1
C1238149_V01_F00008_f47d7171-9383-4c9e-8501-f0bf5cbdccf5.jpg,C,C1238149,zonglie,3560.0,1.0,3615.0,418.0,55.0,417.0,22935.0,7.581818181818182,55.0,0,0,1,1
C1238149_V02_F00007_68ed5e8d-c7c7-4763-b849-d6e361d7c125.jpg,C,C1238149,zonglie,98.0,0.0,172.0,1516.0,74.0,1516.0,112184.0,20.486486486486488,74.0,0,0,1,1
C1238149_V02_F00007_68ed5e8d-c7c7-4763-b849-d6e361d7c125.jpg,C,C1238149,zonglie,107.0,1484.0,181.0,3000.0,74.0,1516.0,112184.0,20.486486486486488,74.0,0,0,1,1
C1238149_V02_F00007_68ed5e8d-c7c7-4763-b849-d6e361d7c125.jpg,C,C1238149,yanghuatiepi,2161.0,1484.0,2213.0,1517.0,52.0,33.0,1716.0,1.5757575757575757,33.0,0,0,0,0
C1238505_V13_F00007_c43744bc-5727-40c4-a87c-4e7a20c23e28.jpg,C,C1238505,yiwuyaru,2553.0,1632.0,2763.0,1796.0,210.0,164.0,34440.0,1.2804878048780488,164.0,0,0,0,0
C1238505_V13_F00007_c43744bc-5727-40c4-a87c-4e7a20c23e28.jpg,C,C1238505,huashang,2215.0,1295.0,2240.0,1722.0,25.0,427.0,10675.0,17.08,25.0,0,0,1,0
C1238505_V13_F00007_c43744bc-5727-40c4-a87c-4e7a20c23e28.jpg,C,C1238505,huashang,2063.0,1551.0,2078.0,1710.0,15.0,159.0,2385.0,10.6,15.0,1,0,1,0
C1238505_V13_F00007_c43744bc-5727-40c4-a87c-4e7a20c23e28.jpg,C,C1238505,huashang,2028.0,1383.0,2049.0,1577.0,21.0,194.0,4074.0,9.238095238095237,21.0,0,0,1,0
C1238505_V13_F00007_c43744bc-5727-40c4-a87c-4e7a20c23e28.jpg,C,C1238505,huashang,2055.0,1732.0,2069.0,1872.0,14.0,140.0,1960.0,10.0,14.0,1,0,1,0
C1238505_V13_F00007_c43744bc-5727-40c4-a87c-4e7a20c23e28.jpg,C,C1238505,huashang,1900.0,1299.0,1921.0,1601.0,21.0,302.0,6342.0,14.380952380952381,21.0,0,0,1,0
C1238506_V10_F00003_5a130be8-044b-42c5-bcab-7c043ff11bae.jpg,C,C1238506,jieba,3734.0,1520.0,3783.0,1740.0,49.0,220.0,10780.0,4.489795918367347,49.0,0,0,0,0
C1238506_V10_F00003_5a130be8-044b-42c5-bcab-7c043ff11bae.jpg,C,C1238506,huashang,2233.0,1444.0,2277.0,2634.0,44.0,1190.0,52360.0,27.045454545454547,44.0,0,0,1,0
C1238506_V10_F00003_5a130be8-044b-42c5-bcab-7c043ff11bae.jpg,C,C1238506,huashang,1926.0,1732.0,1969.0,2998.0,43.0,1266.0,54438.0,29.441860465116278,43.0,0,0,1,1
C1238506_V10_F00003_5a130be8-044b-42c5-bcab-7c043ff11bae.jpg,C,C1238506,huashang,3810.0,1426.0,3848.0,1916.0,38.0,490.0,18620.0,12.894736842105264,38.0,0,0,1,0
C1238700_V13_F00009_5a66c1e8-59bf-4fe3-81b2-ca1b4d6049b9.jpg,C,C1238700,yiwuyaru,169.0,403.0,247.0,553.0,78.0,150.0,11700.0,1.9230769230769231,78.0,0,0,0,0
C1238700_V13_F00009_5a66c1e8-59bf-4fe3-81b2-ca1b4d6049b9.jpg,C,C1238700,huashang,936.0,968.0,971.0,1649.0,35.0,681.0,23835.0,19.457142857142856,35.0,0,0,1,0
C1238772_V13_F00002_0d445476-b5b2-4e87-835a-d171fa5d135d.jpg,C,C1238772,yiwuyaru,1708.0,1867.0,1858.0,1953.0,150.0,86.0,12900.0,1.744186046511628,86.0,0,0,0,0
C1238772_V13_F00002_0d445476-b5b2-4e87-835a-d171fa5d135d.jpg,C,C1238772,yiwuyaru,75.0,496.0,113.0,529.0,38.0,33.0,1254.0,1.1515151515151516,33.0,0,0,0,0
C1238817_V13_F00001_861ab7df-7524-4bbc-9809-f3de3b07c463.jpg,C,C1238817,jieba,2932.0,1365.0,3011.0,1506.0,79.0,141.0,11139.0,1.7848101265822784,79.0,0,0,0,0
C1238823_V00_F00000_7b7e0210-7d9b-4132-aacd-79a1718898a6.jpg,C,C1238823,jieba,1151.0,2291.0,1185.0,2328.0,34.0,37.0,1258.0,1.088235294117647,34.0,0,0,0,0
C1238861_V03_F00007_cb83f6c9-032f-496a-8908-56d1da582c03.jpg,C,C1238861,jieba,2716.0,1646.0,2757.0,1692.0,41.0,46.0,1886.0,1.1219512195121952,41.0,0,0,0,0
C1238861_V03_F00007_cb83f6c9-032f-496a-8908-56d1da582c03.jpg,C,C1238861,jieba,2723.0,1748.0,2746.0,2046.0,23.0,298.0,6854.0,12.956521739130435,23.0,0,0,1,0
C1238898_V11_F00002_b6acc7d8-e1f3-4fdd-9655-b39a81f2f595.jpg,C,C1238898,yiwuyaru,1726.0,1022.0,1917.0,1357.0,191.0,335.0,63985.0,1.7539267015706805,191.0,0,0,0,0
C1238898_V11_F00002_b6acc7d8-e1f3-4fdd-9655-b39a81f2f595.jpg,C,C1238898,yiwuyaru,2274.0,2571.0,2341.0,2685.0,67.0,114.0,7638.0,1.7014925373134329,67.0,0,0,0,0
C1238898_V13_F00001_6d090fdb-8b9b-424c-81cd-9ef5a945d043.jpg,C,C1238898,jieba,1800.0,2716.0,1873.0,2800.0,73.0,84.0,6132.0,1.1506849315068493,73.0,0,0,0,0
C1238898_V13_F00001_6d090fdb-8b9b-424c-81cd-9ef5a945d043.jpg,C,C1238898,jieba,278.0,877.0,337.0,1072.0,59.0,195.0,11505.0,3.305084745762712,59.0,0,0,0,0
C1238898_V13_F00001_6d090fdb-8b9b-424c-81cd-9ef5a945d043.jpg,C,C1238898,jieba,1644.0,1675.0,1676.0,1825.0,32.0,150.0,4800.0,4.6875,32.0,0,0,0,0
C1238898_V13_F00001_6d090fdb-8b9b-424c-81cd-9ef5a945d043.jpg,C,C1238898,yiwuyaru,117.0,2652.0,160.0,2777.0,43.0,125.0,5375.0,2.9069767441860463,43.0,0,0,0,0
C1238918_V12_F00002_930784eb-e695-499a-91ec-4d74b8a15273.jpg,C,C1238918,yiwuyaru,3142.0,165.0,3305.0,505.0,163.0,340.0,55420.0,2.085889570552147,163.0,0,0,0,0
C1238919_V13_F00010_7adb0de0-3d7b-4622-87a7-f5df80c8bc27.jpg,C,C1238919,jieba,1748.0,709.0,1801.0,840.0,53.0,131.0,6943.0,2.4716981132075473,53.0,0,0,0,0
C1238919_V13_F00010_7adb0de0-3d7b-4622-87a7-f5df80c8bc27.jpg,C,C1238919,yiwuyaru,2600.0,2830.0,2947.0,2898.0,347.0,68.0,23596.0,5.102941176470588,68.0,0,0,1,0
C1238920_V00_F00010_51df833f-9f27-4741-8557-c2d25c5acf3c.jpg,C,C1238920,yiwuyaru,1709.0,798.0,1767.0,926.0,58.0,128.0,7424.0,2.206896551724138,58.0,0,0,0,0
C1238920_V00_F00010_51df833f-9f27-4741-8557-c2d25c5acf3c.jpg,C,C1238920,jieba,1413.0,682.0,1459.0,730.0,46.0,48.0,2208.0,1.0434782608695652,46.0,0,0,0,0
C1238928_V02_F00008_618c8961-53fc-4df3-bb88-ac7eddb39db3.jpg,C,C1238928,jieba,3078.0,1292.0,3113.0,1348.0,35.0,56.0,1960.0,1.6,35.0,0,0,0,0
C1239076_V13_F00002_7b6ab72a-3ba6-4f7d-9cba-e4ef09c967c5.jpg,C,C1239076,jieba,2720.0,1067.0,2804.0,1289.0,84.0,222.0,18648.0,2.642857142857143,84.0,0,0,0,0
C1239135_V13_F00007_1efe6c65-98eb-49cb-be69-8f1bc4aa520a.jpg,C,C1239135,jieba,2443.0,1170.0,2693.0,1839.0,250.0,669.0,167250.0,2.676,250.0,0,0,0,0
C1239138_V10_F00005_40c856eb-97fe-4354-b2ad-f0db5de0a6c5.jpg,C,C1239138,yiwuyaru,3212.0,140.0,3264.0,200.0,52.0,60.0,3120.0,1.1538461538461537,52.0,0,0,0,0
C1239138_V10_F00005_40c856eb-97fe-4354-b2ad-f0db5de0a6c5.jpg,C,C1239138,yiwuyaru,3215.0,2926.0,3274.0,2991.0,59.0,65.0,3835.0,1.1016949152542372,59.0,0,0,0,1
C1239162_V13_F00012_2fda64da-493d-43bb-8d06-a6bc09e75faf.jpg,C,C1239162,jieba,389.0,1132.0,443.0,1193.0,54.0,61.0,3294.0,1.1296296296296295,54.0,0,0,0,0
C1239224_V02_F00012_87e82fe0-6497-4b63-9768-24897ba6a8a8.jpg,C,C1239224,jieba,1141.0,808.0,1212.0,860.0,71.0,52.0,3692.0,1.3653846153846154,52.0,0,0,0,0
C1239224_V02_F00012_87e82fe0-6497-4b63-9768-24897ba6a8a8.jpg,C,C1239224,jieba,1.0,1076.0,328.0,1106.0,327.0,30.0,9810.0,10.9,30.0,0,0,1,1
C1239262_V02_F00006_01b45a67-fa9c-4e55-b9fb-bb079e45cb6a.jpg,C,C1239262,yiwuyaru,2925.0,1344.0,2958.0,1590.0,33.0,246.0,8118.0,7.454545454545454,33.0,0,0,1,0
C1239262_V02_F00006_01b45a67-fa9c-4e55-b9fb-bb079e45cb6a.jpg,C,C1239262,yiwuyaru,3056.0,1494.0,3178.0,1716.0,122.0,222.0,27084.0,1.819672131147541,122.0,0,0,0,0
C1239336_V13_F00003_bb20af57-1798-49bd-871b-31d94b4659d1.jpg,C,C1239336,yiwuyaru,2731.0,285.0,2773.0,373.0,42.0,88.0,3696.0,2.0952380952380953,42.0,0,0,0,0
C1239336_V13_F00003_bb20af57-1798-49bd-871b-31d94b4659d1.jpg,C,C1239336,jieba,2877.0,2861.0,2909.0,2894.0,32.0,33.0,1056.0,1.03125,32.0,0,0,0,0
C1239470_V00_F00006_1e9bd53c-e626-4c26-8af5-5ebee6cf4c2f.jpg,C,C1239470,jiaza,1872.0,637.0,1918.0,877.0,46.0,240.0,11040.0,5.217391304347826,46.0,0,0,1,0
C1239470_V00_F00006_1e9bd53c-e626-4c26-8af5-5ebee6cf4c2f.jpg,C,C1239470,jiaza,3895.0,1088.0,3914.0,1265.0,19.0,177.0,3363.0,9.31578947368421,19.0,0,0,1,0
C1239470_V00_F00006_1e9bd53c-e626-4c26-8af5-5ebee6cf4c2f.jpg,C,C1239470,jiaza,1468.0,439.0,1492.0,553.0,24.0,114.0,2736.0,4.75,24.0,0,0,0,0
C1239470_V01_F00006_7e091af5-a5e7-4805-84b4-f30c9fb36532.jpg,C,C1239470,jiaza,480.0,1093.0,502.0,1278.0,22.0,185.0,4070.0,8.409090909090908,22.0,0,0,1,0
C1239470_V01_F00006_7e091af5-a5e7-4805-84b4-f30c9fb36532.jpg,C,C1239470,jiaza,2700.0,1495.0,2722.0,1623.0,22.0,128.0,2816.0,5.818181818181818,22.0,0,0,1,0
C1239470_V01_F00006_7e091af5-a5e7-4805-84b4-f30c9fb36532.jpg,C,C1239470,jiaza,2714.0,2106.0,2725.0,2206.0,11.0,100.0,1100.0,9.090909090909092,11.0,1,0,1,0
C1239514_V10_F00000_cfa1a927-ec28-4905-98ec-94a18cae9086.jpg,C,C1239514,jieba,1583.0,1972.0,1727.0,2077.0,144.0,105.0,15120.0,1.3714285714285714,105.0,0,0,0,0
C1239524_V10_F00001_5e953016-789d-44ee-be8c-cd67ca2a407c.jpg,C,C1239524,jieba,2049.0,1177.0,2164.0,1268.0,115.0,91.0,10465.0,1.2637362637362637,91.0,0,0,0,0
C1239530_V01_F00004_4a4519b6-0d0b-4580-a29f-03e959997739.jpg,C,C1239530,zonglie,3705.0,1484.0,3742.0,1704.0,37.0,220.0,8140.0,5.945945945945946,37.0,0,0,1,0
C1239530_V01_F00004_4a4519b6-0d0b-4580-a29f-03e959997739.jpg,C,C1239530,zonglie,3714.0,1082.0,3745.0,1421.0,31.0,339.0,10509.0,10.935483870967742,31.0,0,0,1,0
C1239530_V01_F00004_4a4519b6-0d0b-4580-a29f-03e959997739.jpg,C,C1239530,zonglie,3714.0,372.0,3745.0,982.0,31.0,610.0,18910.0,19.677419354838708,31.0,0,0,1,0
C1239530_V01_F00004_4a4519b6-0d0b-4580-a29f-03e959997739.jpg,C,C1239530,zonglie,3718.0,1.0,3740.0,304.0,22.0,303.0,6666.0,13.772727272727273,22.0,0,0,1,1
C1239530_V02_F00003_bc3e3134-3a3f-4a7f-a8db-9b3d7e4574c7.jpg,C,C1239530,zonglie,276.0,822.0,325.0,1514.0,49.0,692.0,33908.0,14.122448979591837,49.0,0,0,1,0
C1239530_V02_F00003_bc3e3134-3a3f-4a7f-a8db-9b3d7e4574c7.jpg,C,C1239530,zonglie,274.0,1645.0,332.0,3000.0,58.0,1355.0,78590.0,23.362068965517242,58.0,0,0,1,1
C1239530_V02_F00004_32a37536-0ffc-43ef-b36e-540f2c039a19.jpg,C,C1239530,zonglie,280.0,349.0,328.0,1693.0,48.0,1344.0,64512.0,28.0,48.0,0,0,1,0
C1239540_V12_F00001_3e2835c5-a56d-4fcb-a9ba-5cee00c42e1e.jpg,C,C1239540,jieba,454.0,1223.0,529.0,1303.0,75.0,80.0,6000.0,1.0666666666666667,75.0,0,0,0,0
C1239631_V02_F00008_ee193aed-3897-496b-a984-b6590d46fdf7.jpg,C,C1239631,jieba,2755.0,2370.0,2817.0,2440.0,62.0,70.0,4340.0,1.1290322580645162,62.0,0,0,0,0
C1239631_V02_F00008_ee193aed-3897-496b-a984-b6590d46fdf7.jpg,C,C1239631,jieba,1459.0,2719.0,1524.0,2796.0,65.0,77.0,5005.0,1.1846153846153846,65.0,0,0,0,0
C1239638_V03_F00007_526234b4-6138-4250-a542-153f4df9702f.jpg,C,C1239638,jieba,2033.0,547.0,2120.0,636.0,87.0,89.0,7743.0,1.0229885057471264,87.0,0,0,0,0
C1240253_V03_F00005_2e717029-fc29-42aa-86f7-fdd0ef000641.jpg,C,C1240253,jieba,848.0,1873.0,903.0,2048.0,55.0,175.0,9625.0,3.1818181818181817,55.0,0,0,0,0
C1240292_V02_F00004_f870af20-027b-49d5-a6e0-4cc9901a6327.jpg,C,C1240292,jieba,2659.0,1773.0,2791.0,1840.0,132.0,67.0,8844.0,1.9701492537313432,67.0,0,0,0,0
C1240417_V02_F00003_755afce5-1d7e-4873-aab5-ef9cb8e8d5f5.jpg,C,C1240417,yiwuyaru,776.0,1944.0,858.0,2085.0,82.0,141.0,11562.0,1.7195121951219512,82.0,0,0,0,0
C1240478_V10_F00001_e7a1c47d-855f-4edd-87aa-afb60e7a618e.jpg,C,C1240478,jieba,2327.0,1856.0,2440.0,1974.0,113.0,118.0,13334.0,1.0442477876106195,113.0,0,0,0,0
C1240478_V10_F00001_e7a1c47d-855f-4edd-87aa-afb60e7a618e.jpg,C,C1240478,jieba,2432.0,1666.0,2674.0,1880.0,242.0,214.0,51788.0,1.1308411214953271,214.0,0,0,0,0
C1240516_V01_F00009_c32f62b8-3cae-4be8-80dc-b42d8b8746d0.jpg,C,C1240516,zonglie,2852.0,2157.0,2906.0,3000.0,54.0,843.0,45522.0,15.61111111111111,54.0,0,0,1,1
C1240588_V01_F00016_2b54ba42-dce5-4fc3-87a9-b95f78307ca0.jpg,C,C1240588,jieba,3785.0,1555.0,3939.0,1657.0,154.0,102.0,15708.0,1.5098039215686274,102.0,0,0,0,0
C1240595_V02_F00003_40564689-5d9d-4c69-8147-d2725a62f4cd.jpg,C,C1240595,jieba,2312.0,1608.0,2402.0,1656.0,90.0,48.0,4320.0,1.875,48.0,0,0,0,0
C1240626_V01_F00009_dba80c58-fa79-4316-8290-f8f3169d6105.jpg,C,C1240626,mamianmakeng,408.0,1724.0,446.0,1753.0,38.0,29.0,1102.0,1.3103448275862069,29.0,0,0,0,0
C1240669_V00_F00007_d21e2458-ea5f-43d1-9358-0e6e8273d1b2.jpg,C,C1240669,yiwuyaru,1142.0,1501.0,1205.0,1633.0,63.0,132.0,8316.0,2.0952380952380953,63.0,0,0,0,0
C1240674_V00_F00006_cddcb8a4-83f9-466c-b454-601c5e77706c.jpg,C,C1240674,yiwuyaru,902.0,2436.0,1259.0,2675.0,357.0,239.0,85323.0,1.493723849372385,239.0,0,0,0,0
C1240694_V00_F00010_b63daa33-79d4-4fd6-a9bc-29802069e6ec.jpg,C,C1240694,yiwuyaru,3123.0,2854.0,3166.0,3000.0,43.0,146.0,6278.0,3.395348837209302,43.0,0,0,0,1
C1240696_V02_F00012_13204a35-2774-481d-8c8c-e867ea9fb270.jpg,C,C1240696,jieba,1786.0,663.0,1860.0,742.0,74.0,79.0,5846.0,1.0675675675675675,74.0,0,0,0,0
C1240770_V02_F00007_1481b2de-d4db-43f1-ac46-0b72b6587011.jpg,C,C1240770,jieba,923.0,2135.0,989.0,2169.0,66.0,34.0,2244.0,1.9411764705882353,34.0,0,0,0,0
C1240770_V02_F00007_1481b2de-d4db-43f1-ac46-0b72b6587011.jpg,C,C1240770,yiwuyaru,3540.0,2215.0,3700.0,2278.0,160.0,63.0,10080.0,2.5396825396825395,63.0,0,0,0,0
C1240770_V03_F00007_faf5772c-639d-464e-b154-941db477b935.jpg,C,C1240770,jieba,33.0,2221.0,192.0,2282.0,159.0,61.0,9699.0,2.6065573770491803,61.0,0,0,0,0
C1240796_V10_F00004_49ff0aac-762b-451f-9317-e1316f584a87.jpg,C,C1240796,jieba,3565.0,1938.0,3687.0,2084.0,122.0,146.0,17812.0,1.1967213114754098,122.0,0,0,0,0
C1240815_V01_F00002_108ec51d-e149-4eb2-8ae3-7eb11016fb03.jpg,C,C1240815,yiwuyaru,2801.0,280.0,2962.0,332.0,161.0,52.0,8372.0,3.0961538461538463,52.0,0,0,0,0
C1240815_V01_F00002_108ec51d-e149-4eb2-8ae3-7eb11016fb03.jpg,C,C1240815,jieba,2526.0,2338.0,2555.0,2376.0,29.0,38.0,1102.0,1.3103448275862069,29.0,0,0,0,0
C1240869_V00_F00004_81449a86-62e1-4c17-bc52-bf0bd69e7418.jpg,C,C1240869,mamianmakeng,3222.0,1908.0,3244.0,1930.0,22.0,22.0,484.0,1.0,22.0,0,0,0,0
C1241598_V00_F00001_2683f340-29d0-40d4-979e-99037f7a19f1.jpg,C,C1241598,mamianmakeng,1350.0,684.0,1389.0,718.0,39.0,34.0,1326.0,1.1470588235294117,34.0,0,0,0,0
C1241612_V03_F00005_b37f3c1e-df81-47f6-b1b7-671166ec1704.jpg,C,C1241612,jieba,2604.0,407.0,2737.0,743.0,133.0,336.0,44688.0,2.526315789473684,133.0,0,0,0,0
C1241615_V01_F00009_8c0bb97c-3082-4ff9-a267-d597efc4a78e.jpg,C,C1241615,gunyin,1211.0,1046.0,1375.0,1120.0,164.0,74.0,12136.0,2.2162162162162162,74.0,0,0,0,0
C1241616_V01_F00002_c2596933-309f-4b26-8542-536bfdf8d4c8.jpg,C,C1241616,gunyin,1191.0,459.0,1269.0,505.0,78.0,46.0,3588.0,1.6956521739130435,46.0,0,0,0,0
C1241616_V01_F00002_c2596933-309f-4b26-8542-536bfdf8d4c8.jpg,C,C1241616,gunyin,1190.0,1426.0,1277.0,1467.0,87.0,41.0,3567.0,2.1219512195121952,41.0,0,0,0,0
C1241616_V01_F00002_c2596933-309f-4b26-8542-536bfdf8d4c8.jpg,C,C1241616,gunyin,1169.0,2461.0,1304.0,2512.0,135.0,51.0,6885.0,2.6470588235294117,51.0,0,0,0,0
C1241616_V01_F00004_39e33ca9-34d9-4192-8bda-a315aba95454.jpg,C,C1241616,gunyin,1203.0,909.0,1299.0,968.0,96.0,59.0,5664.0,1.6271186440677967,59.0,0,0,0,0
C1241616_V01_F00004_39e33ca9-34d9-4192-8bda-a315aba95454.jpg,C,C1241616,gunyin,1210.0,2769.0,1297.0,2837.0,87.0,68.0,5916.0,1.2794117647058822,68.0,0,0,0,0
C1241616_V01_F00005_d0f56a5d-63b8-4b4f-aca9-649512aa4f84.jpg,C,C1241616,gunyin,1225.0,1697.0,1292.0,1749.0,67.0,52.0,3484.0,1.2884615384615385,52.0,0,0,0,0
C1241638_V10_F00002_e5efc98e-f5df-4861-8b6f-54f9683260f9.jpg,C,C1241638,jieba,3111.0,1033.0,3206.0,1091.0,95.0,58.0,5510.0,1.6379310344827587,58.0,0,0,0,0
C1241789_V00_F00002_0eccdbd1-8366-40bc-8c1f-59c10d8bc4eb.jpg,C,C1241789,yiwuyaru,2254.0,404.0,2285.0,440.0,31.0,36.0,1116.0,1.1612903225806452,31.0,0,0,0,0
C1241789_V00_F00002_0eccdbd1-8366-40bc-8c1f-59c10d8bc4eb.jpg,C,C1241789,yiwuyaru,2723.0,308.0,2758.0,339.0,35.0,31.0,1085.0,1.1290322580645162,31.0,0,0,0,0
C1241789_V00_F00002_0eccdbd1-8366-40bc-8c1f-59c10d8bc4eb.jpg,C,C1241789,yiwuyaru,2761.0,252.0,2793.0,273.0,32.0,21.0,672.0,1.5238095238095237,21.0,0,0,0,0
C1241789_V00_F00002_0eccdbd1-8366-40bc-8c1f-59c10d8bc4eb.jpg,C,C1241789,yiwuyaru,2847.0,196.0,2873.0,218.0,26.0,22.0,572.0,1.1818181818181819,22.0,0,0,0,0
C1241789_V00_F00002_0eccdbd1-8366-40bc-8c1f-59c10d8bc4eb.jpg,C,C1241789,yiwuyaru,2687.0,247.0,2712.0,265.0,25.0,18.0,450.0,1.3888888888888888,18.0,0,0,0,0
C1241842_V03_F00004_841ba04e-a024-4e25-bd10-1802794f8a98.jpg,C,C1241842,yiwuyaru,1202.0,2609.0,1565.0,2968.0,363.0,359.0,130317.0,1.011142061281337,359.0,0,0,0,0
C1241843_V10_F00003_95e0157c-bdd1-4eac-a896-ea8fdefd468c.jpg,C,C1241843,jieba,3169.0,789.0,3327.0,981.0,158.0,192.0,30336.0,1.2151898734177216,158.0,0,0,0,0
C1241843_V11_F00003_bfa07219-b3a9-44fd-8cd5-7e94958dcbc8.jpg,C,C1241843,jieba,182.0,766.0,348.0,957.0,166.0,191.0,31706.0,1.1506024096385543,166.0,0,0,0,0
C1241843_V11_F00003_bfa07219-b3a9-44fd-8cd5-7e94958dcbc8.jpg,C,C1241843,jieba,1682.0,2634.0,1738.0,2696.0,56.0,62.0,3472.0,1.1071428571428572,56.0,0,0,0,0
C1241845_V03_F00009_1743b092-b2ff-4e00-93da-109d2374ae9e.jpg,C,C1241845,jieba,2684.0,2149.0,2740.0,2221.0,56.0,72.0,4032.0,1.2857142857142858,56.0,0,0,0,0
C1241902_V11_F00009_7f28881b-d4fe-4ee1-a964-f1319147437e.jpg,C,C1241902,huashang,1282.0,787.0,1334.0,1467.0,52.0,680.0,35360.0,13.076923076923077,52.0,0,0,1,0
C1241902_V11_F00009_7f28881b-d4fe-4ee1-a964-f1319147437e.jpg,C,C1241902,huashang,1773.0,555.0,1810.0,1324.0,37.0,769.0,28453.0,20.783783783783782,37.0,0,0,1,0
C1241902_V11_F00009_7f28881b-d4fe-4ee1-a964-f1319147437e.jpg,C,C1241902,huashang,3226.0,1486.0,3269.0,2866.0,43.0,1380.0,59340.0,32.093023255813954,43.0,0,0,1,0
C1241902_V11_F00009_7f28881b-d4fe-4ee1-a964-f1319147437e.jpg,C,C1241902,huashang,3308.0,586.0,3394.0,1089.0,86.0,503.0,43258.0,5.848837209302325,86.0,0,0,1,0
C1241902_V11_F00009_7f28881b-d4fe-4ee1-a964-f1319147437e.jpg,C,C1241902,huashang,2782.0,2366.0,2811.0,2877.0,29.0,511.0,14819.0,17.620689655172413,29.0,0,0,1,0
C1241902_V11_F00009_7f28881b-d4fe-4ee1-a964-f1319147437e.jpg,C,C1241902,huashang,867.0,742.0,912.0,1048.0,45.0,306.0,13770.0,6.8,45.0,0,0,1,0
C1241902_V11_F00009_7f28881b-d4fe-4ee1-a964-f1319147437e.jpg,C,C1241902,huashang,3337.0,1484.0,3371.0,1871.0,34.0,387.0,13158.0,11.382352941176471,34.0,0,0,1,0
C1241902_V11_F00009_7f28881b-d4fe-4ee1-a964-f1319147437e.jpg,C,C1241902,huashang,2651.0,881.0,2695.0,1447.0,44.0,566.0,24904.0,12.863636363636363,44.0,0,0,1,0
C1241902_V11_F00009_7f28881b-d4fe-4ee1-a964-f1319147437e.jpg,C,C1241902,huashang,2121.0,692.0,2172.0,1099.0,51.0,407.0,20757.0,7.980392156862745,51.0,0,0,1,0
C1241902_V11_F00009_7f28881b-d4fe-4ee1-a964-f1319147437e.jpg,C,C1241902,huashang,3044.0,1484.0,3079.0,1961.0,35.0,477.0,16695.0,13.628571428571428,35.0,0,0,1,0
C1241902_V11_F00009_7f28881b-d4fe-4ee1-a964-f1319147437e.jpg,C,C1241902,huashang,776.0,1475.0,843.0,2868.0,67.0,1393.0,93331.0,20.791044776119403,67.0,0,0,1,0
C1241902_V11_F00009_7f28881b-d4fe-4ee1-a964-f1319147437e.jpg,C,C1241902,huashang,2038.0,743.0,2071.0,964.0,33.0,221.0,7293.0,6.696969696969697,33.0,0,0,1,0
C1241902_V11_F00009_7f28881b-d4fe-4ee1-a964-f1319147437e.jpg,C,C1241902,huashang,3198.0,1190.0,3227.0,1495.0,29.0,305.0,8845.0,10.517241379310345,29.0,0,0,1,0
C1241902_V11_F00009_7f28881b-d4fe-4ee1-a964-f1319147437e.jpg,C,C1241902,huashang,658.0,672.0,696.0,1512.0,38.0,840.0,31920.0,22.105263157894736,38.0,0,0,1,0
C1241902_V11_F00009_7f28881b-d4fe-4ee1-a964-f1319147437e.jpg,C,C1241902,huashang,560.0,1484.0,591.0,1938.0,31.0,454.0,14074.0,14.64516129032258,31.0,0,0,1,0
C1241902_V11_F00009_7f28881b-d4fe-4ee1-a964-f1319147437e.jpg,C,C1241902,jieba,2648.0,61.0,2695.0,174.0,47.0,113.0,5311.0,2.404255319148936,47.0,0,0,0,0
C1241902_V11_F00009_7f28881b-d4fe-4ee1-a964-f1319147437e.jpg,C,C1241902,jieba,2096.0,893.0,2137.0,938.0,41.0,45.0,1845.0,1.0975609756097562,41.0,0,0,0,0
C1241902_V11_F00009_7f28881b-d4fe-4ee1-a964-f1319147437e.jpg,C,C1241902,huashang,1702.0,2525.0,1737.0,2879.0,35.0,354.0,12390.0,10.114285714285714,35.0,0,0,1,0
C1241983_V10_F00001_63053087-4f72-434a-ad0b-99451912a91f.jpg,C,C1241983,qilie,3609.0,1202.0,3635.0,1325.0,26.0,123.0,3198.0,4.730769230769231,26.0,0,0,0,0
C1241983_V10_F00001_63053087-4f72-434a-ad0b-99451912a91f.jpg,C,C1241983,jieba,3603.0,1713.0,3636.0,1913.0,33.0,200.0,6600.0,6.0606060606060606,33.0,0,0,1,0
C1241983_V10_F00001_63053087-4f72-434a-ad0b-99451912a91f.jpg,C,C1241983,qilie,3610.0,1349.0,3631.0,1499.0,21.0,150.0,3150.0,7.142857142857143,21.0,0,0,1,0
C1241983_V10_F00009_e501374c-1310-4539-8a29-0927821d8b76.jpg,C,C1241983,yiwuyaru,3427.0,1345.0,3495.0,1370.0,68.0,25.0,1700.0,2.72,25.0,0,0,0,0
C1241983_V10_F00009_e501374c-1310-4539-8a29-0927821d8b76.jpg,C,C1241983,jieba,3422.0,1537.0,3452.0,1660.0,30.0,123.0,3690.0,4.1,30.0,0,0,0,0
C1241983_V10_F00009_e501374c-1310-4539-8a29-0927821d8b76.jpg,C,C1241983,jieba,3427.0,1216.0,3451.0,1301.0,24.0,85.0,2040.0,3.5416666666666665,24.0,0,0,0,0
C1241983_V10_F00009_e501374c-1310-4539-8a29-0927821d8b76.jpg,C,C1241983,qilie,3409.0,2009.0,3447.0,2251.0,38.0,242.0,9196.0,6.368421052631579,38.0,0,0,1,0
C1241983_V10_F00009_e501374c-1310-4539-8a29-0927821d8b76.jpg,C,C1241983,qilie,3396.0,2805.0,3422.0,2924.0,26.0,119.0,3094.0,4.576923076923077,26.0,0,0,0,0
C1241983_V11_F00009_339fa553-d9be-41b2-9c9d-e4f73362750e.jpg,C,C1241983,jieba,433.0,1527.0,466.0,1639.0,33.0,112.0,3696.0,3.393939393939394,33.0,0,0,0,0
C1241983_V11_F00009_339fa553-d9be-41b2-9c9d-e4f73362750e.jpg,C,C1241983,qilie,428.0,2002.0,458.0,2229.0,30.0,227.0,6810.0,7.566666666666666,30.0,0,0,1,0
C1242045_V01_F00003_1d51e781-80ac-46ef-805a-50627f1fb788.jpg,C,C1242045,jiaza,1795.0,1516.0,1824.0,1654.0,29.0,138.0,4002.0,4.758620689655173,29.0,0,0,0,0
C1242045_V01_F00003_1d51e781-80ac-46ef-805a-50627f1fb788.jpg,C,C1242045,jiaza,2588.0,1213.0,2607.0,1259.0,19.0,46.0,874.0,2.4210526315789473,19.0,0,0,0,0
C1242045_V01_F00003_1d51e781-80ac-46ef-805a-50627f1fb788.jpg,C,C1242045,jiaza,3878.0,2769.0,3896.0,2825.0,18.0,56.0,1008.0,3.111111111111111,18.0,0,0,0,0
C1242045_V01_F00011_c6a32e7b-7958-423e-a0d8-0dc7b47bc54e.jpg,C,C1242045,jiaza,1069.0,1221.0,1100.0,1293.0,31.0,72.0,2232.0,2.3225806451612905,31.0,0,0,0,0
C1242045_V01_F00011_c6a32e7b-7958-423e-a0d8-0dc7b47bc54e.jpg,C,C1242045,jiaza,1540.0,590.0,1578.0,692.0,38.0,102.0,3876.0,2.6842105263157894,38.0,0,0,0,0
C1242045_V01_F00011_c6a32e7b-7958-423e-a0d8-0dc7b47bc54e.jpg,C,C1242045,jiaza,1390.0,2.0,1424.0,101.0,34.0,99.0,3366.0,2.911764705882353,34.0,0,0,0,1
C1242045_V02_F00006_a4722193-294a-42c9-bf5c-2eeda5b27a36.jpg,C,C1242045,jiaza,2004.0,907.0,2037.0,1048.0,33.0,141.0,4653.0,4.2727272727272725,33.0,0,0,0,0
C1242047_V01_F00004_f7b26b39-cc7f-4b7c-9564-9f55fed8716c.jpg,C,C1242047,jiaza,1369.0,1672.0,1405.0,1792.0,36.0,120.0,4320.0,3.3333333333333335,36.0,0,0,0,0
C1242047_V01_F00004_f7b26b39-cc7f-4b7c-9564-9f55fed8716c.jpg,C,C1242047,jiaza,1055.0,1242.0,1071.0,1291.0,16.0,49.0,784.0,3.0625,16.0,0,0,0,0
C1242047_V01_F00012_4445a984-66e4-485f-8cac-3532c2771271.jpg,C,C1242047,jiaza,1618.0,390.0,1634.0,471.0,16.0,81.0,1296.0,5.0625,16.0,0,0,1,0
C1242047_V01_F00012_4445a984-66e4-485f-8cac-3532c2771271.jpg,C,C1242047,jiaza,2361.0,101.0,2376.0,199.0,15.0,98.0,1470.0,6.533333333333333,15.0,1,0,1,0
C1242048_V01_F00002_3c6284d6-0ac5-4bcd-a15d-c101d42d5f17.jpg,C,C1242048,yanghuatiepi,250.0,460.0,316.0,482.0,66.0,22.0,1452.0,3.0,22.0,0,0,0,0
C1242048_V01_F00002_3c6284d6-0ac5-4bcd-a15d-c101d42d5f17.jpg,C,C1242048,jiaza,2301.0,2773.0,2318.0,2838.0,17.0,65.0,1105.0,3.823529411764706,17.0,0,0,0,0
C1242365_V02_F00007_9093f8f6-131b-4978-af0d-1e5f14a8ed13.jpg,C,C1242365,jiaza,256.0,2279.0,274.0,2458.0,18.0,179.0,3222.0,9.944444444444445,18.0,0,0,1,0
C1242365_V02_F00007_9093f8f6-131b-4978-af0d-1e5f14a8ed13.jpg,C,C1242365,jiaza,942.0,2842.0,954.0,2932.0,12.0,90.0,1080.0,7.5,12.0,1,0,1,0
C1242365_V02_F00008_702617eb-c199-471f-aa11-c09d26b57a73.jpg,C,C1242365,jiaza,2325.0,1.0,2361.0,184.0,36.0,183.0,6588.0,5.083333333333333,36.0,0,0,1,1
C1242365_V02_F00008_702617eb-c199-471f-aa11-c09d26b57a73.jpg,C,C1242365,jiaza,2440.0,1179.0,2468.0,1382.0,28.0,203.0,5684.0,7.25,28.0,0,0,1,0
C1242365_V02_F00008_702617eb-c199-471f-aa11-c09d26b57a73.jpg,C,C1242365,jiaza,2711.0,18.0,2721.0,55.0,10.0,37.0,370.0,3.7,10.0,1,0,0,0
C1242371_V13_F00002_a2897d66-1ee4-46e3-ae84-1665fa3bdd4d.jpg,C,C1242371,yiwuyaru,1974.0,1953.0,2106.0,2198.0,132.0,245.0,32340.0,1.856060606060606,132.0,0,0,0,0
C1242374_V11_F00011_e30596f2-dd55-4199-ba63-95736af682f9.jpg,C,C1242374,yiwuyaru,1329.0,28.0,1471.0,126.0,142.0,98.0,13916.0,1.4489795918367347,98.0,0,0,0,0
C1242442_V11_F00013_fa100843-7624-46e0-bdc3-47d2c1fe146b.jpg,C,C1242442,yiwuyaru,140.0,2055.0,246.0,2367.0,106.0,312.0,33072.0,2.943396226415094,106.0,0,0,0,0
C1242444_V13_F00127_a9d22a65-cf83-4d26-a584-5c78370f0c52.jpg,C,C1242444,huashang,1901.0,1.0,1963.0,2997.0,62.0,2996.0,185752.0,48.32258064516129,62.0,0,0,1,1
C1242444_V13_F00127_a9d22a65-cf83-4d26-a584-5c78370f0c52.jpg,C,C1242444,jieba,1968.0,2885.0,2074.0,2931.0,106.0,46.0,4876.0,2.3043478260869565,46.0,0,0,0,0
C1242444_V13_F00127_a9d22a65-cf83-4d26-a584-5c78370f0c52.jpg,C,C1242444,huashang,2587.0,2069.0,2610.0,2259.0,23.0,190.0,4370.0,8.26086956521739,23.0,0,0,1,0
C1242476_V11_F00000_934242e0-ad61-4ba6-891a-a1468da7d33f.jpg,C,C1242476,jieba,1408.0,2917.0,1453.0,2978.0,45.0,61.0,2745.0,1.3555555555555556,45.0,0,0,0,0
C1242476_V11_F00000_934242e0-ad61-4ba6-891a-a1468da7d33f.jpg,C,C1242476,jieba,3050.0,2925.0,3057.0,2956.0,7.0,31.0,217.0,4.428571428571429,7.0,1,1,0,0
C1242524_V03_F00005_15a1408f-0e93-4a6f-89f2-5ee12fe8358b.jpg,C,C1242524,jieba,256.0,617.0,283.0,655.0,27.0,38.0,1026.0,1.4074074074074074,27.0,0,0,0,0
C1242524_V03_F00005_15a1408f-0e93-4a6f-89f2-5ee12fe8358b.jpg,C,C1242524,jieba,316.0,642.0,332.0,667.0,16.0,25.0,400.0,1.5625,16.0,0,0,0,0
C1242524_V03_F00005_15a1408f-0e93-4a6f-89f2-5ee12fe8358b.jpg,C,C1242524,jieba,879.0,515.0,917.0,600.0,38.0,85.0,3230.0,2.236842105263158,38.0,0,0,0,0
C1242553_V00_F00028_0410fae2-2b10-4316-8186-010e806e6a50.jpg,C,C1242553,yiwuyaru,2879.0,1118.0,2948.0,1165.0,69.0,47.0,3243.0,1.4680851063829787,47.0,0,0,0,0
C1242553_V00_F00028_0410fae2-2b10-4316-8186-010e806e6a50.jpg,C,C1242553,yiwuyaru,2884.0,2955.0,2950.0,3000.0,66.0,45.0,2970.0,1.4666666666666666,45.0,0,0,0,1
C1242553_V00_F00028_0410fae2-2b10-4316-8186-010e806e6a50.jpg,C,C1242553,yiwuyaru,2954.0,1198.0,3005.0,1237.0,51.0,39.0,1989.0,1.3076923076923077,39.0,0,0,0,0
C1242553_V00_F00028_0410fae2-2b10-4316-8186-010e806e6a50.jpg,C,C1242553,yiwuyaru,2853.0,1227.0,2884.0,1270.0,31.0,43.0,1333.0,1.3870967741935485,31.0,0,0,0,0
C1242553_V03_F00026_41695794-9d52-429b-a85b-5188a7b8b6d4.jpg,C,C1242553,mamianmakeng,593.0,1394.0,629.0,1423.0,36.0,29.0,1044.0,1.2413793103448276,29.0,0,0,0,0
C1242553_V03_F00026_41695794-9d52-429b-a85b-5188a7b8b6d4.jpg,C,C1242553,yiwuyaru,1205.0,821.0,1246.0,850.0,41.0,29.0,1189.0,1.4137931034482758,29.0,0,0,0,0
C1242593_V13_F00006_1d60a0d0-2d7e-4e2b-b241-e40185d7390d.jpg,C,C1242593,yiwuyaru,2813.0,2310.0,3013.0,2789.0,200.0,479.0,95800.0,2.395,200.0,0,0,0,0
C1242624_V03_F00007_483a86c7-7718-416b-bfc8-54e65271267f.jpg,C,C1242624,yiwuyaru,524.0,295.0,673.0,503.0,149.0,208.0,30992.0,1.395973154362416,149.0,0,0,0,0
C1242625_V02_F00001_cca4a9b0-275b-4aab-abd6-659c2912d016.jpg,C,C1242625,jiaza,1512.0,2846.0,1522.0,2894.0,10.0,48.0,480.0,4.8,10.0,1,0,0,0
C1242625_V02_F00001_cca4a9b0-275b-4aab-abd6-659c2912d016.jpg,C,C1242625,jieba,3835.0,4.0,4094.0,241.0,259.0,237.0,61383.0,1.0928270042194093,237.0,0,0,0,1
C1242625_V12_F00008_18136d68-7f03-40fe-80f5-4774ca35f3d9.jpg,C,C1242625,jieba,321.0,1799.0,410.0,1929.0,89.0,130.0,11570.0,1.4606741573033708,89.0,0,0,0,0
C1242660_V02_F00004_7d7f97fb-4c5e-4cd5-979a-cb9e9daf410f.jpg,C,C1242660,jiaza,1044.0,2354.0,1066.0,2452.0,22.0,98.0,2156.0,4.454545454545454,22.0,0,0,0,0
C1242660_V02_F00004_7d7f97fb-4c5e-4cd5-979a-cb9e9daf410f.jpg,C,C1242660,jiaza,862.0,1727.0,877.0,1808.0,15.0,81.0,1215.0,5.4,15.0,1,0,1,0
C1242661_V01_F00005_f20a616a-26c1-4be1-b316-f040fd42bd2a.jpg,C,C1242661,jiaza,2723.0,1902.0,2756.0,2018.0,33.0,116.0,3828.0,3.515151515151515,33.0,0,0,0,0
C1242661_V01_F00006_a1a58e36-7a2b-414e-95c1-a518329209ec.jpg,C,C1242661,jiaza,3090.0,186.0,3114.0,283.0,24.0,97.0,2328.0,4.041666666666667,24.0,0,0,0,0
C1242662_V01_F00002_4ef2bb70-4b77-400a-a4e7-1d605d73280f.jpg,C,C1242662,zonglie,3418.0,1484.0,3497.0,3000.0,79.0,1516.0,119764.0,19.189873417721518,79.0,0,0,1,1
C1242662_V01_F00002_4ef2bb70-4b77-400a-a4e7-1d605d73280f.jpg,C,C1242662,zonglie,3399.0,0.0,3478.0,1516.0,79.0,1516.0,119764.0,19.189873417721518,79.0,0,0,1,1
C1242662_V01_F00002_4ef2bb70-4b77-400a-a4e7-1d605d73280f.jpg,C,C1242662,yanghuatiepi,1647.0,2761.0,1660.0,2774.0,13.0,13.0,169.0,1.0,13.0,1,0,0,0
C1242662_V01_F00002_4ef2bb70-4b77-400a-a4e7-1d605d73280f.jpg,C,C1242662,yanghuatiepi,2477.0,2386.0,2511.0,2413.0,34.0,27.0,918.0,1.2592592592592593,27.0,0,0,0,0
C1242706_V01_F00001_aaf3c629-3701-48a1-bc8e-ba308876893d.jpg,C,C1242706,zonglie,463.0,1259.0,511.0,2998.0,48.0,1739.0,83472.0,36.229166666666664,48.0,0,0,1,1
C1242706_V01_F00001_aaf3c629-3701-48a1-bc8e-ba308876893d.jpg,C,C1242706,zonglie,477.0,1083.0,510.0,1230.0,33.0,147.0,4851.0,4.454545454545454,33.0,0,0,0,0
C1242706_V01_F00001_aaf3c629-3701-48a1-bc8e-ba308876893d.jpg,C,C1242706,zonglie,477.0,479.0,512.0,1027.0,35.0,548.0,19180.0,15.657142857142857,35.0,0,0,1,0
C1242749_V02_F00003_a9d32fcb-f553-47c0-95c5-f282ee6167f7.jpg,C,C1242749,yanghuatiepi,1063.0,2855.0,1089.0,2887.0,26.0,32.0,832.0,1.2307692307692308,26.0,0,0,0,0
C1242749_V02_F00003_a9d32fcb-f553-47c0-95c5-f282ee6167f7.jpg,C,C1242749,jieba,3422.0,2810.0,3443.0,2866.0,21.0,56.0,1176.0,2.6666666666666665,21.0,0,0,0,0
C1242814_V00_F00001_edf2f164-f144-4f00-96b7-92a8e93395e7.jpg,C,C1242814,jieba,3367.0,2194.0,3449.0,2301.0,82.0,107.0,8774.0,1.3048780487804879,82.0,0,0,0,0
C1242831_V01_F00011_9002dc23-a545-487f-a664-dcf35972f0db.jpg,C,C1242831,jieba,3393.0,977.0,3455.0,1036.0,62.0,59.0,3658.0,1.0508474576271187,59.0,0,0,0,0
C1243059_V00_F00001_726d4e50-6f6d-4b3d-9865-c48056f8fee0.jpg,C,C1243059,yanghuatiepi,2398.0,2028.0,2460.0,2065.0,62.0,37.0,2294.0,1.6756756756756757,37.0,0,0,0,0
C1243059_V00_F00001_726d4e50-6f6d-4b3d-9865-c48056f8fee0.jpg,C,C1243059,jieba,3435.0,2700.0,3542.0,2733.0,107.0,33.0,3531.0,3.242424242424242,33.0,0,0,0,0
C1243083_V03_F00008_aad60518-0934-46ff-955b-c5b08d4cab17.jpg,C,C1243083,yiwuyaru,2858.0,1015.0,2914.0,1080.0,56.0,65.0,3640.0,1.1607142857142858,56.0,0,0,0,0
C1243083_V03_F00008_aad60518-0934-46ff-955b-c5b08d4cab17.jpg,C,C1243083,yiwuyaru,2863.0,1365.0,2888.0,1465.0,25.0,100.0,2500.0,4.0,25.0,0,0,0,0
C1243083_V03_F00008_aad60518-0934-46ff-955b-c5b08d4cab17.jpg,C,C1243083,jieba,2881.0,2215.0,2942.0,2348.0,61.0,133.0,8113.0,2.180327868852459,61.0,0,0,0,0
C1243084_V03_F00002_46993a01-d55c-4423-96d5-46b3319cef92.jpg,C,C1243084,jieba,2517.0,1188.0,2538.0,1301.0,21.0,113.0,2373.0,5.380952380952381,21.0,0,0,1,0
C1243084_V03_F00002_46993a01-d55c-4423-96d5-46b3319cef92.jpg,C,C1243084,jieba,2521.0,532.0,2566.0,638.0,45.0,106.0,4770.0,2.3555555555555556,45.0,0,0,0,0
C1243084_V03_F00002_46993a01-d55c-4423-96d5-46b3319cef92.jpg,C,C1243084,jieba,2515.0,1.0,2578.0,139.0,63.0,138.0,8694.0,2.1904761904761907,63.0,0,0,0,1
C1243108_V10_F00001_95a66819-7acd-4441-9f19-4c0c214385ed.jpg,C,C1243108,jieba,1926.0,1081.0,2089.0,1151.0,163.0,70.0,11410.0,2.3285714285714287,70.0,0,0,0,0
C1243161_V00_F00007_650101f1-7e8b-4c7d-9a48-bad663fb74bb.jpg,C,C1243161,mamianmakeng,2698.0,2543.0,2748.0,2593.0,50.0,50.0,2500.0,1.0,50.0,0,0,0,0
C1243226_V03_F00000_3ecaf361-c967-4625-a402-7c860a7f6272.jpg,C,C1243226,jieba,2388.0,2474.0,2441.0,2597.0,53.0,123.0,6519.0,2.3207547169811322,53.0,0,0,0,0
C1243226_V03_F00000_3ecaf361-c967-4625-a402-7c860a7f6272.jpg,C,C1243226,jieba,913.0,2941.0,939.0,2967.0,26.0,26.0,676.0,1.0,26.0,0,0,0,0
C1243226_V11_F00002_b133680d-766e-49e4-9bdc-dd55e4b95377.jpg,C,C1243226,yiwuyaru,535.0,204.0,578.0,413.0,43.0,209.0,8987.0,4.8604651162790695,43.0,0,0,0,0
C1243229_V02_F00006_e3b92db7-1033-452c-bb27-57cda92a3b49.jpg,C,C1243229,jieba,2196.0,1840.0,2315.0,2000.0,119.0,160.0,19040.0,1.3445378151260505,119.0,0,0,0,0
C1243240_V00_F00009_d5efc5e4-8625-41a5-88a2-80489089a461.jpg,C,C1243240,mamianmakeng,2186.0,1427.0,2233.0,1463.0,47.0,36.0,1692.0,1.3055555555555556,36.0,0,0,0,0
C1243241_V03_F00003_191443e7-9af9-4049-b31a-41c4a8f260a2.jpg,C,C1243241,mamianmakeng,1232.0,364.0,1258.0,397.0,26.0,33.0,858.0,1.2692307692307692,26.0,0,0,0,0
C1243241_V03_F00003_191443e7-9af9-4049-b31a-41c4a8f260a2.jpg,C,C1243241,jieba,470.0,445.0,560.0,596.0,90.0,151.0,13590.0,1.6777777777777778,90.0,0,0,0,0
C1243243_V12_F00006_b19515f5-96b7-452c-9f0a-565527f2f959.jpg,C,C1243243,jieba,1515.0,2810.0,1569.0,2840.0,54.0,30.0,1620.0,1.8,30.0,0,0,0,0
C1243243_V12_F00006_b19515f5-96b7-452c-9f0a-565527f2f959.jpg,C,C1243243,jieba,3062.0,2580.0,3107.0,2607.0,45.0,27.0,1215.0,1.6666666666666667,27.0,0,0,0,0
C1243244_V02_F00008_bf11c2bc-90bc-413d-a294-0cae59fe87c0.jpg,C,C1243244,jieba,3719.0,1203.0,3767.0,1246.0,48.0,43.0,2064.0,1.1162790697674418,43.0,0,0,0,0
C1243244_V03_F00008_4bd05503-a160-4194-9fb3-cdcf5ab3581a.jpg,C,C1243244,jieba,907.0,1179.0,927.0,1212.0,20.0,33.0,660.0,1.65,20.0,0,0,0,0
C1243244_V03_F00008_4bd05503-a160-4194-9fb3-cdcf5ab3581a.jpg,C,C1243244,jieba,208.0,1209.0,256.0,1251.0,48.0,42.0,2016.0,1.1428571428571428,42.0,0,0,0,0
C1243260_V01_F00002_d57cc624-89fe-43f9-b42c-1ae392ecc876.jpg,C,C1243260,yiwuyaru,913.0,1988.0,997.0,2071.0,84.0,83.0,6972.0,1.0120481927710843,83.0,0,0,0,0
C1243679_V13_F00009_a6807496-335c-4d58-bba2-69d33a4f3ac7.jpg,C,C1243679,yiwuyaru,1723.0,2211.0,1784.0,2473.0,61.0,262.0,15982.0,4.295081967213115,61.0,0,0,0,0
C1243679_V13_F00009_a6807496-335c-4d58-bba2-69d33a4f3ac7.jpg,C,C1243679,huashang,1103.0,390.0,1128.0,1440.0,25.0,1050.0,26250.0,42.0,25.0,0,0,1,0
C1243679_V13_F00009_a6807496-335c-4d58-bba2-69d33a4f3ac7.jpg,C,C1243679,jieba,666.0,2192.0,718.0,2253.0,52.0,61.0,3172.0,1.1730769230769231,52.0,0,0,0,0
C1243679_V13_F00009_a6807496-335c-4d58-bba2-69d33a4f3ac7.jpg,C,C1243679,huashang,212.0,438.0,241.0,880.0,29.0,442.0,12818.0,15.241379310344827,29.0,0,0,1,0
C1243679_V13_F00009_a6807496-335c-4d58-bba2-69d33a4f3ac7.jpg,C,C1243679,huashang,764.0,21.0,782.0,203.0,18.0,182.0,3276.0,10.11111111111111,18.0,0,0,1,0
C1243679_V13_F00009_a6807496-335c-4d58-bba2-69d33a4f3ac7.jpg,C,C1243679,huashang,386.0,1.0,410.0,325.0,24.0,324.0,7776.0,13.5,24.0,0,0,1,1
C1243679_V13_F00009_a6807496-335c-4d58-bba2-69d33a4f3ac7.jpg,C,C1243679,huashang,753.0,290.0,779.0,506.0,26.0,216.0,5616.0,8.307692307692308,26.0,0,0,1,0
C1244133_V10_F00004_e4af47b0-16e0-4a64-8aa0-00c498f8fb13.jpg,C,C1244133,yiwuyaru,3682.0,1520.0,3790.0,1740.0,108.0,220.0,23760.0,2.037037037037037,108.0,0,0,0,0
C1244133_V12_F00002_90224405-9c1a-4c1f-ac17-3dfc04ad1f53.jpg,C,C1244133,yiwuyaru,2628.0,1591.0,2724.0,1784.0,96.0,193.0,18528.0,2.0104166666666665,96.0,0,0,0,0
C1244133_V12_F00002_90224405-9c1a-4c1f-ac17-3dfc04ad1f53.jpg,C,C1244133,yiwuyaru,1935.0,183.0,1971.0,366.0,36.0,183.0,6588.0,5.083333333333333,36.0,0,0,1,0
C1244133_V12_F00002_90224405-9c1a-4c1f-ac17-3dfc04ad1f53.jpg,C,C1244133,jieba,234.0,1520.0,274.0,1604.0,40.0,84.0,3360.0,2.1,40.0,0,0,0,0
C1244133_V12_F00002_90224405-9c1a-4c1f-ac17-3dfc04ad1f53.jpg,C,C1244133,yiwuyaru,3624.0,222.0,3649.0,301.0,25.0,79.0,1975.0,3.16,25.0,0,0,0,0
C1244133_V12_F00003_e0bd28c6-3298-4384-b2e6-4ec008b6224c.jpg,C,C1244133,yiwuyaru,2724.0,2673.0,2795.0,2998.0,71.0,325.0,23075.0,4.577464788732394,71.0,0,0,0,1
C1244136_V12_F00006_f60fe3c3-51d0-435a-8d05-476ac991a184.jpg,C,C1244136,jieba,583.0,906.0,629.0,994.0,46.0,88.0,4048.0,1.9130434782608696,46.0,0,0,0,0
C1244136_V12_F00006_f60fe3c3-51d0-435a-8d05-476ac991a184.jpg,C,C1244136,jieba,975.0,2117.0,1006.0,2220.0,31.0,103.0,3193.0,3.3225806451612905,31.0,0,0,0,0
C1244136_V13_F00006_06218987-f2e2-4e99-83a1-2142926170e1.jpg,C,C1244136,yiwuyaru,1693.0,2321.0,1784.0,2490.0,91.0,169.0,15379.0,1.8571428571428572,91.0,0,0,0,0
C1244136_V13_F00006_06218987-f2e2-4e99-83a1-2142926170e1.jpg,C,C1244136,yiwuyaru,1958.0,1612.0,1993.0,1707.0,35.0,95.0,3325.0,2.7142857142857144,35.0,0,0,0,0
C1244136_V13_F00006_06218987-f2e2-4e99-83a1-2142926170e1.jpg,C,C1244136,jieba,1429.0,2274.0,1473.0,2357.0,44.0,83.0,3652.0,1.8863636363636365,44.0,0,0,0,0
C1244155_V02_F00182_2082f6a8-0ce7-45a1-b54b-5b74e9a6c030.jpg,C,C1244155,jieba,3562.0,2715.0,3604.0,2801.0,42.0,86.0,3612.0,2.0476190476190474,42.0,0,0,0,0
C1244155_V02_F00182_2082f6a8-0ce7-45a1-b54b-5b74e9a6c030.jpg,C,C1244155,jieba,2666.0,2637.0,2682.0,2663.0,16.0,26.0,416.0,1.625,16.0,0,0,0,0
C1244155_V02_F00182_2082f6a8-0ce7-45a1-b54b-5b74e9a6c030.jpg,C,C1244155,jieba,2598.0,2594.0,2643.0,2715.0,45.0,121.0,5445.0,2.688888888888889,45.0,0,0,0,0
C1244155_V02_F00182_2082f6a8-0ce7-45a1-b54b-5b74e9a6c030.jpg,C,C1244155,jieba,2980.0,2690.0,2995.0,2770.0,15.0,80.0,1200.0,5.333333333333333,15.0,1,0,1,0
C1244214_V13_F00004_ef9b8c94-fa17-4fac-b7c6-0d32994469e4.jpg,C,C1244214,jieba,497.0,2061.0,545.0,2174.0,48.0,113.0,5424.0,2.3541666666666665,48.0,0,0,0,0
C1244224_V03_F00006_463710cc-24e6-4562-9441-ecd5e046d2f7.jpg,C,C1244224,mamianmakeng,1909.0,293.0,1938.0,323.0,29.0,30.0,870.0,1.0344827586206897,29.0,0,0,0,0
C1244230_V01_F00005_a1fe7b57-b63a-4f6c-b83f-9c1807ea26b9.jpg,C,C1244230,jieba,1176.0,1923.0,1289.0,2269.0,113.0,346.0,39098.0,3.061946902654867,113.0,0,0,0,0
C1244230_V02_F00004_7d08448f-dbc7-49b6-afa2-e56e7ace9cd6.jpg,C,C1244230,jieba,2340.0,1139.0,2431.0,1290.0,91.0,151.0,13741.0,1.6593406593406594,91.0,0,0,0,0
C1244230_V02_F00004_affd3903-b01c-4729-a234-8af1208bdc29.jpg,C,C1244230,jieba,2344.0,1141.0,2419.0,1286.0,75.0,145.0,10875.0,1.9333333333333333,75.0,0,0,0,0
C1244230_V12_F00004_cbcef519-914a-41d9-bc15-93a98ee9236a.jpg,C,C1244230,jieba,2822.0,357.0,2932.0,506.0,110.0,149.0,16390.0,1.3545454545454545,110.0,0,0,0,0
C1244230_V12_F00004_cbcef519-914a-41d9-bc15-93a98ee9236a.jpg,C,C1244230,jieba,3591.0,1192.0,3634.0,1270.0,43.0,78.0,3354.0,1.813953488372093,43.0,0,0,0,0
C1244230_V12_F00004_cbcef519-914a-41d9-bc15-93a98ee9236a.jpg,C,C1244230,jieba,1767.0,502.0,1803.0,563.0,36.0,61.0,2196.0,1.6944444444444444,36.0,0,0,0,0
C1244239_V03_F00014_dbf96c05-0e51-431a-9dd8-5e9f3fb03ad3.jpg,C,C1244239,mamianmakeng,1242.0,2252.0,1274.0,2283.0,32.0,31.0,992.0,1.032258064516129,31.0,0,0,0,0
C1244252_V03_F00011_bd4f9434-9e68-42dc-bc59-d85f8498113c.jpg,C,C1244252,jieba,2871.0,1506.0,2901.0,1589.0,30.0,83.0,2490.0,2.7666666666666666,30.0,0,0,0,0
C1244252_V03_F00011_bd4f9434-9e68-42dc-bc59-d85f8498113c.jpg,C,C1244252,jieba,2902.0,2756.0,2931.0,2814.0,29.0,58.0,1682.0,2.0,29.0,0,0,0,0
C1245975_V00_F00006_e7f47ff5-0ed4-487e-a465-59fcd29e2d56.jpg,C,C1245975,jiaza,3603.0,53.0,3623.0,187.0,20.0,134.0,2680.0,6.7,20.0,0,0,1,0
C1245975_V01_F00006_0c7ea4e7-6e2b-4975-b325-7a721cc1dc73.jpg,C,C1245975,jiaza,193.0,61.0,211.0,194.0,18.0,133.0,2394.0,7.388888888888889,18.0,0,0,1,0
C1248761_V01_F00008_0d848986-941b-4c35-becb-ea8c13e2aa16.jpg,C,C1248761,zonglie,1335.0,2716.0,1363.0,2997.0,28.0,281.0,7868.0,10.035714285714286,28.0,0,0,1,1
C1248761_V01_F00008_0d848986-941b-4c35-becb-ea8c13e2aa16.jpg,C,C1248761,zonglie,1420.0,2396.0,1453.0,2673.0,33.0,277.0,9141.0,8.393939393939394,33.0,0,0,1,0
C1248761_V01_F00009_eff4dc54-2294-4296-9ddc-8f6d5af56672.jpg,C,C1248761,zonglie,1316.0,114.0,1421.0,2435.0,105.0,2321.0,243705.0,22.104761904761904,105.0,0,0,1,0
C1248761_V01_F00009_eff4dc54-2294-4296-9ddc-8f6d5af56672.jpg,C,C1248761,zonglie,1375.0,2208.0,1426.0,3000.0,51.0,792.0,40392.0,15.529411764705882,51.0,0,0,1,1
C1248915_V00_F00021_73f278f6-f2af-4041-a16b-00ba9c586770.jpg,C,C1248915,mamianmakeng,1411.0,149.0,1459.0,194.0,48.0,45.0,2160.0,1.0666666666666667,45.0,0,0,0,0
C1249070_V01_F00002_1509f16b-0cbd-4b4f-9428-06f673ae779b.jpg,C,C1249070,zonglie,1019.0,1360.0,1068.0,3000.0,49.0,1640.0,80360.0,33.46938775510204,49.0,0,0,1,1
C1249118_V01_F00005_664b40e2-81dc-4c4a-a795-e82730bf36aa.jpg,C,C1249118,zonglie,1958.0,2602.0,1990.0,3000.0,32.0,398.0,12736.0,12.4375,32.0,0,0,1,1
C1249118_V01_F00006_82a97400-0132-4dd3-bc36-52b0fd8a1725.jpg,C,C1249118,zonglie,1944.0,1.0,2010.0,2991.0,66.0,2990.0,197340.0,45.303030303030305,66.0,0,0,1,1
C1249118_V01_F00008_dc397da4-def0-4899-939e-92c0b7326ece.jpg,C,C1249118,zonglie,1929.0,1.0,2005.0,2992.0,76.0,2991.0,227316.0,39.35526315789474,76.0,0,0,1,1
C1249118_V01_F00009_8f3c7d65-9e1e-4f4e-b8a6-51abc2560199.jpg,C,C1249118,zonglie,1931.0,1.0,2007.0,2990.0,76.0,2989.0,227164.0,39.328947368421055,76.0,0,0,1,1
C1249118_V01_F00010_558a576b-de61-40cf-85dd-8da271c6b4b6.jpg,C,C1249118,zonglie,1936.0,1.0,2010.0,1399.0,74.0,1398.0,103452.0,18.89189189189189,74.0,0,0,1,1
C1249118_V01_F00011_63976a6d-180e-44e2-8ced-2e4594a2fae3.jpg,C,C1249118,zonglie,1953.0,115.0,2017.0,2994.0,64.0,2879.0,184256.0,44.984375,64.0,0,0,1,1
C1249118_V01_F00012_0ce9c6bc-0063-4ddc-b8c0-45f8560920cf.jpg,C,C1249118,zonglie,1956.0,1.0,2026.0,2997.0,70.0,2996.0,209720.0,42.8,70.0,0,0,1,1
C1249118_V01_F00013_1d7355fb-157b-49e5-8420-fc5b1873dadc.jpg,C,C1249118,zonglie,1979.0,1.0,2051.0,1236.0,72.0,1235.0,88920.0,17.15277777777778,72.0,0,0,1,1
C1249120_V02_F00014_d73d75d5-45e3-4d67-a5ac-82094c14c17f.jpg,C,C1249120,zonglie,637.0,0.0,703.0,2997.0,66.0,2997.0,197802.0,45.40909090909091,66.0,0,0,1,1
C1249120_V02_F00016_e1302822-acc3-4f05-b68f-2dcc5c5cecbe.jpg,C,C1249120,zonglie,666.0,1.0,721.0,829.0,55.0,828.0,45540.0,15.054545454545455,55.0,0,0,1,1
C1249138_V03_F00006_e5894ec9-c7f4-43ab-9dcc-b1e95ebf6117.jpg,C,C1249138,jiaza,697.0,1947.0,719.0,2048.0,22.0,101.0,2222.0,4.590909090909091,22.0,0,0,0,0
C1249138_V03_F00006_e5894ec9-c7f4-43ab-9dcc-b1e95ebf6117.jpg,C,C1249138,jieba,2051.0,551.0,2119.0,675.0,68.0,124.0,8432.0,1.8235294117647058,68.0,0,0,0,0
C1249145_V10_F00001_34135d81-0f3c-4aeb-8221-de41e5e89834.jpg,C,C1249145,jieba,2334.0,132.0,2402.0,376.0,68.0,244.0,16592.0,3.588235294117647,68.0,0,0,0,0
C1249145_V10_F00001_34135d81-0f3c-4aeb-8221-de41e5e89834.jpg,C,C1249145,jieba,2435.0,374.0,2462.0,409.0,27.0,35.0,945.0,1.2962962962962963,27.0,0,0,0,0
C1249145_V10_F00001_34135d81-0f3c-4aeb-8221-de41e5e89834.jpg,C,C1249145,huashang,2352.0,1210.0,2399.0,1398.0,47.0,188.0,8836.0,4.0,47.0,0,0,0,0
C1249145_V10_F00001_34135d81-0f3c-4aeb-8221-de41e5e89834.jpg,C,C1249145,jieba,2355.0,2014.0,2439.0,2496.0,84.0,482.0,40488.0,5.738095238095238,84.0,0,0,1,0
C1249280_V11_F00002_592b16f8-587d-4961-8783-c239b376aae4.jpg,C,C1249280,yiwuyaru,283.0,2298.0,349.0,2505.0,66.0,207.0,13662.0,3.1363636363636362,66.0,0,0,0,0
C1249307_V03_F00004_2abb4fd5-57bf-4565-bbbb-9d3dd1c31814.jpg,C,C1249307,jieba,1032.0,2651.0,1093.0,2710.0,61.0,59.0,3599.0,1.0338983050847457,59.0,0,0,0,0
C1249307_V03_F00004_2abb4fd5-57bf-4565-bbbb-9d3dd1c31814.jpg,C,C1249307,yiwuyaru,1165.0,1108.0,1389.0,1175.0,224.0,67.0,15008.0,3.343283582089552,67.0,0,0,0,0
C1249308_V10_F00005_7a2117b6-53c8-45a8-91f6-82b38ebf196b.jpg,C,C1249308,yiwuyaru,2313.0,1274.0,2369.0,1496.0,56.0,222.0,12432.0,3.9642857142857144,56.0,0,0,0,0
C1249308_V10_F00005_7a2117b6-53c8-45a8-91f6-82b38ebf196b.jpg,C,C1249308,jieba,2282.0,2694.0,2544.0,2996.0,262.0,302.0,79124.0,1.1526717557251909,262.0,0,0,0,1
C1249432_V01_F00008_9f313a4d-8c55-4f1a-845d-33c2ca9d80a1.jpg,C,C1249432,zonglie,1444.0,1.0,1489.0,866.0,45.0,865.0,38925.0,19.22222222222222,45.0,0,0,1,1
C1249432_V01_F00008_9f313a4d-8c55-4f1a-845d-33c2ca9d80a1.jpg,C,C1249432,zonglie,1445.0,941.0,1488.0,1279.0,43.0,338.0,14534.0,7.8604651162790695,43.0,0,0,1,0
C1249517_V00_F00005_ade590e9-0ed5-4c05-aa04-e2936c2ffe15.jpg,C,C1249517,yiwuyaru,1788.0,2801.0,1941.0,3000.0,153.0,199.0,30447.0,1.3006535947712419,153.0,0,0,0,1
C1249593_V02_F00007_0986df63-b5c6-402b-ac4c-2e36fcabea7d.jpg,C,C1249593,jieba,2646.0,690.0,2724.0,794.0,78.0,104.0,8112.0,1.3333333333333333,78.0,0,0,0,0
C1249593_V02_F00007_0986df63-b5c6-402b-ac4c-2e36fcabea7d.jpg,C,C1249593,jieba,2313.0,877.0,2369.0,991.0,56.0,114.0,6384.0,2.0357142857142856,56.0,0,0,0,0
C1249593_V02_F00007_0986df63-b5c6-402b-ac4c-2e36fcabea7d.jpg,C,C1249593,jieba,1267.0,935.0,1428.0,1000.0,161.0,65.0,10465.0,2.476923076923077,65.0,0,0,0,0
C1249617_V01_F00002_67b2a1ae-5b19-4381-b256-29e8756484f5.jpg,C,C1249617,zonglie,3372.0,1986.0,3423.0,3000.0,51.0,1014.0,51714.0,19.88235294117647,51.0,0,0,1,1
C1249617_V01_F00003_c416ca93-8603-4c19-91a6-16a62d7cd3fc.jpg,C,C1249617,zonglie,3381.0,1.0,3448.0,2526.0,67.0,2525.0,169175.0,37.6865671641791,67.0,0,0,1,1
C1249618_V01_F00007_982d0ebf-da01-419c-abd6-d0f359818ade.jpg,C,C1249618,zonglie,2530.0,978.0,2571.0,1548.0,41.0,570.0,23370.0,13.902439024390244,41.0,0,0,1,0
C1249861_V11_F00001_abb3cc81-29b1-45e7-93f0-000eb9d2536a.jpg,C,C1249861,jieba,574.0,1628.0,692.0,1746.0,118.0,118.0,13924.0,1.0,118.0,0,0,0,0
C1249924_V00_F00002_2a8d18d8-85ab-459e-b556-35050d7c693b.jpg,C,C1249924,jieba,2201.0,176.0,2273.0,238.0,72.0,62.0,4464.0,1.1612903225806452,62.0,0,0,0,0
C1250378_V11_F00001_e0656ac0-0266-4a24-9296-60f6583deecf.jpg,C,C1250378,jieba,254.0,1732.0,501.0,1980.0,247.0,248.0,61256.0,1.0040485829959513,247.0,0,0,0,0
C1250378_V11_F00001_e0656ac0-0266-4a24-9296-60f6583deecf.jpg,C,C1250378,jieba,869.0,1512.0,890.0,1535.0,21.0,23.0,483.0,1.0952380952380953,21.0,0,0,0,0
C1250378_V11_F00001_e0656ac0-0266-4a24-9296-60f6583deecf.jpg,C,C1250378,jieba,706.0,1596.0,765.0,1638.0,59.0,42.0,2478.0,1.4047619047619047,42.0,0,0,0,0
C1250378_V11_F00001_e0656ac0-0266-4a24-9296-60f6583deecf.jpg,C,C1250378,jieba,601.0,1666.0,642.0,1701.0,41.0,35.0,1435.0,1.1714285714285715,35.0,0,0,0,0
C1250378_V11_F00001_e0656ac0-0266-4a24-9296-60f6583deecf.jpg,C,C1250378,jieba,483.0,1740.0,573.0,1800.0,90.0,60.0,5400.0,1.5,60.0,0,0,0,0
C1250388_V11_F00001_7d24bdc2-b581-443f-b86e-8bfb82cbb451.jpg,C,C1250388,jieba,935.0,102.0,1157.0,283.0,222.0,181.0,40182.0,1.2265193370165746,181.0,0,0,0,0
C1250388_V11_F00001_7d24bdc2-b581-443f-b86e-8bfb82cbb451.jpg,C,C1250388,huashang,1762.0,98.0,1805.0,1106.0,43.0,1008.0,43344.0,23.441860465116278,43.0,0,0,1,0
C1250388_V11_F00001_7d24bdc2-b581-443f-b86e-8bfb82cbb451.jpg,C,C1250388,huashang,1758.0,1240.0,1782.0,1413.0,24.0,173.0,4152.0,7.208333333333333,24.0,0,0,1,0
C1250402_V10_F00000_7234fa66-6dc0-44b5-8674-d7292006bfb6.jpg,C,C1250402,jieba,3920.0,2254.0,4094.0,2376.0,174.0,122.0,21228.0,1.4262295081967213,122.0,0,0,0,1
C1250402_V10_F00000_7234fa66-6dc0-44b5-8674-d7292006bfb6.jpg,C,C1250402,jieba,3906.0,2110.0,4041.0,2143.0,135.0,33.0,4455.0,4.090909090909091,33.0,0,0,0,0
C1250402_V11_F00000_3c3b80af-c3b0-4d04-aaa6-e53919d56ce0.jpg,C,C1250402,jieba,929.0,2238.0,1095.0,2359.0,166.0,121.0,20086.0,1.371900826446281,121.0,0,0,0,0
C1250402_V11_F00000_3c3b80af-c3b0-4d04-aaa6-e53919d56ce0.jpg,C,C1250402,jieba,928.0,2089.0,1038.0,2124.0,110.0,35.0,3850.0,3.142857142857143,35.0,0,0,0,0
C1250521_V00_F00007_a28fa2c5-96b4-490e-b3e1-f42359289eac.jpg,C,C1250521,yiwuyaru,3200.0,1477.0,3249.0,1518.0,49.0,41.0,2009.0,1.1951219512195121,41.0,0,0,0,0
C1250679_V00_F00004_189fab34-237b-46e8-b86b-97bf40a8e6e8.jpg,C,C1250679,jieba,2191.0,1945.0,2304.0,2005.0,113.0,60.0,6780.0,1.8833333333333333,60.0,0,0,0,0
C1250928_V02_F00001_fbeba495-b979-4093-acfd-431db8206e7f.jpg,C,C1250928,jieba,2166.0,2128.0,2237.0,2193.0,71.0,65.0,4615.0,1.0923076923076922,65.0,0,0,0,0
C1250928_V02_F00001_fbeba495-b979-4093-acfd-431db8206e7f.jpg,C,C1250928,jieba,2238.0,2055.0,2262.0,2140.0,24.0,85.0,2040.0,3.5416666666666665,24.0,0,0,0,0
C1250928_V02_F00001_fbeba495-b979-4093-acfd-431db8206e7f.jpg,C,C1250928,jieba,2230.0,2656.0,2271.0,2770.0,41.0,114.0,4674.0,2.7804878048780486,41.0,0,0,0,0
C1250928_V02_F00003_e30c89ea-f333-49be-a240-7357e38116b2.jpg,C,C1250928,jieba,2122.0,785.0,2202.0,913.0,80.0,128.0,10240.0,1.6,80.0,0,0,0,0
C1250930_V00_F00007_4e2d70ee-8462-4655-9dae-cd3c30abd657.jpg,C,C1250930,jieba,1209.0,1108.0,1240.0,1146.0,31.0,38.0,1178.0,1.2258064516129032,31.0,0,0,0,0
C1250935_V01_F00007_6bc3ecba-fd6d-4e43-837a-c0b94ceaf9b7.jpg,C,C1250935,zonglie,2384.0,1164.0,2447.0,3000.0,63.0,1836.0,115668.0,29.142857142857142,63.0,0,0,1,1
C1250974_V01_F00003_5907d59b-51c1-4994-b0ad-ce1d42c602fd.jpg,C,C1250974,jieba,2292.0,1666.0,2492.0,1870.0,200.0,204.0,40800.0,1.02,200.0,0,0,0,0
C1251012_V00_F00002_c5bf4ae8-ef3c-4098-bec2-353e0022efdf.jpg,C,C1251012,jieba,4008.0,286.0,4081.0,349.0,73.0,63.0,4599.0,1.1587301587301588,63.0,0,0,0,1
C1251012_V01_F00002_3a377f61-986d-4476-9842-4dda58928cf8.jpg,C,C1251012,jieba,573.0,294.0,646.0,356.0,73.0,62.0,4526.0,1.1774193548387097,62.0,0,0,0,0
C1251012_V01_F00002_3a377f61-986d-4476-9842-4dda58928cf8.jpg,C,C1251012,jieba,974.0,1220.0,1068.0,1302.0,94.0,82.0,7708.0,1.146341463414634,82.0,0,0,0,0
C1251012_V01_F00002_3a377f61-986d-4476-9842-4dda58928cf8.jpg,C,C1251012,yiwuyaru,1400.0,1841.0,1476.0,1902.0,76.0,61.0,4636.0,1.2459016393442623,61.0,0,0,0,0
C1251135_V01_F00000_57414d8b-22ef-4cbc-8d2b-37ca98630d77.jpg,C,C1251135,zonglie,3566.0,1398.0,3605.0,1713.0,39.0,315.0,12285.0,8.076923076923077,39.0,0,0,1,0
C1251144_V01_F00007_0afe0b37-9c7a-405f-97d9-077d9e723bba.jpg,C,C1251144,zonglie,3563.0,979.0,3605.0,1597.0,42.0,618.0,25956.0,14.714285714285714,42.0,0,0,1,0
C1251144_V01_F00007_0afe0b37-9c7a-405f-97d9-077d9e723bba.jpg,C,C1251144,zonglie,3568.0,1710.0,3604.0,1921.0,36.0,211.0,7596.0,5.861111111111111,36.0,0,0,1,0
C1251144_V01_F00007_0afe0b37-9c7a-405f-97d9-077d9e723bba.jpg,C,C1251144,zonglie,3617.0,1.0,3649.0,418.0,32.0,417.0,13344.0,13.03125,32.0,0,0,1,1
C1251170_V02_F00008_7f182772-fea2-4f64-a614-0e88da044be5.jpg,C,C1251170,zonglie,1536.0,1.0,1631.0,1238.0,95.0,1237.0,117515.0,13.021052631578947,95.0,0,0,1,1
C1251170_V02_F00008_7f182772-fea2-4f64-a614-0e88da044be5.jpg,C,C1251170,zonglie,1519.0,1196.0,1630.0,2101.0,111.0,905.0,100455.0,8.153153153153154,111.0,0,0,1,0
C1251170_V02_F00008_7f182772-fea2-4f64-a614-0e88da044be5.jpg,C,C1251170,zonglie,1603.0,2070.0,1667.0,3000.0,64.0,930.0,59520.0,14.53125,64.0,0,0,1,1
C1251194_V10_F00001_0133d47b-5567-4b71-8c11-3f85b48e9be2.jpg,C,C1251194,jieba,3233.0,387.0,3357.0,502.0,124.0,115.0,14260.0,1.0782608695652174,115.0,0,0,0,0
C1251379_V10_F00003_a107afa0-5157-4657-b545-e02715a83b40.jpg,C,C1251379,jieba,3418.0,449.0,3580.0,644.0,162.0,195.0,31590.0,1.2037037037037037,162.0,0,0,0,0
C1251379_V10_F00003_a107afa0-5157-4657-b545-e02715a83b40.jpg,C,C1251379,jieba,2834.0,1689.0,2892.0,1770.0,58.0,81.0,4698.0,1.396551724137931,58.0,0,0,0,0
C1251379_V10_F00003_a107afa0-5157-4657-b545-e02715a83b40.jpg,C,C1251379,jieba,1939.0,1991.0,1991.0,2160.0,52.0,169.0,8788.0,3.25,52.0,0,0,0,0
C1251379_V10_F00003_a107afa0-5157-4657-b545-e02715a83b40.jpg,C,C1251379,yiwuyaru,1933.0,1756.0,1999.0,1893.0,66.0,137.0,9042.0,2.0757575757575757,66.0,0,0,0,0
C1251379_V12_F00006_401b1c90-ed63-4ab1-aa90-85e060235198.jpg,C,C1251379,jieba,899.0,633.0,956.0,732.0,57.0,99.0,5643.0,1.736842105263158,57.0,0,0,0,0
C1251381_V01_F00003_3e951950-f59a-421b-8531-636ae2d7e4ab.jpg,C,C1251381,jieba,480.0,529.0,543.0,573.0,63.0,44.0,2772.0,1.4318181818181819,44.0,0,0,0,0
C1251381_V01_F00003_3e951950-f59a-421b-8531-636ae2d7e4ab.jpg,C,C1251381,mamianmakeng,1.0,2353.0,23.0,2406.0,22.0,53.0,1166.0,2.409090909090909,22.0,0,0,0,1
C1251381_V03_F00004_8bf9d3ae-f5d9-4049-8255-5d92eb54cef8.jpg,C,C1251381,jieba,3124.0,729.0,3177.0,829.0,53.0,100.0,5300.0,1.8867924528301887,53.0,0,0,0,0
C1251381_V03_F00004_8bf9d3ae-f5d9-4049-8255-5d92eb54cef8.jpg,C,C1251381,jieba,582.0,45.0,601.0,153.0,19.0,108.0,2052.0,5.684210526315789,19.0,0,0,1,0
C1251586_V01_F00005_ef59af8c-31bf-4417-b605-6480c4f6d6a8.jpg,C,C1251586,zonglie,3634.0,1869.0,3667.0,2377.0,33.0,508.0,16764.0,15.393939393939394,33.0,0,0,1,0
C1251586_V01_F00005_ef59af8c-31bf-4417-b605-6480c4f6d6a8.jpg,C,C1251586,zonglie,3632.0,2404.0,3663.0,2536.0,31.0,132.0,4092.0,4.258064516129032,31.0,0,0,0,0
C1251586_V01_F00005_ef59af8c-31bf-4417-b605-6480c4f6d6a8.jpg,C,C1251586,zonglie,3632.0,2553.0,3667.0,2747.0,35.0,194.0,6790.0,5.542857142857143,35.0,0,0,1,0
C1251586_V01_F00005_ef59af8c-31bf-4417-b605-6480c4f6d6a8.jpg,C,C1251586,zonglie,3633.0,2794.0,3663.0,2999.0,30.0,205.0,6150.0,6.833333333333333,30.0,0,0,1,1
C1251587_V01_F00016_43f1c330-7b2d-4a67-8ade-6273807f66f0.jpg,C,C1251587,zonglie,2612.0,1309.0,2654.0,2205.0,42.0,896.0,37632.0,21.333333333333332,42.0,0,0,1,0
C1251588_V01_F00001_7464e1c6-ae1c-4513-916b-9360c814d004.jpg,C,C1251588,zonglie,2534.0,1484.0,2606.0,3000.0,72.0,1516.0,109152.0,21.055555555555557,72.0,0,0,1,1
C1251588_V01_F00001_7464e1c6-ae1c-4513-916b-9360c814d004.jpg,C,C1251588,zonglie,2530.0,1.0,2595.0,1514.0,65.0,1513.0,98345.0,23.276923076923076,65.0,0,0,1,1
C1251618_V10_F00004_19cb8b6a-98b5-4f29-b59b-5e63331d45c2.jpg,C,C1251618,zonglie,3480.0,1414.0,3519.0,1831.0,39.0,417.0,16263.0,10.692307692307692,39.0,0,0,1,0
C1251739_V01_F00004_bcd1d92f-a68c-4a56-a526-39adb4464384.jpg,C,C1251739,jiaza,1733.0,147.0,1755.0,264.0,22.0,117.0,2574.0,5.318181818181818,22.0,0,0,1,0
C1256060_V00_F00000_cc79e521-e53d-45e3-a2b5-8e8c2945aad6.jpg,C,C1256060,jieba,1400.0,2615.0,1445.0,2662.0,45.0,47.0,2115.0,1.0444444444444445,45.0,0,0,0,0
C1256351_V11_F00007_79519529-e44c-44b2-ae5e-a0b7c61827cb.jpg,C,C1256351,jieba,538.0,2611.0,641.0,2693.0,103.0,82.0,8446.0,1.2560975609756098,82.0,0,0,0,0
C1256351_V11_F00007_79519529-e44c-44b2-ae5e-a0b7c61827cb.jpg,C,C1256351,jieba,846.0,2793.0,870.0,2835.0,24.0,42.0,1008.0,1.75,24.0,0,0,0,0
C1256597_V02_F00006_95d9659e-4a7b-4ab7-8624-babde680f22e.jpg,C,C1256597,yiwuyaru,705.0,1894.0,923.0,2203.0,218.0,309.0,67362.0,1.4174311926605505,218.0,0,0,0,0
C1256620_V02_F00001_4dbdacff-72df-446e-9989-77cbec0abe9b.jpg,C,C1256620,yanghuatiepi,1072.0,604.0,1185.0,639.0,113.0,35.0,3955.0,3.2285714285714286,35.0,0,0,0,0
C1256620_V02_F00001_4dbdacff-72df-446e-9989-77cbec0abe9b.jpg,C,C1256620,jieba,1941.0,1906.0,2008.0,1956.0,67.0,50.0,3350.0,1.34,50.0,0,0,0,0
C1256736_V01_F00004_8237edda-acbd-45b2-9b22-048bbb7237b2.jpg,C,C1256736,zonglie,2838.0,1792.0,2882.0,2999.0,44.0,1207.0,53108.0,27.431818181818183,44.0,0,0,1,1
C1256736_V01_F00004_8237edda-acbd-45b2-9b22-048bbb7237b2.jpg,C,C1256736,zonglie,2832.0,1.0,2872.0,1784.0,40.0,1783.0,71320.0,44.575,40.0,0,0,1,1
C1256753_V01_F00008_8e4f112e-e95e-4ade-9ab8-d51c65f9bb7b.jpg,C,C1256753,yiwuyaru,3575.0,1016.0,3631.0,1052.0,56.0,36.0,2016.0,1.5555555555555556,36.0,0,0,0,0
C1256945_V10_F00003_218205fd-92a6-4846-aa47-5059587d1368.jpg,C,C1256945,jieba,2852.0,722.0,2939.0,947.0,87.0,225.0,19575.0,2.586206896551724,87.0,0,0,0,0
C1256945_V10_F00003_218205fd-92a6-4846-aa47-5059587d1368.jpg,C,C1256945,jieba,2839.0,28.0,2945.0,152.0,106.0,124.0,13144.0,1.169811320754717,106.0,0,0,0,0
C1256945_V10_F00003_218205fd-92a6-4846-aa47-5059587d1368.jpg,C,C1256945,jieba,3182.0,448.0,3201.0,476.0,19.0,28.0,532.0,1.4736842105263157,19.0,0,0,0,0
C1256945_V10_F00003_218205fd-92a6-4846-aa47-5059587d1368.jpg,C,C1256945,jieba,3310.0,1910.0,3330.0,1961.0,20.0,51.0,1020.0,2.55,20.0,0,0,0,0
C1256945_V10_F00003_218205fd-92a6-4846-aa47-5059587d1368.jpg,C,C1256945,jieba,3333.0,949.0,3346.0,981.0,13.0,32.0,416.0,2.4615384615384617,13.0,1,0,0,0
C1256945_V10_F00003_218205fd-92a6-4846-aa47-5059587d1368.jpg,C,C1256945,jieba,3232.0,343.0,3248.0,384.0,16.0,41.0,656.0,2.5625,16.0,0,0,0,0
C1257376_V13_F00001_b7684f28-3d7b-46e6-b56d-93894ec29b39.jpg,C,C1257376,jieba,2829.0,1083.0,2936.0,1227.0,107.0,144.0,15408.0,1.3457943925233644,107.0,0,0,0,0
C1257584_V13_F00002_0aac026a-1261-469f-b106-902e7c2190ff.jpg,C,C1257584,yiwuyaru,2601.0,2453.0,2781.0,2781.0,180.0,328.0,59040.0,1.8222222222222222,180.0,0,0,0,0
C1257584_V13_F00002_0aac026a-1261-469f-b106-902e7c2190ff.jpg,C,C1257584,yiwuyaru,1877.0,2507.0,1929.0,2860.0,52.0,353.0,18356.0,6.788461538461538,52.0,0,0,1,0
C1257584_V13_F00002_0aac026a-1261-469f-b106-902e7c2190ff.jpg,C,C1257584,yiwuyaru,1850.0,2090.0,1870.0,2265.0,20.0,175.0,3500.0,8.75,20.0,0,0,1,0
C1257584_V13_F00002_0aac026a-1261-469f-b106-902e7c2190ff.jpg,C,C1257584,huashang,1962.0,2840.0,1975.0,3000.0,13.0,160.0,2080.0,12.307692307692308,13.0,1,0,1,1
C1257584_V13_F00002_0aac026a-1261-469f-b106-902e7c2190ff.jpg,C,C1257584,yiwuyaru,2692.0,724.0,2764.0,793.0,72.0,69.0,4968.0,1.0434782608695652,69.0,0,0,0,0
C1257584_V13_F00002_0aac026a-1261-469f-b106-902e7c2190ff.jpg,C,C1257584,jieba,1068.0,2912.0,1079.0,2978.0,11.0,66.0,726.0,6.0,11.0,1,0,1,0
C1257666_V00_F00001_2ea4e66f-5c12-49e9-9f2f-4506dbfc820d.jpg,C,C1257666,jieba,3435.0,1937.0,3475.0,2004.0,40.0,67.0,2680.0,1.675,40.0,0,0,0,0
C1257666_V00_F00001_2ea4e66f-5c12-49e9-9f2f-4506dbfc820d.jpg,C,C1257666,yiwuyaru,3566.0,1947.0,3648.0,2001.0,82.0,54.0,4428.0,1.5185185185185186,54.0,0,0,0,0
C1257726_V02_F00009_4ba6ac73-165d-4714-bca3-9055e8867d42.jpg,C,C1257726,jiaza,1364.0,20.0,1402.0,218.0,38.0,198.0,7524.0,5.2105263157894735,38.0,0,0,1,0
C1257757_V00_F00000_3c88ae30-003b-4bde-9181-61d39154cfe4.jpg,C,C1257757,jieba,861.0,2675.0,954.0,2787.0,93.0,112.0,10416.0,1.2043010752688172,93.0,0,0,0,0
C1257757_V13_F00001_9f4628db-e253-477b-a109-8b3b8a0e0ccc.jpg,C,C1257757,huashang,2592.0,2001.0,2615.0,2473.0,23.0,472.0,10856.0,20.52173913043478,23.0,0,0,1,0
C1257757_V13_F00001_9f4628db-e253-477b-a109-8b3b8a0e0ccc.jpg,C,C1257757,huashang,2413.0,1562.0,2431.0,1811.0,18.0,249.0,4482.0,13.833333333333334,18.0,0,0,1,0
C1257757_V13_F00001_9f4628db-e253-477b-a109-8b3b8a0e0ccc.jpg,C,C1257757,huashang,2224.0,1879.0,2257.0,2444.0,33.0,565.0,18645.0,17.12121212121212,33.0,0,0,1,0
C1257757_V13_F00001_9f4628db-e253-477b-a109-8b3b8a0e0ccc.jpg,C,C1257757,huashang,2340.0,994.0,2363.0,1525.0,23.0,531.0,12213.0,23.08695652173913,23.0,0,0,1,0
C1257757_V13_F00001_9f4628db-e253-477b-a109-8b3b8a0e0ccc.jpg,C,C1257757,jieba,2238.0,1836.0,2302.0,1888.0,64.0,52.0,3328.0,1.2307692307692308,52.0,0,0,0,0
C1257757_V13_F00001_9f4628db-e253-477b-a109-8b3b8a0e0ccc.jpg,C,C1257757,jieba,2497.0,1705.0,2535.0,1787.0,38.0,82.0,3116.0,2.1578947368421053,38.0,0,0,0,0
C1257757_V13_F00001_9f4628db-e253-477b-a109-8b3b8a0e0ccc.jpg,C,C1257757,yiwuyaru,2609.0,1720.0,2667.0,1833.0,58.0,113.0,6554.0,1.9482758620689655,58.0,0,0,0,0
C1257760_V01_F00006_de3ccf1c-4221-455d-8c25-9536be6a5c46.jpg,C,C1257760,yiwuyaru,429.0,1456.0,501.0,1497.0,72.0,41.0,2952.0,1.7560975609756098,41.0,0,0,0,0
C1257774_V01_F00001_82037f34-fcdd-4e25-b94d-797c556ae62d.jpg,C,C1257774,jiaza,1624.0,642.0,1644.0,815.0,20.0,173.0,3460.0,8.65,20.0,0,0,1,0
C1257849_V01_F00002_b852a031-cc34-4945-b70a-780f5648bfd9.jpg,C,C1257849,jieba,1862.0,1343.0,2076.0,1395.0,214.0,52.0,11128.0,4.115384615384615,52.0,0,0,0,0
C1257850_V00_F00002_0e7a4aab-7af7-4393-9c54-a85b9c6bcba6.jpg,C,C1257850,yanghuatiepi,2249.0,95.0,2307.0,131.0,58.0,36.0,2088.0,1.6111111111111112,36.0,0,0,0,0
C1257850_V00_F00002_0e7a4aab-7af7-4393-9c54-a85b9c6bcba6.jpg,C,C1257850,yiwuyaru,2001.0,1595.0,2049.0,1623.0,48.0,28.0,1344.0,1.7142857142857142,28.0,0,0,0,0
C1257852_V11_F00003_606a4236-e611-4e4a-b0e1-d946bfd5aa98.jpg,C,C1257852,jieba,1324.0,1709.0,1385.0,1895.0,61.0,186.0,11346.0,3.0491803278688523,61.0,0,0,0,0
C1257852_V11_F00003_606a4236-e611-4e4a-b0e1-d946bfd5aa98.jpg,C,C1257852,jieba,1327.0,815.0,1527.0,939.0,200.0,124.0,24800.0,1.6129032258064515,124.0,0,0,0,0
C1257873_V03_F00002_7f5c94c3-e906-43a5-a7a6-a9310cddd427.jpg,C,C1257873,jieba,1038.0,2161.0,1110.0,2719.0,72.0,558.0,40176.0,7.75,72.0,0,0,1,0
C1257873_V03_F00002_7f5c94c3-e906-43a5-a7a6-a9310cddd427.jpg,C,C1257873,jieba,1084.0,1982.0,1138.0,2010.0,54.0,28.0,1512.0,1.9285714285714286,28.0,0,0,0,0
C1257873_V03_F00002_7f5c94c3-e906-43a5-a7a6-a9310cddd427.jpg,C,C1257873,jieba,1102.0,1564.0,1134.0,1634.0,32.0,70.0,2240.0,2.1875,32.0,0,0,0,0
C1257884_V01_F00003_8239c9e6-f24c-4d16-9f75-c7f1ce0b14ba.jpg,C,C1257884,zonglie,2503.0,1983.0,2556.0,3000.0,53.0,1017.0,53901.0,19.18867924528302,53.0,0,0,1,1
C1257884_V01_F00004_3a029933-74bd-4500-b9c3-2b6643487a2a.jpg,C,C1257884,zonglie,2507.0,1.0,2560.0,993.0,53.0,992.0,52576.0,18.71698113207547,53.0,0,0,1,1
C1257884_V01_F00004_3a029933-74bd-4500-b9c3-2b6643487a2a.jpg,C,C1257884,zonglie,2516.0,1443.0,2561.0,1940.0,45.0,497.0,22365.0,11.044444444444444,45.0,0,0,1,0
C1257894_V03_F00006_2a4feeaa-2dee-4568-bc7b-1ee5eae7a240.jpg,C,C1257894,jieba,503.0,2008.0,523.0,2069.0,20.0,61.0,1220.0,3.05,20.0,0,0,0,0
C1257894_V03_F00006_2a4feeaa-2dee-4568-bc7b-1ee5eae7a240.jpg,C,C1257894,jieba,483.0,580.0,522.0,711.0,39.0,131.0,5109.0,3.358974358974359,39.0,0,0,0,0
C1258139_V01_F00002_304e238e-366c-4e23-ad65-567d0bcaea50.jpg,C,C1258139,zonglie,3417.0,518.0,3470.0,1825.0,53.0,1307.0,69271.0,24.660377358490567,53.0,0,0,1,0
C1258185_V01_F00008_de8b3ab9-6a4d-4218-a902-91004a82de34.jpg,C,C1258185,yiwuyaru,2216.0,707.0,2232.0,720.0,16.0,13.0,208.0,1.2307692307692308,13.0,1,0,0,0
C1258185_V01_F00008_de8b3ab9-6a4d-4218-a902-91004a82de34.jpg,C,C1258185,yiwuyaru,2524.0,694.0,2542.0,707.0,18.0,13.0,234.0,1.3846153846153846,13.0,1,0,0,0
C1258185_V01_F00008_de8b3ab9-6a4d-4218-a902-91004a82de34.jpg,C,C1258185,yiwuyaru,1320.0,2023.0,1338.0,2039.0,18.0,16.0,288.0,1.125,16.0,0,0,0,0
C1258185_V01_F00008_de8b3ab9-6a4d-4218-a902-91004a82de34.jpg,C,C1258185,yiwuyaru,615.0,587.0,632.0,601.0,17.0,14.0,238.0,1.2142857142857142,14.0,1,0,0,0
C1258185_V01_F00008_de8b3ab9-6a4d-4218-a902-91004a82de34.jpg,C,C1258185,yiwuyaru,1620.0,1453.0,1635.0,1466.0,15.0,13.0,195.0,1.1538461538461537,13.0,1,0,0,0
C1258500_V11_F00009_2c146bff-2c8b-4427-9ac7-7a37e231cc00.jpg,C,C1258500,yiwuyaru,1538.0,2937.0,1589.0,2967.0,51.0,30.0,1530.0,1.7,30.0,0,0,0,0
C1258500_V11_F00009_2c146bff-2c8b-4427-9ac7-7a37e231cc00.jpg,C,C1258500,yiwuyaru,1547.0,665.0,1606.0,896.0,59.0,231.0,13629.0,3.9152542372881354,59.0,0,0,0,0
C1258538_V10_F00005_b2c54a7c-b1b1-4b63-9c55-023c104c94ab.jpg,C,C1258538,yiwuyaru,3795.0,2856.0,3823.0,2918.0,28.0,62.0,1736.0,2.2142857142857144,28.0,0,0,0,0
C1258538_V10_F00005_b2c54a7c-b1b1-4b63-9c55-023c104c94ab.jpg,C,C1258538,yiwuyaru,3797.0,8.0,3820.0,101.0,23.0,93.0,2139.0,4.043478260869565,23.0,0,0,0,1
C1258538_V11_F00005_d5fd0502-5beb-4b8f-9b7e-8687c29a2f6a.jpg,C,C1258538,yiwuyaru,806.0,2814.0,843.0,2896.0,37.0,82.0,3034.0,2.2162162162162162,37.0,0,0,0,0
C1258538_V11_F00005_d5fd0502-5beb-4b8f-9b7e-8687c29a2f6a.jpg,C,C1258538,yiwuyaru,811.0,1.0,838.0,84.0,27.0,83.0,2241.0,3.074074074074074,27.0,0,0,0,1
C1258543_V01_F00003_3852eb00-1543-4c29-b20f-7860a01ddb28.jpg,C,C1258543,jieba,2275.0,1302.0,2423.0,1493.0,148.0,191.0,28268.0,1.2905405405405406,148.0,0,0,0,0
C1258543_V02_F00003_cc86c991-b1fd-44c0-8e1f-65756ecbb850.jpg,C,C1258543,jieba,3156.0,1464.0,3190.0,1534.0,34.0,70.0,2380.0,2.0588235294117645,34.0,0,0,0,0
C1258543_V02_F00003_cc86c991-b1fd-44c0-8e1f-65756ecbb850.jpg,C,C1258543,jieba,1043.0,1270.0,1097.0,1367.0,54.0,97.0,5238.0,1.7962962962962963,54.0,0,0,0,0
C1258546_V13_F00004_00630467-631c-421c-b18a-2d99745fc57c.jpg,C,C1258546,jieba,1494.0,2844.0,1633.0,2921.0,139.0,77.0,10703.0,1.8051948051948052,77.0,0,0,0,0
C1258547_V01_F00001_eb7b6c32-32d3-49c4-b511-f83456c698f9.jpg,C,C1258547,yiwuyaru,2616.0,2090.0,2694.0,2153.0,78.0,63.0,4914.0,1.2380952380952381,63.0,0,0,0,0
C1258547_V01_F00001_eb7b6c32-32d3-49c4-b511-f83456c698f9.jpg,C,C1258547,yiwuyaru,1784.0,166.0,1805.0,248.0,21.0,82.0,1722.0,3.9047619047619047,21.0,0,0,0,0
C1258547_V02_F00001_48211591-3a78-499b-a756-b00aa97a289a.jpg,C,C1258547,jieba,2306.0,1630.0,2416.0,1966.0,110.0,336.0,36960.0,3.0545454545454547,110.0,0,0,0,0
C1258547_V02_F00001_48211591-3a78-499b-a756-b00aa97a289a.jpg,C,C1258547,jieba,2325.0,1074.0,2371.0,1095.0,46.0,21.0,966.0,2.1904761904761907,21.0,0,0,0,0
C1258580_V02_F00000_6ef2bf39-929c-43f4-b1cb-389703008c11.jpg,C,C1258580,jieba,2322.0,2749.0,2352.0,2799.0,30.0,50.0,1500.0,1.6666666666666667,30.0,0,0,0,0
C1258580_V02_F00000_6ef2bf39-929c-43f4-b1cb-389703008c11.jpg,C,C1258580,jieba,2325.0,2905.0,2348.0,2998.0,23.0,93.0,2139.0,4.043478260869565,23.0,0,0,0,1
C1258593_V01_F00002_002d4222-b685-4520-a849-cf422a3adffb.jpg,C,C1258593,zonglie,3271.0,1190.0,3324.0,2997.0,53.0,1807.0,95771.0,34.094339622641506,53.0,0,0,1,1
C1258596_V01_F00009_20030fac-a982-4195-86ab-2b84e0b0ea74.jpg,C,C1258596,jiaza,2233.0,2059.0,2266.0,2259.0,33.0,200.0,6600.0,6.0606060606060606,33.0,0,0,1,0
C1258596_V01_F00009_20030fac-a982-4195-86ab-2b84e0b0ea74.jpg,C,C1258596,jiaza,2971.0,2034.0,2986.0,2083.0,15.0,49.0,735.0,3.2666666666666666,15.0,1,0,0,0
C1258729_V02_F00008_6ae2abe0-b3af-42e3-94ea-16e74f823ff3.jpg,C,C1258729,yiwuyaru,2812.0,1506.0,2877.0,1552.0,65.0,46.0,2990.0,1.4130434782608696,46.0,0,0,0,0
C1258754_V02_F00001_398e7b3c-8bb9-45e2-b60a-f183c95e3ec9.jpg,C,C1258754,yanghuatiepi,3132.0,0.0,3209.0,41.0,77.0,41.0,3157.0,1.8780487804878048,41.0,0,0,0,1
C1258754_V02_F00001_398e7b3c-8bb9-45e2-b60a-f183c95e3ec9.jpg,C,C1258754,yiwuyaru,3739.0,1581.0,3829.0,1620.0,90.0,39.0,3510.0,2.3076923076923075,39.0,0,0,0,0
C1258804_V01_F00006_fc175aed-28be-40d5-b314-9bbad4be0055.jpg,C,C1258804,yiwuyaru,1175.0,224.0,1212.0,246.0,37.0,22.0,814.0,1.6818181818181819,22.0,0,0,0,0
C1258823_V03_F00003_454745a5-8714-4988-890e-2cf48d486c53.jpg,C,C1258823,yanghuatiepi,1395.0,991.0,1415.0,1023.0,20.0,32.0,640.0,1.6,20.0,0,0,0,0
C1258823_V03_F00003_454745a5-8714-4988-890e-2cf48d486c53.jpg,C,C1258823,yanghuatiepi,1303.0,227.0,1323.0,247.0,20.0,20.0,400.0,1.0,20.0,0,0,0,0
C1258823_V03_F00003_454745a5-8714-4988-890e-2cf48d486c53.jpg,C,C1258823,jieba,2628.0,1519.0,2728.0,1698.0,100.0,179.0,17900.0,1.79,100.0,0,0,0,0
C1258823_V03_F00003_454745a5-8714-4988-890e-2cf48d486c53.jpg,C,C1258823,jieba,2164.0,2692.0,2206.0,2727.0,42.0,35.0,1470.0,1.2,35.0,0,0,0,0
C1258823_V03_F00003_454745a5-8714-4988-890e-2cf48d486c53.jpg,C,C1258823,jieba,2693.0,1.0,2725.0,36.0,32.0,35.0,1120.0,1.09375,32.0,0,0,0,1
C1258831_V02_F00005_90275143-752d-496b-87ae-34bb60e4364b.jpg,C,C1258831,yiwuyaru,2399.0,2533.0,2495.0,2645.0,96.0,112.0,10752.0,1.1666666666666667,96.0,0,0,0,0
C1258849_V01_F00007_6af5a07a-40bb-4171-b1bd-4f235a29e39b.jpg,C,C1258849,jieba,1737.0,914.0,1792.0,953.0,55.0,39.0,2145.0,1.4102564102564104,39.0,0,0,0,0
C1258849_V03_F00010_12023250-75a1-4bd0-a493-e61a62f4ccf8.jpg,C,C1258849,yiwuyaru,407.0,2722.0,829.0,2844.0,422.0,122.0,51484.0,3.459016393442623,122.0,0,0,0,0
C1258908_V02_F00002_3705805d-2938-48e2-8864-db9c5a6d0215.jpg,C,C1258908,yanghuatiepi,3358.0,1283.0,3458.0,1422.0,100.0,139.0,13900.0,1.39,100.0,0,0,0,0
C1258908_V02_F00002_3705805d-2938-48e2-8864-db9c5a6d0215.jpg,C,C1258908,jieba,3887.0,1747.0,4001.0,1802.0,114.0,55.0,6270.0,2.0727272727272728,55.0,0,0,0,0
C1258908_V02_F00002_3705805d-2938-48e2-8864-db9c5a6d0215.jpg,C,C1258908,jieba,3918.0,1806.0,3970.0,1898.0,52.0,92.0,4784.0,1.7692307692307692,52.0,0,0,0,0
C1258908_V02_F00002_3705805d-2938-48e2-8864-db9c5a6d0215.jpg,C,C1258908,yanghuatiepi,3368.0,2940.0,3480.0,3000.0,112.0,60.0,6720.0,1.8666666666666667,60.0,0,0,0,1
C1258908_V02_F00009_43ba7288-2be4-450c-b57f-a6371be0dcec.jpg,C,C1258908,yiwuyaru,3541.0,2706.0,3624.0,2787.0,83.0,81.0,6723.0,1.0246913580246915,81.0,0,0,0,0
C1258908_V03_F00002_bff87363-5cdf-4d83-9440-4d556f8b5341.jpg,C,C1258908,jieba,367.0,1753.0,484.0,1801.0,117.0,48.0,5616.0,2.4375,48.0,0,0,0,0
C1258908_V03_F00002_bff87363-5cdf-4d83-9440-4d556f8b5341.jpg,C,C1258908,jieba,398.0,1813.0,459.0,1905.0,61.0,92.0,5612.0,1.5081967213114753,61.0,0,0,0,0
C1258924_V03_F00002_6e1d650c-0e66-4250-ad82-8b84faea0e98.jpg,C,C1258924,yiwuyaru,1950.0,2808.0,2063.0,2909.0,113.0,101.0,11413.0,1.118811881188119,101.0,0,0,0,0
C1258965_V13_F00005_e07b418c-1182-49c8-a3c3-547a211996b5.jpg,C,C1258965,yiwuyaru,2218.0,45.0,2384.0,300.0,166.0,255.0,42330.0,1.536144578313253,166.0,0,0,0,0
C1259064_V03_F00009_7d62071c-57cd-4523-90ff-94afdb88284a.jpg,C,C1259064,jieba,1.0,1317.0,37.0,1405.0,36.0,88.0,3168.0,2.4444444444444446,36.0,0,0,0,1
C1259064_V03_F00009_7d62071c-57cd-4523-90ff-94afdb88284a.jpg,C,C1259064,jieba,2341.0,630.0,2386.0,667.0,45.0,37.0,1665.0,1.2162162162162162,37.0,0,0,0,0
C1259064_V03_F00009_7d62071c-57cd-4523-90ff-94afdb88284a.jpg,C,C1259064,jieba,2406.0,2023.0,2420.0,2056.0,14.0,33.0,462.0,2.357142857142857,14.0,1,0,0,0
C1259064_V03_F00010_36420944-3cb0-40cd-b3d7-bfc09eeff22f.jpg,C,C1259064,jieba,2376.0,228.0,2414.0,304.0,38.0,76.0,2888.0,2.0,38.0,0,0,0,0
C1259074_V13_F00000_fcc0ed67-92b5-428d-81e5-e5286303eafb.jpg,C,C1259074,jieba,2561.0,2520.0,2626.0,2606.0,65.0,86.0,5590.0,1.323076923076923,65.0,0,0,0,0
C1259074_V13_F00000_fcc0ed67-92b5-428d-81e5-e5286303eafb.jpg,C,C1259074,huashang,2617.0,2254.0,2643.0,2533.0,26.0,279.0,7254.0,10.73076923076923,26.0,0,0,1,0
C1259102_V00_F00007_2318cb01-50b0-4933-81e1-f2e086842694.jpg,C,C1259102,yiwuyaru,3107.0,1701.0,3165.0,1742.0,58.0,41.0,2378.0,1.4146341463414633,41.0,0,0,0,0
C1259115_V01_F00006_9ee46764-e302-4a02-9180-300fe97acb00.jpg,C,C1259115,jieba,785.0,1175.0,829.0,1229.0,44.0,54.0,2376.0,1.2272727272727273,44.0,0,0,0,0
C1259206_V00_F00005_d420eb63-2706-466d-8de0-bc5028464ac7.jpg,C,C1259206,jieba,3243.0,391.0,3289.0,454.0,46.0,63.0,2898.0,1.3695652173913044,46.0,0,0,0,0
C1259235_V01_F00001_f1aef762-ff28-44fe-bc7f-c12b6abc2906.jpg,C,C1259235,zonglie,1726.0,1.0,1818.0,1516.0,92.0,1515.0,139380.0,16.467391304347824,92.0,0,0,1,1
C1259235_V01_F00001_f1aef762-ff28-44fe-bc7f-c12b6abc2906.jpg,C,C1259235,zonglie,1753.0,1484.0,1824.0,1937.0,71.0,453.0,32163.0,6.380281690140845,71.0,0,0,1,0
C1259235_V01_F00001_f1aef762-ff28-44fe-bc7f-c12b6abc2906.jpg,C,C1259235,yanghuatiepi,690.0,2328.0,708.0,2362.0,18.0,34.0,612.0,1.8888888888888888,18.0,0,0,0,0
C1259235_V01_F00001_f1aef762-ff28-44fe-bc7f-c12b6abc2906.jpg,C,C1259235,zonglie,1655.0,2192.0,1715.0,3000.0,60.0,808.0,48480.0,13.466666666666667,60.0,0,0,1,1
C1259293_V02_F00003_a141cf75-18c9-46d9-b72c-5e551ad90cf2.jpg,C,C1259293,yiwuyaru,2572.0,474.0,2637.0,512.0,65.0,38.0,2470.0,1.7105263157894737,38.0,0,0,0,0
C1259294_V03_F00012_5b21750c-730e-4928-b247-408a92ae626a.jpg,C,C1259294,yiwuyaru,357.0,1450.0,499.0,1505.0,142.0,55.0,7810.0,2.581818181818182,55.0,0,0,0,0
C1259429_V03_F00000_fb81ed08-8aa0-4cb4-9dac-397bfc1d3d36.jpg,C,C1259429,jieba,1685.0,2767.0,1731.0,2826.0,46.0,59.0,2714.0,1.2826086956521738,46.0,0,0,0,0
C1259429_V03_F00000_fb81ed08-8aa0-4cb4-9dac-397bfc1d3d36.jpg,C,C1259429,jieba,1.0,2475.0,91.0,2527.0,90.0,52.0,4680.0,1.7307692307692308,52.0,0,0,0,1
C1259685_V02_F00005_796d14ed-9849-485e-b515-a2aa3ec55b99.jpg,C,C1259685,yiwuyaru,1302.0,2675.0,1428.0,2719.0,126.0,44.0,5544.0,2.8636363636363638,44.0,0,0,0,0
C1259697_V01_F00000_27cf75e2-d75d-4e1f-b7cd-7f4b54b6b066.jpg,C,C1259697,jieba,1955.0,2215.0,2009.0,2267.0,54.0,52.0,2808.0,1.0384615384615385,52.0,0,0,0,0
C1259697_V01_F00000_27cf75e2-d75d-4e1f-b7cd-7f4b54b6b066.jpg,C,C1259697,jieba,1924.0,2941.0,1975.0,2992.0,51.0,51.0,2601.0,1.0,51.0,0,0,0,1
C1259734_V13_F00001_95904598-996e-43b3-a049-e65381caa214.jpg,C,C1259734,jieba,2713.0,1579.0,2765.0,1609.0,52.0,30.0,1560.0,1.7333333333333334,30.0,0,0,0,0
C1259745_V03_F00001_2f58fba2-7f8c-40ab-9351-2ee351a23f00.jpg,C,C1259745,jieba,512.0,1425.0,607.0,1781.0,95.0,356.0,33820.0,3.7473684210526317,95.0,0,0,0,0
C1259745_V03_F00001_2f58fba2-7f8c-40ab-9351-2ee351a23f00.jpg,C,C1259745,yiwuyaru,509.0,1779.0,555.0,1816.0,46.0,37.0,1702.0,1.2432432432432432,37.0,0,0,0,0
C1259763_V03_F00000_3d46802a-0280-4561-98dd-d5c4c84baaeb.jpg,C,C1259763,jieba,775.0,2312.0,846.0,2500.0,71.0,188.0,13348.0,2.647887323943662,71.0,0,0,0,0
C1259763_V03_F00000_3d46802a-0280-4561-98dd-d5c4c84baaeb.jpg,C,C1259763,jieba,735.0,2628.0,801.0,2677.0,66.0,49.0,3234.0,1.346938775510204,49.0,0,0,0,0
C1259793_V00_F00001_9f18b31e-9e4a-4fff-93e8-861feec3b72e.jpg,C,C1259793,yiwuyaru,2802.0,679.0,2835.0,709.0,33.0,30.0,990.0,1.1,30.0,0,0,0,0
C1259898_V00_F00005_0c327b61-09cd-4211-8ea7-eb2fc18934bd.jpg,C,C1259898,yiwuyaru,1197.0,2293.0,1383.0,2506.0,186.0,213.0,39618.0,1.1451612903225807,186.0,0,0,0,0
C1259914_V01_F00002_c0e150ce-7904-466c-9303-a5055776146f.jpg,C,C1259914,jieba,1709.0,529.0,1740.0,560.0,31.0,31.0,961.0,1.0,31.0,0,0,0,0
C1259928_V03_F00001_d8cf2fbd-c999-4c2d-b175-e3638a73e03c.jpg,C,C1259928,jieba,2375.0,1028.0,2661.0,1538.0,286.0,510.0,145860.0,1.7832167832167831,286.0,0,0,0,0
C1259928_V03_F00001_d8cf2fbd-c999-4c2d-b175-e3638a73e03c.jpg,C,C1259928,yiwuyaru,2601.0,1980.0,2668.0,2050.0,67.0,70.0,4690.0,1.044776119402985,67.0,0,0,0,0
C1259928_V03_F00001_d8cf2fbd-c999-4c2d-b175-e3638a73e03c.jpg,C,C1259928,yiwuyaru,2515.0,1837.0,2585.0,1931.0,70.0,94.0,6580.0,1.3428571428571427,70.0,0,0,0,0
C1259928_V03_F00001_d8cf2fbd-c999-4c2d-b175-e3638a73e03c.jpg,C,C1259928,jieba,2200.0,934.0,2249.0,1026.0,49.0,92.0,4508.0,1.8775510204081634,49.0,0,0,0,0
C1259928_V03_F00001_d8cf2fbd-c999-4c2d-b175-e3638a73e03c.jpg,C,C1259928,huashang,2587.0,2588.0,2616.0,2882.0,29.0,294.0,8526.0,10.137931034482758,29.0,0,0,1,0
C1260050_V03_F00001_b3f5781c-32d6-465a-9c31-f7a076daed50.jpg,C,C1260050,jieba,587.0,389.0,681.0,568.0,94.0,179.0,16826.0,1.9042553191489362,94.0,0,0,0,0
C1260079_V03_F00011_efc29883-15e5-4c8e-84fa-ed53d24eef8a.jpg,C,C1260079,yiwuyaru,1271.0,30.0,1317.0,126.0,46.0,96.0,4416.0,2.0869565217391304,46.0,0,0,0,0
C1260080_V00_F00002_b3217d1a-21a8-44aa-bba0-675f1d22b820.jpg,C,C1260080,yiwuyaru,3146.0,642.0,3175.0,660.0,29.0,18.0,522.0,1.6111111111111112,18.0,0,0,0,0
C1260088_V10_F00001_33d35a42-b436-4d74-bedc-e99e33ebe8f2.jpg,C,C1260088,jieba,3232.0,922.0,3318.0,1117.0,86.0,195.0,16770.0,2.2674418604651163,86.0,0,0,0,0
C1260088_V10_F00001_33d35a42-b436-4d74-bedc-e99e33ebe8f2.jpg,C,C1260088,jieba,3642.0,1087.0,3772.0,1109.0,130.0,22.0,2860.0,5.909090909090909,22.0,0,0,1,0
C1260107_V13_F00002_5195b250-c218-49c7-8bf8-c8bcee56513a.jpg,C,C1260107,yiwuyaru,2967.0,2618.0,3003.0,2657.0,36.0,39.0,1404.0,1.0833333333333333,36.0,0,0,0,0
C1260173_V13_F00000_be495a82-b30f-4920-a26c-057840c5da27.jpg,C,C1260173,jieba,2843.0,2731.0,2910.0,2808.0,67.0,77.0,5159.0,1.1492537313432836,67.0,0,0,0,0
C1260330_V00_F00001_dab3910e-6027-47c9-8f81-4f12816b8abe.jpg,C,C1260330,yiwuyaru,1052.0,123.0,1167.0,274.0,115.0,151.0,17365.0,1.3130434782608695,115.0,0,0,0,0
C1260482_V13_F00001_25186c6b-54fa-4bcb-9f5e-d925f5039c36.jpg,C,C1260482,jieba,2759.0,849.0,3007.0,1092.0,248.0,243.0,60264.0,1.0205761316872428,243.0,0,0,0,0
C1260482_V13_F00001_25186c6b-54fa-4bcb-9f5e-d925f5039c36.jpg,C,C1260482,huashang,717.0,1008.0,733.0,1239.0,16.0,231.0,3696.0,14.4375,16.0,0,0,1,0
C1260507_V01_F00006_d283d8fd-4fd6-4e99-9b67-035419e9c504.jpg,C,C1260507,yiwuyaru,3502.0,2071.0,3565.0,2124.0,63.0,53.0,3339.0,1.1886792452830188,53.0,0,0,0,0
C1260556_V03_F00003_d0b806f8-74ab-4181-961f-7de55031665f.jpg,C,C1260556,jiaza,2943.0,462.0,2998.0,635.0,55.0,173.0,9515.0,3.1454545454545455,55.0,0,0,0,0
C1260599_V13_F00009_5734b38d-664e-4ca1-bb56-466f12b4409d.jpg,C,C1260599,yiwuyaru,349.0,2698.0,481.0,2919.0,132.0,221.0,29172.0,1.6742424242424243,132.0,0,0,0,0
C1260601_V10_F00002_c5f3f208-d8be-4a22-96a6-ee651bac3906.jpg,C,C1260601,yiwuyaru,2913.0,655.0,2985.0,810.0,72.0,155.0,11160.0,2.1527777777777777,72.0,0,0,0,0
C1260601_V10_F00002_c5f3f208-d8be-4a22-96a6-ee651bac3906.jpg,C,C1260601,yiwuyaru,2875.0,1023.0,2985.0,1120.0,110.0,97.0,10670.0,1.134020618556701,97.0,0,0,0,0
C1260601_V10_F00002_c5f3f208-d8be-4a22-96a6-ee651bac3906.jpg,C,C1260601,yiwuyaru,2897.0,96.0,2951.0,143.0,54.0,47.0,2538.0,1.148936170212766,47.0,0,0,0,0
C1260688_V00_F00002_ba878ee2-3e33-4abc-9cd9-695dd10e4d78.jpg,C,C1260688,mamianmakeng,3335.0,2160.0,3362.0,2180.0,27.0,20.0,540.0,1.35,20.0,0,0,0,0
C1260691_V01_F00004_f314dabc-bf69-49cd-b49e-1a457fc78293.jpg,C,C1260691,zonglie,2406.0,0.0,2486.0,3000.0,80.0,3000.0,240000.0,37.5,80.0,0,0,1,1
C1260691_V01_F00005_20409b08-9f5d-4f5f-9434-a10c69a1df90.jpg,C,C1260691,zonglie,2308.0,1.0,2357.0,792.0,49.0,791.0,38759.0,16.142857142857142,49.0,0,0,1,1
C1260695_V11_F00010_fb0f6e43-e613-47a9-9b2a-fcc2a676909f.jpg,C,C1260695,yiwuyaru,1972.0,1584.0,2016.0,2005.0,44.0,421.0,18524.0,9.568181818181818,44.0,0,0,1,0
C1260709_V01_F00003_b8a5a04e-6dd9-4e04-86d7-ddc8704f3d59.jpg,C,C1260709,mamianmakeng,3053.0,822.0,3101.0,860.0,48.0,38.0,1824.0,1.263157894736842,38.0,0,0,0,0
C1260709_V01_F00003_b8a5a04e-6dd9-4e04-86d7-ddc8704f3d59.jpg,C,C1260709,mamianmakeng,2900.0,1356.0,2929.0,1378.0,29.0,22.0,638.0,1.3181818181818181,22.0,0,0,0,0
C1260738_V13_F00005_4be3d879-ea59-4cd9-88c6-3555cca91250.jpg,C,C1260738,yiwuyaru,2158.0,379.0,2221.0,488.0,63.0,109.0,6867.0,1.7301587301587302,63.0,0,0,0,0
C1260756_V02_F00002_75d52127-fed1-4cee-bf3a-93c4319eb74d.jpg,C,C1260756,yiwuyaru,1231.0,2016.0,1298.0,2053.0,67.0,37.0,2479.0,1.8108108108108107,37.0,0,0,0,0
C1260756_V02_F00002_75d52127-fed1-4cee-bf3a-93c4319eb74d.jpg,C,C1260756,yiwuyaru,292.0,575.0,325.0,612.0,33.0,37.0,1221.0,1.121212121212121,33.0,0,0,0,0
C1260756_V02_F00002_75d52127-fed1-4cee-bf3a-93c4319eb74d.jpg,C,C1260756,yiwuyaru,1407.0,445.0,1451.0,473.0,44.0,28.0,1232.0,1.5714285714285714,28.0,0,0,0,0
C1260756_V02_F00002_75d52127-fed1-4cee-bf3a-93c4319eb74d.jpg,C,C1260756,yiwuyaru,1863.0,34.0,1899.0,59.0,36.0,25.0,900.0,1.44,25.0,0,0,0,0
C1260756_V02_F00002_75d52127-fed1-4cee-bf3a-93c4319eb74d.jpg,C,C1260756,yiwuyaru,1319.0,868.0,1352.0,892.0,33.0,24.0,792.0,1.375,24.0,0,0,0,0
C1260756_V02_F00002_75d52127-fed1-4cee-bf3a-93c4319eb74d.jpg,C,C1260756,yiwuyaru,1781.0,859.0,1819.0,885.0,38.0,26.0,988.0,1.4615384615384615,26.0,0,0,0,0
C1260756_V02_F00002_75d52127-fed1-4cee-bf3a-93c4319eb74d.jpg,C,C1260756,yiwuyaru,2003.0,1349.0,2043.0,1380.0,40.0,31.0,1240.0,1.2903225806451613,31.0,0,0,0,0
C1260979_V12_F00001_bdce7b4a-865d-4164-a50b-99b3ff12d32b.jpg,C,C1260979,jieba,2322.0,542.0,2425.0,600.0,103.0,58.0,5974.0,1.7758620689655173,58.0,0,0,0,0
C1260992_V01_F00011_2b1c5456-9b41-4827-a286-096eae9da2d9.jpg,C,C1260992,zonglie,2603.0,1.0,2721.0,3000.0,118.0,2999.0,353882.0,25.415254237288135,118.0,0,0,1,1
C1260997_V01_F00006_d52c50bf-1651-436e-af6d-0a4869ff5c42.jpg,C,C1260997,jieba,3938.0,1879.0,4021.0,1986.0,83.0,107.0,8881.0,1.2891566265060241,83.0,0,0,0,0
C1260997_V01_F00008_a239d699-7307-4409-8395-5cdc878e8383.jpg,C,C1260997,jieba,4034.0,1.0,4093.0,65.0,59.0,64.0,3776.0,1.0847457627118644,59.0,0,0,0,1
C1261042_V00_F00006_187554e2-e05a-499f-8850-1ca12a6e646a.jpg,C,C1261042,yiwuyaru,1332.0,2029.0,1511.0,2135.0,179.0,106.0,18974.0,1.6886792452830188,106.0,0,0,0,0
C1261068_V03_F00006_d3cd5a5f-3d15-4929-85d9-3d7242cc4f22.jpg,C,C1261068,jieba,2904.0,2539.0,2942.0,2736.0,38.0,197.0,7486.0,5.184210526315789,38.0,0,0,1,0
C1261072_V03_F00008_3dcdcf10-9ad0-4e2e-897d-d4a10c443315.jpg,C,C1261072,jieba,1945.0,20.0,1986.0,230.0,41.0,210.0,8610.0,5.121951219512195,41.0,0,0,1,0
C1261076_V10_F00004_bd87d211-99e7-4b36-b59c-142fd4773d1a.jpg,C,C1261076,yiwuyaru,2893.0,1711.0,2975.0,1932.0,82.0,221.0,18122.0,2.6951219512195124,82.0,0,0,0,0
C1261076_V10_F00004_bd87d211-99e7-4b36-b59c-142fd4773d1a.jpg,C,C1261076,yiwuyaru,2893.0,1536.0,2952.0,1676.0,59.0,140.0,8260.0,2.3728813559322033,59.0,0,0,0,0
C1261076_V10_F00004_bd87d211-99e7-4b36-b59c-142fd4773d1a.jpg,C,C1261076,yiwuyaru,2937.0,2680.0,2969.0,2996.0,32.0,316.0,10112.0,9.875,32.0,0,0,1,1
C1261174_V11_F00001_869e7606-d4db-4136-86de-e62486abdfaa.jpg,C,C1261174,yiwuyaru,3295.0,2474.0,3358.0,2635.0,63.0,161.0,10143.0,2.5555555555555554,63.0,0,0,0,0
C1261174_V11_F00001_869e7606-d4db-4136-86de-e62486abdfaa.jpg,C,C1261174,yiwuyaru,1373.0,2641.0,1463.0,2683.0,90.0,42.0,3780.0,2.142857142857143,42.0,0,0,0,0
C1261175_V01_F00007_519d0b8a-555a-4367-b838-33da6b00c034.jpg,C,C1261175,jieba,3089.0,1750.0,3129.0,1817.0,40.0,67.0,2680.0,1.675,40.0,0,0,0,0
C1261175_V02_F00007_10bebcf1-c523-4a02-af3c-9772e61e9047.jpg,C,C1261175,jieba,3156.0,33.0,3194.0,148.0,38.0,115.0,4370.0,3.026315789473684,38.0,0,0,0,0
C1261230_V02_F00003_84a579ad-cb2f-4005-b371-78f03d855e5d.jpg,C,C1261230,jieba,4018.0,2477.0,4064.0,2577.0,46.0,100.0,4600.0,2.1739130434782608,46.0,0,0,0,0
C1261230_V02_F00003_84a579ad-cb2f-4005-b371-78f03d855e5d.jpg,C,C1261230,jieba,3876.0,2951.0,3929.0,2997.0,53.0,46.0,2438.0,1.1521739130434783,46.0,0,0,0,1
C1261230_V03_F00003_74b0f9f0-8fa8-478a-a945-756a2f00b0bf.jpg,C,C1261230,jieba,452.0,2481.0,495.0,2580.0,43.0,99.0,4257.0,2.302325581395349,43.0,0,0,0,0
C1261230_V03_F00003_74b0f9f0-8fa8-478a-a945-756a2f00b0bf.jpg,C,C1261230,jieba,308.0,2956.0,362.0,2997.0,54.0,41.0,2214.0,1.3170731707317074,41.0,0,0,0,1
C1261307_V01_F00007_4c9841b7-8888-492d-8beb-347e822342b0.jpg,C,C1261307,zonglie,2770.0,1.0,2809.0,562.0,39.0,561.0,21879.0,14.384615384615385,39.0,0,0,1,1
C1261307_V01_F00007_4c9841b7-8888-492d-8beb-347e822342b0.jpg,C,C1261307,zonglie,2777.0,1172.0,2804.0,1315.0,27.0,143.0,3861.0,5.296296296296297,27.0,0,0,1,0
C1261307_V01_F00008_0b71ff73-79a6-4b27-857f-746fdabd050b.jpg,C,C1261307,zonglie,2781.0,101.0,2821.0,885.0,40.0,784.0,31360.0,19.6,40.0,0,0,1,0
C1261307_V01_F00008_0b71ff73-79a6-4b27-857f-746fdabd050b.jpg,C,C1261307,zonglie,2789.0,982.0,2824.0,1252.0,35.0,270.0,9450.0,7.714285714285714,35.0,0,0,1,0
C1261307_V01_F00009_2f1fe4ff-495f-4075-abf0-f83664d66bc3.jpg,C,C1261307,zonglie,3065.0,1340.0,3089.0,1653.0,24.0,313.0,7512.0,13.041666666666666,24.0,0,0,1,0
C1261366_V03_F00001_476dd62e-9f2c-4b39-8b7b-602ace1e2188.jpg,C,C1261366,jieba,363.0,443.0,402.0,524.0,39.0,81.0,3159.0,2.076923076923077,39.0,0,0,0,0
C1261396_V03_F00009_27e132cd-f056-44d3-a8dc-289cfc6d3883.jpg,C,C1261396,yiwuyaru,2447.0,1119.0,2493.0,1314.0,46.0,195.0,8970.0,4.239130434782608,46.0,0,0,0,0
C1261431_V02_F00000_79b92d99-558e-4b1a-9f0a-f01459671d99.jpg,C,C1261431,jieba,3437.0,2318.0,3466.0,2370.0,29.0,52.0,1508.0,1.793103448275862,29.0,0,0,0,0
C1261431_V02_F00000_79b92d99-558e-4b1a-9f0a-f01459671d99.jpg,C,C1261431,jieba,2480.0,2020.0,2529.0,2052.0,49.0,32.0,1568.0,1.53125,32.0,0,0,0,0
C1261431_V02_F00000_79b92d99-558e-4b1a-9f0a-f01459671d99.jpg,C,C1261431,jieba,2899.0,2066.0,2931.0,2096.0,32.0,30.0,960.0,1.0666666666666667,30.0,0,0,0,0
C1261431_V02_F00000_79b92d99-558e-4b1a-9f0a-f01459671d99.jpg,C,C1261431,jieba,3189.0,2187.0,3225.0,2237.0,36.0,50.0,1800.0,1.3888888888888888,36.0,0,0,0,0
C1261431_V02_F00000_79b92d99-558e-4b1a-9f0a-f01459671d99.jpg,C,C1261431,jieba,3039.0,2150.0,3094.0,2187.0,55.0,37.0,2035.0,1.4864864864864864,37.0,0,0,0,0
C1261463_V03_F00001_4ffeb467-7d3d-4ea2-9cab-6b63c62d592e.jpg,C,C1261463,jieba,275.0,1028.0,322.0,1090.0,47.0,62.0,2914.0,1.3191489361702127,47.0,0,0,0,0
C1261463_V03_F00001_4ffeb467-7d3d-4ea2-9cab-6b63c62d592e.jpg,C,C1261463,zonglie,291.0,1.0,323.0,497.0,32.0,496.0,15872.0,15.5,32.0,0,0,1,1
C1261463_V03_F00001_4ffeb467-7d3d-4ea2-9cab-6b63c62d592e.jpg,C,C1261463,jieba,290.0,885.0,322.0,989.0,32.0,104.0,3328.0,3.25,32.0,0,0,0,0
C1261503_V02_F00003_f93cba78-9fad-49a9-b051-bc09bcf732a6.jpg,C,C1261503,jieba,3909.0,1919.0,3951.0,1956.0,42.0,37.0,1554.0,1.135135135135135,37.0,0,0,0,0
C1261503_V03_F00003_de6446d2-c17d-4a0d-8176-92060e1a024d.jpg,C,C1261503,jieba,357.0,1923.0,392.0,1959.0,35.0,36.0,1260.0,1.0285714285714285,35.0,0,0,0,0
C1261567_V03_F00005_8970954b-6357-4d07-b10b-1640756c5aec.jpg,C,C1261567,jieba,273.0,1066.0,306.0,1137.0,33.0,71.0,2343.0,2.1515151515151514,33.0,0,0,0,0
C1261585_V01_F00002_4c5238c8-3fd8-4e0d-a296-e043becfba36.jpg,C,C1261585,zonglie,651.0,1398.0,713.0,3000.0,62.0,1602.0,99324.0,25.838709677419356,62.0,0,0,1,1
C1261585_V01_F00004_06749858-30be-4979-8d51-a1ac778a2a0c.jpg,C,C1261585,zonglie,686.0,1.0,733.0,1037.0,47.0,1036.0,48692.0,22.04255319148936,47.0,0,0,1,1
C1261672_V01_F00009_aa2fe8d4-8d23-400f-ab0c-fff1b0b62b2c.jpg,C,C1261672,zonglie,903.0,2068.0,952.0,3000.0,49.0,932.0,45668.0,19.020408163265305,49.0,0,0,1,1
C1261672_V01_F00010_0456fb1d-60f5-4bfd-803d-01c139a510db.jpg,C,C1261672,zonglie,904.0,1.0,941.0,455.0,37.0,454.0,16798.0,12.27027027027027,37.0,0,0,1,1
C1261674_V01_F00011_ec6754ab-d3cd-4726-9b6f-1b8724f9c892.jpg,C,C1261674,zonglie,1154.0,1491.0,1209.0,3000.0,55.0,1509.0,82995.0,27.436363636363637,55.0,0,0,1,1
C1261674_V01_F00012_1a86123c-1f88-4d29-b97c-048bbfeb1a9a.jpg,C,C1261674,zonglie,1142.0,1.0,1224.0,3000.0,82.0,2999.0,245918.0,36.573170731707314,82.0,0,0,1,1
C1261674_V01_F00013_d45d6b0b-fabd-4a31-a472-6688f063beba.jpg,C,C1261674,zonglie,1145.0,1.0,1230.0,2712.0,85.0,2711.0,230435.0,31.894117647058824,85.0,0,0,1,1
C1261850_V00_F00014_71d6687e-2ffc-40bf-bcfd-885a07181214.jpg,C,C1261850,yiwuyaru,2316.0,2131.0,2485.0,2243.0,169.0,112.0,18928.0,1.5089285714285714,112.0,0,0,0,0
C1261952_V01_F00006_2537fcb4-cf2f-4bf8-b520-1b72cf7b25e6.jpg,C,C1261952,zonglie,3283.0,1.0,3353.0,2818.0,70.0,2817.0,197190.0,40.24285714285714,70.0,0,0,1,1
C1261962_V03_F00011_9938d772-1454-4aff-b516-bc0b315c3132.jpg,C,C1261962,yiwuyaru,1623.0,822.0,1653.0,845.0,30.0,23.0,690.0,1.3043478260869565,23.0,0,0,0,0
C1261962_V03_F00011_9938d772-1454-4aff-b516-bc0b315c3132.jpg,C,C1261962,yiwuyaru,1533.0,791.0,1544.0,806.0,11.0,15.0,165.0,1.3636363636363635,11.0,1,0,0,0
C1261963_V01_F00001_e5dfd10b-1d97-4ff8-be0e-c8f8a0a92be0.jpg,C,C1261963,zonglie,3077.0,729.0,3126.0,1979.0,49.0,1250.0,61250.0,25.510204081632654,49.0,0,0,1,0
C1261963_V01_F00001_e5dfd10b-1d97-4ff8-be0e-c8f8a0a92be0.jpg,C,C1261963,zonglie,3069.0,390.0,3104.0,671.0,35.0,281.0,9835.0,8.028571428571428,35.0,0,0,1,0
C1261963_V01_F00001_e5dfd10b-1d97-4ff8-be0e-c8f8a0a92be0.jpg,C,C1261963,zonglie,3094.0,2715.0,3129.0,2984.0,35.0,269.0,9415.0,7.685714285714286,35.0,0,0,1,1
C1261963_V01_F00001_e5dfd10b-1d97-4ff8-be0e-c8f8a0a92be0.jpg,C,C1261963,zonglie,3081.0,2094.0,3120.0,2374.0,39.0,280.0,10920.0,7.17948717948718,39.0,0,0,1,0
C1261972_V02_F00004_3786ee37-bc0b-43b1-9dfd-4435aab50d62.jpg,C,C1261972,zonglie,1807.0,1.0,1866.0,1610.0,59.0,1609.0,94931.0,27.271186440677965,59.0,0,0,1,1
C1261975_V01_F00001_69a7fc78-2b71-4be7-ae04-92536dde2605.jpg,C,C1261975,jieba,1251.0,210.0,1278.0,267.0,27.0,57.0,1539.0,2.111111111111111,27.0,0,0,0,0
C1261992_V01_F00003_6ef6c319-2695-4af8-a663-eca4efa501f9.jpg,C,C1261992,zonglie,3752.0,1.0,3785.0,490.0,33.0,489.0,16137.0,14.818181818181818,33.0,0,0,1,1
C1261992_V01_F00003_6ef6c319-2695-4af8-a663-eca4efa501f9.jpg,C,C1261992,zonglie,3756.0,587.0,3780.0,765.0,24.0,178.0,4272.0,7.416666666666667,24.0,0,0,1,0
C1261992_V01_F00003_6ef6c319-2695-4af8-a663-eca4efa501f9.jpg,C,C1261992,zonglie,3763.0,857.0,3781.0,911.0,18.0,54.0,972.0,3.0,18.0,0,0,0,0
C1261992_V01_F00003_6ef6c319-2695-4af8-a663-eca4efa501f9.jpg,C,C1261992,zonglie,3762.0,966.0,3780.0,1008.0,18.0,42.0,756.0,2.3333333333333335,18.0,0,0,0,0
C1261992_V01_F00003_6ef6c319-2695-4af8-a663-eca4efa501f9.jpg,C,C1261992,zonglie,3771.0,1041.0,3789.0,1130.0,18.0,89.0,1602.0,4.944444444444445,18.0,0,0,0,0
C1261992_V01_F00003_6ef6c319-2695-4af8-a663-eca4efa501f9.jpg,C,C1261992,zonglie,3773.0,1748.0,3808.0,2052.0,35.0,304.0,10640.0,8.685714285714285,35.0,0,0,1,0
C1261992_V01_F00003_6ef6c319-2695-4af8-a663-eca4efa501f9.jpg,C,C1261992,zonglie,3765.0,2354.0,3788.0,2442.0,23.0,88.0,2024.0,3.8260869565217392,23.0,0,0,0,0
C1261992_V01_F00003_6ef6c319-2695-4af8-a663-eca4efa501f9.jpg,C,C1261992,zonglie,3774.0,2538.0,3795.0,2690.0,21.0,152.0,3192.0,7.238095238095238,21.0,0,0,1,0
C1261992_V01_F00003_6ef6c319-2695-4af8-a663-eca4efa501f9.jpg,C,C1261992,zonglie,3772.0,2745.0,3798.0,2856.0,26.0,111.0,2886.0,4.269230769230769,26.0,0,0,0,0
C1261997_V02_F00004_0da73a27-2db0-4107-82bc-8161f7677103.jpg,C,C1261997,zonglie,1381.0,261.0,1415.0,511.0,34.0,250.0,8500.0,7.352941176470588,34.0,0,0,1,0
C1261997_V02_F00004_0da73a27-2db0-4107-82bc-8161f7677103.jpg,C,C1261997,zonglie,1388.0,562.0,1424.0,1092.0,36.0,530.0,19080.0,14.722222222222221,36.0,0,0,1,0
C1262000_V02_F00003_cd49b0a0-9f1f-41ee-a109-9e1b363fb45a.jpg,C,C1262000,zonglie,963.0,1531.0,998.0,2163.0,35.0,632.0,22120.0,18.057142857142857,35.0,0,0,1,0
C1262000_V02_F00003_cd49b0a0-9f1f-41ee-a109-9e1b363fb45a.jpg,C,C1262000,zonglie,971.0,2259.0,1003.0,2959.0,32.0,700.0,22400.0,21.875,32.0,0,0,1,0
C1262000_V02_F00003_cd49b0a0-9f1f-41ee-a109-9e1b363fb45a.jpg,C,C1262000,zonglie,952.0,500.0,983.0,956.0,31.0,456.0,14136.0,14.709677419354838,31.0,0,0,1,0
C1262000_V02_F00010_0693e775-3d7b-4d94-afb1-c560f32e6025.jpg,C,C1262000,zonglie,1021.0,293.0,1046.0,741.0,25.0,448.0,11200.0,17.92,25.0,0,0,1,0
C1262044_V02_F00011_2fd7d085-d174-4a5b-aca2-04d3130c4105.jpg,C,C1262044,zonglie,1076.0,309.0,1141.0,2008.0,65.0,1699.0,110435.0,26.138461538461538,65.0,0,0,1,0
C1262044_V02_F00011_2fd7d085-d174-4a5b-aca2-04d3130c4105.jpg,C,C1262044,yanghuatiepi,2341.0,1.0,2365.0,11.0,24.0,10.0,240.0,2.4,10.0,1,0,0,1
C1262044_V02_F00011_2fd7d085-d174-4a5b-aca2-04d3130c4105.jpg,C,C1262044,zonglie,1097.0,2203.0,1142.0,3000.0,45.0,797.0,35865.0,17.711111111111112,45.0,0,0,1,1
C1262049_V00_F00003_2ddf5e8f-1e1f-4969-a7a0-4a66a6fb2e5d.jpg,C,C1262049,mamianmakeng,2283.0,2441.0,2369.0,2515.0,86.0,74.0,6364.0,1.162162162162162,74.0,0,0,0,0
C1262049_V00_F00003_2ddf5e8f-1e1f-4969-a7a0-4a66a6fb2e5d.jpg,C,C1262049,mamianmakeng,2509.0,2258.0,2620.0,2398.0,111.0,140.0,15540.0,1.2612612612612613,111.0,0,0,0,0
C1262049_V00_F00003_2ddf5e8f-1e1f-4969-a7a0-4a66a6fb2e5d.jpg,C,C1262049,yiwuyaru,2095.0,2469.0,2128.0,2495.0,33.0,26.0,858.0,1.2692307692307692,26.0,0,0,0,0
C1262054_V13_F00005_300aca4a-4f91-44ce-bc1e-10934c2f1087.jpg,C,C1262054,yiwuyaru,2940.0,1408.0,2988.0,1654.0,48.0,246.0,11808.0,5.125,48.0,0,0,1,0
C1262054_V13_F00005_300aca4a-4f91-44ce-bc1e-10934c2f1087.jpg,C,C1262054,huashang,1798.0,269.0,1829.0,1109.0,31.0,840.0,26040.0,27.096774193548388,31.0,0,0,1,0
C1262054_V13_F00005_300aca4a-4f91-44ce-bc1e-10934c2f1087.jpg,C,C1262054,huashang,1858.0,1226.0,1887.0,1856.0,29.0,630.0,18270.0,21.724137931034484,29.0,0,0,1,0
C1262104_V00_F00004_2670814e-471a-454f-baf7-c347a8b94a55.jpg,C,C1262104,yiwuyaru,1613.0,1231.0,1653.0,1245.0,40.0,14.0,560.0,2.857142857142857,14.0,1,0,0,0
C1262131_V00_F00005_58240c4b-7399-4209-b4ad-aa1acbc0a86a.jpg,C,C1262131,yiwuyaru,1690.0,1394.0,2123.0,1509.0,433.0,115.0,49795.0,3.765217391304348,115.0,0,0,0,0
C1262131_V00_F00005_58240c4b-7399-4209-b4ad-aa1acbc0a86a.jpg,C,C1262131,yiwuyaru,1740.0,1119.0,2027.0,1362.0,287.0,243.0,69741.0,1.1810699588477367,243.0,0,0,0,0
C1262244_V02_F00001_657c03ab-3ade-4df7-925a-8eadf348d651.jpg,C,C1262244,yanghuatiepi,2006.0,1461.0,2081.0,1495.0,75.0,34.0,2550.0,2.2058823529411766,34.0,0,0,0,0
C1262244_V02_F00001_657c03ab-3ade-4df7-925a-8eadf348d651.jpg,C,C1262244,yiwuyaru,3922.0,1011.0,4042.0,1096.0,120.0,85.0,10200.0,1.411764705882353,85.0,0,0,0,0
C1262244_V03_F00001_ffafb366-b039-4003-9702-f2145e48d251.jpg,C,C1262244,jieba,582.0,668.0,676.0,786.0,94.0,118.0,11092.0,1.2553191489361701,94.0,0,0,0,0
C1262244_V03_F00001_ffafb366-b039-4003-9702-f2145e48d251.jpg,C,C1262244,yiwuyaru,394.0,1016.0,517.0,1103.0,123.0,87.0,10701.0,1.4137931034482758,87.0,0,0,0,0
C1262283_V02_F00008_e52ddf1f-6bb6-4d8f-83cb-88a2edc0bb98.jpg,C,C1262283,jieba,2576.0,1362.0,2635.0,1465.0,59.0,103.0,6077.0,1.7457627118644068,59.0,0,0,0,0
C1262391_V02_F00008_0ae6ee3f-0a39-40d5-9383-19742efd883a.jpg,C,C1262391,yiwuyaru,1665.0,618.0,1752.0,681.0,87.0,63.0,5481.0,1.380952380952381,63.0,0,0,0,0
C1262407_V02_F00019_264a898b-2277-4302-8aff-ff8dec23df58.jpg,C,C1262407,jieba,2800.0,2820.0,2873.0,2859.0,73.0,39.0,2847.0,1.8717948717948718,39.0,0,0,0,0
C1262407_V02_F00019_264a898b-2277-4302-8aff-ff8dec23df58.jpg,C,C1262407,jieba,2962.0,2618.0,3009.0,2674.0,47.0,56.0,2632.0,1.1914893617021276,47.0,0,0,0,0
C1262466_V00_F00003_43421b61-d21d-4da5-a7f4-36a4df45ef20.jpg,C,C1262466,yiwuyaru,1600.0,414.0,1778.0,706.0,178.0,292.0,51976.0,1.6404494382022472,178.0,0,0,0,0
C1262469_V00_F00000_ce31e9e7-a206-47a2-86b3-8f27147e580c.jpg,C,C1262469,jieba,3028.0,2925.0,3092.0,2980.0,64.0,55.0,3520.0,1.1636363636363636,55.0,0,0,0,0
C1262469_V00_F00001_2da1a850-6fdd-4c4d-b6ab-acb0f3dd1242.jpg,C,C1262469,jieba,2433.0,471.0,2514.0,534.0,81.0,63.0,5103.0,1.2857142857142858,63.0,0,0,0,0
C1262469_V00_F00001_2da1a850-6fdd-4c4d-b6ab-acb0f3dd1242.jpg,C,C1262469,jieba,2300.0,1050.0,2331.0,1078.0,31.0,28.0,868.0,1.1071428571428572,28.0,0,0,0,0
C1262469_V00_F00001_2da1a850-6fdd-4c4d-b6ab-acb0f3dd1242.jpg,C,C1262469,jieba,2298.0,1049.0,2326.0,1078.0,28.0,29.0,812.0,1.0357142857142858,28.0,0,0,0,0
C1262484_V02_F00009_9ee6e1f6-3972-4789-a0e4-0133ed8b801a.jpg,C,C1262484,jiaza,3572.0,2717.0,3590.0,2793.0,18.0,76.0,1368.0,4.222222222222222,18.0,0,0,0,0
C1262531_V00_F00004_49eb12e2-fec3-4194-850d-2c08124bc760.jpg,C,C1262531,jieba,3073.0,2798.0,3159.0,2886.0,86.0,88.0,7568.0,1.0232558139534884,86.0,0,0,0,0
C1262539_V01_F00007_d6019b4f-5802-48f9-94d0-f90df9a36aef.jpg,C,C1262539,jiaza,3376.0,2699.0,3402.0,2925.0,26.0,226.0,5876.0,8.692307692307692,26.0,0,0,1,0
C1262596_V12_F00004_6e4012d7-c8c3-4e46-9145-50e7b6cc9e33.jpg,C,C1262596,jieba,3108.0,1248.0,3167.0,1378.0,59.0,130.0,7670.0,2.2033898305084745,59.0,0,0,0,0
C1262608_V11_F00002_d95374a3-5f07-4270-8d39-2f4675abe3bc.jpg,C,C1262608,yiwuyaru,3353.0,1334.0,3394.0,1526.0,41.0,192.0,7872.0,4.682926829268292,41.0,0,0,0,0
C1262639_V01_F00008_a983882f-c258-4924-a722-761850a6a4d0.jpg,C,C1262639,jieba,3676.0,455.0,3759.0,538.0,83.0,83.0,6889.0,1.0,83.0,0,0,0,0
C1262639_V01_F00008_a983882f-c258-4924-a722-761850a6a4d0.jpg,C,C1262639,jieba,3519.0,157.0,3613.0,235.0,94.0,78.0,7332.0,1.205128205128205,78.0,0,0,0,0
C1262639_V02_F00008_cbcb82a1-681f-4692-93b6-5a2ae8e2262c.jpg,C,C1262639,jieba,270.0,441.0,345.0,521.0,75.0,80.0,6000.0,1.0666666666666667,75.0,0,0,0,0
C1262639_V02_F00008_cbcb82a1-681f-4692-93b6-5a2ae8e2262c.jpg,C,C1262639,jieba,115.0,142.0,213.0,214.0,98.0,72.0,7056.0,1.3611111111111112,72.0,0,0,0,0
C1262690_V02_F00009_5b60de1e-0f87-463f-ae1f-473ed8913ea2.jpg,C,C1262690,yiwuyaru,3852.0,2633.0,4021.0,2877.0,169.0,244.0,41236.0,1.4437869822485208,169.0,0,0,0,0
C1262775_V00_F00000_ba88a758-e40b-46d4-a72c-e39dd8e1c574.jpg,C,C1262775,jieba,1058.0,2761.0,1124.0,2842.0,66.0,81.0,5346.0,1.2272727272727273,66.0,0,0,0,0
C1262775_V00_F00000_ba88a758-e40b-46d4-a72c-e39dd8e1c574.jpg,C,C1262775,yanghuatiepi,1691.0,2558.0,1785.0,2579.0,94.0,21.0,1974.0,4.476190476190476,21.0,0,0,0,0
C1262783_V00_F00002_7815444a-eb46-446a-a3ae-44100def5734.jpg,C,C1262783,jieba,3103.0,2466.0,3155.0,2531.0,52.0,65.0,3380.0,1.25,52.0,0,0,0,0
C1262847_V03_F00001_d923e1f8-c5bf-4d1b-afa4-f038b0d6b3c8.jpg,C,C1262847,yiwuyaru,1915.0,2706.0,1996.0,2773.0,81.0,67.0,5427.0,1.208955223880597,67.0,0,0,0,0
C1262847_V03_F00001_d923e1f8-c5bf-4d1b-afa4-f038b0d6b3c8.jpg,C,C1262847,jieba,1417.0,1397.0,1437.0,1474.0,20.0,77.0,1540.0,3.85,20.0,0,0,0,0
C1262953_V13_F00003_eaf8cdb8-1332-4843-94c1-b0e8d89f3b52.jpg,C,C1262953,jieba,2300.0,803.0,2369.0,890.0,69.0,87.0,6003.0,1.2608695652173914,69.0,0,0,0,0
C1262953_V13_F00003_eaf8cdb8-1332-4843-94c1-b0e8d89f3b52.jpg,C,C1262953,jieba,775.0,58.0,830.0,179.0,55.0,121.0,6655.0,2.2,55.0,0,0,0,0
C1262953_V13_F00003_eaf8cdb8-1332-4843-94c1-b0e8d89f3b52.jpg,C,C1262953,yiwuyaru,823.0,2208.0,879.0,2248.0,56.0,40.0,2240.0,1.4,40.0,0,0,0,0
C1262982_V12_F00002_d2c28aba-db48-4ff3-bc3d-65d0630335b0.jpg,C,C1262982,jieba,3409.0,1609.0,3482.0,1744.0,73.0,135.0,9855.0,1.8493150684931507,73.0,0,0,0,0
C1262982_V12_F00002_d2c28aba-db48-4ff3-bc3d-65d0630335b0.jpg,C,C1262982,jieba,3489.0,1647.0,3524.0,1773.0,35.0,126.0,4410.0,3.6,35.0,0,0,0,0
C1262982_V13_F00002_1ccc3570-d687-4b97-9df4-336d628b1235.jpg,C,C1262982,jieba,2617.0,1548.0,2671.0,1628.0,54.0,80.0,4320.0,1.4814814814814814,54.0,0,0,0,0
C1262982_V13_F00002_1ccc3570-d687-4b97-9df4-336d628b1235.jpg,C,C1262982,jieba,2827.0,169.0,2876.0,256.0,49.0,87.0,4263.0,1.7755102040816326,49.0,0,0,0,0
C1262982_V13_F00002_1ccc3570-d687-4b97-9df4-336d628b1235.jpg,C,C1262982,jieba,2613.0,1104.0,2628.0,1147.0,15.0,43.0,645.0,2.8666666666666667,15.0,1,0,0,0
C1262982_V13_F00002_1ccc3570-d687-4b97-9df4-336d628b1235.jpg,C,C1262982,jieba,2564.0,1421.0,2600.0,1516.0,36.0,95.0,3420.0,2.638888888888889,36.0,0,0,0,0
C1262982_V13_F00002_1ccc3570-d687-4b97-9df4-336d628b1235.jpg,C,C1262982,jieba,2563.0,1484.0,2598.0,1527.0,35.0,43.0,1505.0,1.2285714285714286,35.0,0,0,0,0
C1262982_V13_F00002_1ccc3570-d687-4b97-9df4-336d628b1235.jpg,C,C1262982,jieba,1649.0,1660.0,1699.0,1705.0,50.0,45.0,2250.0,1.1111111111111112,45.0,0,0,0,0
C1262982_V13_F00002_1ccc3570-d687-4b97-9df4-336d628b1235.jpg,C,C1262982,yiwuyaru,540.0,1641.0,574.0,1773.0,34.0,132.0,4488.0,3.8823529411764706,34.0,0,0,0,0
C1262982_V13_F00002_1ccc3570-d687-4b97-9df4-336d628b1235.jpg,C,C1262982,yiwuyaru,461.0,1601.0,534.0,1758.0,73.0,157.0,11461.0,2.1506849315068495,73.0,0,0,0,0
C1263142_V01_F00001_25742919-b706-4e1a-8e59-c6c46d659d2d.jpg,C,C1263142,jieba,1357.0,1617.0,1447.0,1710.0,90.0,93.0,8370.0,1.0333333333333334,90.0,0,0,0,0
C1263142_V01_F00001_25742919-b706-4e1a-8e59-c6c46d659d2d.jpg,C,C1263142,jieba,1545.0,1861.0,1664.0,1933.0,119.0,72.0,8568.0,1.6527777777777777,72.0,0,0,0,0
C1263178_V11_F00001_affed22c-94db-4573-850d-aeeeb7efe92e.jpg,C,C1263178,jieba,3294.0,1642.0,3342.0,1702.0,48.0,60.0,2880.0,1.25,48.0,0,0,0,0
C1263228_V03_F00000_f99167a6-2713-47e1-a825-740c1fb9f2c1.jpg,C,C1263228,jieba,425.0,2427.0,492.0,2586.0,67.0,159.0,10653.0,2.373134328358209,67.0,0,0,0,0
C1263228_V03_F00000_f99167a6-2713-47e1-a825-740c1fb9f2c1.jpg,C,C1263228,jieba,356.0,2427.0,412.0,2458.0,56.0,31.0,1736.0,1.8064516129032258,31.0,0,0,0,0
C1263232_V10_F00000_54ef7f5a-da6d-4ef4-9070-58b30d209a77.jpg,C,C1263232,jieba,3643.0,2396.0,3864.0,2530.0,221.0,134.0,29614.0,1.6492537313432836,134.0,0,0,0,0
C1263498_V10_F00001_70cf32cb-6f84-4e6c-8abf-ff6bbfc2bc2d.jpg,C,C1263498,jieba,2787.0,1049.0,2919.0,1490.0,132.0,441.0,58212.0,3.340909090909091,132.0,0,0,0,0
C1264124_V02_F00007_cf79b162-03a6-4f9f-a6b0-f5829abc6b71.jpg,C,C1264124,yanghuatiepi,1223.0,73.0,1237.0,116.0,14.0,43.0,602.0,3.0714285714285716,14.0,1,0,0,0
C1264124_V02_F00007_cf79b162-03a6-4f9f-a6b0-f5829abc6b71.jpg,C,C1264124,jieba,3079.0,781.0,3160.0,870.0,81.0,89.0,7209.0,1.0987654320987654,81.0,0,0,0,0
C1264124_V02_F00007_cf79b162-03a6-4f9f-a6b0-f5829abc6b71.jpg,C,C1264124,jieba,3619.0,802.0,3663.0,864.0,44.0,62.0,2728.0,1.4090909090909092,44.0,0,0,0,0
C1264298_V01_F00008_97caa284-4ba2-45c0-8377-9766ad55c2f9.jpg,C,C1264298,jieba,1827.0,1315.0,1872.0,1378.0,45.0,63.0,2835.0,1.4,45.0,0,0,0,0
C1264398_V01_F00014_4ae40bc9-67f1-4db3-8dab-7f5def2c101e.jpg,C,C1264398,zonglie,579.0,103.0,617.0,555.0,38.0,452.0,17176.0,11.894736842105264,38.0,0,0,1,0
C1264398_V01_F00014_4ae40bc9-67f1-4db3-8dab-7f5def2c101e.jpg,C,C1264398,zonglie,3215.0,1484.0,3277.0,3000.0,62.0,1516.0,93992.0,24.451612903225808,62.0,0,0,1,1
C1264398_V01_F00014_4ae40bc9-67f1-4db3-8dab-7f5def2c101e.jpg,C,C1264398,zonglie,3233.0,1204.0,3273.0,1516.0,40.0,312.0,12480.0,7.8,40.0,0,0,1,0
C1264398_V01_F00026_e8df472c-15f4-4925-aa9e-405f03971352.jpg,C,C1264398,zonglie,3280.0,508.0,3329.0,1150.0,49.0,642.0,31458.0,13.10204081632653,49.0,0,0,1,0
C1264398_V01_F00026_e8df472c-15f4-4925-aa9e-405f03971352.jpg,C,C1264398,zonglie,3253.0,1713.0,3297.0,2320.0,44.0,607.0,26708.0,13.795454545454545,44.0,0,0,1,0
C1264398_V01_F00026_e8df472c-15f4-4925-aa9e-405f03971352.jpg,C,C1264398,jiaza,2497.0,2102.0,2520.0,2167.0,23.0,65.0,1495.0,2.8260869565217392,23.0,0,0,0,0
C1264398_V01_F00026_e8df472c-15f4-4925-aa9e-405f03971352.jpg,C,C1264398,zonglie,3253.0,1101.0,3293.0,1539.0,40.0,438.0,17520.0,10.95,40.0,0,0,1,0
C1264398_V01_F00026_e8df472c-15f4-4925-aa9e-405f03971352.jpg,C,C1264398,zonglie,3213.0,2669.0,3233.0,2772.0,20.0,103.0,2060.0,5.15,20.0,0,0,1,0
C1264398_V01_F00028_ac5bc3a8-2a42-4432-abd4-61cc3ec15953.jpg,C,C1264398,zonglie,3207.0,2092.0,3236.0,2693.0,29.0,601.0,17429.0,20.724137931034484,29.0,0,0,1,0
C1264398_V01_F00028_ac5bc3a8-2a42-4432-abd4-61cc3ec15953.jpg,C,C1264398,zonglie,2998.0,1318.0,3023.0,1527.0,25.0,209.0,5225.0,8.36,25.0,0,0,1,0
C1264398_V01_F00028_ac5bc3a8-2a42-4432-abd4-61cc3ec15953.jpg,C,C1264398,zonglie,3496.0,995.0,3521.0,1291.0,25.0,296.0,7400.0,11.84,25.0,0,0,1,0
C1264398_V01_F00029_ff4d947c-8dfc-43d7-997c-5e9ffcf8c3d4.jpg,C,C1264398,zonglie,3460.0,1484.0,3505.0,1753.0,45.0,269.0,12105.0,5.977777777777778,45.0,0,0,1,0
C1264398_V01_F00029_ff4d947c-8dfc-43d7-997c-5e9ffcf8c3d4.jpg,C,C1264398,zonglie,3464.0,1098.0,3506.0,1514.0,42.0,416.0,17472.0,9.904761904761905,42.0,0,0,1,0
C1264398_V01_F00029_ff4d947c-8dfc-43d7-997c-5e9ffcf8c3d4.jpg,C,C1264398,zonglie,3483.0,761.0,3520.0,956.0,37.0,195.0,7215.0,5.27027027027027,37.0,0,0,1,0
C1264398_V01_F00032_f50b8213-dda3-4254-8348-8b930041190f.jpg,C,C1264398,zonglie,3476.0,1.0,3527.0,831.0,51.0,830.0,42330.0,16.274509803921568,51.0,0,0,1,1
C1264502_V11_F00002_3d9c0ce6-34b3-4ce2-abab-d2e6e3dd646c.jpg,C,C1264502,yiwuyaru,107.0,1673.0,186.0,1825.0,79.0,152.0,12008.0,1.9240506329113924,79.0,0,0,0,0
C1264502_V11_F00002_3d9c0ce6-34b3-4ce2-abab-d2e6e3dd646c.jpg,C,C1264502,jieba,623.0,1503.0,674.0,1576.0,51.0,73.0,3723.0,1.4313725490196079,51.0,0,0,0,0
C1264502_V12_F00003_22655db0-966e-4378-863e-502d25cb50ec.jpg,C,C1264502,jieba,1814.0,1509.0,1850.0,1714.0,36.0,205.0,7380.0,5.694444444444445,36.0,0,0,1,0
C1264502_V12_F00003_22655db0-966e-4378-863e-502d25cb50ec.jpg,C,C1264502,yiwuyaru,3365.0,2804.0,3543.0,3000.0,178.0,196.0,34888.0,1.101123595505618,178.0,0,0,0,1
C1264877_V00_F00001_3e4ab89c-87b2-44bb-84a7-706355c344ac.jpg,C,C1264877,mamianmakeng,2030.0,1780.0,2153.0,1872.0,123.0,92.0,11316.0,1.3369565217391304,92.0,0,0,0,0
C1264877_V00_F00001_3e4ab89c-87b2-44bb-84a7-706355c344ac.jpg,C,C1264877,mamianmakeng,2055.0,1707.0,2090.0,1732.0,35.0,25.0,875.0,1.4,25.0,0,0,0,0
C1264877_V00_F00001_3e4ab89c-87b2-44bb-84a7-706355c344ac.jpg,C,C1264877,mamianmakeng,2167.0,1650.0,2223.0,1704.0,56.0,54.0,3024.0,1.037037037037037,54.0,0,0,0,0
C1264877_V00_F00001_3e4ab89c-87b2-44bb-84a7-706355c344ac.jpg,C,C1264877,mamianmakeng,1195.0,1633.0,1234.0,1725.0,39.0,92.0,3588.0,2.358974358974359,39.0,0,0,0,0
C1264884_V01_F00005_01b68913-1709-4491-9238-8f8f996a2123.jpg,C,C1264884,mamianmakeng,1785.0,389.0,1820.0,421.0,35.0,32.0,1120.0,1.09375,32.0,0,0,0,0
C1264937_V12_F00006_dbb0918d-09ca-4f36-ab2b-a97327e2386d.jpg,C,C1264937,yiwuyaru,3083.0,370.0,3240.0,436.0,157.0,66.0,10362.0,2.378787878787879,66.0,0,0,0,0
C1264937_V12_F00006_dbb0918d-09ca-4f36-ab2b-a97327e2386d.jpg,C,C1264937,huashang,179.0,1.0,253.0,1136.0,74.0,1135.0,83990.0,15.337837837837839,74.0,0,0,1,1
C1264937_V12_F00006_dbb0918d-09ca-4f36-ab2b-a97327e2386d.jpg,C,C1264937,huashang,685.0,1.0,771.0,719.0,86.0,718.0,61748.0,8.348837209302326,86.0,0,0,1,1
C1264937_V12_F00006_dbb0918d-09ca-4f36-ab2b-a97327e2386d.jpg,C,C1264937,huashang,830.0,35.0,899.0,674.0,69.0,639.0,44091.0,9.26086956521739,69.0,0,0,1,0
C1264937_V12_F00006_dbb0918d-09ca-4f36-ab2b-a97327e2386d.jpg,C,C1264937,huashang,1252.0,457.0,1297.0,1039.0,45.0,582.0,26190.0,12.933333333333334,45.0,0,0,1,0
C1264937_V12_F00006_dbb0918d-09ca-4f36-ab2b-a97327e2386d.jpg,C,C1264937,jieba,1243.0,869.0,1287.0,931.0,44.0,62.0,2728.0,1.4090909090909092,44.0,0,0,0,0
C1264937_V12_F00006_dbb0918d-09ca-4f36-ab2b-a97327e2386d.jpg,C,C1264937,huashang,3511.0,143.0,3526.0,509.0,15.0,366.0,5490.0,24.4,15.0,1,0,1,0
C1264937_V12_F00006_dbb0918d-09ca-4f36-ab2b-a97327e2386d.jpg,C,C1264937,huashang,3528.0,487.0,3552.0,893.0,24.0,406.0,9744.0,16.916666666666668,24.0,0,0,1,0
C1264937_V12_F00006_dbb0918d-09ca-4f36-ab2b-a97327e2386d.jpg,C,C1264937,huashang,3050.0,1.0,3141.0,1511.0,91.0,1510.0,137410.0,16.593406593406595,91.0,0,0,1,1
C1265029_V01_F00005_f1268278-684d-45f5-b694-29c3515b9333.jpg,C,C1265029,jieba,989.0,740.0,1054.0,833.0,65.0,93.0,6045.0,1.4307692307692308,65.0,0,0,0,0
C1265029_V01_F00008_98363a41-36ed-4460-aaf0-2d0f3e0cf800.jpg,C,C1265029,yiwuyaru,1677.0,2563.0,1813.0,2681.0,136.0,118.0,16048.0,1.152542372881356,118.0,0,0,0,0
C1265111_V10_F00000_1566f424-f469-44d2-b1ce-36ef48bb0060.jpg,C,C1265111,jieba,2970.0,2726.0,3100.0,2996.0,130.0,270.0,35100.0,2.076923076923077,130.0,0,0,0,1
C1265128_V12_F00002_e8669fbf-0aa5-44d2-96d9-a25821dbca5b.jpg,C,C1265128,yiwuyaru,1725.0,2817.0,1839.0,2948.0,114.0,131.0,14934.0,1.1491228070175439,114.0,0,0,0,0
C1265194_V01_F00005_4a645f9d-67f6-4467-a1aa-a6c5e761cd98.jpg,C,C1265194,yiwuyaru,1801.0,532.0,1851.0,588.0,50.0,56.0,2800.0,1.12,50.0,0,0,0,0
C1265199_V00_F00001_d0a0e4d0-cc65-4e54-a64d-afa41dfcf910.jpg,C,C1265199,yiwuyaru,3838.0,1580.0,3878.0,1635.0,40.0,55.0,2200.0,1.375,40.0,0,0,0,0
C1265199_V01_F00001_11d2615a-efb0-41d9-83af-4e0b27f9da3d.jpg,C,C1265199,yiwuyaru,431.0,1590.0,471.0,1644.0,40.0,54.0,2160.0,1.35,40.0,0,0,0,0
C1265201_V13_F00003_69bead18-0521-4b4c-9915-dccb8288fc81.jpg,C,C1265201,yiwuyaru,1118.0,2589.0,1197.0,2639.0,79.0,50.0,3950.0,1.58,50.0,0,0,0,0
C1265203_V10_F00003_47139c96-60f0-4678-8786-df3bf1ed910d.jpg,C,C1265203,yiwuyaru,3204.0,1929.0,3306.0,2034.0,102.0,105.0,10710.0,1.0294117647058822,102.0,0,0,0,0
C1265203_V11_F00003_18e8add4-97dd-43a2-8cb5-adcb01c88b25.jpg,C,C1265203,yiwuyaru,209.0,1896.0,310.0,2006.0,101.0,110.0,11110.0,1.0891089108910892,101.0,0,0,0,0
C1265224_V13_F00003_92fbdca6-2d8a-4ae1-9852-66fcb1419a52.jpg,C,C1265224,jieba,2302.0,488.0,2427.0,635.0,125.0,147.0,18375.0,1.176,125.0,0,0,0,0
C1265380_V10_F00000_7be60d3b-a83a-4efa-9ec3-0c907a7fa267.jpg,C,C1265380,jieba,3636.0,2112.0,3665.0,2172.0,29.0,60.0,1740.0,2.0689655172413794,29.0,0,0,0,0
C1265403_V00_F00002_8b5d6869-f8ce-4d1e-92fd-32d38a5f0296.jpg,C,C1265403,yiwuyaru,2201.0,1942.0,2226.0,1960.0,25.0,18.0,450.0,1.3888888888888888,18.0,0,0,0,0
C1265423_V12_F00003_8fc9dfb2-9e75-470e-917a-5a4e5a7da814.jpg,C,C1265423,jieba,52.0,2414.0,219.0,2637.0,167.0,223.0,37241.0,1.3353293413173652,167.0,0,0,0,0
C1265423_V12_F00003_8fc9dfb2-9e75-470e-917a-5a4e5a7da814.jpg,C,C1265423,jieba,1420.0,2497.0,1480.0,2651.0,60.0,154.0,9240.0,2.566666666666667,60.0,0,0,0,0
C1265425_V01_F00006_3d0f3925-a58a-43a1-97f1-0fd43421331d.jpg,C,C1265425,mamianmakeng,1504.0,229.0,1553.0,275.0,49.0,46.0,2254.0,1.065217391304348,46.0,0,0,0,0
C1265510_V01_F00008_d0b9abdf-b0db-4fe0-9651-516d705184b7.jpg,C,C1265510,mamianmakeng,1486.0,891.0,1520.0,925.0,34.0,34.0,1156.0,1.0,34.0,0,0,0,0
C1265609_V10_F00001_99d79b4d-672a-48ae-b4e8-47f19e8d8ca7.jpg,C,C1265609,jieba,3578.0,903.0,3948.0,1405.0,370.0,502.0,185740.0,1.3567567567567567,370.0,0,0,0,0
C1265736_V00_F00006_e86e4ea4-5794-4440-b4ac-39e2bc5e5e3f.jpg,C,C1265736,jieba,1892.0,224.0,1943.0,293.0,51.0,69.0,3519.0,1.3529411764705883,51.0,0,0,0,0
C1265771_V02_F00011_123b96c0-64fe-4ad6-92cd-dfb1474d852c.jpg,C,C1265771,mamianmakeng,1097.0,1155.0,1142.0,1210.0,45.0,55.0,2475.0,1.2222222222222223,45.0,0,0,0,0
C1265818_V10_F00001_a40e9860-4187-4acb-ad66-0d141f0d4f9a.jpg,C,C1265818,jieba,1937.0,714.0,2021.0,836.0,84.0,122.0,10248.0,1.4523809523809523,84.0,0,0,0,0
C1265818_V13_F00001_3713e5aa-55d0-45d7-a935-9ddeb55359fd.jpg,C,C1265818,jieba,2852.0,580.0,2944.0,698.0,92.0,118.0,10856.0,1.2826086956521738,92.0,0,0,0,0
C1265818_V13_F00001_3713e5aa-55d0-45d7-a935-9ddeb55359fd.jpg,C,C1265818,jieba,2943.0,649.0,3008.0,761.0,65.0,112.0,7280.0,1.7230769230769232,65.0,0,0,0,0
C1266019_V02_F00000_2b91989d-31cb-4198-bce5-54bbc72e9078.jpg,C,C1266019,jieba,681.0,2518.0,747.0,2640.0,66.0,122.0,8052.0,1.8484848484848484,66.0,0,0,0,0
C1266042_V13_F00000_edc3a2cb-4e52-404c-b538-7d614673c6a4.jpg,C,C1266042,yiwuyaru,2728.0,1736.0,2811.0,1865.0,83.0,129.0,10707.0,1.5542168674698795,83.0,0,0,0,0
C1266122_V01_F00010_49af1b95-c687-4fba-9d80-82e18a6f7a4c.jpg,C,C1266122,zonglie,2003.0,1.0,2051.0,3000.0,48.0,2999.0,143952.0,62.479166666666664,48.0,0,0,1,1
C1266122_V01_F00011_a73c3276-76df-492e-bc96-d0143abd05d9.jpg,C,C1266122,zonglie,2016.0,1.0,2067.0,3000.0,51.0,2999.0,152949.0,58.80392156862745,51.0,0,0,1,1
C1266152_V00_F00001_cfc32365-695d-4419-b9a7-56c7c7dfbc03.jpg,C,C1266152,jieba,1968.0,2277.0,2057.0,2374.0,89.0,97.0,8633.0,1.0898876404494382,89.0,0,0,0,0
C1266292_V12_F00003_99366444-5565-49c3-ac1e-ed08e38fc2ac.jpg,C,C1266292,jieba,2538.0,180.0,2614.0,482.0,76.0,302.0,22952.0,3.973684210526316,76.0,0,0,0,0
C1266296_V01_F00004_a80f21ee-4a8a-4405-9107-d4f1e5650a85.jpg,C,C1266296,mamianmakeng,668.0,1159.0,736.0,1210.0,68.0,51.0,3468.0,1.3333333333333333,51.0,0,0,0,0
C1266313_V02_F00008_f0be224b-32f0-4375-bef9-47a0299ad91a.jpg,C,C1266313,yiwuyaru,706.0,1673.0,756.0,1712.0,50.0,39.0,1950.0,1.2820512820512822,39.0,0,0,0,0
C1266382_V01_F00000_72949299-9b48-4fe4-9b3d-9a21d4a0cd39.jpg,C,C1266382,jieba,782.0,2969.0,852.0,3000.0,70.0,31.0,2170.0,2.2580645161290325,31.0,0,0,0,1
C1266442_V01_F00002_358ce17c-bb27-436c-8c7a-7658eee2f888.jpg,C,C1266442,yanghuatiepi,1620.0,420.0,1634.0,461.0,14.0,41.0,574.0,2.9285714285714284,14.0,1,0,0,0
C1266442_V01_F00002_358ce17c-bb27-436c-8c7a-7658eee2f888.jpg,C,C1266442,jieba,284.0,1820.0,342.0,1889.0,58.0,69.0,4002.0,1.1896551724137931,58.0,0,0,0,0
C1266470_V01_F00006_1b081354-ee7c-400d-80cb-9199f373f4d8.jpg,C,C1266470,jiaza,1375.0,587.0,1410.0,797.0,35.0,210.0,7350.0,6.0,35.0,0,0,1,0
C1266470_V01_F00006_1b081354-ee7c-400d-80cb-9199f373f4d8.jpg,C,C1266470,jiaza,1430.0,507.0,1469.0,672.0,39.0,165.0,6435.0,4.230769230769231,39.0,0,0,0,0
C1266470_V01_F00006_1b081354-ee7c-400d-80cb-9199f373f4d8.jpg,C,C1266470,jiaza,2320.0,215.0,2334.0,277.0,14.0,62.0,868.0,4.428571428571429,14.0,1,0,0,0
C1266470_V01_F00006_1b081354-ee7c-400d-80cb-9199f373f4d8.jpg,C,C1266470,jiaza,2387.0,657.0,2397.0,692.0,10.0,35.0,350.0,3.5,10.0,1,0,0,0
C1266470_V01_F00006_1b081354-ee7c-400d-80cb-9199f373f4d8.jpg,C,C1266470,jiaza,2513.0,1212.0,2527.0,1275.0,14.0,63.0,882.0,4.5,14.0,1,0,0,0
C1266470_V01_F00006_1b081354-ee7c-400d-80cb-9199f373f4d8.jpg,C,C1266470,jiaza,2482.0,1185.0,2491.0,1225.0,9.0,40.0,360.0,4.444444444444445,9.0,1,0,0,0
C1266470_V01_F00006_1b081354-ee7c-400d-80cb-9199f373f4d8.jpg,C,C1266470,jiaza,1590.0,1929.0,1635.0,2062.0,45.0,133.0,5985.0,2.9555555555555557,45.0,0,0,0,0
C1266470_V01_F00006_1b081354-ee7c-400d-80cb-9199f373f4d8.jpg,C,C1266470,jiaza,1407.0,2622.0,1429.0,2703.0,22.0,81.0,1782.0,3.6818181818181817,22.0,0,0,0,0
C1266470_V02_F00001_cd072ed2-2046-4936-a254-ce5adfd1874a.jpg,C,C1266470,jiaza,2007.0,1929.0,2059.0,2171.0,52.0,242.0,12584.0,4.653846153846154,52.0,0,0,0,0
C1266470_V02_F00001_cd072ed2-2046-4936-a254-ce5adfd1874a.jpg,C,C1266470,jiaza,1272.0,2756.0,1299.0,2829.0,27.0,73.0,1971.0,2.7037037037037037,27.0,0,0,0,0
C1266470_V02_F00001_cd072ed2-2046-4936-a254-ce5adfd1874a.jpg,C,C1266470,jiaza,716.0,2150.0,746.0,2224.0,30.0,74.0,2220.0,2.466666666666667,30.0,0,0,0,0
C1266470_V02_F00001_cd072ed2-2046-4936-a254-ce5adfd1874a.jpg,C,C1266470,jiaza,2294.0,2508.0,2320.0,2609.0,26.0,101.0,2626.0,3.8846153846153846,26.0,0,0,0,0
C1266470_V02_F00001_cd072ed2-2046-4936-a254-ce5adfd1874a.jpg,C,C1266470,jiaza,1619.0,1553.0,1637.0,1618.0,18.0,65.0,1170.0,3.611111111111111,18.0,0,0,0,0
C1266470_V02_F00001_cd072ed2-2046-4936-a254-ce5adfd1874a.jpg,C,C1266470,jiaza,1672.0,2513.0,1691.0,2581.0,19.0,68.0,1292.0,3.5789473684210527,19.0,0,0,0,0
C1266470_V02_F00001_cd072ed2-2046-4936-a254-ce5adfd1874a.jpg,C,C1266470,yanghuatiepi,3500.0,1747.0,3591.0,1790.0,91.0,43.0,3913.0,2.116279069767442,43.0,0,0,0,0
C1266470_V02_F00001_cd072ed2-2046-4936-a254-ce5adfd1874a.jpg,C,C1266470,jiaza,913.0,857.0,929.0,925.0,16.0,68.0,1088.0,4.25,16.0,0,0,0,0
C1266470_V02_F00004_6110a13d-03cf-415c-aa9b-81e2ddc15a35.jpg,C,C1266470,jiaza,934.0,2682.0,1007.0,2911.0,73.0,229.0,16717.0,3.136986301369863,73.0,0,0,0,0
C1266470_V02_F00004_6110a13d-03cf-415c-aa9b-81e2ddc15a35.jpg,C,C1266470,jiaza,1366.0,983.0,1390.0,1107.0,24.0,124.0,2976.0,5.166666666666667,24.0,0,0,1,0
C1266470_V02_F00004_6110a13d-03cf-415c-aa9b-81e2ddc15a35.jpg,C,C1266470,jiaza,977.0,1248.0,1005.0,1337.0,28.0,89.0,2492.0,3.1785714285714284,28.0,0,0,0,0
C1266470_V02_F00004_6110a13d-03cf-415c-aa9b-81e2ddc15a35.jpg,C,C1266470,jiaza,923.0,1551.0,960.0,1677.0,37.0,126.0,4662.0,3.4054054054054053,37.0,0,0,0,0
C1266470_V02_F00004_6110a13d-03cf-415c-aa9b-81e2ddc15a35.jpg,C,C1266470,jiaza,627.0,1268.0,666.0,1391.0,39.0,123.0,4797.0,3.1538461538461537,39.0,0,0,0,0
C1266470_V02_F00004_6110a13d-03cf-415c-aa9b-81e2ddc15a35.jpg,C,C1266470,jiaza,750.0,1238.0,772.0,1334.0,22.0,96.0,2112.0,4.363636363636363,22.0,0,0,0,0
C1266470_V02_F00004_6110a13d-03cf-415c-aa9b-81e2ddc15a35.jpg,C,C1266470,jiaza,367.0,3.0,401.0,135.0,34.0,132.0,4488.0,3.8823529411764706,34.0,0,0,0,1
C1266470_V02_F00004_6110a13d-03cf-415c-aa9b-81e2ddc15a35.jpg,C,C1266470,jiaza,1211.0,482.0,1220.0,562.0,9.0,80.0,720.0,8.88888888888889,9.0,1,0,1,0
C1266470_V02_F00004_6110a13d-03cf-415c-aa9b-81e2ddc15a35.jpg,C,C1266470,jiaza,494.0,676.0,519.0,728.0,25.0,52.0,1300.0,2.08,25.0,0,0,0,0
C1266542_V01_F00008_80e13bc3-f5b7-4a03-be12-0f33313aeda9.jpg,C,C1266542,zonglie,3006.0,141.0,3049.0,519.0,43.0,378.0,16254.0,8.790697674418604,43.0,0,0,1,0
C1266542_V01_F00009_37643df6-c9e9-4a32-9624-6c9d19dd17b8.jpg,C,C1266542,zonglie,3354.0,1411.0,3409.0,3000.0,55.0,1589.0,87395.0,28.89090909090909,55.0,0,0,1,1
C1266542_V01_F00010_0570746c-a5db-4fcd-9de9-7d79f8a7fbc7.jpg,C,C1266542,zonglie,3343.0,1.0,3417.0,2308.0,74.0,2307.0,170718.0,31.175675675675677,74.0,0,0,1,1
C1266543_V01_F00003_92f989be-707c-4e08-8229-e13a6851f7b7.jpg,C,C1266543,zonglie,2318.0,759.0,2343.0,1081.0,25.0,322.0,8050.0,12.88,25.0,0,0,1,0
C1266543_V01_F00003_92f989be-707c-4e08-8229-e13a6851f7b7.jpg,C,C1266543,zonglie,2319.0,1537.0,2338.0,1756.0,19.0,219.0,4161.0,11.526315789473685,19.0,0,0,1,0
C1266548_V00_F00002_cbe95448-5b8f-425a-97dc-f7dd7678a670.jpg,C,C1266548,jieba,3647.0,2000.0,3700.0,2063.0,53.0,63.0,3339.0,1.1886792452830188,53.0,0,0,0,0
C1266548_V01_F00002_221346fb-8682-4fc1-9d45-c69dd9d4c9b0.jpg,C,C1266548,jieba,183.0,2011.0,233.0,2068.0,50.0,57.0,2850.0,1.14,50.0,0,0,0,0
C1266633_V01_F00013_4cb26666-dd74-48a2-b0be-1d04500bc805.jpg,C,C1266633,zonglie,3358.0,1161.0,3397.0,1508.0,39.0,347.0,13533.0,8.897435897435898,39.0,0,0,1,0
C1266642_V01_F00011_81b6d415-7994-46d4-a1c4-222ed9b11a31.jpg,C,C1266642,zonglie,3414.0,624.0,3453.0,1542.0,39.0,918.0,35802.0,23.53846153846154,39.0,0,0,1,0
C1266643_V01_F00001_fa89d778-7782-41a9-bd3a-b5ca2869f4b4.jpg,C,C1266643,zonglie,3337.0,699.0,3382.0,1718.0,45.0,1019.0,45855.0,22.644444444444446,45.0,0,0,1,0
C1266663_V03_F00001_4f45cd0a-dbaf-42fc-873d-34ad81163a62.jpg,C,C1266663,jieba,2572.0,2406.0,2606.0,2445.0,34.0,39.0,1326.0,1.1470588235294117,34.0,0,0,0,0
C1266716_V00_F00008_12add84a-20bf-4d30-aee0-80883dd58bce.jpg,C,C1266716,yiwuyaru,2290.0,344.0,2431.0,436.0,141.0,92.0,12972.0,1.5326086956521738,92.0,0,0,0,0
C1266734_V02_F00009_ec807507-ed3d-49f1-96da-8aa416e2d158.jpg,C,C1266734,jiaza,2907.0,836.0,2970.0,1075.0,63.0,239.0,15057.0,3.7936507936507935,63.0,0,0,0,0
C1266736_V02_F00008_5f848b4e-a3cc-4a05-b9d1-d9e09ccceafb.jpg,C,C1266736,yiwuyaru,3375.0,1670.0,3437.0,1729.0,62.0,59.0,3658.0,1.0508474576271187,59.0,0,0,0,0
C1266800_V00_F00003_7a260541-0f50-4a5d-bb39-b376ff33b6cb.jpg,C,C1266800,mamianmakeng,2019.0,2082.0,2134.0,2144.0,115.0,62.0,7130.0,1.8548387096774193,62.0,0,0,0,0
C1266830_V10_F00001_0c6b2c18-0d46-4b3a-a70a-716a55aa8549.jpg,C,C1266830,jieba,3501.0,1265.0,3535.0,1295.0,34.0,30.0,1020.0,1.1333333333333333,30.0,0,0,0,0
C1266831_V13_F00007_fe0a8a73-e479-4e2d-9d43-2576c84f59b7.jpg,C,C1266831,jieba,137.0,803.0,225.0,866.0,88.0,63.0,5544.0,1.3968253968253967,63.0,0,0,0,0
C1266840_V01_F00006_5776faea-3476-4ad7-8294-73cfdde0145d.jpg,C,C1266840,zonglie,3091.0,625.0,3136.0,1267.0,45.0,642.0,28890.0,14.266666666666667,45.0,0,0,1,0
C1266876_V00_F00005_5fc65f29-22b8-46b4-b802-33825b41ab40.jpg,C,C1266876,yiwuyaru,986.0,1922.0,1151.0,1971.0,165.0,49.0,8085.0,3.36734693877551,49.0,0,0,0,0
C1266888_V00_F00010_9bdb89a6-4b68-46d3-83d9-ab5321dbc1fa.jpg,C,C1266888,yiwuyaru,977.0,0.0,1354.0,643.0,377.0,643.0,242411.0,1.7055702917771882,377.0,0,0,0,1
C1266899_V13_F00006_ca875c85-5e31-405f-a274-bbdefeca27e5.jpg,C,C1266899,yiwuyaru,2908.0,2874.0,2957.0,2999.0,49.0,125.0,6125.0,2.5510204081632653,49.0,0,0,0,1
C1266903_V13_F00005_37c77e52-0283-433f-8b15-4d4790e7b0a5.jpg,C,C1266903,yiwuyaru,2925.0,1179.0,2965.0,1236.0,40.0,57.0,2280.0,1.425,40.0,0,0,0,0
C1266913_V01_F00008_55b73738-e26c-49d7-8065-fbad25a4fec3.jpg,C,C1266913,zonglie,3060.0,1.0,3108.0,847.0,48.0,846.0,40608.0,17.625,48.0,0,0,1,1
C1266941_V02_F00001_cfdfcfd6-4ddc-45d4-a045-16eb67d0de89.jpg,C,C1266941,yiwuyaru,1143.0,1510.0,1300.0,1572.0,157.0,62.0,9734.0,2.532258064516129,62.0,0,0,0,0
C1266941_V02_F00001_cfdfcfd6-4ddc-45d4-a045-16eb67d0de89.jpg,C,C1266941,jieba,2518.0,1625.0,2582.0,1673.0,64.0,48.0,3072.0,1.3333333333333333,48.0,0,0,0,0
C1266941_V02_F00001_cfdfcfd6-4ddc-45d4-a045-16eb67d0de89.jpg,C,C1266941,yanghuatiepi,3494.0,2736.0,3539.0,2780.0,45.0,44.0,1980.0,1.0227272727272727,44.0,0,0,0,0
C1266941_V02_F00001_cfdfcfd6-4ddc-45d4-a045-16eb67d0de89.jpg,C,C1266941,yanghuatiepi,3964.0,2404.0,3993.0,2443.0,29.0,39.0,1131.0,1.3448275862068966,29.0,0,0,0,0
C1266943_V03_F00011_eddfe8a6-95e6-4540-836c-ab590ae93e17.jpg,C,C1266943,jieba,2801.0,1131.0,2858.0,1218.0,57.0,87.0,4959.0,1.5263157894736843,57.0,0,0,0,0
C1266959_V00_F00014_d780bf82-95fc-44ec-8c73-4b5d5f1cae16.jpg,C,C1266959,jieba,1183.0,1001.0,1237.0,1089.0,54.0,88.0,4752.0,1.6296296296296295,54.0,0,0,0,0
C1266980_V10_F00001_e7aa1a86-a2ff-4327-835c-e04ddfa7a4d7.jpg,C,C1266980,jieba,1916.0,309.0,2094.0,429.0,178.0,120.0,21360.0,1.4833333333333334,120.0,0,0,0,0
C1267018_V03_F00008_aeb3e4f6-0354-40f1-83de-f7bf4b10019e.jpg,C,C1267018,zonglie,2249.0,1484.0,2283.0,2031.0,34.0,547.0,18598.0,16.08823529411765,34.0,0,0,1,0
C1267018_V03_F00008_aeb3e4f6-0354-40f1-83de-f7bf4b10019e.jpg,C,C1267018,jieba,2262.0,2121.0,2289.0,2169.0,27.0,48.0,1296.0,1.7777777777777777,27.0,0,0,0,0
C1267020_V02_F00007_951412ef-d2dc-4535-870a-f52ad8453257.jpg,C,C1267020,zonglie,688.0,1.0,760.0,3000.0,72.0,2999.0,215928.0,41.65277777777778,72.0,0,0,1,1
C1267020_V02_F00008_f477b9e8-4980-4b1a-b742-8cb09b3de3a4.jpg,C,C1267020,zonglie,748.0,230.0,781.0,413.0,33.0,183.0,6039.0,5.545454545454546,33.0,0,0,1,0
C1267020_V02_F00008_f477b9e8-4980-4b1a-b742-8cb09b3de3a4.jpg,C,C1267020,zonglie,747.0,1.0,776.0,160.0,29.0,159.0,4611.0,5.482758620689655,29.0,0,0,1,1
C1267020_V02_F00008_f477b9e8-4980-4b1a-b742-8cb09b3de3a4.jpg,C,C1267020,zonglie,744.0,557.0,773.0,702.0,29.0,145.0,4205.0,5.0,29.0,0,0,1,0
C1267166_V00_F00006_566b6636-7391-480e-9ce9-f43418498149.jpg,C,C1267166,jieba,1610.0,2585.0,1679.0,2628.0,69.0,43.0,2967.0,1.6046511627906976,43.0,0,0,0,0
C1267178_V00_F00001_c887f2f6-a22e-46c2-83aa-3d351dbad6e8.jpg,C,C1267178,yanghuatiepi,2536.0,2780.0,2564.0,2847.0,28.0,67.0,1876.0,2.392857142857143,28.0,0,0,0,0
C1267178_V00_F00001_c887f2f6-a22e-46c2-83aa-3d351dbad6e8.jpg,C,C1267178,yanghuatiepi,1997.0,172.0,2047.0,210.0,50.0,38.0,1900.0,1.3157894736842106,38.0,0,0,0,0
C1267178_V00_F00001_c887f2f6-a22e-46c2-83aa-3d351dbad6e8.jpg,C,C1267178,yanghuatiepi,1452.0,381.0,1478.0,418.0,26.0,37.0,962.0,1.4230769230769231,26.0,0,0,0,0
C1267178_V00_F00001_c887f2f6-a22e-46c2-83aa-3d351dbad6e8.jpg,C,C1267178,yanghuatiepi,1305.0,39.0,1349.0,69.0,44.0,30.0,1320.0,1.4666666666666666,30.0,0,0,0,0
C1267178_V00_F00001_c887f2f6-a22e-46c2-83aa-3d351dbad6e8.jpg,C,C1267178,jieba,3799.0,986.0,3868.0,1063.0,69.0,77.0,5313.0,1.1159420289855073,69.0,0,0,0,0
C1267178_V01_F00004_4b0a778d-7ec9-4612-8b0c-b5c75458cb8b.jpg,C,C1267178,jieba,661.0,2680.0,759.0,2751.0,98.0,71.0,6958.0,1.380281690140845,71.0,0,0,0,0
C1267184_V02_F00011_daa724ab-e115-42ba-ba56-28392110aa10.jpg,C,C1267184,jiaza,2948.0,1088.0,2966.0,1154.0,18.0,66.0,1188.0,3.6666666666666665,18.0,0,0,0,0
C1267209_V00_F00004_40539414-2553-41e1-8d5b-013abd7ce19b.jpg,C,C1267209,jieba,2752.0,993.0,2828.0,1111.0,76.0,118.0,8968.0,1.5526315789473684,76.0,0,0,0,0
C1267247_V02_F00002_72354ca5-c1a0-480f-8c7a-def5cf9f17d3.jpg,C,C1267247,zonglie,1063.0,1.0,1107.0,703.0,44.0,702.0,30888.0,15.954545454545455,44.0,0,0,1,1
C1267247_V02_F00002_72354ca5-c1a0-480f-8c7a-def5cf9f17d3.jpg,C,C1267247,zonglie,1078.0,2519.0,1122.0,2971.0,44.0,452.0,19888.0,10.272727272727273,44.0,0,0,1,0
C1267248_V01_F00006_4f250fb3-f9a8-4a0f-b8b5-a1218617fa7e.jpg,C,C1267248,zonglie,2353.0,1287.0,2384.0,2052.0,31.0,765.0,23715.0,24.677419354838708,31.0,0,0,1,0
C1267249_V01_F00001_73b5a791-4a40-479a-9711-377e14f36d32.jpg,C,C1267249,zonglie,1800.0,714.0,1855.0,2596.0,55.0,1882.0,103510.0,34.21818181818182,55.0,0,0,1,0
C1267249_V01_F00008_12a43c39-1966-4a33-b267-dc21e9a6d928.jpg,C,C1267249,zonglie,1976.0,66.0,2022.0,1574.0,46.0,1508.0,69368.0,32.78260869565217,46.0,0,0,1,0
C1267251_V01_F00008_3f2cbf39-1848-4cee-a4e1-65b9090a86b5.jpg,C,C1267251,zonglie,1629.0,1098.0,1678.0,1557.0,49.0,459.0,22491.0,9.36734693877551,49.0,0,0,1,0
C1267251_V01_F00008_3f2cbf39-1848-4cee-a4e1-65b9090a86b5.jpg,C,C1267251,zonglie,1636.0,1906.0,1677.0,2381.0,41.0,475.0,19475.0,11.585365853658537,41.0,0,0,1,0
C1267251_V01_F00032_b81fd13b-d9c2-446c-88e0-256ac6ce76ad.jpg,C,C1267251,zonglie,1641.0,2196.0,1675.0,2718.0,34.0,522.0,17748.0,15.352941176470589,34.0,0,0,1,0
C1267251_V01_F00033_aaab1d84-ccc3-4031-a09c-68e6eb40cdee.jpg,C,C1267251,zonglie,1643.0,18.0,1679.0,500.0,36.0,482.0,17352.0,13.38888888888889,36.0,0,0,1,0
C1267271_V01_F00006_25e320f0-0477-4cb8-8cc2-87f8ae42ef49.jpg,C,C1267271,zonglie,1906.0,690.0,1955.0,1397.0,49.0,707.0,34643.0,14.428571428571429,49.0,0,0,1,0
C1267272_V01_F00004_2bd97466-5baa-4204-99ad-51bade406278.jpg,C,C1267272,zonglie,1925.0,2337.0,1951.0,3000.0,26.0,663.0,17238.0,25.5,26.0,0,0,1,1
C1267290_V01_F00004_21108fb1-84f2-4dff-a521-40d8067d4429.jpg,C,C1267290,mamianmakeng,2265.0,1960.0,2312.0,2017.0,47.0,57.0,2679.0,1.2127659574468086,47.0,0,0,0,0
C1267292_V01_F00003_de6f2daa-8b99-410d-994d-71fc4844562c.jpg,C,C1267292,jieba,1.0,479.0,71.0,555.0,70.0,76.0,5320.0,1.0857142857142856,70.0,0,0,0,1
C1267292_V01_F00003_de6f2daa-8b99-410d-994d-71fc4844562c.jpg,C,C1267292,jieba,591.0,1091.0,646.0,1148.0,55.0,57.0,3135.0,1.0363636363636364,55.0,0,0,0,0
C1267292_V01_F00003_de6f2daa-8b99-410d-994d-71fc4844562c.jpg,C,C1267292,jieba,3868.0,1255.0,3896.0,1282.0,28.0,27.0,756.0,1.037037037037037,27.0,0,0,0,0
C1267321_V13_F00000_35fbdbb4-1fee-4099-b5c3-c0a94bf1aedc.jpg,C,C1267321,huashang,113.0,2350.0,153.0,2998.0,40.0,648.0,25920.0,16.2,40.0,0,0,1,1
C1267321_V13_F00000_35fbdbb4-1fee-4099-b5c3-c0a94bf1aedc.jpg,C,C1267321,yiwuyaru,2993.0,2531.0,3045.0,2635.0,52.0,104.0,5408.0,2.0,52.0,0,0,0,0
C1267321_V13_F00000_35fbdbb4-1fee-4099-b5c3-c0a94bf1aedc.jpg,C,C1267321,yiwuyaru,2991.0,2788.0,3042.0,2827.0,51.0,39.0,1989.0,1.3076923076923077,39.0,0,0,0,0
C1267324_V11_F00008_fd0add87-dde7-49d2-8c4b-2fda3892b117.jpg,C,C1267324,jieba,3911.0,2749.0,4080.0,2942.0,169.0,193.0,32617.0,1.1420118343195267,169.0,0,0,0,1
C1267329_V00_F00001_428c7ee9-787c-40d5-9855-2218b22674c2.jpg,C,C1267329,jieba,2096.0,2627.0,2125.0,2673.0,29.0,46.0,1334.0,1.5862068965517242,29.0,0,0,0,0
C1267335_V13_F00003_8ba01bd8-5ba1-4661-a7da-6b91efa1e02a.jpg,C,C1267335,yiwuyaru,2685.0,1717.0,2782.0,1755.0,97.0,38.0,3686.0,2.5526315789473686,38.0,0,0,0,0
C1267341_V02_F00007_ebe5370a-68fa-4feb-bf30-e8d33a4d53db.jpg,C,C1267341,jieba,2635.0,2370.0,2744.0,2439.0,109.0,69.0,7521.0,1.5797101449275361,69.0,0,0,0,0
C1267341_V02_F00007_ebe5370a-68fa-4feb-bf30-e8d33a4d53db.jpg,C,C1267341,yiwuyaru,1363.0,2416.0,1394.0,2430.0,31.0,14.0,434.0,2.2142857142857144,14.0,1,0,0,0
C1267342_V01_F00008_1de4a9f2-979f-4822-9ab8-2cd7fc3bcbab.jpg,C,C1267342,zonglie,2283.0,2071.0,2325.0,3000.0,42.0,929.0,39018.0,22.11904761904762,42.0,0,0,1,1
C1267342_V01_F00009_7247e54f-bcc5-4a98-aeab-ba93a1ab2466.jpg,C,C1267342,zonglie,2289.0,9.0,2352.0,2983.0,63.0,2974.0,187362.0,47.20634920634921,63.0,0,0,1,1
C1267416_V11_F00001_d4271fa3-e87f-48da-b838-e589433adbd1.jpg,C,C1267416,yiwuyaru,2142.0,1155.0,2252.0,1482.0,110.0,327.0,35970.0,2.9727272727272727,110.0,0,0,0,0
C1267417_V12_F00010_91f25bae-2a7d-45f5-90f2-916767013d82.jpg,C,C1267417,jieba,1710.0,1717.0,1824.0,1873.0,114.0,156.0,17784.0,1.368421052631579,114.0,0,0,0,0
C1267431_V12_F00002_40d1f111-f27b-430a-9d65-9c6c460361ea.jpg,C,C1267431,jieba,601.0,1338.0,651.0,1419.0,50.0,81.0,4050.0,1.62,50.0,0,0,0,0
C1267431_V12_F00002_40d1f111-f27b-430a-9d65-9c6c460361ea.jpg,C,C1267431,yiwuyaru,572.0,1773.0,620.0,1843.0,48.0,70.0,3360.0,1.4583333333333333,48.0,0,0,0,0
C1267433_V12_F00011_1aa4efb8-4334-459e-9b4b-b26726a97604.jpg,C,C1267433,jieba,3673.0,2690.0,3706.0,2766.0,33.0,76.0,2508.0,2.303030303030303,33.0,0,0,0,0
C1267433_V13_F00011_ef754cb2-4765-40f9-8ad2-db3bd575dce3.jpg,C,C1267433,jieba,721.0,2692.0,754.0,2766.0,33.0,74.0,2442.0,2.242424242424242,33.0,0,0,0,0
C1267444_V13_F00011_97887f60-086c-40c7-9fcc-6a5e1033dea4.jpg,C,C1267444,yiwuyaru,2932.0,1157.0,2981.0,1488.0,49.0,331.0,16219.0,6.755102040816326,49.0,0,0,1,0
C1267445_V03_F00003_d702ebb9-ce25-462e-ae7e-94a59af555be.jpg,C,C1267445,jieba,2316.0,2191.0,2363.0,2219.0,47.0,28.0,1316.0,1.6785714285714286,28.0,0,0,0,0
C1267445_V03_F00003_d702ebb9-ce25-462e-ae7e-94a59af555be.jpg,C,C1267445,yiwuyaru,2370.0,2784.0,2402.0,2933.0,32.0,149.0,4768.0,4.65625,32.0,0,0,0,0
C1267453_V00_F00001_b2b91085-da8a-4c89-a605-1f9745e49149.jpg,C,C1267453,yanghuatiepi,3941.0,930.0,3963.0,979.0,22.0,49.0,1078.0,2.227272727272727,22.0,0,0,0,0
C1267453_V00_F00001_b2b91085-da8a-4c89-a605-1f9745e49149.jpg,C,C1267453,yanghuatiepi,2254.0,2090.0,2325.0,2143.0,71.0,53.0,3763.0,1.3396226415094339,53.0,0,0,0,0
C1267453_V00_F00001_b2b91085-da8a-4c89-a605-1f9745e49149.jpg,C,C1267453,yiwuyaru,1758.0,1509.0,1857.0,1589.0,99.0,80.0,7920.0,1.2375,80.0,0,0,0,0
C1267468_V03_F00011_2006b648-dea1-44af-9600-64b457faaad9.jpg,C,C1267468,yiwuyaru,257.0,1789.0,2517.0,2285.0,2260.0,496.0,1120960.0,4.556451612903226,496.0,0,0,0,0
C1267468_V03_F00011_7fa4524f-bdd7-4a5a-8792-8525e462cec9.jpg,C,C1267468,yiwuyaru,334.0,1798.0,2511.0,2265.0,2177.0,467.0,1016659.0,4.661670235546039,467.0,0,0,0,0
C1267556_V13_F00004_3517847c-8ad9-49dc-a042-f50cae031e13.jpg,C,C1267556,yiwuyaru,2657.0,1030.0,2981.0,1455.0,324.0,425.0,137700.0,1.3117283950617284,324.0,0,0,0,0
C1267556_V13_F00004_3517847c-8ad9-49dc-a042-f50cae031e13.jpg,C,C1267556,yiwuyaru,2904.0,1452.0,2978.0,1495.0,74.0,43.0,3182.0,1.7209302325581395,43.0,0,0,0,0
C1267564_V03_F00010_c6e94d8c-7db7-45b4-ae50-434961e18b67.jpg,C,C1267564,jieba,2223.0,2470.0,2358.0,2554.0,135.0,84.0,11340.0,1.6071428571428572,84.0,0,0,0,0
C1267564_V03_F00010_c6e94d8c-7db7-45b4-ae50-434961e18b67.jpg,C,C1267564,jieba,2282.0,2798.0,2334.0,2893.0,52.0,95.0,4940.0,1.8269230769230769,52.0,0,0,0,0
C1267564_V03_F00010_c6e94d8c-7db7-45b4-ae50-434961e18b67.jpg,C,C1267564,jieba,2309.0,2747.0,2334.0,2776.0,25.0,29.0,725.0,1.16,25.0,0,0,0,0
C1267662_V11_F00000_6de30ab9-f677-4bd1-94a8-d75e8c5be948.jpg,C,C1267662,huashang,1496.0,2654.0,1519.0,3000.0,23.0,346.0,7958.0,15.043478260869565,23.0,0,0,1,1
C1267662_V11_F00000_6de30ab9-f677-4bd1-94a8-d75e8c5be948.jpg,C,C1267662,huashang,1547.0,2654.0,1568.0,2998.0,21.0,344.0,7224.0,16.38095238095238,21.0,0,0,1,1
C1267662_V11_F00000_6de30ab9-f677-4bd1-94a8-d75e8c5be948.jpg,C,C1267662,huashang,1417.0,2656.0,1436.0,3000.0,19.0,344.0,6536.0,18.105263157894736,19.0,0,0,1,1
C1267763_V02_F00008_a5f6ef17-b002-4974-a61a-1d6ad6b1eeb6.jpg,C,C1267763,jieba,3111.0,672.0,3206.0,724.0,95.0,52.0,4940.0,1.8269230769230769,52.0,0,0,0,0
C1268003_V00_F00004_f66f241a-d03b-47da-9a08-cb376131dc39.jpg,C,C1268003,yiwuyaru,3045.0,94.0,3215.0,453.0,170.0,359.0,61030.0,2.111764705882353,170.0,0,0,0,0
C1268045_V13_F00000_6f43454f-5887-4257-afc4-bafa9986316d.jpg,C,C1268045,yiwuyaru,2789.0,2218.0,2952.0,2272.0,163.0,54.0,8802.0,3.0185185185185186,54.0,0,0,0,0
C1268118_V13_F00009_a2489f81-2893-4a43-a6f0-033ed821fdb6.jpg,C,C1268118,yiwuyaru,2733.0,2498.0,2972.0,2633.0,239.0,135.0,32265.0,1.7703703703703704,135.0,0,0,0,0
C1268119_V02_F00003_64ff857a-10cb-437c-ab23-2f765a4f6cbc.jpg,C,C1268119,jieba,3679.0,302.0,3745.0,347.0,66.0,45.0,2970.0,1.4666666666666666,45.0,0,0,0,0
C1268119_V02_F00003_64ff857a-10cb-437c-ab23-2f765a4f6cbc.jpg,C,C1268119,yiwuyaru,624.0,271.0,645.0,302.0,21.0,31.0,651.0,1.4761904761904763,21.0,0,0,0,0
C1268243_V02_F00002_991ae682-198c-4bb3-9fcf-b2ffb2d3bb80.jpg,C,C1268243,jieba,797.0,2142.0,914.0,2224.0,117.0,82.0,9594.0,1.4268292682926829,82.0,0,0,0,0
C1268273_V02_F00009_e38be029-0550-4691-9f2c-ce5d54675c45.jpg,C,C1268273,yiwuyaru,1104.0,520.0,1280.0,625.0,176.0,105.0,18480.0,1.6761904761904762,105.0,0,0,0,0
C1268276_V03_F00002_937b46b3-37b0-4a97-866d-2a35a0d51f38.jpg,C,C1268276,jieba,310.0,815.0,511.0,1099.0,201.0,284.0,57084.0,1.4129353233830846,201.0,0,0,0,0
C1268276_V03_F00002_937b46b3-37b0-4a97-866d-2a35a0d51f38.jpg,C,C1268276,zonglie,323.0,1632.0,383.0,2151.0,60.0,519.0,31140.0,8.65,60.0,0,0,1,0
C1268397_V01_F00001_9ad25bc8-f173-47e6-af5f-d2ce6f4befc8.jpg,C,C1268397,jieba,1247.0,537.0,1309.0,589.0,62.0,52.0,3224.0,1.1923076923076923,52.0,0,0,0,0
C1268397_V01_F00003_e1dc33a8-e49e-4d1e-a3a1-01a37fd5b839.jpg,C,C1268397,jieba,1221.0,482.0,1286.0,544.0,65.0,62.0,4030.0,1.0483870967741935,62.0,0,0,0,0
C1268404_V00_F00000_216ed0f8-dfbf-41c8-b9a2-b7e676cf4b1d.jpg,C,C1268404,jieba,1874.0,2412.0,1915.0,2480.0,41.0,68.0,2788.0,1.6585365853658536,41.0,0,0,0,0
C1268404_V00_F00000_216ed0f8-dfbf-41c8-b9a2-b7e676cf4b1d.jpg,C,C1268404,yanghuatiepi,2249.0,2716.0,2308.0,2759.0,59.0,43.0,2537.0,1.372093023255814,43.0,0,0,0,0
C1268520_V02_F00007_92af7c57-a453-4f28-a06e-5b9fe3b9ffb0.jpg,C,C1268520,jiaza,1556.0,1457.0,1581.0,1580.0,25.0,123.0,3075.0,4.92,25.0,0,0,0,0
C1268570_V13_F00010_970abf2b-fa53-4381-8951-0ed0c5109381.jpg,C,C1268570,huashang,2026.0,1209.0,2070.0,1545.0,44.0,336.0,14784.0,7.636363636363637,44.0,0,0,1,0
C1268610_V03_F00005_c71ea0a8-082d-492a-b60d-5eb2a187328e.jpg,C,C1268610,jiaza,309.0,960.0,356.0,1142.0,47.0,182.0,8554.0,3.872340425531915,47.0,0,0,0,0
C1268611_V01_F00009_1300f496-4810-4b0a-8111-59fc0648012d.jpg,C,C1268611,jiaza,2800.0,643.0,2820.0,788.0,20.0,145.0,2900.0,7.25,20.0,0,0,1,0
C1268661_V13_F00004_5f1e06d9-843e-4815-bea1-44550d87e1ac.jpg,C,C1268661,yiwuyaru,2868.0,1484.0,2931.0,1748.0,63.0,264.0,16632.0,4.190476190476191,63.0,0,0,0,0
C1268737_V00_F00002_008599ae-e199-4f20-a4f8-4a15144e6dc2.jpg,C,C1268737,jieba,1850.0,775.0,1943.0,845.0,93.0,70.0,6510.0,1.3285714285714285,70.0,0,0,0,0
C1268800_V01_F00005_57192bb9-9bf8-4529-aa71-0344094bb477.jpg,C,C1268800,yiwuyaru,1502.0,1522.0,1653.0,1732.0,151.0,210.0,31710.0,1.390728476821192,151.0,0,0,0,0
C1268800_V01_F00005_57192bb9-9bf8-4529-aa71-0344094bb477.jpg,C,C1268800,yiwuyaru,1636.0,906.0,1700.0,958.0,64.0,52.0,3328.0,1.2307692307692308,52.0,0,0,0,0
C1269171_V00_F00005_d1325c63-907f-4a9f-af03-aced386f40cf.jpg,C,C1269171,yiwuyaru,1846.0,1035.0,2030.0,1520.0,184.0,485.0,89240.0,2.635869565217391,184.0,0,0,0,0
C1269421_V00_F00003_4c4e1635-7896-453e-93d4-5eebd52c7eea.jpg,C,C1269421,yiwuyaru,2988.0,1160.0,3067.0,1190.0,79.0,30.0,2370.0,2.6333333333333333,30.0,0,0,0,0
C1269421_V00_F00003_4c4e1635-7896-453e-93d4-5eebd52c7eea.jpg,C,C1269421,yiwuyaru,3762.0,431.0,3875.0,538.0,113.0,107.0,12091.0,1.0560747663551402,107.0,0,0,0,0
C1269421_V01_F00003_91349264-2e8e-44b2-ab4b-5cc67bbbf780.jpg,C,C1269421,yiwuyaru,348.0,440.0,473.0,546.0,125.0,106.0,13250.0,1.179245283018868,106.0,0,0,0,0
C1269465_V01_F00012_316e50ec-9579-48e2-b71d-0de36af0b5ed.jpg,C,C1269465,mamianmakeng,3487.0,1025.0,3538.0,1072.0,51.0,47.0,2397.0,1.0851063829787233,47.0,0,0,0,0
C1269501_V12_F00002_502a430d-bfd0-454f-8e64-9ec79e1f2bca.jpg,C,C1269501,yiwuyaru,3181.0,188.0,3395.0,479.0,214.0,291.0,62274.0,1.3598130841121496,214.0,0,0,0,0
C1269501_V12_F00002_502a430d-bfd0-454f-8e64-9ec79e1f2bca.jpg,C,C1269501,yiwuyaru,2378.0,1.0,2459.0,200.0,81.0,199.0,16119.0,2.45679012345679,81.0,0,0,0,1
C1269501_V12_F00002_502a430d-bfd0-454f-8e64-9ec79e1f2bca.jpg,C,C1269501,yiwuyaru,2461.0,1.0,2525.0,124.0,64.0,123.0,7872.0,1.921875,64.0,0,0,0,1
C1269699_V13_F00009_2b0fa62e-be2c-4bc8-b49a-11fc19f747e3.jpg,C,C1269699,jieba,2871.0,369.0,2914.0,409.0,43.0,40.0,1720.0,1.075,40.0,0,0,0,0
C1269777_V02_F00010_4e23a86f-2a65-4e16-a0d4-08b7db417c28.jpg,C,C1269777,yiwuyaru,816.0,2255.0,976.0,2528.0,160.0,273.0,43680.0,1.70625,160.0,0,0,0,0
C1269807_V02_F00005_7f04a465-26b9-40b4-a89b-eaf02bed6f2a.jpg,C,C1269807,zonglie,1921.0,1.0,1977.0,2982.0,56.0,2981.0,166936.0,53.232142857142854,56.0,0,0,1,1
C1269807_V02_F00008_c21bf6a0-647a-4180-89ba-bda5e16c9289.jpg,C,C1269807,zonglie,1899.0,1.0,1978.0,3000.0,79.0,2999.0,236921.0,37.962025316455694,79.0,0,0,1,1
C1269807_V02_F00009_d2c85d60-ddb7-4766-a69b-593cc91a5ec0.jpg,C,C1269807,zonglie,1915.0,1.0,1983.0,3000.0,68.0,2999.0,203932.0,44.10294117647059,68.0,0,0,1,1
C1269807_V02_F00011_b0518a69-efd6-48ca-9365-8d33f35e41d9.jpg,C,C1269807,zonglie,1937.0,1.0,2012.0,2219.0,75.0,2218.0,166350.0,29.573333333333334,75.0,0,0,1,1
C1269821_V13_F00004_ed828d95-175f-490a-8516-57ae3c28f610.jpg,C,C1269821,yiwuyaru,2828.0,1.0,2927.0,68.0,99.0,67.0,6633.0,1.4776119402985075,67.0,0,0,0,1
C1269840_V13_F00010_c310eaef-8316-49e0-949c-d2cf60a2a1b7.jpg,C,C1269840,jieba,2849.0,160.0,2909.0,307.0,60.0,147.0,8820.0,2.45,60.0,0,0,0,0
C1269901_V03_F00007_6eb8c02c-1fbe-4ec6-a6a3-4b03dab0a8e4.jpg,C,C1269901,yiwuyaru,428.0,180.0,799.0,503.0,371.0,323.0,119833.0,1.1486068111455108,323.0,0,0,0,0
C1269906_V00_F00003_b6ce78fe-030f-4959-906f-db53bd630b33.jpg,C,C1269906,yiwuyaru,2192.0,1631.0,2292.0,1730.0,100.0,99.0,9900.0,1.0101010101010102,99.0,0,0,0,0
C1269934_V00_F00003_8d1e87d4-7ccc-483f-a7d2-00a9ec7ea219.jpg,C,C1269934,mamianmakeng,3481.0,2002.0,3531.0,2065.0,50.0,63.0,3150.0,1.26,50.0,0,0,0,0
C1269988_V03_F00006_7dc46f38-daeb-4e4a-8c93-055bcc223f35.jpg,C,C1269988,jieba,2013.0,185.0,2078.0,312.0,65.0,127.0,8255.0,1.9538461538461538,65.0,0,0,0,0
C1269988_V03_F00006_7dc46f38-daeb-4e4a-8c93-055bcc223f35.jpg,C,C1269988,jieba,2690.0,2330.0,2707.0,2369.0,17.0,39.0,663.0,2.2941176470588234,17.0,0,0,0,0
C1269988_V03_F00006_7dc46f38-daeb-4e4a-8c93-055bcc223f35.jpg,C,C1269988,jieba,2682.0,2168.0,2706.0,2247.0,24.0,79.0,1896.0,3.2916666666666665,24.0,0,0,0,0
C1269988_V03_F00006_7dc46f38-daeb-4e4a-8c93-055bcc223f35.jpg,C,C1269988,jieba,2680.0,1554.0,2704.0,2119.0,24.0,565.0,13560.0,23.541666666666668,24.0,0,0,1,0
C1269988_V03_F00006_7dc46f38-daeb-4e4a-8c93-055bcc223f35.jpg,C,C1269988,jieba,2050.0,113.0,2071.0,145.0,21.0,32.0,672.0,1.5238095238095237,21.0,0,0,0,0
C1270076_V13_F00003_bd4df53f-bbb7-4aba-b740-7c8650a3352c.jpg,C,C1270076,huashang,2308.0,1.0,2335.0,1802.0,27.0,1801.0,48627.0,66.70370370370371,27.0,0,0,1,1
C1270076_V13_F00003_bd4df53f-bbb7-4aba-b740-7c8650a3352c.jpg,C,C1270076,huashang,2019.0,299.0,2052.0,1541.0,33.0,1242.0,40986.0,37.63636363636363,33.0,0,0,1,0
C1270076_V13_F00003_bd4df53f-bbb7-4aba-b740-7c8650a3352c.jpg,C,C1270076,huashang,1853.0,729.0,1890.0,1598.0,37.0,869.0,32153.0,23.486486486486488,37.0,0,0,1,0
C1270076_V13_F00003_bd4df53f-bbb7-4aba-b740-7c8650a3352c.jpg,C,C1270076,huashang,1863.0,2262.0,1885.0,2658.0,22.0,396.0,8712.0,18.0,22.0,0,0,1,0
C1270076_V13_F00003_bd4df53f-bbb7-4aba-b740-7c8650a3352c.jpg,C,C1270076,huashang,2028.0,1955.0,2046.0,3000.0,18.0,1045.0,18810.0,58.05555555555556,18.0,0,0,1,1
C1270076_V13_F00003_bd4df53f-bbb7-4aba-b740-7c8650a3352c.jpg,C,C1270076,huashang,2132.0,2306.0,2163.0,2942.0,31.0,636.0,19716.0,20.516129032258064,31.0,0,0,1,0
C1270076_V13_F00003_bd4df53f-bbb7-4aba-b740-7c8650a3352c.jpg,C,C1270076,huashang,2174.0,2307.0,2198.0,2770.0,24.0,463.0,11112.0,19.291666666666668,24.0,0,0,1,0
C1270076_V13_F00003_bd4df53f-bbb7-4aba-b740-7c8650a3352c.jpg,C,C1270076,huashang,2089.0,121.0,2114.0,1412.0,25.0,1291.0,32275.0,51.64,25.0,0,0,1,0
C1270076_V13_F00003_bd4df53f-bbb7-4aba-b740-7c8650a3352c.jpg,C,C1270076,huashang,2131.0,596.0,2171.0,1158.0,40.0,562.0,22480.0,14.05,40.0,0,0,1,0
C1270076_V13_F00003_bd4df53f-bbb7-4aba-b740-7c8650a3352c.jpg,C,C1270076,huashang,2078.0,2200.0,2118.0,2797.0,40.0,597.0,23880.0,14.925,40.0,0,0,1,0
C1270077_V11_F00009_20434c12-37b6-415e-b5fb-bcb41ddb9b9e.jpg,C,C1270077,huashang,2623.0,1155.0,2644.0,2047.0,21.0,892.0,18732.0,42.476190476190474,21.0,0,0,1,0
C1270077_V11_F00009_20434c12-37b6-415e-b5fb-bcb41ddb9b9e.jpg,C,C1270077,huashang,2602.0,1887.0,2621.0,2488.0,19.0,601.0,11419.0,31.63157894736842,19.0,0,0,1,0
C1270077_V11_F00009_20434c12-37b6-415e-b5fb-bcb41ddb9b9e.jpg,C,C1270077,huashang,2624.0,2196.0,2643.0,2550.0,19.0,354.0,6726.0,18.63157894736842,19.0,0,0,1,0
C1270077_V11_F00009_20434c12-37b6-415e-b5fb-bcb41ddb9b9e.jpg,C,C1270077,yiwuyaru,3674.0,1713.0,3735.0,1751.0,61.0,38.0,2318.0,1.605263157894737,38.0,0,0,0,0
C1270084_V01_F00002_5dff3ca9-a9b6-4eae-baba-87497b36af2f.jpg,C,C1270084,yanghuatiepi,2131.0,781.0,2161.0,805.0,30.0,24.0,720.0,1.25,24.0,0,0,0,0
C1270084_V01_F00002_5dff3ca9-a9b6-4eae-baba-87497b36af2f.jpg,C,C1270084,yanghuatiepi,3477.0,36.0,3585.0,75.0,108.0,39.0,4212.0,2.769230769230769,39.0,0,0,0,0
C1270084_V01_F00002_5dff3ca9-a9b6-4eae-baba-87497b36af2f.jpg,C,C1270084,mamianmakeng,443.0,1156.0,502.0,1215.0,59.0,59.0,3481.0,1.0,59.0,0,0,0,0
C1270084_V01_F00002_5dff3ca9-a9b6-4eae-baba-87497b36af2f.jpg,C,C1270084,mamianmakeng,397.0,1067.0,426.0,1087.0,29.0,20.0,580.0,1.45,20.0,0,0,0,0
C1270084_V01_F00002_5dff3ca9-a9b6-4eae-baba-87497b36af2f.jpg,C,C1270084,mamianmakeng,302.0,2157.0,338.0,2190.0,36.0,33.0,1188.0,1.0909090909090908,33.0,0,0,0,0
C1270084_V01_F00002_5dff3ca9-a9b6-4eae-baba-87497b36af2f.jpg,C,C1270084,mamianmakeng,311.0,1895.0,329.0,1914.0,18.0,19.0,342.0,1.0555555555555556,18.0,0,0,0,0
C1270084_V01_F00002_5dff3ca9-a9b6-4eae-baba-87497b36af2f.jpg,C,C1270084,mamianmakeng,329.0,2058.0,352.0,2078.0,23.0,20.0,460.0,1.15,20.0,0,0,0,0
C1270084_V01_F00002_5dff3ca9-a9b6-4eae-baba-87497b36af2f.jpg,C,C1270084,mamianmakeng,357.0,2456.0,387.0,2476.0,30.0,20.0,600.0,1.5,20.0,0,0,0,0
C1270084_V01_F00002_5dff3ca9-a9b6-4eae-baba-87497b36af2f.jpg,C,C1270084,mamianmakeng,529.0,2920.0,552.0,2940.0,23.0,20.0,460.0,1.15,20.0,0,0,0,0
C1270160_V13_F00012_aaa4f253-9237-4da4-b2a2-68a25cfc9457.jpg,C,C1270160,jieba,2756.0,1374.0,2835.0,1622.0,79.0,248.0,19592.0,3.1392405063291138,79.0,0,0,0,0
C1270166_V03_F00003_d0a6511c-fc09-47bf-9d3d-162fdc9afb8b.jpg,C,C1270166,jieba,2068.0,875.0,2129.0,1072.0,61.0,197.0,12017.0,3.2295081967213113,61.0,0,0,0,0
C1270166_V03_F00003_d0a6511c-fc09-47bf-9d3d-162fdc9afb8b.jpg,C,C1270166,jieba,2072.0,1277.0,2117.0,1365.0,45.0,88.0,3960.0,1.9555555555555555,45.0,0,0,0,0
C1270186_V03_F00011_aa53c4c5-4a4c-4801-9f45-640c2bbfb2e8.jpg,C,C1270186,jieba,2102.0,653.0,2128.0,693.0,26.0,40.0,1040.0,1.5384615384615385,26.0,0,0,0,0
C1270186_V03_F00011_aa53c4c5-4a4c-4801-9f45-640c2bbfb2e8.jpg,C,C1270186,jieba,2115.0,564.0,2127.0,588.0,12.0,24.0,288.0,2.0,12.0,1,0,0,0
C1270219_V02_F00001_a748af48-fac8-47b3-bff7-5fc85718f442.jpg,C,C1270219,jieba,2064.0,2776.0,2137.0,2807.0,73.0,31.0,2263.0,2.3548387096774195,31.0,0,0,0,0
C1270219_V02_F00001_a748af48-fac8-47b3-bff7-5fc85718f442.jpg,C,C1270219,jieba,249.0,1200.0,305.0,1255.0,56.0,55.0,3080.0,1.018181818181818,55.0,0,0,0,0
C1270236_V03_F00000_e679f7e3-19ae-47cd-b15c-92803813654e.jpg,C,C1270236,jieba,2101.0,1303.0,2171.0,1475.0,70.0,172.0,12040.0,2.4571428571428573,70.0,0,0,0,0
C1270236_V03_F00000_e679f7e3-19ae-47cd-b15c-92803813654e.jpg,C,C1270236,jieba,2104.0,1662.0,2174.0,1913.0,70.0,251.0,17570.0,3.585714285714286,70.0,0,0,0,0
C1270236_V03_F00000_e679f7e3-19ae-47cd-b15c-92803813654e.jpg,C,C1270236,jieba,2162.0,34.0,2198.0,102.0,36.0,68.0,2448.0,1.8888888888888888,36.0,0,0,0,0
C1270236_V03_F00000_e679f7e3-19ae-47cd-b15c-92803813654e.jpg,C,C1270236,jieba,2161.0,266.0,2193.0,288.0,32.0,22.0,704.0,1.4545454545454546,22.0,0,0,0,0
C1270236_V03_F00000_e679f7e3-19ae-47cd-b15c-92803813654e.jpg,C,C1270236,yiwuyaru,2160.0,693.0,2204.0,742.0,44.0,49.0,2156.0,1.1136363636363635,44.0,0,0,0,0
C1270236_V03_F00000_e679f7e3-19ae-47cd-b15c-92803813654e.jpg,C,C1270236,jieba,2141.0,400.0,2191.0,762.0,50.0,362.0,18100.0,7.24,50.0,0,0,1,0
C1270236_V03_F00000_e679f7e3-19ae-47cd-b15c-92803813654e.jpg,C,C1270236,jieba,2172.0,309.0,2189.0,386.0,17.0,77.0,1309.0,4.529411764705882,17.0,0,0,0,0
C1270236_V03_F00000_e679f7e3-19ae-47cd-b15c-92803813654e.jpg,C,C1270236,jieba,2170.0,153.0,2189.0,186.0,19.0,33.0,627.0,1.736842105263158,19.0,0,0,0,0
C1270236_V03_F00003_9a7d488a-8152-4abb-95fc-1e8626a276f5.jpg,C,C1270236,jieba,2092.0,314.0,2137.0,423.0,45.0,109.0,4905.0,2.422222222222222,45.0,0,0,0,0
C1270236_V03_F00003_9a7d488a-8152-4abb-95fc-1e8626a276f5.jpg,C,C1270236,yiwuyaru,2108.0,2053.0,2138.0,2069.0,30.0,16.0,480.0,1.875,16.0,0,0,0,0
C1270236_V03_F00003_9a7d488a-8152-4abb-95fc-1e8626a276f5.jpg,C,C1270236,jieba,2106.0,1081.0,2127.0,1113.0,21.0,32.0,672.0,1.5238095238095237,21.0,0,0,0,0
C1270236_V03_F00003_9a7d488a-8152-4abb-95fc-1e8626a276f5.jpg,C,C1270236,jieba,2114.0,449.0,2128.0,492.0,14.0,43.0,602.0,3.0714285714285716,14.0,1,0,0,0
C1270236_V03_F00003_9a7d488a-8152-4abb-95fc-1e8626a276f5.jpg,C,C1270236,jieba,2109.0,833.0,2123.0,869.0,14.0,36.0,504.0,2.5714285714285716,14.0,1,0,0,0
C1270241_V10_F00000_1c972860-1e0c-4989-8308-856755fe3282.jpg,C,C1270241,jieba,1898.0,1739.0,2068.0,1911.0,170.0,172.0,29240.0,1.011764705882353,170.0,0,0,0,0
C1270257_V03_F00003_08f4af6d-e70d-479f-b591-925d147db32c.jpg,C,C1270257,jieba,2078.0,1916.0,2119.0,2025.0,41.0,109.0,4469.0,2.658536585365854,41.0,0,0,0,0
C1270257_V03_F00003_08f4af6d-e70d-479f-b591-925d147db32c.jpg,C,C1270257,jieba,2097.0,755.0,2131.0,912.0,34.0,157.0,5338.0,4.617647058823529,34.0,0,0,0,0
C1270257_V03_F00003_08f4af6d-e70d-479f-b591-925d147db32c.jpg,C,C1270257,jieba,2082.0,1795.0,2108.0,1855.0,26.0,60.0,1560.0,2.3076923076923075,26.0,0,0,0,0
C1270257_V03_F00003_08f4af6d-e70d-479f-b591-925d147db32c.jpg,C,C1270257,jieba,2109.0,2057.0,2124.0,2086.0,15.0,29.0,435.0,1.9333333333333333,15.0,1,0,0,0
C1270257_V03_F00003_08f4af6d-e70d-479f-b591-925d147db32c.jpg,C,C1270257,jieba,2115.0,2123.0,2131.0,2196.0,16.0,73.0,1168.0,4.5625,16.0,0,0,0,0
C1270257_V03_F00003_08f4af6d-e70d-479f-b591-925d147db32c.jpg,C,C1270257,zonglie,2096.0,928.0,2130.0,1801.0,34.0,873.0,29682.0,25.676470588235293,34.0,0,0,1,0
C1270257_V03_F00003_08f4af6d-e70d-479f-b591-925d147db32c.jpg,C,C1270257,zonglie,2103.0,1856.0,2119.0,1964.0,16.0,108.0,1728.0,6.75,16.0,0,0,1,0
C1270257_V03_F00003_08f4af6d-e70d-479f-b591-925d147db32c.jpg,C,C1270257,jieba,2103.0,2720.0,2117.0,2934.0,14.0,214.0,2996.0,15.285714285714286,14.0,1,0,1,0
C1270257_V03_F00003_08f4af6d-e70d-479f-b591-925d147db32c.jpg,C,C1270257,jieba,2110.0,2596.0,2124.0,2618.0,14.0,22.0,308.0,1.5714285714285714,14.0,1,0,0,0
C1270268_V03_F00000_2078f1ec-be23-446d-8d72-f0d9f1950e61.jpg,C,C1270268,jieba,2013.0,2217.0,2211.0,2895.0,198.0,678.0,134244.0,3.4242424242424243,198.0,0,0,0,0
C1270268_V03_F00003_a1a233a6-c9d0-40fe-a687-18505a015145.jpg,C,C1270268,yanghuatiepi,1160.0,1484.0,1220.0,1495.0,60.0,11.0,660.0,5.454545454545454,11.0,1,0,1,0
C1270268_V03_F00003_a1a233a6-c9d0-40fe-a687-18505a015145.jpg,C,C1270268,jieba,2102.0,2459.0,2133.0,2502.0,31.0,43.0,1333.0,1.3870967741935485,31.0,0,0,0,0
C1270268_V03_F00003_a1a233a6-c9d0-40fe-a687-18505a015145.jpg,C,C1270268,jieba,2114.0,1891.0,2131.0,1936.0,17.0,45.0,765.0,2.6470588235294117,17.0,0,0,0,0
C1270268_V03_F00003_a1a233a6-c9d0-40fe-a687-18505a015145.jpg,C,C1270268,jieba,2119.0,1484.0,2137.0,1502.0,18.0,18.0,324.0,1.0,18.0,0,0,0,0
C1270268_V03_F00003_a1a233a6-c9d0-40fe-a687-18505a015145.jpg,C,C1270268,jieba,2111.0,2211.0,2135.0,2230.0,24.0,19.0,456.0,1.263157894736842,19.0,0,0,0,0
C1270274_V03_F00007_8cff950b-cd51-4961-9584-0bd8655b7097.jpg,C,C1270274,jieba,2106.0,216.0,2137.0,278.0,31.0,62.0,1922.0,2.0,31.0,0,0,0,0
C1270274_V03_F00007_8cff950b-cd51-4961-9584-0bd8655b7097.jpg,C,C1270274,jieba,2095.0,1120.0,2125.0,1162.0,30.0,42.0,1260.0,1.4,30.0,0,0,0,0
C1270274_V03_F00007_8cff950b-cd51-4961-9584-0bd8655b7097.jpg,C,C1270274,jieba,2101.0,1541.0,2120.0,1574.0,19.0,33.0,627.0,1.736842105263158,19.0,0,0,0,0
C1270274_V03_F00007_8cff950b-cd51-4961-9584-0bd8655b7097.jpg,C,C1270274,jieba,2102.0,1038.0,2125.0,1073.0,23.0,35.0,805.0,1.5217391304347827,23.0,0,0,0,0
C1270274_V03_F00007_8cff950b-cd51-4961-9584-0bd8655b7097.jpg,C,C1270274,jieba,2093.0,1876.0,2120.0,1953.0,27.0,77.0,2079.0,2.8518518518518516,27.0,0,0,0,0
C1270274_V03_F00007_8cff950b-cd51-4961-9584-0bd8655b7097.jpg,C,C1270274,jieba,2110.0,714.0,2122.0,734.0,12.0,20.0,240.0,1.6666666666666667,12.0,1,0,0,0
C1270274_V03_F00007_8cff950b-cd51-4961-9584-0bd8655b7097.jpg,C,C1270274,jieba,2110.0,627.0,2129.0,643.0,19.0,16.0,304.0,1.1875,16.0,0,0,0,0
C1270274_V03_F00007_8cff950b-cd51-4961-9584-0bd8655b7097.jpg,C,C1270274,jieba,2098.0,2763.0,2117.0,2793.0,19.0,30.0,570.0,1.5789473684210527,19.0,0,0,0,0
C1270274_V03_F00007_8cff950b-cd51-4961-9584-0bd8655b7097.jpg,C,C1270274,jieba,2099.0,2842.0,2117.0,2864.0,18.0,22.0,396.0,1.2222222222222223,18.0,0,0,0,0
C1270280_V03_F00007_6f99666a-f8b4-412c-9905-ff9d89fa64d2.jpg,C,C1270280,jieba,2073.0,1663.0,2127.0,1722.0,54.0,59.0,3186.0,1.0925925925925926,54.0,0,0,0,0
C1270280_V03_F00007_6f99666a-f8b4-412c-9905-ff9d89fa64d2.jpg,C,C1270280,jieba,2081.0,1217.0,2123.0,1322.0,42.0,105.0,4410.0,2.5,42.0,0,0,0,0
C1270280_V03_F00007_6f99666a-f8b4-412c-9905-ff9d89fa64d2.jpg,C,C1270280,jieba,2104.0,1354.0,2122.0,1415.0,18.0,61.0,1098.0,3.388888888888889,18.0,0,0,0,0
C1270280_V03_F00007_6f99666a-f8b4-412c-9905-ff9d89fa64d2.jpg,C,C1270280,jieba,2102.0,228.0,2118.0,262.0,16.0,34.0,544.0,2.125,16.0,0,0,0,0
C1270280_V03_F00009_b1fbf14f-82fa-4637-8285-3f6d9787fd80.jpg,C,C1270280,jieba,2092.0,105.0,2123.0,142.0,31.0,37.0,1147.0,1.1935483870967742,31.0,0,0,0,0
C1270280_V03_F00009_b1fbf14f-82fa-4637-8285-3f6d9787fd80.jpg,C,C1270280,jieba,2098.0,220.0,2125.0,258.0,27.0,38.0,1026.0,1.4074074074074074,27.0,0,0,0,0
C1270280_V03_F00009_b1fbf14f-82fa-4637-8285-3f6d9787fd80.jpg,C,C1270280,jieba,2109.0,1814.0,2135.0,1863.0,26.0,49.0,1274.0,1.8846153846153846,26.0,0,0,0,0
C1270280_V03_F00009_b1fbf14f-82fa-4637-8285-3f6d9787fd80.jpg,C,C1270280,zonglie,2112.0,955.0,2132.0,1453.0,20.0,498.0,9960.0,24.9,20.0,0,0,1,0
C1270280_V03_F00009_b1fbf14f-82fa-4637-8285-3f6d9787fd80.jpg,C,C1270280,jieba,2111.0,40.0,2123.0,83.0,12.0,43.0,516.0,3.5833333333333335,12.0,1,0,0,0
C1270280_V03_F00009_b1fbf14f-82fa-4637-8285-3f6d9787fd80.jpg,C,C1270280,jieba,2103.0,1.0,2122.0,27.0,19.0,26.0,494.0,1.368421052631579,19.0,0,0,0,1
C1270280_V03_F00009_b1fbf14f-82fa-4637-8285-3f6d9787fd80.jpg,C,C1270280,jieba,2127.0,2905.0,2137.0,2928.0,10.0,23.0,230.0,2.3,10.0,1,0,0,0
C1270280_V03_F00009_b1fbf14f-82fa-4637-8285-3f6d9787fd80.jpg,C,C1270280,jieba,2122.0,2565.0,2134.0,2582.0,12.0,17.0,204.0,1.4166666666666667,12.0,1,0,0,0
C1270280_V03_F00009_b1fbf14f-82fa-4637-8285-3f6d9787fd80.jpg,C,C1270280,jieba,2124.0,2446.0,2131.0,2465.0,7.0,19.0,133.0,2.7142857142857144,7.0,1,1,0,0
C1270280_V03_F00009_b1fbf14f-82fa-4637-8285-3f6d9787fd80.jpg,C,C1270280,jieba,2119.0,2137.0,2137.0,2423.0,18.0,286.0,5148.0,15.88888888888889,18.0,0,0,1,0
C1270288_V13_F00001_23a70c47-c586-4564-9802-a657301139df.jpg,C,C1270288,yiwuyaru,2845.0,426.0,2912.0,508.0,67.0,82.0,5494.0,1.2238805970149254,67.0,0,0,0,0
C1270290_V03_F00004_b0f118d6-38ce-4450-ac48-d21a4a7e3efb.jpg,C,C1270290,jieba,2111.0,414.0,2175.0,528.0,64.0,114.0,7296.0,1.78125,64.0,0,0,0,0
C1270290_V03_F00004_b0f118d6-38ce-4450-ac48-d21a4a7e3efb.jpg,C,C1270290,jieba,2163.0,1258.0,2177.0,1333.0,14.0,75.0,1050.0,5.357142857142857,14.0,1,0,1,0
C1270307_V03_F00001_4db93be7-7d6c-497d-bedd-16fb16ccd3c0.jpg,C,C1270307,jieba,2176.0,786.0,2203.0,831.0,27.0,45.0,1215.0,1.6666666666666667,27.0,0,0,0,0
C1270307_V03_F00001_4db93be7-7d6c-497d-bedd-16fb16ccd3c0.jpg,C,C1270307,yanghuatiepi,2164.0,2423.0,2179.0,2447.0,15.0,24.0,360.0,1.6,15.0,1,0,0,0
C1270307_V03_F00006_99f03dd5-526c-4072-a75f-5ada0ca8ece5.jpg,C,C1270307,jieba,2083.0,1821.0,2117.0,1870.0,34.0,49.0,1666.0,1.4411764705882353,34.0,0,0,0,0
C1270307_V03_F00006_99f03dd5-526c-4072-a75f-5ada0ca8ece5.jpg,C,C1270307,jieba,2084.0,1415.0,2099.0,1458.0,15.0,43.0,645.0,2.8666666666666667,15.0,1,0,0,0
C1270307_V03_F00006_99f03dd5-526c-4072-a75f-5ada0ca8ece5.jpg,C,C1270307,jieba,2094.0,218.0,2110.0,250.0,16.0,32.0,512.0,2.0,16.0,0,0,0,0
C1270307_V03_F00006_99f03dd5-526c-4072-a75f-5ada0ca8ece5.jpg,C,C1270307,jieba,2095.0,75.0,2111.0,104.0,16.0,29.0,464.0,1.8125,16.0,0,0,0,0
C1270307_V03_F00006_99f03dd5-526c-4072-a75f-5ada0ca8ece5.jpg,C,C1270307,jieba,2082.0,1500.0,2106.0,1535.0,24.0,35.0,840.0,1.4583333333333333,24.0,0,0,0,0
C1270307_V03_F00006_99f03dd5-526c-4072-a75f-5ada0ca8ece5.jpg,C,C1270307,jieba,2098.0,444.0,2112.0,472.0,14.0,28.0,392.0,2.0,14.0,1,0,0,0
C1270307_V03_F00006_99f03dd5-526c-4072-a75f-5ada0ca8ece5.jpg,C,C1270307,jieba,2094.0,1617.0,2109.0,1670.0,15.0,53.0,795.0,3.533333333333333,15.0,1,0,0,0
C1270335_V02_F00002_f386b6fd-beed-4b1f-b0cc-cb3c4fad56ba.jpg,C,C1270335,jieba,2521.0,1209.0,2604.0,1294.0,83.0,85.0,7055.0,1.0240963855421688,83.0,0,0,0,0
C1270364_V03_F00013_727b1ec3-f6f8-443e-803b-2f966c13c814.jpg,C,C1270364,jieba,1615.0,2725.0,1646.0,2763.0,31.0,38.0,1178.0,1.2258064516129032,31.0,0,0,0,0
C1270364_V03_F00013_727b1ec3-f6f8-443e-803b-2f966c13c814.jpg,C,C1270364,jieba,1635.0,2655.0,1647.0,2683.0,12.0,28.0,336.0,2.3333333333333335,12.0,1,0,0,0
C1270366_V13_F00001_0238e078-3386-49d1-8979-8d1bba11833d.jpg,C,C1270366,yiwuyaru,2821.0,538.0,3026.0,669.0,205.0,131.0,26855.0,1.5648854961832062,131.0,0,0,0,0
C1270444_V03_F00002_1397014f-d4ce-4e8a-b685-911d734a942e.jpg,C,C1270444,jieba,1820.0,649.0,1881.0,741.0,61.0,92.0,5612.0,1.5081967213114753,61.0,0,0,0,0
C1270444_V03_F00002_1397014f-d4ce-4e8a-b685-911d734a942e.jpg,C,C1270444,jieba,1857.0,800.0,1870.0,838.0,13.0,38.0,494.0,2.923076923076923,13.0,1,0,0,0
C1270444_V03_F00002_1397014f-d4ce-4e8a-b685-911d734a942e.jpg,C,C1270444,jieba,1859.0,298.0,1886.0,389.0,27.0,91.0,2457.0,3.3703703703703702,27.0,0,0,0,0
C1270444_V03_F00002_1397014f-d4ce-4e8a-b685-911d734a942e.jpg,C,C1270444,jieba,1787.0,1331.0,1861.0,1499.0,74.0,168.0,12432.0,2.27027027027027,74.0,0,0,0,0
C1270444_V03_F00002_1397014f-d4ce-4e8a-b685-911d734a942e.jpg,C,C1270444,jieba,1831.0,1209.0,1877.0,1315.0,46.0,106.0,4876.0,2.3043478260869565,46.0,0,0,0,0
C1270444_V03_F00002_1397014f-d4ce-4e8a-b685-911d734a942e.jpg,C,C1270444,jieba,1835.0,1527.0,1857.0,1563.0,22.0,36.0,792.0,1.6363636363636365,22.0,0,0,0,0
C1270444_V03_F00002_1397014f-d4ce-4e8a-b685-911d734a942e.jpg,C,C1270444,jieba,1821.0,1618.0,1852.0,1644.0,31.0,26.0,806.0,1.1923076923076923,26.0,0,0,0,0
C1270444_V03_F00002_1397014f-d4ce-4e8a-b685-911d734a942e.jpg,C,C1270444,jieba,1843.0,1673.0,1856.0,1701.0,13.0,28.0,364.0,2.1538461538461537,13.0,1,0,0,0
C1270444_V03_F00002_1397014f-d4ce-4e8a-b685-911d734a942e.jpg,C,C1270444,jieba,1833.0,1763.0,1857.0,1835.0,24.0,72.0,1728.0,3.0,24.0,0,0,0,0
C1270444_V03_F00002_1397014f-d4ce-4e8a-b685-911d734a942e.jpg,C,C1270444,jieba,1825.0,1861.0,1856.0,1949.0,31.0,88.0,2728.0,2.838709677419355,31.0,0,0,0,0
C1270444_V03_F00002_1397014f-d4ce-4e8a-b685-911d734a942e.jpg,C,C1270444,jieba,1839.0,2592.0,1851.0,2605.0,12.0,13.0,156.0,1.0833333333333333,12.0,1,0,0,0
C1270444_V03_F00004_b9c76f0c-db35-4acf-9610-f657bb593d5f.jpg,C,C1270444,jieba,1776.0,1007.0,1810.0,1182.0,34.0,175.0,5950.0,5.147058823529412,34.0,0,0,1,0
C1270444_V03_F00004_b9c76f0c-db35-4acf-9610-f657bb593d5f.jpg,C,C1270444,jieba,1784.0,2183.0,1799.0,2260.0,15.0,77.0,1155.0,5.133333333333334,15.0,1,0,1,0
C1270444_V03_F00004_b9c76f0c-db35-4acf-9610-f657bb593d5f.jpg,C,C1270444,jieba,1781.0,2481.0,1797.0,2600.0,16.0,119.0,1904.0,7.4375,16.0,0,0,1,0
C1270518_V02_F00000_bf5801eb-2fad-4df6-8e0b-5c383399f2b5.jpg,C,C1270518,jieba,3232.0,879.0,3284.0,928.0,52.0,49.0,2548.0,1.0612244897959184,49.0,0,0,0,0
C1270518_V02_F00000_bf5801eb-2fad-4df6-8e0b-5c383399f2b5.jpg,C,C1270518,jieba,2567.0,725.0,2627.0,760.0,60.0,35.0,2100.0,1.7142857142857142,35.0,0,0,0,0
C1270518_V02_F00000_bf5801eb-2fad-4df6-8e0b-5c383399f2b5.jpg,C,C1270518,jieba,2646.0,718.0,2677.0,739.0,31.0,21.0,651.0,1.4761904761904763,21.0,0,0,0,0
C1270518_V02_F00000_bf5801eb-2fad-4df6-8e0b-5c383399f2b5.jpg,C,C1270518,jieba,2842.0,799.0,2906.0,826.0,64.0,27.0,1728.0,2.3703703703703702,27.0,0,0,0,0
C1270518_V02_F00000_bf5801eb-2fad-4df6-8e0b-5c383399f2b5.jpg,C,C1270518,jieba,2237.0,609.0,2281.0,638.0,44.0,29.0,1276.0,1.5172413793103448,29.0,0,0,0,0
C1270518_V02_F00000_bf5801eb-2fad-4df6-8e0b-5c383399f2b5.jpg,C,C1270518,jieba,1563.0,370.0,1611.0,417.0,48.0,47.0,2256.0,1.0212765957446808,47.0,0,0,0,0
C1270518_V02_F00000_bf5801eb-2fad-4df6-8e0b-5c383399f2b5.jpg,C,C1270518,jieba,811.0,83.0,863.0,126.0,52.0,43.0,2236.0,1.2093023255813953,43.0,0,0,0,0
C1270518_V02_F00005_299852a6-3a15-44cb-bc71-3486dc39ef34.jpg,C,C1270518,yanghuatiepi,2974.0,195.0,3019.0,272.0,45.0,77.0,3465.0,1.711111111111111,45.0,0,0,0,0
C1270518_V02_F00005_299852a6-3a15-44cb-bc71-3486dc39ef34.jpg,C,C1270518,yanghuatiepi,2617.0,0.0,2729.0,201.0,112.0,201.0,22512.0,1.7946428571428572,112.0,0,0,0,1
C1270518_V02_F00005_299852a6-3a15-44cb-bc71-3486dc39ef34.jpg,C,C1270518,yanghuatiepi,2485.0,1547.0,2598.0,1761.0,113.0,214.0,24182.0,1.8938053097345133,113.0,0,0,0,0
C1270518_V02_F00005_299852a6-3a15-44cb-bc71-3486dc39ef34.jpg,C,C1270518,yanghuatiepi,128.0,2561.0,226.0,2621.0,98.0,60.0,5880.0,1.6333333333333333,60.0,0,0,0,0
C1270518_V02_F00005_299852a6-3a15-44cb-bc71-3486dc39ef34.jpg,C,C1270518,yanghuatiepi,2597.0,298.0,2644.0,379.0,47.0,81.0,3807.0,1.7234042553191489,47.0,0,0,0,0
C1270518_V02_F00005_299852a6-3a15-44cb-bc71-3486dc39ef34.jpg,C,C1270518,yanghuatiepi,579.0,0.0,673.0,99.0,94.0,99.0,9306.0,1.053191489361702,94.0,0,0,0,1
C1270518_V02_F00005_299852a6-3a15-44cb-bc71-3486dc39ef34.jpg,C,C1270518,jieba,3209.0,2762.0,3260.0,2851.0,51.0,89.0,4539.0,1.7450980392156863,51.0,0,0,0,0
C1270621_V03_F00003_2599373a-4fa0-4c0e-a319-3fa366b98927.jpg,C,C1270621,jieba,1510.0,1749.0,1550.0,1812.0,40.0,63.0,2520.0,1.575,40.0,0,0,0,0
C1270652_V00_F00007_11330a20-857c-4770-a918-baf71c6dd28e.jpg,C,C1270652,jieba,2350.0,2758.0,2475.0,2811.0,125.0,53.0,6625.0,2.358490566037736,53.0,0,0,0,0
C1270652_V00_F00007_11330a20-857c-4770-a918-baf71c6dd28e.jpg,C,C1270652,jieba,3936.0,2787.0,3974.0,2880.0,38.0,93.0,3534.0,2.4473684210526314,38.0,0,0,0,0
C1270730_V03_F00005_d664c2d3-d8b9-4cf3-a9c9-6dda79b7a110.jpg,C,C1270730,jieba,2189.0,797.0,2281.0,836.0,92.0,39.0,3588.0,2.358974358974359,39.0,0,0,0,0
C1270757_V03_F00008_baa3f445-48c9-4cd2-b0a3-1e265850ba42.jpg,C,C1270757,jieba,1239.0,470.0,1261.0,508.0,22.0,38.0,836.0,1.7272727272727273,22.0,0,0,0,0
C1270757_V03_F00008_baa3f445-48c9-4cd2-b0a3-1e265850ba42.jpg,C,C1270757,jieba,1248.0,1477.0,1273.0,1550.0,25.0,73.0,1825.0,2.92,25.0,0,0,0,0
C1270757_V03_F00008_baa3f445-48c9-4cd2-b0a3-1e265850ba42.jpg,C,C1270757,jieba,1251.0,184.0,1268.0,274.0,17.0,90.0,1530.0,5.294117647058823,17.0,0,0,1,0
C1270890_V03_F00006_39c243ac-2a3e-4fdc-92c1-8e43990f5702.jpg,C,C1270890,jieba,2712.0,2082.0,2745.0,2173.0,33.0,91.0,3003.0,2.757575757575758,33.0,0,0,0,0
C1270890_V03_F00006_39c243ac-2a3e-4fdc-92c1-8e43990f5702.jpg,C,C1270890,jieba,2710.0,2084.0,2739.0,2128.0,29.0,44.0,1276.0,1.5172413793103448,29.0,0,0,0,0
C1270890_V03_F00008_d2394f9b-023c-4b9e-99e9-911524b33174.jpg,C,C1270890,jieba,2724.0,1707.0,2757.0,1770.0,33.0,63.0,2079.0,1.9090909090909092,33.0,0,0,0,0
C1270890_V03_F00008_d2394f9b-023c-4b9e-99e9-911524b33174.jpg,C,C1270890,jieba,2741.0,2486.0,2758.0,2999.0,17.0,513.0,8721.0,30.176470588235293,17.0,0,0,1,1
C1270890_V03_F00009_d1ef8913-e01d-46c7-be80-fa5c86afac91.jpg,C,C1270890,jieba,2704.0,1031.0,2764.0,1068.0,60.0,37.0,2220.0,1.6216216216216217,37.0,0,0,0,0
C1270890_V03_F00009_d1ef8913-e01d-46c7-be80-fa5c86afac91.jpg,C,C1270890,jieba,2608.0,706.0,2800.0,886.0,192.0,180.0,34560.0,1.0666666666666667,180.0,0,0,0,0
C1270890_V10_F00000_21ca98e5-a0eb-4160-8562-cb415f57418b.jpg,C,C1270890,jieba,1159.0,694.0,1269.0,842.0,110.0,148.0,16280.0,1.3454545454545455,110.0,0,0,0,0
C1270933_V03_F00006_46fde222-96c4-464f-9605-8cb869fdefde.jpg,C,C1270933,jieba,2477.0,1017.0,2508.0,1048.0,31.0,31.0,961.0,1.0,31.0,0,0,0,0
C1271058_V01_F00001_ef111d0b-95dc-4504-86d2-91f68c2de2b8.jpg,C,C1271058,jieba,1178.0,1144.0,1409.0,1259.0,231.0,115.0,26565.0,2.008695652173913,115.0,0,0,0,0
C1271087_V00_F00001_ee3dae04-1bbb-4525-aa8b-4ea52c290835.jpg,C,C1271087,jieba,1455.0,1494.0,1524.0,1568.0,69.0,74.0,5106.0,1.0724637681159421,69.0,0,0,0,0
C1271187_V00_F00005_1de71d86-e0db-40b0-8cb6-d868bb595064.jpg,C,C1271187,jieba,1494.0,462.0,1529.0,496.0,35.0,34.0,1190.0,1.0294117647058822,34.0,0,0,0,0
C1271201_V03_F00007_147e0938-c5bc-4213-bd3a-798e2daccc82.jpg,C,C1271201,jieba,1325.0,2787.0,1372.0,2914.0,47.0,127.0,5969.0,2.702127659574468,47.0,0,0,0,0
C1271225_V11_F00001_7ad0e5af-4293-47c3-9a9e-3b4f4f844703.jpg,C,C1271225,jieba,1947.0,2177.0,2067.0,2235.0,120.0,58.0,6960.0,2.0689655172413794,58.0,0,0,0,0
C1271350_V03_F00009_b0532482-b0cd-4eb7-a3e0-55e28c31562a.jpg,C,C1271350,jieba,897.0,371.0,931.0,408.0,34.0,37.0,1258.0,1.088235294117647,34.0,0,0,0,0
C1271359_V11_F00002_4926bff7-5d7a-4064-81aa-323a84aa9062.jpg,C,C1271359,jieba,2030.0,1299.0,2083.0,1384.0,53.0,85.0,4505.0,1.6037735849056605,53.0,0,0,0,0
C1271359_V11_F00002_4926bff7-5d7a-4064-81aa-323a84aa9062.jpg,C,C1271359,jieba,1399.0,430.0,1448.0,820.0,49.0,390.0,19110.0,7.959183673469388,49.0,0,0,1,0
C1271359_V12_F00005_26d6e9eb-ec57-4fe5-8a22-c2a1bfe46327.jpg,C,C1271359,jieba,3694.0,1494.0,3739.0,1586.0,45.0,92.0,4140.0,2.0444444444444443,45.0,0,0,0,0
C1271359_V12_F00005_26d6e9eb-ec57-4fe5-8a22-c2a1bfe46327.jpg,C,C1271359,jieba,1055.0,2086.0,1117.0,2247.0,62.0,161.0,9982.0,2.596774193548387,62.0,0,0,0,0
C1271362_V02_F00012_4c05a38d-fde7-4f09-adc5-667d0448c9cf.jpg,C,C1271362,jieba,3458.0,785.0,3498.0,816.0,40.0,31.0,1240.0,1.2903225806451613,31.0,0,0,0,0
C1271362_V11_F00010_c266f766-a779-4fd8-804f-e1ee6478ab20.jpg,C,C1271362,jieba,2296.0,2525.0,2367.0,2557.0,71.0,32.0,2272.0,2.21875,32.0,0,0,0,0
C1271363_V11_F00001_b7da01f1-5b0e-4414-9758-2d843b25ef7b.jpg,C,C1271363,jieba,1909.0,2681.0,1993.0,2806.0,84.0,125.0,10500.0,1.4880952380952381,84.0,0,0,0,0
C1271363_V11_F00001_b7da01f1-5b0e-4414-9758-2d843b25ef7b.jpg,C,C1271363,jieba,2097.0,2611.0,2181.0,2736.0,84.0,125.0,10500.0,1.4880952380952381,84.0,0,0,0,0
C1271363_V13_F00004_31281aef-f9ef-4dc5-849a-e131644869be.jpg,C,C1271363,jieba,2474.0,115.0,2598.0,243.0,124.0,128.0,15872.0,1.032258064516129,124.0,0,0,0,0
C1271382_V03_F00000_a0b18529-341c-452b-8240-af9765a108d4.jpg,C,C1271382,jieba,1964.0,1798.0,2048.0,1867.0,84.0,69.0,5796.0,1.2173913043478262,69.0,0,0,0,0
C1271491_V10_F00001_e03c9aeb-8b29-432e-ad6b-d45c33261606.jpg,C,C1271491,jieba,1607.0,800.0,1693.0,973.0,86.0,173.0,14878.0,2.011627906976744,86.0,0,0,0,0
C1271781_V01_F00009_bfba8345-3db2-4cf4-9f99-748475e484b1.jpg,C,C1271781,mamianmakeng,545.0,569.0,590.0,604.0,45.0,35.0,1575.0,1.2857142857142858,35.0,0,0,0,0
C1271781_V01_F00009_bfba8345-3db2-4cf4-9f99-748475e484b1.jpg,C,C1271781,mamianmakeng,212.0,900.0,257.0,935.0,45.0,35.0,1575.0,1.2857142857142858,35.0,0,0,0,0
C1271807_V11_F00007_751a5dff-85f8-43ba-8283-934b68ab52ba.jpg,C,C1271807,yiwuyaru,262.0,2698.0,327.0,2752.0,65.0,54.0,3510.0,1.2037037037037037,54.0,0,0,0,0
C1271807_V11_F00007_751a5dff-85f8-43ba-8283-934b68ab52ba.jpg,C,C1271807,yiwuyaru,263.0,68.0,329.0,131.0,66.0,63.0,4158.0,1.0476190476190477,63.0,0,0,0,0
C1271932_V01_F00003_44549c4c-4077-4ffe-8ca0-1f5b6a64bdee.jpg,C,C1271932,mamianmakeng,367.0,2608.0,410.0,2678.0,43.0,70.0,3010.0,1.627906976744186,43.0,0,0,0,0
C1271932_V01_F00004_624563a2-b4dd-493e-86db-f96289e1fc44.jpg,C,C1271932,mamianmakeng,2506.0,319.0,2604.0,383.0,98.0,64.0,6272.0,1.53125,64.0,0,0,0,0
C1271932_V01_F00004_624563a2-b4dd-493e-86db-f96289e1fc44.jpg,C,C1271932,yiwuyaru,2413.0,596.0,2441.0,625.0,28.0,29.0,812.0,1.0357142857142858,28.0,0,0,0,0
C1271932_V02_F00000_4ad65ca2-7585-4a4d-a981-be02ae77e34c.jpg,C,C1271932,mamianmakeng,1379.0,2933.0,1409.0,2965.0,30.0,32.0,960.0,1.0666666666666667,30.0,0,0,0,0
C1271932_V02_F00003_e2860d1b-2128-48b1-9470-fee95ed322bb.jpg,C,C1271932,yiwuyaru,1463.0,2001.0,1536.0,2079.0,73.0,78.0,5694.0,1.0684931506849316,73.0,0,0,0,0
C1271932_V02_F00003_e2860d1b-2128-48b1-9470-fee95ed322bb.jpg,C,C1271932,yanghuatiepi,2408.0,1677.0,2495.0,1771.0,87.0,94.0,8178.0,1.0804597701149425,87.0,0,0,0,0
C1271933_V13_F00004_dc146696-f637-4066-bb0f-29f4de3899ac.jpg,C,C1271933,yiwuyaru,506.0,1.0,603.0,236.0,97.0,235.0,22795.0,2.422680412371134,97.0,0,0,0,1
C1271933_V13_F00004_dc146696-f637-4066-bb0f-29f4de3899ac.jpg,C,C1271933,huashang,2687.0,1.0,2710.0,308.0,23.0,307.0,7061.0,13.347826086956522,23.0,0,0,1,1
C1271941_V00_F00001_6d3aa7a8-4f82-4604-ab72-643f5d85c00d.jpg,C,C1271941,yiwuyaru,2036.0,2037.0,2145.0,2099.0,109.0,62.0,6758.0,1.7580645161290323,62.0,0,0,0,0
C1272006_V03_F00001_86d8f036-a9e6-45ef-82a2-0f3da4db3f41.jpg,C,C1272006,yiwuyaru,2551.0,9.0,2606.0,87.0,55.0,78.0,4290.0,1.4181818181818182,55.0,0,0,0,1
C1272008_V00_F00023_aa5b72d5-ce7a-466e-b222-7b08aa2f5eab.jpg,C,C1272008,jieba,945.0,1628.0,975.0,1732.0,30.0,104.0,3120.0,3.466666666666667,30.0,0,0,0,0
C1272166_V02_F00001_a73fa988-5568-4c6b-b18f-dbe386a8f531.jpg,C,C1272166,jieba,3518.0,1527.0,3560.0,1552.0,42.0,25.0,1050.0,1.68,25.0,0,0,0,0
C1272166_V02_F00001_a73fa988-5568-4c6b-b18f-dbe386a8f531.jpg,C,C1272166,jieba,2465.0,1153.0,2500.0,1177.0,35.0,24.0,840.0,1.4583333333333333,24.0,0,0,0,0
C1272176_V00_F00004_6c584bc5-5f9d-4086-b070-6d584efbbebc.jpg,C,C1272176,yiwuyaru,1899.0,93.0,1949.0,190.0,50.0,97.0,4850.0,1.94,50.0,0,0,0,0
C1272365_V13_F00001_5049eda2-98a5-40bd-ac68-0299d69867b8.jpg,C,C1272365,jieba,2642.0,379.0,2903.0,561.0,261.0,182.0,47502.0,1.434065934065934,182.0,0,0,0,0
C1272496_V01_F00008_b9eb299d-452d-4aee-b36e-48ed266aff11.jpg,C,C1272496,yiwuyaru,2187.0,2065.0,2297.0,2139.0,110.0,74.0,8140.0,1.4864864864864864,74.0,0,0,0,0
C1272520_V11_F00000_7a73da85-6dec-4242-8e23-2459ddfaf32e.jpg,C,C1272520,jieba,1367.0,2348.0,1400.0,2452.0,33.0,104.0,3432.0,3.1515151515151514,33.0,0,0,0,0
C1272520_V11_F00000_7a73da85-6dec-4242-8e23-2459ddfaf32e.jpg,C,C1272520,jieba,1400.0,2231.0,1449.0,2362.0,49.0,131.0,6419.0,2.673469387755102,49.0,0,0,0,0
C1272520_V11_F00000_7a73da85-6dec-4242-8e23-2459ddfaf32e.jpg,C,C1272520,huashang,1529.0,2177.0,1543.0,2407.0,14.0,230.0,3220.0,16.428571428571427,14.0,1,0,1,0
C1272520_V11_F00000_7a73da85-6dec-4242-8e23-2459ddfaf32e.jpg,C,C1272520,huashang,3364.0,2160.0,3384.0,2647.0,20.0,487.0,9740.0,24.35,20.0,0,0,1,0
C1272640_V02_F00008_108f3d5d-d61b-4c9f-a39b-d6739e491d54.jpg,C,C1272640,jieba,580.0,2017.0,639.0,2047.0,59.0,30.0,1770.0,1.9666666666666666,30.0,0,0,0,0
C1272677_V01_F00010_54ca2719-fc2c-4555-bd61-335ca4cbbd8e.jpg,C,C1272677,yiwuyaru,1633.0,2318.0,1658.0,2336.0,25.0,18.0,450.0,1.3888888888888888,18.0,0,0,0,0
C1273099_V03_F00003_653779e9-95c4-446b-8f45-3c04a46812fd.jpg,C,C1273099,jieba,2340.0,1344.0,2408.0,1380.0,68.0,36.0,2448.0,1.8888888888888888,36.0,0,0,0,0
C1273099_V03_F00003_653779e9-95c4-446b-8f45-3c04a46812fd.jpg,C,C1273099,yiwuyaru,2408.0,1149.0,2450.0,1409.0,42.0,260.0,10920.0,6.190476190476191,42.0,0,0,1,0
C1273099_V03_F00003_653779e9-95c4-446b-8f45-3c04a46812fd.jpg,C,C1273099,yiwuyaru,2401.0,2570.0,2444.0,2898.0,43.0,328.0,14104.0,7.627906976744186,43.0,0,0,1,0
C1273099_V03_F00003_653779e9-95c4-446b-8f45-3c04a46812fd.jpg,C,C1273099,jieba,2373.0,2229.0,2386.0,2255.0,13.0,26.0,338.0,2.0,13.0,1,0,0,0
C1273099_V03_F00003_653779e9-95c4-446b-8f45-3c04a46812fd.jpg,C,C1273099,jieba,2388.0,1894.0,2406.0,1915.0,18.0,21.0,378.0,1.1666666666666667,18.0,0,0,0,0
C1273099_V03_F00003_653779e9-95c4-446b-8f45-3c04a46812fd.jpg,C,C1273099,jieba,2394.0,774.0,2403.0,809.0,9.0,35.0,315.0,3.888888888888889,9.0,1,0,0,0
C1273099_V03_F00003_653779e9-95c4-446b-8f45-3c04a46812fd.jpg,C,C1273099,jieba,2387.0,1.0,2411.0,52.0,24.0,51.0,1224.0,2.125,24.0,0,0,0,1
C1273099_V03_F00003_653779e9-95c4-446b-8f45-3c04a46812fd.jpg,C,C1273099,jieba,2399.0,198.0,2410.0,227.0,11.0,29.0,319.0,2.6363636363636362,11.0,1,0,0,0
C1273099_V03_F00003_653779e9-95c4-446b-8f45-3c04a46812fd.jpg,C,C1273099,jieba,2374.0,2135.0,2408.0,2163.0,34.0,28.0,952.0,1.2142857142857142,28.0,0,0,0,0
C1273099_V10_F00008_0c465685-47a5-45c5-be29-32d45b2d99e2.jpg,C,C1273099,yiwuyaru,1639.0,2669.0,1704.0,2745.0,65.0,76.0,4940.0,1.1692307692307693,65.0,0,0,0,0
C1273099_V10_F00008_0c465685-47a5-45c5-be29-32d45b2d99e2.jpg,C,C1273099,yiwuyaru,1643.0,2810.0,1660.0,2844.0,17.0,34.0,578.0,2.0,17.0,0,0,0,0
C1273105_V03_F00001_93ee89cf-3960-4ea3-a43e-f50f406844ea.jpg,C,C1273105,jieba,2473.0,159.0,2536.0,300.0,63.0,141.0,8883.0,2.238095238095238,63.0,0,0,0,0
C1273105_V03_F00007_417fdb31-9b37-4bec-84e9-da853aa54559.jpg,C,C1273105,jieba,2277.0,2283.0,2422.0,2464.0,145.0,181.0,26245.0,1.2482758620689656,145.0,0,0,0,0
C1273105_V03_F00007_417fdb31-9b37-4bec-84e9-da853aa54559.jpg,C,C1273105,mamianmakeng,929.0,1949.0,972.0,1999.0,43.0,50.0,2150.0,1.1627906976744187,43.0,0,0,0,0
C1273105_V03_F00010_b714121e-b599-4728-8ee4-a1266955f0eb.jpg,C,C1273105,jieba,2354.0,1373.0,2395.0,1486.0,41.0,113.0,4633.0,2.7560975609756095,41.0,0,0,0,0
C1273105_V03_F00010_b714121e-b599-4728-8ee4-a1266955f0eb.jpg,C,C1273105,jieba,2373.0,1562.0,2389.0,1588.0,16.0,26.0,416.0,1.625,16.0,0,0,0,0
C1273105_V03_F00010_b714121e-b599-4728-8ee4-a1266955f0eb.jpg,C,C1273105,jieba,2369.0,47.0,2382.0,65.0,13.0,18.0,234.0,1.3846153846153846,13.0,1,0,0,0
C1273105_V03_F00010_b714121e-b599-4728-8ee4-a1266955f0eb.jpg,C,C1273105,jieba,2370.0,715.0,2386.0,1448.0,16.0,733.0,11728.0,45.8125,16.0,0,0,1,0
C1273105_V03_F00010_b714121e-b599-4728-8ee4-a1266955f0eb.jpg,C,C1273105,yiwuyaru,2399.0,1470.0,2423.0,1555.0,24.0,85.0,2040.0,3.5416666666666665,24.0,0,0,0,0
C1273110_V03_F00002_83a5f01e-db07-4ceb-a574-284e57c3d72c.jpg,C,C1273110,jieba,2260.0,2263.0,2317.0,2381.0,57.0,118.0,6726.0,2.0701754385964914,57.0,0,0,0,0
C1273110_V03_F00002_83a5f01e-db07-4ceb-a574-284e57c3d72c.jpg,C,C1273110,jieba,2304.0,2843.0,2315.0,2939.0,11.0,96.0,1056.0,8.727272727272727,11.0,1,0,1,0
C1273110_V03_F00002_83a5f01e-db07-4ceb-a574-284e57c3d72c.jpg,C,C1273110,jieba,2306.0,2954.0,2317.0,2972.0,11.0,18.0,198.0,1.6363636363636365,11.0,1,0,0,0
C1273110_V03_F00002_83a5f01e-db07-4ceb-a574-284e57c3d72c.jpg,C,C1273110,jieba,2291.0,2073.0,2308.0,2090.0,17.0,17.0,289.0,1.0,17.0,0,0,0,0
C1273110_V03_F00002_83a5f01e-db07-4ceb-a574-284e57c3d72c.jpg,C,C1273110,jieba,2286.0,1978.0,2307.0,2060.0,21.0,82.0,1722.0,3.9047619047619047,21.0,0,0,0,0
C1273110_V03_F00002_83a5f01e-db07-4ceb-a574-284e57c3d72c.jpg,C,C1273110,jieba,2293.0,1912.0,2303.0,1924.0,10.0,12.0,120.0,1.2,10.0,1,0,0,0
C1273110_V03_F00002_83a5f01e-db07-4ceb-a574-284e57c3d72c.jpg,C,C1273110,jieba,2263.0,1720.0,2303.0,1838.0,40.0,118.0,4720.0,2.95,40.0,0,0,0,0
C1273110_V03_F00002_83a5f01e-db07-4ceb-a574-284e57c3d72c.jpg,C,C1273110,jieba,2289.0,1471.0,2304.0,1520.0,15.0,49.0,735.0,3.2666666666666666,15.0,1,0,0,0
C1273110_V03_F00002_83a5f01e-db07-4ceb-a574-284e57c3d72c.jpg,C,C1273110,jieba,2274.0,1236.0,2308.0,1264.0,34.0,28.0,952.0,1.2142857142857142,28.0,0,0,0,0
C1273110_V03_F00002_83a5f01e-db07-4ceb-a574-284e57c3d72c.jpg,C,C1273110,jieba,2299.0,979.0,2309.0,1077.0,10.0,98.0,980.0,9.8,10.0,1,0,1,0
C1273130_V03_F00001_210214e8-6e10-48ae-bb2c-6e769b7b13b9.jpg,C,C1273130,yiwuyaru,2445.0,215.0,2680.0,328.0,235.0,113.0,26555.0,2.079646017699115,113.0,0,0,0,0
C1273130_V03_F00001_210214e8-6e10-48ae-bb2c-6e769b7b13b9.jpg,C,C1273130,jieba,2316.0,1484.0,2397.0,1554.0,81.0,70.0,5670.0,1.1571428571428573,70.0,0,0,0,0
C1273130_V03_F00001_210214e8-6e10-48ae-bb2c-6e769b7b13b9.jpg,C,C1273130,jieba,2357.0,1684.0,2404.0,1767.0,47.0,83.0,3901.0,1.7659574468085106,47.0,0,0,0,0
C1273130_V03_F00001_210214e8-6e10-48ae-bb2c-6e769b7b13b9.jpg,C,C1273130,jieba,2331.0,1265.0,2417.0,1343.0,86.0,78.0,6708.0,1.1025641025641026,78.0,0,0,0,0
C1273130_V03_F00001_210214e8-6e10-48ae-bb2c-6e769b7b13b9.jpg,C,C1273130,jieba,2357.0,986.0,2395.0,1076.0,38.0,90.0,3420.0,2.3684210526315788,38.0,0,0,0,0
C1273130_V03_F00001_210214e8-6e10-48ae-bb2c-6e769b7b13b9.jpg,C,C1273130,jieba,2379.0,1606.0,2417.0,1649.0,38.0,43.0,1634.0,1.131578947368421,38.0,0,0,0,0
C1273130_V03_F00001_210214e8-6e10-48ae-bb2c-6e769b7b13b9.jpg,C,C1273130,jieba,2350.0,616.0,2407.0,726.0,57.0,110.0,6270.0,1.9298245614035088,57.0,0,0,0,0
C1273130_V03_F00001_210214e8-6e10-48ae-bb2c-6e769b7b13b9.jpg,C,C1273130,jieba,2388.0,2.0,2437.0,616.0,49.0,614.0,30086.0,12.53061224489796,49.0,0,0,1,1
C1273130_V03_F00002_bd6dd312-8c9c-4a32-bf7b-9da7ef67299a.jpg,C,C1273130,jieba,2368.0,490.0,2416.0,549.0,48.0,59.0,2832.0,1.2291666666666667,48.0,0,0,0,0
C1273130_V03_F00002_bd6dd312-8c9c-4a32-bf7b-9da7ef67299a.jpg,C,C1273130,jieba,2402.0,404.0,2414.0,448.0,12.0,44.0,528.0,3.6666666666666665,12.0,1,0,0,0
C1273130_V03_F00002_bd6dd312-8c9c-4a32-bf7b-9da7ef67299a.jpg,C,C1273130,jieba,2402.0,263.0,2415.0,320.0,13.0,57.0,741.0,4.384615384615385,13.0,1,0,0,0
C1273130_V03_F00002_bd6dd312-8c9c-4a32-bf7b-9da7ef67299a.jpg,C,C1273130,jieba,2397.0,144.0,2415.0,165.0,18.0,21.0,378.0,1.1666666666666667,18.0,0,0,0,0
C1273130_V03_F00002_bd6dd312-8c9c-4a32-bf7b-9da7ef67299a.jpg,C,C1273130,jieba,2356.0,1633.0,2384.0,1674.0,28.0,41.0,1148.0,1.4642857142857142,28.0,0,0,0,0
C1273130_V03_F00002_bd6dd312-8c9c-4a32-bf7b-9da7ef67299a.jpg,C,C1273130,jieba,2373.0,1522.0,2386.0,1587.0,13.0,65.0,845.0,5.0,13.0,1,0,1,0
C1273130_V10_F00003_46a2a14d-71b2-473d-bfe0-695ff57410d8.jpg,C,C1273130,jieba,1668.0,2526.0,1741.0,2629.0,73.0,103.0,7519.0,1.4109589041095891,73.0,0,0,0,0
C1273130_V10_F00003_46a2a14d-71b2-473d-bfe0-695ff57410d8.jpg,C,C1273130,yanghuatiepi,1650.0,1410.0,1679.0,1474.0,29.0,64.0,1856.0,2.206896551724138,29.0,0,0,0,0
C1273142_V00_F00001_98fa5238-6d0a-4f0f-a4eb-3f2e4859eda8.jpg,C,C1273142,yiwuyaru,1387.0,91.0,1541.0,158.0,154.0,67.0,10318.0,2.298507462686567,67.0,0,0,0,0
C1273142_V03_F00003_7e517a9e-bd62-4ab8-88a1-6dccf50a1a9e.jpg,C,C1273142,jieba,2327.0,2722.0,2396.0,2898.0,69.0,176.0,12144.0,2.550724637681159,69.0,0,0,0,0
C1273142_V03_F00003_7e517a9e-bd62-4ab8-88a1-6dccf50a1a9e.jpg,C,C1273142,jieba,2350.0,2537.0,2380.0,2587.0,30.0,50.0,1500.0,1.6666666666666667,30.0,0,0,0,0
C1273142_V03_F00003_7e517a9e-bd62-4ab8-88a1-6dccf50a1a9e.jpg,C,C1273142,jieba,2377.0,2233.0,2392.0,2321.0,15.0,88.0,1320.0,5.866666666666666,15.0,1,0,1,0
C1273145_V00_F00005_4e8c3017-a0d0-4f25-84b2-aca1ea912c16.jpg,C,C1273145,jieba,1587.0,1.0,1948.0,602.0,361.0,601.0,216961.0,1.664819944598338,361.0,0,0,0,1
C1273145_V00_F00005_4e8c3017-a0d0-4f25-84b2-aca1ea912c16.jpg,C,C1273145,jieba,1917.0,1486.0,2010.0,1807.0,93.0,321.0,29853.0,3.4516129032258065,93.0,0,0,0,0
C1273145_V00_F00005_4e8c3017-a0d0-4f25-84b2-aca1ea912c16.jpg,C,C1273145,jieba,1423.0,116.0,1576.0,302.0,153.0,186.0,28458.0,1.2156862745098038,153.0,0,0,0,0
C1273153_V10_F00007_eaeae059-dd1a-4d0f-9c23-61d2979acc9c.jpg,C,C1273153,yanghuatiepi,3565.0,1043.0,3600.0,1106.0,35.0,63.0,2205.0,1.8,35.0,0,0,0,0
C1273153_V10_F00007_eaeae059-dd1a-4d0f-9c23-61d2979acc9c.jpg,C,C1273153,yiwuyaru,1527.0,1821.0,1688.0,2073.0,161.0,252.0,40572.0,1.565217391304348,161.0,0,0,0,0
C1273207_V00_F00001_ddbadfe5-997f-45f4-b3dd-0cff3c54ff53.jpg,C,C1273207,yanghuatiepi,2151.0,1165.0,2216.0,1218.0,65.0,53.0,3445.0,1.2264150943396226,53.0,0,0,0,0
C1273207_V00_F00001_ddbadfe5-997f-45f4-b3dd-0cff3c54ff53.jpg,C,C1273207,yiwuyaru,1021.0,1877.0,1163.0,1958.0,142.0,81.0,11502.0,1.7530864197530864,81.0,0,0,0,0
C1273207_V00_F00001_ddbadfe5-997f-45f4-b3dd-0cff3c54ff53.jpg,C,C1273207,yiwuyaru,1261.0,2013.0,1377.0,2113.0,116.0,100.0,11600.0,1.16,100.0,0,0,0,0
C1273217_V00_F00001_ec070916-f281-4ad2-ad37-5335dbbd8e40.jpg,C,C1273217,yiwuyaru,3263.0,2719.0,3327.0,2837.0,64.0,118.0,7552.0,1.84375,64.0,0,0,0,0
C1273330_V13_F00011_cc5d46bf-e09d-4bc1-926c-dddd9d282501.jpg,C,C1273330,huashang,2481.0,1.0,2526.0,282.0,45.0,281.0,12645.0,6.2444444444444445,45.0,0,0,1,1
C1273338_V00_F00009_50eb441e-8f0b-4eb3-9874-62bcd1e158d3.jpg,C,C1273338,yiwuyaru,962.0,1118.0,2904.0,1742.0,1942.0,624.0,1211808.0,3.1121794871794872,624.0,0,0,0,0
C1273338_V10_F00004_72655f19-5561-4e5b-b374-1991756482dd.jpg,C,C1273338,yiwuyaru,2831.0,2570.0,2888.0,2703.0,57.0,133.0,7581.0,2.3333333333333335,57.0,0,0,0,0
C1273338_V10_F00004_72655f19-5561-4e5b-b374-1991756482dd.jpg,C,C1273338,yiwuyaru,2835.0,405.0,2860.0,533.0,25.0,128.0,3200.0,5.12,25.0,0,0,1,0
C1273373_V01_F00006_721c3e5c-1670-48e9-b0d2-9e47483b0d24.jpg,C,C1273373,jieba,1123.0,415.0,1195.0,559.0,72.0,144.0,10368.0,2.0,72.0,0,0,0,0
C1293676_V02_F00002_2923aa2c-8dd0-4b31-84fd-0096a99771ad.jpg,C,C1293676,yiwuyaru,1.0,1008.0,145.0,1200.0,144.0,192.0,27648.0,1.3333333333333333,144.0,0,0,0,1
C1293802_V01_F00002_6dd7a775-e406-4461-aa00-e3b1dc5f456c.jpg,C,C1293802,jieba,639.0,842.0,721.0,916.0,82.0,74.0,6068.0,1.1081081081081081,74.0,0,0,0,0
C1293828_V11_F00000_9498c671-07ba-48d0-80b3-d7a232f2fbbe.jpg,C,C1293828,jieba,1643.0,2465.0,1698.0,2629.0,55.0,164.0,9020.0,2.981818181818182,55.0,0,0,0,0
C1293885_V02_F00008_d71f5e5e-ebfb-46bb-b9cf-86a8e64db4e3.jpg,C,C1293885,yiwuyaru,3735.0,1067.0,3873.0,1203.0,138.0,136.0,18768.0,1.0147058823529411,136.0,0,0,0,0
C1293885_V03_F00008_9556d9f0-8223-4b45-950d-d485a3071e19.jpg,C,C1293885,yiwuyaru,189.0,1064.0,347.0,1210.0,158.0,146.0,23068.0,1.082191780821918,146.0,0,0,0,0
C1293942_V00_F00009_7896a95e-34c5-4dc8-915f-bb6ce710ccbd.jpg,C,C1293942,mamianmakeng,2354.0,983.0,2429.0,1046.0,75.0,63.0,4725.0,1.1904761904761905,63.0,0,0,0,0
C1293966_V10_F00002_92ec01d0-7947-4c8e-ac7b-7a7c26918956.jpg,C,C1293966,yiwuyaru,3366.0,849.0,3426.0,1283.0,60.0,434.0,26040.0,7.233333333333333,60.0,0,0,1,0
C1293989_V03_F00001_4364c6ae-a5f6-4d32-8b6b-8d6b9814c9a4.jpg,C,C1293989,jieba,2254.0,1852.0,2297.0,1895.0,43.0,43.0,1849.0,1.0,43.0,0,0,0,0
C1293989_V03_F00001_4364c6ae-a5f6-4d32-8b6b-8d6b9814c9a4.jpg,C,C1293989,jieba,2267.0,1762.0,2293.0,1778.0,26.0,16.0,416.0,1.625,16.0,0,0,0,0
C1293989_V03_F00001_4364c6ae-a5f6-4d32-8b6b-8d6b9814c9a4.jpg,C,C1293989,jieba,2262.0,1645.0,2285.0,1675.0,23.0,30.0,690.0,1.3043478260869565,23.0,0,0,0,0
C1293989_V03_F00001_4364c6ae-a5f6-4d32-8b6b-8d6b9814c9a4.jpg,C,C1293989,jieba,2262.0,1429.0,2274.0,1473.0,12.0,44.0,528.0,3.6666666666666665,12.0,1,0,0,0
C1293989_V03_F00001_4364c6ae-a5f6-4d32-8b6b-8d6b9814c9a4.jpg,C,C1293989,zonglie,2261.0,716.0,2292.0,1589.0,31.0,873.0,27063.0,28.161290322580644,31.0,0,0,1,0
C1293989_V03_F00004_3cb88a86-c018-45aa-b30e-b6806422d850.jpg,C,C1293989,jieba,2229.0,959.0,2272.0,1049.0,43.0,90.0,3870.0,2.0930232558139537,43.0,0,0,0,0
C1293989_V03_F00004_3cb88a86-c018-45aa-b30e-b6806422d850.jpg,C,C1293989,jieba,2237.0,2682.0,2272.0,2712.0,35.0,30.0,1050.0,1.1666666666666667,30.0,0,0,0,0
C1293989_V03_F00004_3cb88a86-c018-45aa-b30e-b6806422d850.jpg,C,C1293989,zonglie,2239.0,279.0,2274.0,987.0,35.0,708.0,24780.0,20.228571428571428,35.0,0,0,1,0
C1293989_V03_F00004_3cb88a86-c018-45aa-b30e-b6806422d850.jpg,C,C1293989,jieba,2254.0,2633.0,2272.0,2671.0,18.0,38.0,684.0,2.111111111111111,18.0,0,0,0,0
C1293989_V03_F00004_3cb88a86-c018-45aa-b30e-b6806422d850.jpg,C,C1293989,jieba,2249.0,2462.0,2263.0,2495.0,14.0,33.0,462.0,2.357142857142857,14.0,1,0,0,0
C1293989_V03_F00004_3cb88a86-c018-45aa-b30e-b6806422d850.jpg,C,C1293989,zonglie,2256.0,2496.0,2273.0,2638.0,17.0,142.0,2414.0,8.352941176470589,17.0,0,0,1,0
C1293989_V03_F00004_3cb88a86-c018-45aa-b30e-b6806422d850.jpg,C,C1293989,zonglie,2255.0,2125.0,2272.0,2467.0,17.0,342.0,5814.0,20.11764705882353,17.0,0,0,1,0
C1293989_V03_F00004_3cb88a86-c018-45aa-b30e-b6806422d850.jpg,C,C1293989,zonglie,2257.0,1944.0,2274.0,2109.0,17.0,165.0,2805.0,9.705882352941176,17.0,0,0,1,0
C1293989_V03_F00006_45c53b57-84a6-47d2-bdee-f19841e39cb4.jpg,C,C1293989,jieba,2221.0,542.0,2283.0,762.0,62.0,220.0,13640.0,3.5483870967741935,62.0,0,0,0,0
C1293989_V03_F00006_45c53b57-84a6-47d2-bdee-f19841e39cb4.jpg,C,C1293989,jieba,2262.0,817.0,2284.0,884.0,22.0,67.0,1474.0,3.0454545454545454,22.0,0,0,0,0
C1293989_V03_F00006_45c53b57-84a6-47d2-bdee-f19841e39cb4.jpg,C,C1293989,jieba,2249.0,1489.0,2287.0,1520.0,38.0,31.0,1178.0,1.2258064516129032,31.0,0,0,0,0
C1293989_V03_F00006_45c53b57-84a6-47d2-bdee-f19841e39cb4.jpg,C,C1293989,jieba,2252.0,1963.0,2280.0,2022.0,28.0,59.0,1652.0,2.107142857142857,28.0,0,0,0,0
C1293989_V03_F00006_45c53b57-84a6-47d2-bdee-f19841e39cb4.jpg,C,C1293989,jieba,2255.0,2276.0,2283.0,2381.0,28.0,105.0,2940.0,3.75,28.0,0,0,0,0
C1293989_V03_F00006_45c53b57-84a6-47d2-bdee-f19841e39cb4.jpg,C,C1293989,jieba,2265.0,2546.0,2282.0,2622.0,17.0,76.0,1292.0,4.470588235294118,17.0,0,0,0,0
C1293989_V03_F00006_45c53b57-84a6-47d2-bdee-f19841e39cb4.jpg,C,C1293989,zonglie,2269.0,2658.0,2284.0,2997.0,15.0,339.0,5085.0,22.6,15.0,1,0,1,1
C1293989_V03_F00006_45c53b57-84a6-47d2-bdee-f19841e39cb4.jpg,C,C1293989,zonglie,2260.0,5.0,2280.0,547.0,20.0,542.0,10840.0,27.1,20.0,0,0,1,1
C1293989_V03_F00006_45c53b57-84a6-47d2-bdee-f19841e39cb4.jpg,C,C1293989,jieba,2261.0,1804.0,2273.0,1859.0,12.0,55.0,660.0,4.583333333333333,12.0,1,0,0,0
C1293989_V03_F00006_45c53b57-84a6-47d2-bdee-f19841e39cb4.jpg,C,C1293989,zonglie,2267.0,1860.0,2283.0,1968.0,16.0,108.0,1728.0,6.75,16.0,0,0,1,0
C1293989_V03_F00006_45c53b57-84a6-47d2-bdee-f19841e39cb4.jpg,C,C1293989,zonglie,2265.0,1564.0,2280.0,1805.0,15.0,241.0,3615.0,16.066666666666666,15.0,1,0,1,0
C1293989_V10_F00003_77191c66-2cc9-40d4-bf93-de6c4c131a8a.jpg,C,C1293989,yiwuyaru,1748.0,914.0,1992.0,1524.0,244.0,610.0,148840.0,2.5,244.0,0,0,0,0
C1293995_V13_F00006_699d36c0-0e99-490c-8120-f96e2d8cb551.jpg,C,C1293995,yiwuyaru,2907.0,855.0,2980.0,1140.0,73.0,285.0,20805.0,3.904109589041096,73.0,0,0,0,0
C1293997_V01_F00003_b976ff45-c9e2-4384-9572-720af61c61e4.jpg,C,C1293997,yiwuyaru,3019.0,1104.0,3065.0,1169.0,46.0,65.0,2990.0,1.4130434782608696,46.0,0,0,0,0
C1294000_V03_F00007_37beec22-a501-4ef5-9202-657007d14e39.jpg,C,C1294000,jieba,2250.0,2887.0,2281.0,2931.0,31.0,44.0,1364.0,1.4193548387096775,31.0,0,0,0,0
C1294000_V03_F00007_37beec22-a501-4ef5-9202-657007d14e39.jpg,C,C1294000,zonglie,2256.0,2298.0,2282.0,2890.0,26.0,592.0,15392.0,22.76923076923077,26.0,0,0,1,0
C1294000_V03_F00010_367031c3-924f-4769-9c9e-9f5287f5f46c.jpg,C,C1294000,jieba,2229.0,1770.0,2300.0,1866.0,71.0,96.0,6816.0,1.352112676056338,71.0,0,0,0,0
C1294000_V03_F00010_367031c3-924f-4769-9c9e-9f5287f5f46c.jpg,C,C1294000,jieba,2283.0,1904.0,2301.0,1941.0,18.0,37.0,666.0,2.0555555555555554,18.0,0,0,0,0
C1294000_V03_F00010_367031c3-924f-4769-9c9e-9f5287f5f46c.jpg,C,C1294000,zonglie,2276.0,974.0,2303.0,1767.0,27.0,793.0,21411.0,29.37037037037037,27.0,0,0,1,0
C1294000_V03_F00012_e04cf712-cbea-411d-b0d1-6833539f5df0.jpg,C,C1294000,jieba,2304.0,1741.0,2333.0,1774.0,29.0,33.0,957.0,1.1379310344827587,29.0,0,0,0,0
C1294000_V03_F00012_e04cf712-cbea-411d-b0d1-6833539f5df0.jpg,C,C1294000,zonglie,2305.0,312.0,2335.0,2090.0,30.0,1778.0,53340.0,59.266666666666666,30.0,0,0,1,0
C1294003_V10_F00007_fdd77aa0-26e0-4a14-8c5a-2f5e5aa8baee.jpg,C,C1294003,yiwuyaru,1735.0,185.0,1780.0,359.0,45.0,174.0,7830.0,3.8666666666666667,45.0,0,0,0,0
C1294020_V03_F00011_bea4cfba-3674-45e4-8594-b9ec54883a55.jpg,C,C1294020,jieba,2267.0,1350.0,2331.0,1437.0,64.0,87.0,5568.0,1.359375,64.0,0,0,0,0
C1294020_V03_F00011_bea4cfba-3674-45e4-8594-b9ec54883a55.jpg,C,C1294020,jieba,2258.0,849.0,2311.0,905.0,53.0,56.0,2968.0,1.0566037735849056,53.0,0,0,0,0
C1294020_V03_F00011_bea4cfba-3674-45e4-8594-b9ec54883a55.jpg,C,C1294020,jieba,2289.0,954.0,2320.0,998.0,31.0,44.0,1364.0,1.4193548387096775,31.0,0,0,0,0
C1294020_V03_F00011_bea4cfba-3674-45e4-8594-b9ec54883a55.jpg,C,C1294020,zonglie,2302.0,995.0,2326.0,1347.0,24.0,352.0,8448.0,14.666666666666666,24.0,0,0,1,0
C1294020_V03_F00011_bea4cfba-3674-45e4-8594-b9ec54883a55.jpg,C,C1294020,zonglie,2296.0,658.0,2324.0,868.0,28.0,210.0,5880.0,7.5,28.0,0,0,1,0
C1294024_V00_F00006_2939a24e-efde-4f73-8279-c7a1a852e44f.jpg,C,C1294024,yiwuyaru,916.0,826.0,1002.0,850.0,86.0,24.0,2064.0,3.5833333333333335,24.0,0,0,0,0
C1294026_V01_F00005_bb8c4b15-3cf3-428b-9853-68d09cfcc9c0.jpg,C,C1294026,yiwuyaru,1487.0,376.0,1610.0,436.0,123.0,60.0,7380.0,2.05,60.0,0,0,0,0
C1294031_V03_F00006_ba8253d3-984f-4461-b802-10fef1865a0b.jpg,C,C1294031,yiwuyaru,2417.0,474.0,2449.0,506.0,32.0,32.0,1024.0,1.0,32.0,0,0,0,0
C1294031_V03_F00006_ba8253d3-984f-4461-b802-10fef1865a0b.jpg,C,C1294031,zonglie,2434.0,328.0,2457.0,928.0,23.0,600.0,13800.0,26.08695652173913,23.0,0,0,1,0
C1294031_V03_F00006_ba8253d3-984f-4461-b802-10fef1865a0b.jpg,C,C1294031,jieba,2436.0,1169.0,2461.0,1199.0,25.0,30.0,750.0,1.2,25.0,0,0,0,0
C1294031_V03_F00006_ba8253d3-984f-4461-b802-10fef1865a0b.jpg,C,C1294031,jieba,2434.0,214.0,2461.0,327.0,27.0,113.0,3051.0,4.185185185185185,27.0,0,0,0,0
C1294031_V03_F00013_22534c97-ebe6-4b5e-b0b0-279ef350b6c8.jpg,C,C1294031,jieba,2497.0,58.0,2527.0,105.0,30.0,47.0,1410.0,1.5666666666666667,30.0,0,0,0,0
C1294031_V03_F00013_22534c97-ebe6-4b5e-b0b0-279ef350b6c8.jpg,C,C1294031,jieba,2503.0,118.0,2521.0,151.0,18.0,33.0,594.0,1.8333333333333333,18.0,0,0,0,0
C1294031_V03_F00013_22534c97-ebe6-4b5e-b0b0-279ef350b6c8.jpg,C,C1294031,jieba,2498.0,157.0,2518.0,188.0,20.0,31.0,620.0,1.55,20.0,0,0,0,0
C1294032_V03_F00001_10b29499-8355-41d6-84f8-019d36f2bcb6.jpg,C,C1294032,jieba,2377.0,2480.0,2413.0,2515.0,36.0,35.0,1260.0,1.0285714285714285,35.0,0,0,0,0
C1294032_V03_F00001_10b29499-8355-41d6-84f8-019d36f2bcb6.jpg,C,C1294032,zonglie,2390.0,1960.0,2414.0,2485.0,24.0,525.0,12600.0,21.875,24.0,0,0,1,0
C1294032_V03_F00001_10b29499-8355-41d6-84f8-019d36f2bcb6.jpg,C,C1294032,qilie,2356.0,1754.0,2412.0,1942.0,56.0,188.0,10528.0,3.357142857142857,56.0,0,0,0,0
C1294032_V03_F00001_10b29499-8355-41d6-84f8-019d36f2bcb6.jpg,C,C1294032,jieba,2401.0,2713.0,2419.0,2822.0,18.0,109.0,1962.0,6.055555555555555,18.0,0,0,1,0
C1294034_V03_F00005_89c071e9-94a9-46c5-956e-f2ac95800950.jpg,C,C1294034,zonglie,2245.0,7.0,2272.0,920.0,27.0,913.0,24651.0,33.81481481481482,27.0,0,0,1,1
C1294034_V03_F00005_89c071e9-94a9-46c5-956e-f2ac95800950.jpg,C,C1294034,jieba,2249.0,2133.0,2273.0,2159.0,24.0,26.0,624.0,1.0833333333333333,24.0,0,0,0,0
C1294034_V03_F00005_89c071e9-94a9-46c5-956e-f2ac95800950.jpg,C,C1294034,jieba,2256.0,2881.0,2279.0,2905.0,23.0,24.0,552.0,1.0434782608695652,23.0,0,0,0,0
C1294034_V03_F00005_89c071e9-94a9-46c5-956e-f2ac95800950.jpg,C,C1294034,jieba,2256.0,2007.0,2278.0,2040.0,22.0,33.0,726.0,1.5,22.0,0,0,0,0
C1294034_V03_F00005_89c071e9-94a9-46c5-956e-f2ac95800950.jpg,C,C1294034,jieba,2255.0,2231.0,2275.0,2253.0,20.0,22.0,440.0,1.1,20.0,0,0,0,0
C1294034_V03_F00005_89c071e9-94a9-46c5-956e-f2ac95800950.jpg,C,C1294034,jieba,2247.0,332.0,2269.0,364.0,22.0,32.0,704.0,1.4545454545454546,22.0,0,0,0,0
C1294034_V03_F00005_89c071e9-94a9-46c5-956e-f2ac95800950.jpg,C,C1294034,jieba,2252.0,942.0,2273.0,964.0,21.0,22.0,462.0,1.0476190476190477,21.0,0,0,0,0
C1294034_V03_F00005_89c071e9-94a9-46c5-956e-f2ac95800950.jpg,C,C1294034,zonglie,2259.0,2044.0,2272.0,2374.0,13.0,330.0,4290.0,25.384615384615383,13.0,1,0,1,0
C1294034_V03_F00005_89c071e9-94a9-46c5-956e-f2ac95800950.jpg,C,C1294034,zonglie,2257.0,2470.0,2277.0,2750.0,20.0,280.0,5600.0,14.0,20.0,0,0,1,0
C1294034_V03_F00007_93fe914e-4ddd-43ad-ae94-d8c200d15e6f.jpg,C,C1294034,jieba,2282.0,2617.0,2305.0,2668.0,23.0,51.0,1173.0,2.217391304347826,23.0,0,0,0,0
C1294034_V03_F00007_93fe914e-4ddd-43ad-ae94-d8c200d15e6f.jpg,C,C1294034,zonglie,2270.0,1008.0,2302.0,2144.0,32.0,1136.0,36352.0,35.5,32.0,0,0,1,0
C1294034_V03_F00007_93fe914e-4ddd-43ad-ae94-d8c200d15e6f.jpg,C,C1294034,zonglie,2287.0,580.0,2295.0,658.0,8.0,78.0,624.0,9.75,8.0,1,0,1,0
C1294034_V03_F00007_93fe914e-4ddd-43ad-ae94-d8c200d15e6f.jpg,C,C1294034,jieba,2261.0,1520.0,2296.0,1582.0,35.0,62.0,2170.0,1.7714285714285714,35.0,0,0,0,0
C1294034_V03_F00007_93fe914e-4ddd-43ad-ae94-d8c200d15e6f.jpg,C,C1294034,jieba,2277.0,1609.0,2296.0,1631.0,19.0,22.0,418.0,1.1578947368421053,19.0,0,0,0,0
C1294034_V03_F00007_93fe914e-4ddd-43ad-ae94-d8c200d15e6f.jpg,C,C1294034,jieba,2279.0,1739.0,2296.0,1771.0,17.0,32.0,544.0,1.8823529411764706,17.0,0,0,0,0
C1294036_V03_F00010_20af1f14-d147-4bfd-8f2b-5c8d4377b4cf.jpg,C,C1294036,zonglie,2374.0,2560.0,2391.0,2999.0,17.0,439.0,7463.0,25.823529411764707,17.0,0,0,1,1
C1294036_V03_F00010_20af1f14-d147-4bfd-8f2b-5c8d4377b4cf.jpg,C,C1294036,jieba,2338.0,1.0,2365.0,33.0,27.0,32.0,864.0,1.1851851851851851,27.0,0,0,0,1
C1294036_V03_F00010_20af1f14-d147-4bfd-8f2b-5c8d4377b4cf.jpg,C,C1294036,jieba,2323.0,253.0,2368.0,298.0,45.0,45.0,2025.0,1.0,45.0,0,0,0,0
C1294036_V03_F00010_20af1f14-d147-4bfd-8f2b-5c8d4377b4cf.jpg,C,C1294036,jieba,2344.0,674.0,2371.0,731.0,27.0,57.0,1539.0,2.111111111111111,27.0,0,0,0,0
C1294036_V03_F00010_20af1f14-d147-4bfd-8f2b-5c8d4377b4cf.jpg,C,C1294036,zonglie,2345.0,33.0,2360.0,257.0,15.0,224.0,3360.0,14.933333333333334,15.0,1,0,1,0
C1294036_V03_F00013_3b219e2b-5851-4676-9970-b8f5bc39a9ec.jpg,C,C1294036,zonglie,2431.0,1.0,2462.0,530.0,31.0,529.0,16399.0,17.06451612903226,31.0,0,0,1,1
C1294036_V03_F00013_3b219e2b-5851-4676-9970-b8f5bc39a9ec.jpg,C,C1294036,jieba,2408.0,531.0,2457.0,619.0,49.0,88.0,4312.0,1.7959183673469388,49.0,0,0,0,0
C1294047_V03_F00004_b2d06f2d-99dc-452c-bd3b-6d597e82f7bb.jpg,C,C1294047,jieba,2352.0,1235.0,2406.0,1339.0,54.0,104.0,5616.0,1.9259259259259258,54.0,0,0,0,0
C1294047_V03_F00004_b2d06f2d-99dc-452c-bd3b-6d597e82f7bb.jpg,C,C1294047,zonglie,2388.0,2327.0,2409.0,3000.0,21.0,673.0,14133.0,32.04761904761905,21.0,0,0,1,1
C1294047_V03_F00004_b2d06f2d-99dc-452c-bd3b-6d597e82f7bb.jpg,C,C1294047,jieba,2363.0,990.0,2388.0,1030.0,25.0,40.0,1000.0,1.6,25.0,0,0,0,0
C1294047_V03_F00004_b2d06f2d-99dc-452c-bd3b-6d597e82f7bb.jpg,C,C1294047,jieba,2382.0,633.0,2399.0,661.0,17.0,28.0,476.0,1.6470588235294117,17.0,0,0,0,0
C1294047_V03_F00004_b2d06f2d-99dc-452c-bd3b-6d597e82f7bb.jpg,C,C1294047,jieba,2381.0,691.0,2400.0,734.0,19.0,43.0,817.0,2.263157894736842,19.0,0,0,0,0
C1294047_V03_F00004_b2d06f2d-99dc-452c-bd3b-6d597e82f7bb.jpg,C,C1294047,zonglie,2374.0,742.0,2399.0,982.0,25.0,240.0,6000.0,9.6,25.0,0,0,1,0
C1294047_V03_F00004_b2d06f2d-99dc-452c-bd3b-6d597e82f7bb.jpg,C,C1294047,zonglie,2365.0,1034.0,2391.0,1225.0,26.0,191.0,4966.0,7.346153846153846,26.0,0,0,1,0
C1294073_V03_F00002_8330669a-50af-4d15-bcdf-b15f139a2895.jpg,C,C1294073,jieba,2230.0,1317.0,2273.0,1370.0,43.0,53.0,2279.0,1.2325581395348837,43.0,0,0,0,0
C1294073_V03_F00002_8330669a-50af-4d15-bcdf-b15f139a2895.jpg,C,C1294073,jieba,2256.0,2092.0,2277.0,2147.0,21.0,55.0,1155.0,2.619047619047619,21.0,0,0,0,0
C1294073_V03_F00002_8330669a-50af-4d15-bcdf-b15f139a2895.jpg,C,C1294073,jieba,2260.0,1969.0,2275.0,2073.0,15.0,104.0,1560.0,6.933333333333334,15.0,1,0,1,0
C1294073_V03_F00002_8330669a-50af-4d15-bcdf-b15f139a2895.jpg,C,C1294073,qilie,2195.0,1.0,2282.0,2998.0,87.0,2997.0,260739.0,34.44827586206897,87.0,0,0,1,1
C1294073_V03_F00005_216e3d9c-29a2-40c4-8875-6e1819c4bb86.jpg,C,C1294073,jieba,2294.0,1215.0,2329.0,1270.0,35.0,55.0,1925.0,1.5714285714285714,35.0,0,0,0,0
C1294073_V03_F00005_216e3d9c-29a2-40c4-8875-6e1819c4bb86.jpg,C,C1294073,zonglie,2309.0,935.0,2333.0,1264.0,24.0,329.0,7896.0,13.708333333333334,24.0,0,0,1,0
C1294073_V03_F00005_216e3d9c-29a2-40c4-8875-6e1819c4bb86.jpg,C,C1294073,qilie,2247.0,10.0,2321.0,3000.0,74.0,2990.0,221260.0,40.4054054054054,74.0,0,0,1,1
C1294073_V03_F00006_cb67c080-a3ad-494d-b7a5-b53b2e65182d.jpg,C,C1294073,zonglie,2323.0,0.0,2354.0,734.0,31.0,734.0,22754.0,23.677419354838708,31.0,0,0,1,1
C1294073_V03_F00006_cb67c080-a3ad-494d-b7a5-b53b2e65182d.jpg,C,C1294073,jieba,2328.0,1891.0,2360.0,1927.0,32.0,36.0,1152.0,1.125,32.0,0,0,0,0
C1294073_V03_F00006_cb67c080-a3ad-494d-b7a5-b53b2e65182d.jpg,C,C1294073,jieba,2320.0,214.0,2346.0,255.0,26.0,41.0,1066.0,1.5769230769230769,26.0,0,0,0,0
C1294073_V03_F00006_cb67c080-a3ad-494d-b7a5-b53b2e65182d.jpg,C,C1294073,qilie,2262.0,2.0,2334.0,2647.0,72.0,2645.0,190440.0,36.736111111111114,72.0,0,0,1,1
C1294073_V03_F00010_6b2723be-75d8-4db7-9ecc-9eb70a514a0f.jpg,C,C1294073,jieba,2409.0,2117.0,2479.0,2181.0,70.0,64.0,4480.0,1.09375,64.0,0,0,0,0
C1294133_V00_F00002_3f54626e-09f6-4783-b20b-717b74946003.jpg,C,C1294133,yiwuyaru,1742.0,1516.0,1805.0,1573.0,63.0,57.0,3591.0,1.105263157894737,57.0,0,0,0,0
C1294133_V00_F00002_3f54626e-09f6-4783-b20b-717b74946003.jpg,C,C1294133,yiwuyaru,1841.0,2170.0,1873.0,2202.0,32.0,32.0,1024.0,1.0,32.0,0,0,0,0
C1294147_V03_F00003_3dfc8220-062e-459f-805e-abb1fe80f844.jpg,C,C1294147,jieba,2071.0,5.0,2119.0,52.0,48.0,47.0,2256.0,1.0212765957446808,47.0,0,0,0,1
C1294147_V03_F00003_3dfc8220-062e-459f-805e-abb1fe80f844.jpg,C,C1294147,qilie,2083.0,48.0,2112.0,262.0,29.0,214.0,6206.0,7.379310344827586,29.0,0,0,1,0
C1294147_V03_F00005_5a224b2f-f3d0-417f-8dbe-5f6f88ca2632.jpg,C,C1294147,jieba,2026.0,288.0,2067.0,354.0,41.0,66.0,2706.0,1.6097560975609757,41.0,0,0,0,0
C1294147_V03_F00005_5a224b2f-f3d0-417f-8dbe-5f6f88ca2632.jpg,C,C1294147,jieba,1980.0,477.0,2064.0,548.0,84.0,71.0,5964.0,1.1830985915492958,71.0,0,0,0,0
C1294147_V03_F00005_5a224b2f-f3d0-417f-8dbe-5f6f88ca2632.jpg,C,C1294147,jieba,2032.0,604.0,2057.0,633.0,25.0,29.0,725.0,1.16,25.0,0,0,0,0
C1294147_V03_F00005_5a224b2f-f3d0-417f-8dbe-5f6f88ca2632.jpg,C,C1294147,qilie,2022.0,2190.0,2060.0,2262.0,38.0,72.0,2736.0,1.894736842105263,38.0,0,0,0,0
C1294147_V03_F00005_5a224b2f-f3d0-417f-8dbe-5f6f88ca2632.jpg,C,C1294147,jieba,2022.0,2747.0,2055.0,2892.0,33.0,145.0,4785.0,4.393939393939394,33.0,0,0,0,0
C1294147_V03_F00005_5a224b2f-f3d0-417f-8dbe-5f6f88ca2632.jpg,C,C1294147,qilie,2041.0,355.0,2054.0,474.0,13.0,119.0,1547.0,9.153846153846153,13.0,1,0,1,0
C1294147_V03_F00005_5a224b2f-f3d0-417f-8dbe-5f6f88ca2632.jpg,C,C1294147,qilie,2033.0,2265.0,2054.0,2512.0,21.0,247.0,5187.0,11.761904761904763,21.0,0,0,1,0
C1294147_V03_F00005_5a224b2f-f3d0-417f-8dbe-5f6f88ca2632.jpg,C,C1294147,qilie,2039.0,1776.0,2058.0,1961.0,19.0,185.0,3515.0,9.736842105263158,19.0,0,0,1,0
C1294205_V13_F00008_68142f5a-a591-425f-a9dc-f5f0bd55cb5b.jpg,C,C1294205,jieba,2901.0,871.0,3011.0,1164.0,110.0,293.0,32230.0,2.6636363636363636,110.0,0,0,0,0
C1294213_V03_F00046_cbaed96f-b229-4665-b2ed-303d0f3cec47.jpg,C,C1294213,jieba,2256.0,1852.0,2309.0,1902.0,53.0,50.0,2650.0,1.06,50.0,0,0,0,0
C1294213_V03_F00046_cbaed96f-b229-4665-b2ed-303d0f3cec47.jpg,C,C1294213,jieba,2282.0,5.0,2321.0,84.0,39.0,79.0,3081.0,2.0256410256410255,39.0,0,0,0,1
C1294213_V03_F00046_cbaed96f-b229-4665-b2ed-303d0f3cec47.jpg,C,C1294213,jieba,2267.0,2192.0,2316.0,2257.0,49.0,65.0,3185.0,1.3265306122448979,49.0,0,0,0,0
C1294213_V03_F00046_cbaed96f-b229-4665-b2ed-303d0f3cec47.jpg,C,C1294213,jieba,2296.0,2284.0,2320.0,2318.0,24.0,34.0,816.0,1.4166666666666667,24.0,0,0,0,0
C1294213_V03_F00046_cbaed96f-b229-4665-b2ed-303d0f3cec47.jpg,C,C1294213,qilie,2268.0,791.0,2325.0,1047.0,57.0,256.0,14592.0,4.491228070175438,57.0,0,0,0,0
C1294213_V03_F00046_cbaed96f-b229-4665-b2ed-303d0f3cec47.jpg,C,C1294213,zonglie,2286.0,1454.0,2317.0,2202.0,31.0,748.0,23188.0,24.129032258064516,31.0,0,0,1,0
C1294213_V03_F00046_cbaed96f-b229-4665-b2ed-303d0f3cec47.jpg,C,C1294213,qilie,2276.0,1240.0,2317.0,1390.0,41.0,150.0,6150.0,3.658536585365854,41.0,0,0,0,0
C1294213_V03_F00046_cbaed96f-b229-4665-b2ed-303d0f3cec47.jpg,C,C1294213,jieba,2293.0,1392.0,2318.0,1451.0,25.0,59.0,1475.0,2.36,25.0,0,0,0,0
C1294231_V01_F00005_fb167e80-934e-4bdf-b229-9607450746a5.jpg,C,C1294231,yiwuyaru,3527.0,1675.0,3582.0,1715.0,55.0,40.0,2200.0,1.375,40.0,0,0,0,0
C1294245_V01_F00008_c1bded78-5a14-4d41-80de-2af49bc9e028.jpg,C,C1294245,yiwuyaru,750.0,900.0,798.0,945.0,48.0,45.0,2160.0,1.0666666666666667,45.0,0,0,0,0
C1294249_V11_F00006_542f52ab-48db-4c71-be41-6ebb0e3dce91.jpg,C,C1294249,yiwuyaru,3234.0,1370.0,3302.0,1451.0,68.0,81.0,5508.0,1.1911764705882353,68.0,0,0,0,0
C1294270_V03_F00003_b27b70fe-ae23-43cf-a498-10c59d5caadd.jpg,C,C1294270,jieba,2174.0,2675.0,2262.0,2865.0,88.0,190.0,16720.0,2.159090909090909,88.0,0,0,0,0
C1294270_V03_F00003_b27b70fe-ae23-43cf-a498-10c59d5caadd.jpg,C,C1294270,jieba,2258.0,315.0,2281.0,394.0,23.0,79.0,1817.0,3.4347826086956523,23.0,0,0,0,0
C1294270_V03_F00003_b27b70fe-ae23-43cf-a498-10c59d5caadd.jpg,C,C1294270,jieba,2249.0,142.0,2278.0,233.0,29.0,91.0,2639.0,3.1379310344827585,29.0,0,0,0,0
C1294270_V03_F00003_b27b70fe-ae23-43cf-a498-10c59d5caadd.jpg,C,C1294270,jieba,2240.0,2958.0,2268.0,2999.0,28.0,41.0,1148.0,1.4642857142857142,28.0,0,0,0,1
C1294270_V03_F00004_cf70c2b8-44ff-4d49-871b-3b5e724a5f20.jpg,C,C1294270,jieba,2162.0,887.0,2272.0,974.0,110.0,87.0,9570.0,1.264367816091954,87.0,0,0,0,0
C1294270_V03_F00004_cf70c2b8-44ff-4d49-871b-3b5e724a5f20.jpg,C,C1294270,jieba,2224.0,12.0,2266.0,73.0,42.0,61.0,2562.0,1.4523809523809523,42.0,0,0,0,1
C1294270_V03_F00004_cf70c2b8-44ff-4d49-871b-3b5e724a5f20.jpg,C,C1294270,zonglie,2232.0,2396.0,2264.0,3000.0,32.0,604.0,19328.0,18.875,32.0,0,0,1,1
C1294270_V03_F00007_c03ff699-27cf-42d0-ba91-3a12c238cc4a.jpg,C,C1294270,jieba,2259.0,1530.0,2281.0,1583.0,22.0,53.0,1166.0,2.409090909090909,22.0,0,0,0,0
C1294270_V03_F00007_c03ff699-27cf-42d0-ba91-3a12c238cc4a.jpg,C,C1294270,jieba,2207.0,2695.0,2285.0,2832.0,78.0,137.0,10686.0,1.7564102564102564,78.0,0,0,0,0
C1294270_V03_F00007_c03ff699-27cf-42d0-ba91-3a12c238cc4a.jpg,C,C1294270,jieba,2246.0,1172.0,2279.0,1263.0,33.0,91.0,3003.0,2.757575757575758,33.0,0,0,0,0
C1294270_V03_F00007_c03ff699-27cf-42d0-ba91-3a12c238cc4a.jpg,C,C1294270,zonglie,2265.0,2365.0,2281.0,2701.0,16.0,336.0,5376.0,21.0,16.0,0,0,1,0
C1294270_V03_F00007_c03ff699-27cf-42d0-ba91-3a12c238cc4a.jpg,C,C1294270,zonglie,2261.0,2787.0,2282.0,2997.0,21.0,210.0,4410.0,10.0,21.0,0,0,1,1
C1294270_V03_F00007_c03ff699-27cf-42d0-ba91-3a12c238cc4a.jpg,C,C1294270,qilie,2209.0,1788.0,2274.0,2666.0,65.0,878.0,57070.0,13.507692307692308,65.0,0,0,1,0
C1294270_V03_F00008_e8b915f1-3f4a-44b9-8fca-dc06bca48669.jpg,C,C1294270,jieba,2269.0,360.0,2288.0,386.0,19.0,26.0,494.0,1.368421052631579,19.0,0,0,0,0
C1294270_V03_F00008_e8b915f1-3f4a-44b9-8fca-dc06bca48669.jpg,C,C1294270,jieba,2109.0,273.0,2127.0,302.0,18.0,29.0,522.0,1.6111111111111112,18.0,0,0,0,0
C1294270_V03_F00008_e8b915f1-3f4a-44b9-8fca-dc06bca48669.jpg,C,C1294270,jieba,2278.0,1614.0,2292.0,1647.0,14.0,33.0,462.0,2.357142857142857,14.0,1,0,0,0
C1294270_V03_F00010_fe883ad5-65a2-43ac-90c7-7136caf01f27.jpg,C,C1294270,yiwuyaru,2247.0,1380.0,2398.0,1419.0,151.0,39.0,5889.0,3.871794871794872,39.0,0,0,0,0
C1294270_V03_F00010_fe883ad5-65a2-43ac-90c7-7136caf01f27.jpg,C,C1294270,yiwuyaru,2112.0,2.0,2309.0,312.0,197.0,310.0,61070.0,1.5736040609137056,197.0,0,0,0,1
C1294270_V03_F00010_fe883ad5-65a2-43ac-90c7-7136caf01f27.jpg,C,C1294270,jieba,2270.0,401.0,2305.0,449.0,35.0,48.0,1680.0,1.3714285714285714,35.0,0,0,0,0
C1294270_V03_F00010_fe883ad5-65a2-43ac-90c7-7136caf01f27.jpg,C,C1294270,jieba,2290.0,619.0,2314.0,654.0,24.0,35.0,840.0,1.4583333333333333,24.0,0,0,0,0
C1294270_V03_F00010_fe883ad5-65a2-43ac-90c7-7136caf01f27.jpg,C,C1294270,zonglie,2301.0,2225.0,2328.0,2996.0,27.0,771.0,20817.0,28.555555555555557,27.0,0,0,1,1
C1294270_V03_F00010_fe883ad5-65a2-43ac-90c7-7136caf01f27.jpg,C,C1294270,jieba,2318.0,463.0,2393.0,598.0,75.0,135.0,10125.0,1.8,75.0,0,0,0,0
C1294270_V10_F00004_84361afb-2f65-462d-a7ab-2d9fb948d3bf.jpg,C,C1294270,jieba,1753.0,1689.0,1786.0,1726.0,33.0,37.0,1221.0,1.121212121212121,33.0,0,0,0,0
C1294270_V10_F00004_84361afb-2f65-462d-a7ab-2d9fb948d3bf.jpg,C,C1294270,jieba,1747.0,237.0,1787.0,271.0,40.0,34.0,1360.0,1.1764705882352942,34.0,0,0,0,0
C1294273_V10_F00010_b1db2c78-8890-4f51-a140-5f934fdb1926.jpg,C,C1294273,yiwuyaru,1855.0,2345.0,1896.0,2420.0,41.0,75.0,3075.0,1.829268292682927,41.0,0,0,0,0
C1294305_V03_F00002_bb7d94c8-2cbd-4bdb-a908-7a16080320b0.jpg,C,C1294305,jieba,2414.0,1434.0,2438.0,1489.0,24.0,55.0,1320.0,2.2916666666666665,24.0,0,0,0,0
C1294305_V03_F00002_bb7d94c8-2cbd-4bdb-a908-7a16080320b0.jpg,C,C1294305,jieba,2400.0,1618.0,2435.0,1711.0,35.0,93.0,3255.0,2.657142857142857,35.0,0,0,0,0
C1294305_V03_F00002_bb7d94c8-2cbd-4bdb-a908-7a16080320b0.jpg,C,C1294305,jieba,2399.0,1747.0,2434.0,1954.0,35.0,207.0,7245.0,5.914285714285715,35.0,0,0,1,0
C1294305_V03_F00002_bb7d94c8-2cbd-4bdb-a908-7a16080320b0.jpg,C,C1294305,jieba,2397.0,2412.0,2438.0,2657.0,41.0,245.0,10045.0,5.975609756097561,41.0,0,0,1,0
C1294305_V03_F00002_bb7d94c8-2cbd-4bdb-a908-7a16080320b0.jpg,C,C1294305,jieba,2409.0,2715.0,2434.0,2753.0,25.0,38.0,950.0,1.52,25.0,0,0,0,0
C1294305_V03_F00007_52243113-ce0b-44e6-ae32-724d8f3cdae2.jpg,C,C1294305,jieba,2441.0,782.0,2499.0,981.0,58.0,199.0,11542.0,3.4310344827586206,58.0,0,0,0,0
C1294305_V03_F00007_52243113-ce0b-44e6-ae32-724d8f3cdae2.jpg,C,C1294305,zonglie,2482.0,2343.0,2510.0,2999.0,28.0,656.0,18368.0,23.428571428571427,28.0,0,0,1,1
C1294305_V03_F00007_52243113-ce0b-44e6-ae32-724d8f3cdae2.jpg,C,C1294305,yiwuyaru,2477.0,1032.0,2537.0,1142.0,60.0,110.0,6600.0,1.8333333333333333,60.0,0,0,0,0
C1294305_V03_F00007_52243113-ce0b-44e6-ae32-724d8f3cdae2.jpg,C,C1294305,zonglie,2484.0,451.0,2498.0,806.0,14.0,355.0,4970.0,25.357142857142858,14.0,1,0,1,0
C1294313_V03_F00004_32157f46-667d-4b1f-b444-db42c6e24388.jpg,C,C1294313,jieba,1294.0,109.0,1318.0,134.0,24.0,25.0,600.0,1.0416666666666667,24.0,0,0,0,0
C1294315_V03_F00002_a3f173f8-6277-4c97-a417-e1e5e3c2fa81.jpg,C,C1294315,jieba,2330.0,2374.0,2374.0,2590.0,44.0,216.0,9504.0,4.909090909090909,44.0,0,0,0,0
C1294315_V03_F00002_a3f173f8-6277-4c97-a417-e1e5e3c2fa81.jpg,C,C1294315,jieba,2348.0,2335.0,2366.0,2364.0,18.0,29.0,522.0,1.6111111111111112,18.0,0,0,0,0
C1294324_V03_F00003_4bf687af-353f-49a9-9328-1b0e362a0dec.jpg,C,C1294324,jieba,2319.0,2467.0,2370.0,2941.0,51.0,474.0,24174.0,9.294117647058824,51.0,0,0,1,0
C1294324_V03_F00003_4bf687af-353f-49a9-9328-1b0e362a0dec.jpg,C,C1294324,qilie,2293.0,1.0,2363.0,2762.0,70.0,2761.0,193270.0,39.44285714285714,70.0,0,0,1,1
C1294352_V01_F00001_424a19c1-3b0a-4178-aca8-fd8a80ed8cc7.jpg,C,C1294352,yiwuyaru,332.0,681.0,367.0,720.0,35.0,39.0,1365.0,1.1142857142857143,35.0,0,0,0,0
C1294352_V01_F00001_424a19c1-3b0a-4178-aca8-fd8a80ed8cc7.jpg,C,C1294352,yiwuyaru,574.0,1713.0,681.0,1776.0,107.0,63.0,6741.0,1.6984126984126984,63.0,0,0,0,0
C1294369_V13_F00005_08d0cad3-b0f5-4476-9c59-4723c1d7756b.jpg,C,C1294369,yiwuyaru,1042.0,1263.0,1191.0,1367.0,149.0,104.0,15496.0,1.4326923076923077,104.0,0,0,0,0
C1294466_V00_F00001_bd2b1373-aadd-4a2b-a872-602f58056fc4.jpg,C,C1294466,yiwuyaru,2406.0,377.0,2485.0,454.0,79.0,77.0,6083.0,1.025974025974026,77.0,0,0,0,0
C1294466_V03_F00002_21845a46-354f-4e46-bb5c-92e7045cad81.jpg,C,C1294466,jieba,1608.0,670.0,1678.0,724.0,70.0,54.0,3780.0,1.2962962962962963,54.0,0,0,0,0
C1294466_V10_F00001_b8d9cde4-2c18-419c-b809-fa81dc170a24.jpg,C,C1294466,yiwuyaru,3676.0,471.0,3866.0,803.0,190.0,332.0,63080.0,1.7473684210526317,190.0,0,0,0,0
C1294466_V10_F00001_b8d9cde4-2c18-419c-b809-fa81dc170a24.jpg,C,C1294466,jieba,4016.0,658.0,4040.0,743.0,24.0,85.0,2040.0,3.5416666666666665,24.0,0,0,0,0
C1294466_V11_F00002_2d6b650e-be08-4d25-bef0-0f853821cc77.jpg,C,C1294466,jieba,845.0,597.0,936.0,728.0,91.0,131.0,11921.0,1.4395604395604396,91.0,0,0,0,0
C1294466_V11_F00002_2d6b650e-be08-4d25-bef0-0f853821cc77.jpg,C,C1294466,jieba,2677.0,33.0,2700.0,103.0,23.0,70.0,1610.0,3.0434782608695654,23.0,0,0,0,0
C1294466_V11_F00002_2d6b650e-be08-4d25-bef0-0f853821cc77.jpg,C,C1294466,jieba,2724.0,99.0,2738.0,143.0,14.0,44.0,616.0,3.142857142857143,14.0,1,0,0,0
C1294466_V12_F00001_74d4564d-4dcf-49b4-91f1-72060c48a1d6.jpg,C,C1294466,yiwuyaru,1969.0,2803.0,2088.0,2999.0,119.0,196.0,23324.0,1.6470588235294117,119.0,0,0,0,1
C1294466_V12_F00001_74d4564d-4dcf-49b4-91f1-72060c48a1d6.jpg,C,C1294466,jieba,1423.0,2431.0,1443.0,2487.0,20.0,56.0,1120.0,2.8,20.0,0,0,0,0
C1294466_V12_F00001_74d4564d-4dcf-49b4-91f1-72060c48a1d6.jpg,C,C1294466,jieba,1437.0,2752.0,1475.0,2824.0,38.0,72.0,2736.0,1.894736842105263,38.0,0,0,0,0
C1294466_V12_F00001_74d4564d-4dcf-49b4-91f1-72060c48a1d6.jpg,C,C1294466,jieba,2937.0,2702.0,2957.0,2754.0,20.0,52.0,1040.0,2.6,20.0,0,0,0,0
C1294467_V03_F00007_426b1d8e-70cb-46a7-8db4-e4dac28f4c5e.jpg,C,C1294467,yiwuyaru,2129.0,2075.0,2206.0,2162.0,77.0,87.0,6699.0,1.12987012987013,77.0,0,0,0,0
C1294467_V03_F00007_426b1d8e-70cb-46a7-8db4-e4dac28f4c5e.jpg,C,C1294467,jieba,2245.0,2020.0,2263.0,2113.0,18.0,93.0,1674.0,5.166666666666667,18.0,0,0,1,0
C1294467_V03_F00007_426b1d8e-70cb-46a7-8db4-e4dac28f4c5e.jpg,C,C1294467,jieba,2262.0,1892.0,2289.0,1944.0,27.0,52.0,1404.0,1.9259259259259258,27.0,0,0,0,0
C1294467_V03_F00007_426b1d8e-70cb-46a7-8db4-e4dac28f4c5e.jpg,C,C1294467,jieba,2231.0,1965.0,2295.0,2005.0,64.0,40.0,2560.0,1.6,40.0,0,0,0,0
C1294467_V03_F00007_d6e06aa9-d635-4eb6-81fe-7b44997e9740.jpg,C,C1294467,yiwuyaru,2131.0,2076.0,2205.0,2159.0,74.0,83.0,6142.0,1.1216216216216217,74.0,0,0,0,0
C1294467_V03_F00007_d6e06aa9-d635-4eb6-81fe-7b44997e9740.jpg,C,C1294467,yiwuyaru,2245.0,2020.0,2268.0,2111.0,23.0,91.0,2093.0,3.9565217391304346,23.0,0,0,0,0
C1294467_V03_F00007_d6e06aa9-d635-4eb6-81fe-7b44997e9740.jpg,C,C1294467,jieba,2262.0,1891.0,2290.0,1946.0,28.0,55.0,1540.0,1.9642857142857142,28.0,0,0,0,0
C1294467_V03_F00007_d6e06aa9-d635-4eb6-81fe-7b44997e9740.jpg,C,C1294467,yiwuyaru,2230.0,1965.0,2289.0,2006.0,59.0,41.0,2419.0,1.4390243902439024,41.0,0,0,0,0
C1294474_V01_F00001_c44e2dbf-8388-4d5e-8a76-a5b126189bb9.jpg,C,C1294474,zonglie,2594.0,1103.0,2628.0,1463.0,34.0,360.0,12240.0,10.588235294117647,34.0,0,0,1,0
C1294526_V10_F00012_5b7d01e0-d867-4d87-947b-6b45f703b5ab.jpg,C,C1294526,yiwuyaru,2433.0,1237.0,2492.0,1302.0,59.0,65.0,3835.0,1.1016949152542372,59.0,0,0,0,0
C1294529_V03_F00017_955b30ec-b3df-480a-a4c9-5f8f984fd0b8.jpg,C,C1294529,yiwuyaru,1326.0,2576.0,1389.0,2611.0,63.0,35.0,2205.0,1.8,35.0,0,0,0,0
C1294529_V03_F00017_955b30ec-b3df-480a-a4c9-5f8f984fd0b8.jpg,C,C1294529,yiwuyaru,1337.0,2732.0,1389.0,2754.0,52.0,22.0,1144.0,2.3636363636363638,22.0,0,0,0,0
C1294529_V12_F00003_fad3f2fc-7688-4cb2-87b3-41b0ff0bfcce.jpg,C,C1294529,jieba,2726.0,765.0,2764.0,873.0,38.0,108.0,4104.0,2.8421052631578947,38.0,0,0,0,0
C1294531_V11_F00009_e4dacd3d-e126-4b78-a9bd-a0d04b06b496.jpg,C,C1294531,yiwuyaru,2140.0,2376.0,2177.0,2495.0,37.0,119.0,4403.0,3.2162162162162162,37.0,0,0,0,0
C1294531_V11_F00009_e4dacd3d-e126-4b78-a9bd-a0d04b06b496.jpg,C,C1294531,jieba,1219.0,1993.0,1236.0,2017.0,17.0,24.0,408.0,1.411764705882353,17.0,0,0,0,0
C1294531_V13_F00010_cb9c2a3b-fc14-4179-bc0f-29a1e98f949e.jpg,C,C1294531,jieba,408.0,450.0,444.0,496.0,36.0,46.0,1656.0,1.2777777777777777,36.0,0,0,0,0
C1294531_V13_F00010_cb9c2a3b-fc14-4179-bc0f-29a1e98f949e.jpg,C,C1294531,jieba,323.0,248.0,369.0,346.0,46.0,98.0,4508.0,2.130434782608696,46.0,0,0,0,0
C1294531_V13_F00010_cb9c2a3b-fc14-4179-bc0f-29a1e98f949e.jpg,C,C1294531,yanghuatiepi,76.0,319.0,97.0,358.0,21.0,39.0,819.0,1.8571428571428572,21.0,0,0,0,0
C1294531_V13_F00010_cb9c2a3b-fc14-4179-bc0f-29a1e98f949e.jpg,C,C1294531,huashang,287.0,757.0,328.0,1374.0,41.0,617.0,25297.0,15.048780487804878,41.0,0,0,1,0
C1294531_V13_F00010_cb9c2a3b-fc14-4179-bc0f-29a1e98f949e.jpg,C,C1294531,huashang,524.0,1303.0,542.0,1513.0,18.0,210.0,3780.0,11.666666666666666,18.0,0,0,1,0
C1294531_V13_F00010_cb9c2a3b-fc14-4179-bc0f-29a1e98f949e.jpg,C,C1294531,jieba,368.0,98.0,390.0,197.0,22.0,99.0,2178.0,4.5,22.0,0,0,0,0
C1294531_V13_F00010_cb9c2a3b-fc14-4179-bc0f-29a1e98f949e.jpg,C,C1294531,jieba,469.0,166.0,486.0,223.0,17.0,57.0,969.0,3.3529411764705883,17.0,0,0,0,0
C1294531_V13_F00010_cb9c2a3b-fc14-4179-bc0f-29a1e98f949e.jpg,C,C1294531,huashang,887.0,812.0,906.0,981.0,19.0,169.0,3211.0,8.894736842105264,19.0,0,0,1,0
C1294536_V00_F00003_e9a8fd85-11ce-43c3-bb4e-60f2bef88698.jpg,C,C1294536,jieba,1178.0,2015.0,1204.0,2049.0,26.0,34.0,884.0,1.3076923076923077,26.0,0,0,0,0
C1294536_V00_F00003_e9a8fd85-11ce-43c3-bb4e-60f2bef88698.jpg,C,C1294536,yanghuatiepi,1424.0,449.0,1435.0,514.0,11.0,65.0,715.0,5.909090909090909,11.0,1,0,1,0
C1294536_V00_F00003_e9a8fd85-11ce-43c3-bb4e-60f2bef88698.jpg,C,C1294536,yanghuatiepi,1374.0,2304.0,1387.0,2354.0,13.0,50.0,650.0,3.8461538461538463,13.0,1,0,0,0
C1294536_V00_F00003_e9a8fd85-11ce-43c3-bb4e-60f2bef88698.jpg,C,C1294536,yiwuyaru,1016.0,1889.0,1057.0,1995.0,41.0,106.0,4346.0,2.5853658536585367,41.0,0,0,0,0
C1294536_V11_F00005_5f852a5d-53c1-412b-bf65-cbb1d9771de0.jpg,C,C1294536,yiwuyaru,1417.0,570.0,1583.0,1340.0,166.0,770.0,127820.0,4.63855421686747,166.0,0,0,0,0
C1294536_V11_F00005_5f852a5d-53c1-412b-bf65-cbb1d9771de0.jpg,C,C1294536,jieba,1843.0,1317.0,2033.0,1799.0,190.0,482.0,91580.0,2.536842105263158,190.0,0,0,0,0
C1294536_V12_F00003_f2549483-3809-4ede-b55d-ac93212a1276.jpg,C,C1294536,jieba,2550.0,1320.0,2574.0,1411.0,24.0,91.0,2184.0,3.7916666666666665,24.0,0,0,0,0
C1294536_V12_F00003_f2549483-3809-4ede-b55d-ac93212a1276.jpg,C,C1294536,jieba,2488.0,1364.0,2531.0,1411.0,43.0,47.0,2021.0,1.0930232558139534,43.0,0,0,0,0
C1294536_V12_F00003_f2549483-3809-4ede-b55d-ac93212a1276.jpg,C,C1294536,jieba,2114.0,644.0,2224.0,691.0,110.0,47.0,5170.0,2.3404255319148937,47.0,0,0,0,0
C1294538_V01_F00014_83627962-903f-46ac-8e33-57967cd43f0a.jpg,C,C1294538,yiwuyaru,1105.0,883.0,1203.0,1420.0,98.0,537.0,52626.0,5.479591836734694,98.0,0,0,1,0
C1294538_V11_F00006_f8ab0cdc-9105-478b-8ddc-89904425d50d.jpg,C,C1294538,jieba,3199.0,1766.0,3254.0,2021.0,55.0,255.0,14025.0,4.636363636363637,55.0,0,0,0,0
C1294538_V11_F00006_f8ab0cdc-9105-478b-8ddc-89904425d50d.jpg,C,C1294538,jieba,3174.0,1323.0,3255.0,1644.0,81.0,321.0,26001.0,3.962962962962963,81.0,0,0,0,0
C1294554_V00_F00000_06312540-2ab9-49a5-8564-a3e0b1bebfd8.jpg,C,C1294554,jieba,2905.0,887.0,2952.0,980.0,47.0,93.0,4371.0,1.9787234042553192,47.0,0,0,0,0
C1294670_V01_F00000_569520cf-50ca-472c-9adc-7b907689b927.jpg,C,C1294670,jieba,680.0,2647.0,743.0,2694.0,63.0,47.0,2961.0,1.3404255319148937,47.0,0,0,0,0
C1294839_V01_F00001_4fe12df3-5df7-49cf-a028-051c9f894651.jpg,C,C1294839,yiwuyaru,3568.0,2106.0,3933.0,2198.0,365.0,92.0,33580.0,3.967391304347826,92.0,0,0,0,0
C1294906_V01_F00004_61b52282-624c-4f81-83be-59abfbc8f726.jpg,C,C1294906,zonglie,1995.0,852.0,2035.0,2987.0,40.0,2135.0,85400.0,53.375,40.0,0,0,1,1
C1295187_V01_F00007_07546bee-9158-42b2-aa91-5e8c7ea1ac6e.jpg,C,C1295187,jieba,1842.0,1058.0,1926.0,1178.0,84.0,120.0,10080.0,1.4285714285714286,84.0,0,0,0,0
C1295255_V00_F00004_73f9d1f6-c32a-4d7a-a6c3-cb37c876410f.jpg,C,C1295255,yiwuyaru,1903.0,890.0,2023.0,982.0,120.0,92.0,11040.0,1.3043478260869565,92.0,0,0,0,0
C1295404_V03_F00007_0fa1e637-2b1b-462e-969a-8371def87461.jpg,C,C1295404,jieba,2954.0,1533.0,3021.0,1608.0,67.0,75.0,5025.0,1.1194029850746268,67.0,0,0,0,0
C1295451_V02_F00001_5c3f274f-4eab-4427-b66b-181a57003f2c.jpg,C,C1295451,yiwuyaru,3253.0,920.0,3330.0,1020.0,77.0,100.0,7700.0,1.2987012987012987,77.0,0,0,0,0
C1296057_V12_F00003_42c3b802-c062-498e-920d-81e2580eab65.jpg,C,C1296057,yiwuyaru,2931.0,700.0,3036.0,822.0,105.0,122.0,12810.0,1.161904761904762,105.0,0,0,0,0
C1296092_V00_F00005_9879084a-adb6-42bc-832e-d49697858bf5.jpg,C,C1296092,yiwuyaru,2289.0,2898.0,2380.0,2991.0,91.0,93.0,8463.0,1.021978021978022,91.0,0,0,0,1
C1296268_V00_F00006_47746798-7565-4a80-8592-fad67f41dd03.jpg,C,C1296268,yiwuyaru,1241.0,2388.0,1304.0,2437.0,63.0,49.0,3087.0,1.2857142857142858,49.0,0,0,0,0
C1296289_V00_F00002_2d72779a-099c-457a-8d6c-5f84586a1b8e.jpg,C,C1296289,yiwuyaru,1027.0,755.0,1069.0,831.0,42.0,76.0,3192.0,1.8095238095238095,42.0,0,0,0,0
C1296446_V02_F00001_47104441-acc4-4e83-b94c-cf8a75b85087.jpg,C,C1296446,jieba,3916.0,628.0,3987.0,708.0,71.0,80.0,5680.0,1.1267605633802817,71.0,0,0,0,0
C1296455_V01_F00001_0d8561d1-1c44-4d29-93a5-bfd9563d4261.jpg,C,C1296455,yiwuyaru,1542.0,2259.0,1589.0,2297.0,47.0,38.0,1786.0,1.236842105263158,38.0,0,0,0,0
C1296455_V01_F00001_0d8561d1-1c44-4d29-93a5-bfd9563d4261.jpg,C,C1296455,yiwuyaru,1520.0,2338.0,1546.0,2358.0,26.0,20.0,520.0,1.3,20.0,0,0,0,0
C1296567_V00_F00008_e08e112c-ee40-4a0c-82cc-d8beb80bd9d0.jpg,C,C1296567,yiwuyaru,2693.0,1532.0,2919.0,1736.0,226.0,204.0,46104.0,1.107843137254902,204.0,0,0,0,0
C1296567_V11_F00008_d11b705f-c291-4cf7-9bed-0eb0c9dd6f5e.jpg,C,C1296567,yiwuyaru,1687.0,558.0,1819.0,602.0,132.0,44.0,5808.0,3.0,44.0,0,0,0,0
C1296842_V00_F00010_e333762d-1b16-4ba3-aebc-09387d6277d1.jpg,C,C1296842,jiaza,1688.0,1.0,1847.0,445.0,159.0,444.0,70596.0,2.792452830188679,159.0,0,0,0,1
C1297232_V00_F00019_b47fce44-8b57-4765-85bd-f260c47cb4a8.jpg,C,C1297232,mamianmakeng,2438.0,2439.0,2507.0,2494.0,69.0,55.0,3795.0,1.2545454545454546,55.0,0,0,0,0
C1297232_V00_F00019_b47fce44-8b57-4765-85bd-f260c47cb4a8.jpg,C,C1297232,mamianmakeng,2445.0,504.0,2518.0,560.0,73.0,56.0,4088.0,1.3035714285714286,56.0,0,0,0,0
C1297232_V00_F00019_b47fce44-8b57-4765-85bd-f260c47cb4a8.jpg,C,C1297232,mamianmakeng,2604.0,702.0,2644.0,731.0,40.0,29.0,1160.0,1.3793103448275863,29.0,0,0,0,0
C1297407_V03_F00002_127c2d25-0f68-4fac-a54c-cf66074fee73.jpg,C,C1297407,yiwuyaru,1337.0,1812.0,1523.0,1955.0,186.0,143.0,26598.0,1.3006993006993006,143.0,0,0,0,0
C1297454_V03_F00021_ae5fb6ee-05bf-43ae-88ce-57db262b3e83.jpg,C,C1297454,yiwuyaru,1703.0,706.0,1926.0,1088.0,223.0,382.0,85186.0,1.7130044843049328,223.0,0,0,0,0
C1297626_V01_F00005_4d817204-1d1f-4ca8-aeef-f00a04e9a496.jpg,C,C1297626,huashang,537.0,320.0,564.0,2567.0,27.0,2247.0,60669.0,83.22222222222223,27.0,0,0,1,0
C1297626_V01_F00005_4d817204-1d1f-4ca8-aeef-f00a04e9a496.jpg,C,C1297626,huashang,545.0,2611.0,555.0,2706.0,10.0,95.0,950.0,9.5,10.0,1,0,1,0
C1297626_V01_F00005_4d817204-1d1f-4ca8-aeef-f00a04e9a496.jpg,C,C1297626,huashang,547.0,2789.0,557.0,2891.0,10.0,102.0,1020.0,10.2,10.0,1,0,1,0
C1297626_V01_F00005_4d817204-1d1f-4ca8-aeef-f00a04e9a496.jpg,C,C1297626,huashang,550.0,2939.0,558.0,2999.0,8.0,60.0,480.0,7.5,8.0,1,0,1,1
C1297626_V01_F00005_4d817204-1d1f-4ca8-aeef-f00a04e9a496.jpg,C,C1297626,huashang,547.0,177.0,560.0,299.0,13.0,122.0,1586.0,9.384615384615385,13.0,1,0,1,0
C1297626_V01_F00005_4d817204-1d1f-4ca8-aeef-f00a04e9a496.jpg,C,C1297626,huashang,552.0,42.0,559.0,144.0,7.0,102.0,714.0,14.571428571428571,7.0,1,1,1,0
C1297627_V00_F00001_4774872f-b8b0-4b2b-acb3-27391ec220d7.jpg,C,C1297627,huashang,3814.0,1073.0,3849.0,2999.0,35.0,1926.0,67410.0,55.02857142857143,35.0,0,0,1,1
C1297627_V00_F00001_4774872f-b8b0-4b2b-acb3-27391ec220d7.jpg,C,C1297627,huashang,3823.0,912.0,3849.0,1030.0,26.0,118.0,3068.0,4.538461538461538,26.0,0,0,0,0
C1297627_V00_F00001_4774872f-b8b0-4b2b-acb3-27391ec220d7.jpg,C,C1297627,huashang,3817.0,768.0,3841.0,855.0,24.0,87.0,2088.0,3.625,24.0,0,0,0,0
C1297627_V00_F00001_4774872f-b8b0-4b2b-acb3-27391ec220d7.jpg,C,C1297627,huashang,3819.0,599.0,3838.0,707.0,19.0,108.0,2052.0,5.684210526315789,19.0,0,0,1,0
C1297627_V00_F00001_4774872f-b8b0-4b2b-acb3-27391ec220d7.jpg,C,C1297627,huashang,3819.0,1.0,3846.0,567.0,27.0,566.0,15282.0,20.962962962962962,27.0,0,0,1,1
C1297627_V01_F00002_08304277-d9b9-4278-992a-2fbf45ac0c3f.jpg,C,C1297627,huashang,391.0,670.0,428.0,1790.0,37.0,1120.0,41440.0,30.27027027027027,37.0,0,0,1,0
C1297627_V01_F00002_08304277-d9b9-4278-992a-2fbf45ac0c3f.jpg,C,C1297627,huashang,408.0,1.0,429.0,90.0,21.0,89.0,1869.0,4.238095238095238,21.0,0,0,0,1
C1297627_V01_F00002_08304277-d9b9-4278-992a-2fbf45ac0c3f.jpg,C,C1297627,huashang,403.0,128.0,431.0,202.0,28.0,74.0,2072.0,2.642857142857143,28.0,0,0,0,0
C1297627_V01_F00002_08304277-d9b9-4278-992a-2fbf45ac0c3f.jpg,C,C1297627,huashang,404.0,264.0,425.0,329.0,21.0,65.0,1365.0,3.0952380952380953,21.0,0,0,0,0
C1297627_V01_F00002_08304277-d9b9-4278-992a-2fbf45ac0c3f.jpg,C,C1297627,huashang,405.0,386.0,429.0,455.0,24.0,69.0,1656.0,2.875,24.0,0,0,0,0
C1297627_V01_F00002_08304277-d9b9-4278-992a-2fbf45ac0c3f.jpg,C,C1297627,huashang,406.0,497.0,426.0,567.0,20.0,70.0,1400.0,3.5,20.0,0,0,0,0
C1297627_V01_F00002_08304277-d9b9-4278-992a-2fbf45ac0c3f.jpg,C,C1297627,huashang,400.0,584.0,424.0,658.0,24.0,74.0,1776.0,3.0833333333333335,24.0,0,0,0,0
C1297627_V01_F00002_08304277-d9b9-4278-992a-2fbf45ac0c3f.jpg,C,C1297627,huashang,383.0,1822.0,411.0,1897.0,28.0,75.0,2100.0,2.6785714285714284,28.0,0,0,0,0
C1297627_V01_F00002_08304277-d9b9-4278-992a-2fbf45ac0c3f.jpg,C,C1297627,huashang,389.0,1937.0,414.0,1993.0,25.0,56.0,1400.0,2.24,25.0,0,0,0,0
C1297627_V01_F00002_08304277-d9b9-4278-992a-2fbf45ac0c3f.jpg,C,C1297627,huashang,387.0,2031.0,408.0,2095.0,21.0,64.0,1344.0,3.0476190476190474,21.0,0,0,0,0
C1297627_V01_F00002_08304277-d9b9-4278-992a-2fbf45ac0c3f.jpg,C,C1297627,huashang,378.0,2139.0,403.0,3000.0,25.0,861.0,21525.0,34.44,25.0,0,0,1,1
C1297678_V00_F00158_266cd878-043c-49d9-853d-89842973bdaf.jpg,C,C1297678,yiwuyaru,2491.0,2422.0,2529.0,2456.0,38.0,34.0,1292.0,1.1176470588235294,34.0,0,0,0,0
C1297684_V03_F00021_a4be7103-f191-4e3d-94fd-b1066c448db4.jpg,C,C1297684,jieba,1978.0,2639.0,2061.0,2718.0,83.0,79.0,6557.0,1.0506329113924051,79.0,0,0,0,0
C1297732_V12_F00002_690ce01b-87b3-4403-bdc5-8138915ae7ce.jpg,C,C1297732,jieba,2601.0,1171.0,2678.0,1538.0,77.0,367.0,28259.0,4.766233766233766,77.0,0,0,0,0
C1297732_V12_F00002_690ce01b-87b3-4403-bdc5-8138915ae7ce.jpg,C,C1297732,jieba,784.0,1881.0,829.0,1971.0,45.0,90.0,4050.0,2.0,45.0,0,0,0,0
C1297734_V01_F00001_b975d59b-9dfa-45c8-9458-e7556446b4e5.jpg,C,C1297734,yiwuyaru,1686.0,926.0,1744.0,964.0,58.0,38.0,2204.0,1.5263157894736843,38.0,0,0,0,0
C1297791_V03_F00006_00e6301e-ac54-46db-a02e-9b80b31e0a90.jpg,C,C1297791,jieba,2258.0,2641.0,2302.0,2782.0,44.0,141.0,6204.0,3.2045454545454546,44.0,0,0,0,0
C1297928_V11_F00002_15c2d26c-bfb1-4d1f-8c43-74ead97f9022.jpg,C,C1297928,yiwuyaru,1697.0,915.0,1910.0,1089.0,213.0,174.0,37062.0,1.2241379310344827,174.0,0,0,0,0
C1297928_V11_F00002_15c2d26c-bfb1-4d1f-8c43-74ead97f9022.jpg,C,C1297928,zonglie,1829.0,1484.0,1878.0,1705.0,49.0,221.0,10829.0,4.510204081632653,49.0,0,0,0,0
C1297979_V00_F00005_93d77e6c-1d40-438c-ab55-e782374f4262.jpg,C,C1297979,mamianmakeng,3139.0,2284.0,3239.0,2347.0,100.0,63.0,6300.0,1.5873015873015872,63.0,0,0,0,0
C1297980_V12_F00004_2044277b-3f43-471b-b4dc-fb9c677ba949.jpg,C,C1297980,yiwuyaru,2779.0,213.0,2837.0,989.0,58.0,776.0,45008.0,13.379310344827585,58.0,0,0,1,0
C1297980_V12_F00004_2044277b-3f43-471b-b4dc-fb9c677ba949.jpg,C,C1297980,yiwuyaru,1898.0,1477.0,1930.0,1648.0,32.0,171.0,5472.0,5.34375,32.0,0,0,1,0
C1297983_V13_F00004_a6b6ad49-7461-4329-a002-c872c9450c39.jpg,C,C1297983,yiwuyaru,646.0,1655.0,693.0,1687.0,47.0,32.0,1504.0,1.46875,32.0,0,0,0,0
C1297983_V13_F00004_a6b6ad49-7461-4329-a002-c872c9450c39.jpg,C,C1297983,jieba,916.0,1549.0,950.0,1594.0,34.0,45.0,1530.0,1.3235294117647058,34.0,0,0,0,0
C1298001_V01_F00001_a36b32c7-68c1-4ab6-a9b5-c756be4046d2.jpg,C,C1298001,yiwuyaru,2292.0,1306.0,2469.0,1515.0,177.0,209.0,36993.0,1.1807909604519775,177.0,0,0,0,0
C1298002_V10_F00006_cba74ab4-142c-4dae-ad91-81bfa3787104.jpg,C,C1298002,yiwuyaru,3265.0,321.0,3340.0,525.0,75.0,204.0,15300.0,2.72,75.0,0,0,0,0
C1298008_V10_F00003_61301276-b02e-420e-9b9f-5fc5e31427e5.jpg,C,C1298008,jieba,2660.0,2592.0,2774.0,2967.0,114.0,375.0,42750.0,3.289473684210526,114.0,0,0,0,0
C1298008_V10_F00003_61301276-b02e-420e-9b9f-5fc5e31427e5.jpg,C,C1298008,jieba,2189.0,2530.0,2230.0,2649.0,41.0,119.0,4879.0,2.902439024390244,41.0,0,0,0,0
C1298008_V10_F00003_61301276-b02e-420e-9b9f-5fc5e31427e5.jpg,C,C1298008,yiwuyaru,3339.0,2328.0,3374.0,2545.0,35.0,217.0,7595.0,6.2,35.0,0,0,1,0
C1298008_V10_F00003_61301276-b02e-420e-9b9f-5fc5e31427e5.jpg,C,C1298008,yiwuyaru,3891.0,1759.0,3927.0,2027.0,36.0,268.0,9648.0,7.444444444444445,36.0,0,0,1,0
C1298008_V10_F00003_61301276-b02e-420e-9b9f-5fc5e31427e5.jpg,C,C1298008,yiwuyaru,3349.0,2686.0,3372.0,2868.0,23.0,182.0,4186.0,7.913043478260869,23.0,0,0,1,0
C1298008_V10_F00003_61301276-b02e-420e-9b9f-5fc5e31427e5.jpg,C,C1298008,yiwuyaru,3407.0,2572.0,3431.0,2711.0,24.0,139.0,3336.0,5.791666666666667,24.0,0,0,1,0
