image_id,source,group,camera,width,height,channels,mean,std,local_contrast_median,laplacian_variance,gradient_mean,noise_mad,dark_fraction,bright_fraction,objects,empty_annotation
0001388270-Raw01-f_00001.jpg,numeric,0001388270,01,4096,3000,1,67.84859114583334,16.607671885699293,5.6121710437612204,150.1630096435547,16.66758918762207,7.0,2.197265625e-06,1.3916015625e-05,3,0
0001388400-Raw00-f_00016.jpg,numeric,0001388400,00,4096,3000,1,52.816725341796875,28.680325205146623,3.4219857412061065,100.38372802734375,12.655455589294434,5.0,0.22417854817708333,5.940755208333333e-06,0,1
0001388400-Raw11-f_00015.jpg,numeric,0001388400,11,4096,3000,1,24.935056315104166,7.837414923453752,1.959614682428294,17.23923110961914,6.562718868255615,3.0,0.130285888671875,0.0,0,1
0001388400-Raw12-f_00017.jpg,numeric,0001388400,12,4096,3000,1,28.2313935546875,9.439804802279586,1.966240775360792,23.763145446777344,6.647420406341553,3.0,0.10461637369791667,0.0,0,1
0001388400-Raw13-f_00004.jpg,numeric,0001388400,13,4096,3000,1,31.79596378580729,20.233174682898618,2.7648540268614834,34.24636459350586,8.47437858581543,3.0,0.27371891276041665,2.6041666666666666e-06,0,1
0001388400-Raw13-f_00006.jpg,numeric,0001388400,13,4096,3000,1,26.55096687825521,17.81711745801597,3.64478301596337,59.35941696166992,10.922268867492676,4.0,0.29004475911458333,2.6041666666666666e-06,0,1
0001388609-Raw00-f_00007.jpg,numeric,0001388609,00,4096,3000,1,30.566299153645833,16.04040174719102,3.365360675912183,36.752960205078125,10.584906578063965,3.0,0.22562255859375,1.5462239583333333e-06,1,0
0001389370-Raw01-f_00002.jpg,numeric,0001389370,01,4096,3000,1,89.26085465494792,20.278858947524032,3.9706701865178626,166.8675994873047,14.516641616821289,8.0,0.0,0.00014420572916666667,2,0
0001389511-Raw00-f_00008.jpg,numeric,0001389511,00,4096,3000,1,65.537318359375,35.81270713858364,3.3741338050765,70.74403381347656,9.398638725280762,4.0,0.2118994140625,5.5419921875e-05,0,1
0001389511-Raw02-f_00002.jpg,numeric,0001389511,02,4096,3000,1,73.79013753255208,18.64314295382031,2.940384852709406,100.89732360839844,10.85569953918457,4.0,7.779947916666666e-05,0.0001044921875,6,0
0001389511-Raw13-f_00005.jpg,numeric,0001389511,13,4096,3000,1,29.10856844075521,18.11880793349223,2.458532424215598,37.961917877197266,7.747550964355469,3.0,0.27239119466145834,1.4485677083333334e-05,0,1
0001389511-Raw13-f_00006.jpg,numeric,0001389511,13,4096,3000,1,31.43884716796875,20.418789642259227,3.152884221894556,49.2567253112793,9.94115924835205,3.0,0.272818359375,1.6276041666666668e-06,0,1
0001389516-Raw01-f_00002.jpg,numeric,0001389516,01,4096,3000,1,79.48625821940104,14.795489363295946,2.8806519635513785,90.4374771118164,10.468205451965332,6.0,3.255208333333333e-07,9.928385416666666e-06,1,0
0001390648-Raw00-f_00001.jpg,numeric,0001390648,00,4096,3000,1,34.496083984375,24.527499908361335,5.18193908661495,160.64682006835938,16.749120712280273,5.0,0.310314697265625,3.8330078125e-05,0,1
0001390648-Raw00-f_00003.jpg,numeric,0001390648,00,4096,3000,1,34.398988932291665,23.863798082842536,4.892587851351749,152.01776123046875,15.970632553100586,5.0,0.303779296875,3.0354817708333334e-05,0,1
0001390648-Raw00-f_00007.jpg,numeric,0001390648,00,4096,3000,1,33.84157543945312,22.63357963581151,5.298971142599177,142.8454132080078,15.927273750305176,5.0,0.29385164388020835,8.707682291666666e-06,0,1
0001390648-Raw00-f_00008.jpg,numeric,0001390648,00,4096,3000,1,15.41642431640625,22.888573563529075,0.9839900015951327,87.58733367919922,10.37613296508789,2.0,0.7091875813802083,8.341471354166667e-05,0,1
0001390648-Raw01-f_00002.jpg,numeric,0001390648,01,4096,3000,1,43.45030802408854,13.267198496117965,4.783818326302157,221.40740966796875,19.413190841674805,8.0,0.0017880045572916667,2.3356119791666666e-05,1,0
0001390648-Raw01-f_00005.jpg,numeric,0001390648,01,4096,3000,1,41.1268271484375,11.985703723524836,4.4705253331022075,169.504638671875,18.379621505737305,7.0,0.0005176595052083334,1.1067708333333334e-05,1,0
0001390648-Raw01-f_00006.jpg,numeric,0001390648,01,4096,3000,1,40.064310953776044,11.284343243242054,4.134505875236363,140.10699462890625,16.774690628051758,6.0,0.0005756022135416667,5.045572916666667e-06,1,0
0001390648-Raw01-f_00008.jpg,numeric,0001390648,01,4096,3000,1,17.552641031901043,23.631435095863083,1.5066709053141576,151.18922424316406,13.123620986938477,1.0,0.5961231282552083,0.00028214518229166666,0,1
0001392084-Raw12-f_00016.jpg,numeric,0001392084,12,4096,3000,1,35.769693440755205,12.677290329165015,2.963281924382981,59.98258972167969,10.1979341506958,4.0,0.028129964192708332,0.0,0,1
0001395654-Raw01-f_00004.jpg,numeric,0001395654,01,4096,3000,1,52.83755965169271,13.880807504992775,3.924288933866999,176.4964599609375,15.113054275512695,8.0,5.615234375e-06,1.9368489583333335e-05,1,0
0001396042-Raw01-f_00001.jpg,numeric,0001396042,01,4096,3000,1,52.196356119791666,30.688018168096445,3.9440863449678645,94.66197204589844,13.927103042602539,4.0,0.22642521158854167,2.0345052083333333e-06,1,0
0001396074-Raw11-f_00003.jpg,numeric,0001396074,11,4096,3000,1,14.0374453125,13.016465391421418,1.7030721238572175,17.40338897705078,5.24127721786499,2.0,0.54891796875,8.138020833333333e-08,0,1
0001396149-Raw01-f_00015.jpg,numeric,0001396149,01,4096,3000,1,87.18730362955729,10.558947085672747,2.887387115543392,51.80403137207031,10.553892135620117,5.0,0.0,4.069010416666667e-07,0,1
0001396586-Raw00-f_00001.jpg,numeric,0001396586,00,4096,3000,1,78.33596695963541,46.02093950349197,6.493051857974756,221.518798828125,18.73832893371582,4.0,0.21437874348958333,7.2265625e-05,3,0
0001396586-Raw01-f_00000.jpg,numeric,0001396586,01,4096,3000,1,19.76014689127604,46.293303367911086,0.05404724258602231,202.16983032226562,10.583449363708496,0.0,0.8384890950520834,0.0002713216145833333,1,0
0001396593-Raw00-f_00010.jpg,numeric,0001396593,00,4096,3000,1,58.31767309570313,33.63352248910258,6.228850710802428,232.20870971679688,19.445085525512695,6.0,0.22088321940104166,4.39453125e-06,0,1
0001396594-Raw01-f_00003.jpg,numeric,0001396594,01,4096,3000,1,80.72372973632812,17.1491708561452,5.896898742865825,256.005126953125,22.1535701751709,9.0,1.4729817708333334e-05,2.3518880208333335e-05,0,1
0001396714-Raw00-f_00002.jpg,numeric,0001396714,00,4096,3000,1,57.943799641927086,30.853799842635077,4.373623796695443,133.5801239013672,14.8701810836792,5.0,0.20997957356770833,7.080078125e-06,2,0
0001396714-Raw00-f_00004.jpg,numeric,0001396714,00,4096,3000,1,59.33456632486979,31.472929687047753,4.311912021851212,119.10345458984375,13.354032516479492,4.0,0.21376310221354167,7.568359375e-06,1,0
0001396714-Raw00-f_00008.jpg,numeric,0001396714,00,4096,3000,1,58.078404296875,31.90552498614043,4.675900429946087,172.76524353027344,15.255043029785156,5.0,0.22553369140625,6.510416666666667e-06,1,0
0001396893-Raw00-f_00010.jpg,numeric,0001396893,00,4096,3000,1,25.91923152669271,37.201296820963144,0.7849387801935912,72.66407775878906,7.83328914642334,2.0,0.6851429036458333,3.938802083333333e-05,0,1
0001396894-Raw00-f_00002.jpg,numeric,0001396894,00,4096,3000,1,61.641499267578126,34.3754464260062,4.179651858901643,118.9694595336914,12.679522514343262,5.0,0.21253653971354167,1.6438802083333332e-05,1,0
0001396894-Raw00-f_00003.jpg,numeric,0001396894,00,4096,3000,1,60.12405948893229,33.36636439926181,3.749311790386434,108.08979034423828,11.758279800415039,5.0,0.213263671875,7.731119791666667e-06,0,1
0001397187-Raw13-f_00002.jpg,numeric,0001397187,13,4096,3000,1,14.069303141276041,9.871737184513378,1.9151603492723774,17.409250259399414,5.4246506690979,2.0,0.5268203125,4.964192708333333e-06,0,1
0001397412-Raw11-f_00007.jpg,numeric,0001397412,11,4096,3000,1,19.950828776041668,5.846585583484195,1.6734364152675896,18.91340446472168,5.915828704833984,2.0,0.238452392578125,2.44140625e-07,0,1
0001397412-Raw13-f_00005.jpg,numeric,0001397412,13,4096,3000,1,21.550514973958332,13.963177632081527,2.524094854039136,25.799884796142578,7.32073974609375,2.0,0.2926708984375,2.1158854166666666e-06,0,1
0001397421-Raw01-f_00009.jpg,numeric,0001397421,01,4096,3000,1,48.5411328125,9.77031094171139,3.752911636917057,68.1579818725586,12.547060012817383,5.0,1.2044270833333333e-05,8.138020833333333e-08,1,0
0001397421-Raw11-f_00009.jpg,numeric,0001397421,11,4096,3000,1,20.327221842447916,6.184434919487555,1.2027624873291374,12.757984161376953,4.754578113555908,2.0,0.238474609375,0.0,0,1
0001397421-Raw12-f_00010.jpg,numeric,0001397421,12,4096,3000,1,22.013966796875,8.378063528242816,1.611690624357358,15.9000883102417,5.343956470489502,2.0,0.21562508138020833,3.255208333333333e-07,0,1
0001397421-Raw13-f_00003.jpg,numeric,0001397421,13,4096,3000,1,20.53091357421875,13.117502853143609,2.617979020563831,29.70908546447754,7.3547892570495605,3.0,0.300962646484375,1.46484375e-06,0,1
0001397868-Raw00-f_00004.jpg,numeric,0001397868,00,4096,3000,1,42.22007104492187,21.983065166237065,4.035698758671353,92.12905883789062,13.194208145141602,5.0,0.2080654296875,8.138020833333333e-06,0,1
0001397868-Raw13-f_00003.jpg,numeric,0001397868,13,4096,3000,1,20.957659423828126,14.122592934199956,2.9060936338180143,51.16972732543945,8.799005508422852,3.0,0.31133626302083334,8.951822916666667e-07,0,1
0001398309-Raw01-f_00001.jpg,numeric,0001398309,01,4096,3000,1,93.81607999674479,17.748960270075855,4.050606983133023,121.43338775634766,14.288260459899902,7.0,8.138020833333333e-08,5.7779947916666664e-06,0,1
0001398309-Raw01-f_00007.jpg,numeric,0001398309,01,4096,3000,1,95.72928474934896,16.429012169741288,3.7355502821680426,144.482421875,14.430535316467285,8.0,0.0,3.4993489583333333e-06,0,1
0001398404-Raw01-f_00003.jpg,numeric,0001398404,01,4096,3000,1,90.56382006835938,20.33723184461786,4.8079354613999,201.46990966796875,19.28861427307129,9.0,8.138020833333333e-08,3.336588541666667e-06,1,0
0001398404-Raw02-f_00003.jpg,numeric,0001398404,02,4096,3000,1,96.31503662109375,34.56463689954927,4.672883550404362,183.33303833007812,15.267127990722656,8.0,0.0,0.000208740234375,0,1
0001399164-Raw00-f_00007.jpg,numeric,0001399164,00,4096,3000,1,44.12280476888021,23.021377953941993,2.2582920337476837,40.60948944091797,8.372797966003418,3.0,0.23622086588541666,2.44140625e-07,1,0
0001399164-Raw01-f_00006.jpg,numeric,0001399164,01,4096,3000,1,62.26849308268229,9.57646833091758,2.864962582606106,94.12074279785156,12.135821342468262,6.0,8.138020833333333e-08,1.953125e-06,1,0
0001399164-Raw02-f_00005.jpg,numeric,0001399164,02,4096,3000,1,59.74422045898437,10.690635554606846,2.7415252474081395,72.8667984008789,11.021045684814453,5.0,1.0579427083333333e-06,1.1393229166666668e-06,2,0
0001399164-Raw03-f_00005.jpg,numeric,0001399164,03,4096,3000,1,42.624933268229164,40.754176139363715,3.2124234141392387,80.53739929199219,9.493109703063965,2.0,0.49140079752604165,3.255208333333333e-07,6,0
0001399491-Raw12-f_00000.jpg,numeric,0001399491,12,4096,3000,1,17.220045166015623,24.554282273367313,0.1867998404904502,33.97557067871094,4.8828630447387695,0.0,0.65610595703125,2.5553385416666668e-05,0,1
0001399652-Raw01-f_00006.jpg,numeric,0001399652,01,4096,3000,1,65.05407771809895,17.914135212042112,3.930818095553315,234.22463989257812,16.774280548095703,9.0,0.0,6.892903645833333e-05,2,0
0001399652-Raw01-f_00008.jpg,numeric,0001399652,01,4096,3000,1,60.46343196614583,12.907862629487203,3.2832883054822117,122.69879150390625,12.548104286193848,7.0,0.0,6.510416666666666e-07,3,0
0001399899-Raw01-f_00009.jpg,numeric,0001399899,01,4096,3000,1,46.55808544921875,7.562588548026054,2.1553171576492147,28.131898880004883,7.463294506072998,3.0,1.5462239583333333e-06,1.1393229166666668e-06,3,0
0001399899-Raw13-f_00009.jpg,numeric,0001399899,13,4096,3000,1,17.0738740234375,11.72366712055836,2.020938974137882,27.712514877319336,6.88208532333374,2.0,0.37002091471354165,9.765625e-07,0,1
0001400153-Raw00-f_00008.jpg,numeric,0001400153,00,4096,3000,1,46.94781526692708,24.740694498207482,2.074866786912844,29.448339462280273,6.864078044891357,3.0,0.23606502278645833,0.0,2,0
0001400157-Raw02-f_00002.jpg,numeric,0001400157,02,4096,3000,1,60.93158146158854,10.906054878595192,2.1635303305902576,47.071041107177734,7.397493362426758,4.0,6.510416666666666e-07,1.6276041666666666e-07,8,0
0001400160-Raw00-f_00000.jpg,numeric,0001400160,00,4096,3000,1,21.409298583984373,26.70137750544022,0.7963718385483313,25.575332641601562,5.623415470123291,2.0,0.639952880859375,0.0,3,0
0001400160-Raw02-f_00006.jpg,numeric,0001400160,02,4096,3000,1,59.64006583658854,10.357481643479497,2.169936225793699,47.07485580444336,7.49746036529541,4.0,7.161458333333333e-06,8.138020833333333e-08,1,0
0001400164-Raw01-f_00008.jpg,numeric,0001400164,01,4096,3000,1,63.01497444661458,10.950152810199947,2.6501084542137745,72.136962890625,9.198407173156738,6.0,8.707682291666666e-06,0.0,1,0
0001400164-Raw02-f_00006.jpg,numeric,0001400164,02,4096,3000,1,61.87733675130208,11.227333456922866,2.5460910496410953,59.401519775390625,8.335752487182617,5.0,2.44140625e-07,8.138020833333333e-08,6,0
0001400164-Raw02-f_00008.jpg,numeric,0001400164,02,4096,3000,1,61.602430908203125,10.869300017779084,2.4158973929098764,54.74324417114258,8.030442237854004,5.0,1.220703125e-06,8.138020833333333e-08,1,0
0001400164-Raw03-f_00006.jpg,numeric,0001400164,03,4096,3000,1,40.897998860677085,39.15101291667549,2.761335351200933,69.4412841796875,8.224017143249512,2.0,0.490662109375,2.44140625e-07,5,0
0001400165-Raw00-f_00005.jpg,numeric,0001400165,00,4096,3000,1,44.86503385416667,22.654320351564326,2.234660772011745,36.661102294921875,7.395751476287842,3.0,0.21863020833333333,0.0,2,0
0001400166-Raw00-f_00006.jpg,numeric,0001400166,00,4096,3000,1,44.55901416015625,22.435790845232884,2.143446091624921,36.260494232177734,7.267284393310547,3.0,0.217315673828125,0.0,2,0
0001400166-Raw01-f_00001.jpg,numeric,0001400166,01,4096,3000,1,59.9396884765625,18.683690396614555,2.937870693593527,83.60749816894531,10.41624641418457,6.0,0.056440185546875,0.0,2,0
0001400166-Raw01-f_00002.jpg,numeric,0001400166,01,4096,3000,1,62.91999731445313,11.32159559139166,2.5987037284754146,78.40116119384766,9.396041870117188,6.0,8.138020833333334e-07,0.0,3,0
0001400264-Raw03-f_00009.jpg,numeric,0001400264,03,4096,3000,1,24.572075358072915,38.186225236576355,0.7645424176018667,113.35078430175781,9.842633247375488,0.0,0.7077591145833333,4.524739583333333e-05,1,0
0001401010-Raw02-f_00003.jpg,numeric,0001401010,02,4096,3000,1,52.79259464518229,20.51472349888221,3.620604401644604,175.2356719970703,14.02838134765625,7.0,0.00024210611979166667,1.46484375e-06,3,0
0001401415-Raw02-f_00006.jpg,numeric,0001401415,02,4096,3000,1,52.501263590494794,9.041024799516624,2.624118584318878,43.42919921875,10.99206256866455,4.0,3.2552083333333335e-06,0.0,1,0
0001401945-Raw02-f_00004.jpg,numeric,0001401945,02,4096,3000,1,54.14063134765625,10.859855347822036,1.7915210196190894,22.337539672851562,5.878307342529297,3.0,8.951822916666667e-07,0.0,1,0
0001402648-Raw01-f_00004.jpg,numeric,0001402648,01,4096,3000,1,57.93906331380208,7.376102159978653,2.446780113139342,43.3414306640625,10.106157302856445,4.0,5.948893229166667e-05,1.7903645833333333e-06,2,0
0001402648-Raw01-f_00007.jpg,numeric,0001402648,01,4096,3000,1,59.046567464192705,7.594611041499705,2.424508502192081,45.4730110168457,9.956000328063965,4.0,1.1555989583333333e-05,1.6276041666666666e-07,1,0
0001402648-Raw03-f_00003.jpg,numeric,0001402648,03,4096,3000,1,29.289974772135416,36.56516006949192,0.9587250884442746,30.241857528686523,6.798097610473633,1.0,0.62284033203125,1.220703125e-06,0,1
0001403861-Raw01-f_00005.jpg,numeric,0001403861,01,4096,3000,1,64.98578629557292,8.832420348216308,3.4519795507257007,58.41013717651367,14.014610290527344,5.0,0.0,1.3020833333333333e-06,2,0
0001404083-Raw01-f_00010.jpg,numeric,0001404083,01,4096,3000,1,57.87166577148437,7.514793979325233,1.8541682940792636,25.47610092163086,6.464736461639404,3.0,4.39453125e-06,1.6276041666666666e-07,1,0
0001404083-Raw03-f_00003.jpg,numeric,0001404083,03,4096,3000,1,76.6218378092448,52.28737607421728,3.5338178291535582,112.78125,11.28724479675293,3.0,0.30472648111979167,0.00036214192708333335,3,0
0001404107-Raw00-f_00010.jpg,numeric,0001404107,00,4096,3000,1,42.28354443359375,21.774347801555002,2.062236076263705,16.20513916015625,5.57826566696167,2.0,0.22145402018229166,0.0,0,1
0001404107-Raw01-f_00000.jpg,numeric,0001404107,01,4096,3000,1,20.78553670247396,29.221098937042306,0.10071190246412404,23.424755096435547,4.077950477600098,0.0,0.6597039388020833,2.44140625e-07,0,1
0001404107-Raw01-f_00002.jpg,numeric,0001404107,01,4096,3000,1,58.19935034179687,7.675994878885642,2.0018572647491686,31.26721954345703,7.0206732749938965,3.0,1.3346354166666667e-05,0.0,0,1
0001404107-Raw01-f_00003.jpg,numeric,0001404107,01,4096,3000,1,58.85534448242188,7.68551823791152,2.153901705621611,30.212570190429688,6.977059364318848,3.0,4.069010416666667e-07,0.0,0,1
0001404107-Raw01-f_00004.jpg,numeric,0001404107,01,4096,3000,1,58.77977897135417,7.5745032537447745,1.9405882151653513,28.318130493164062,6.6489739418029785,3.0,1.6276041666666666e-07,0.0,0,1
0001404107-Raw01-f_00006.jpg,numeric,0001404107,01,4096,3000,1,59.03876904296875,7.37349449819779,2.0287369652136498,28.457475662231445,6.817970275878906,3.0,8.138020833333333e-08,1.220703125e-06,0,1
0001404107-Raw01-f_00008.jpg,numeric,0001404107,01,4096,3000,1,59.41847509765625,7.222730155823313,1.8366638785515037,28.972043991088867,6.6297807693481445,3.0,0.0,0.0,0,1
0001404107-Raw01-f_00010.jpg,numeric,0001404107,01,4096,3000,1,59.16852278645833,7.49379809583722,1.838855069614334,30.898893356323242,6.837491512298584,3.0,8.138020833333333e-08,0.0,0,1
0001404107-Raw01-f_00013.jpg,numeric,0001404107,01,4096,3000,1,59.31109358723958,7.363947109837823,1.8188588227035298,27.538801193237305,6.570926666259766,3.0,0.0,0.0,0,1
0001404107-Raw01-f_00014.jpg,numeric,0001404107,01,4096,3000,1,60.577866048177086,7.33152804093387,1.787902943626818,23.97575569152832,6.189688682556152,3.0,0.0,8.138020833333333e-08,0,1
0001404107-Raw01-f_00015.jpg,numeric,0001404107,01,4096,3000,1,60.136267171223956,7.3317311128792975,1.8802244444994243,24.26490592956543,6.304694652557373,3.0,0.0,2.44140625e-07,0,1
0001404107-Raw01-f_00016.jpg,numeric,0001404107,01,4096,3000,1,60.49028515625,7.6055732518330545,1.8610048099343721,25.05471420288086,6.29603385925293,3.0,6.510416666666666e-07,0.0,0,1
0001404284-Raw01-f_00002.jpg,numeric,0001404284,01,4096,3000,1,59.65657576497396,7.620073672006198,1.8363049061148589,25.894304275512695,6.477688312530518,3.0,1.6276041666666666e-07,8.138020833333333e-08,3,0
0001404284-Raw02-f_00003.jpg,numeric,0001404284,02,4096,3000,1,22.101083414713543,25.82386445244989,0.464685587913773,15.660748481750488,3.7958104610443115,0.0,0.5647354329427083,0.0,0,1
0001404397-Raw00-f_00011.jpg,numeric,0001404397,00,4096,3000,1,40.74504638671875,30.57554515266962,2.520017782352239,55.16329574584961,8.308408737182617,3.0,0.37496720377604165,1.0579427083333333e-06,16,0
0001404397-Raw01-f_00003.jpg,numeric,0001404397,01,4096,3000,1,60.67369148763021,10.754172203207428,2.3996718416660308,90.65480041503906,9.757586479187012,5.0,1.708984375e-06,8.138020833333333e-08,0,1
0001404397-Raw01-f_00006.jpg,numeric,0001404397,01,4096,3000,1,60.868051106770835,9.849200291933217,2.229957767547675,82.03849792480469,9.265348434448242,5.0,1.1800130208333333e-05,0.0,0,1
0001404398-Raw00-f_00001.jpg,numeric,0001404398,00,4096,3000,1,38.429284830729166,31.765546926391828,2.774230271867805,45.15114212036133,8.286884307861328,3.0,0.42059513346354166,8.138020833333333e-08,6,0
0001404398-Raw01-f_00001.jpg,numeric,0001404398,01,4096,3000,1,46.66672615559896,29.302693501315,2.7843259469703474,86.00262451171875,10.475584030151367,4.0,0.260288818359375,0.0,3,0
0001404398-Raw01-f_00002.jpg,numeric,0001404398,01,4096,3000,1,62.5651650390625,10.814269052449992,2.544250018351549,96.78575134277344,10.52718734741211,6.0,8.138020833333333e-08,2.7669270833333335e-06,1,0
0001404449-Raw13-f_00009.jpg,numeric,0001404449,13,4096,3000,1,23.06947713216146,16.406626716757724,3.525180715432978,73.38082885742188,10.720732688903809,3.0,0.32472908528645833,1.220703125e-06,0,1
0001405563-Raw01-f_00010.jpg,numeric,0001405563,01,4096,3000,1,54.08460205078125,12.597783048631978,4.761298798361308,145.43760681152344,17.25726890563965,6.0,8.138020833333333e-08,1.8147786458333334e-05,2,0
0001405587-Raw01-f_00004.jpg,numeric,0001405587,01,4096,3000,1,28.786700358072917,8.759647853015986,3.638610894896427,41.48759841918945,10.627479553222656,4.0,0.023929524739583333,6.510416666666666e-07,1,0
0001405587-Raw01-f_00005.jpg,numeric,0001405587,01,4096,3000,1,28.903532552083334,9.136063882754636,3.551709992817989,45.79004669189453,10.649001121520996,4.0,0.024228434244791666,3.824869791666666e-06,1,0
0001405587-Raw11-f_00007.jpg,numeric,0001405587,11,4096,3000,1,16.144969970703126,6.857931681858397,2.222466354521205,20.971050262451172,7.959381580352783,3.0,0.5203333333333333,8.138020833333333e-08,0,1
0001405806-Raw00-f_00011.jpg,numeric,0001405806,00,4096,3000,1,37.67977498372396,20.824165179771146,3.727163173510774,104.84980010986328,12.506439208984375,5.0,0.23017366536458334,6.510416666666666e-07,0,1
0001406455-Raw00-f_00001.jpg,numeric,0001406455,00,4096,3000,1,28.9029541015625,21.655125998154347,1.46031125660944,15.699353218078613,5.3221282958984375,2.0,0.3889923502604167,0.0,0,1
0001406455-Raw00-f_00007.jpg,numeric,0001406455,00,4096,3000,1,36.19316219075521,17.976191696493405,1.3932151073873356,12.65320873260498,5.042861461639404,2.0,0.22123445638020833,0.0,0,1
0001406455-Raw00-f_00009.jpg,numeric,0001406455,00,4096,3000,1,36.15832014973958,18.030400191116158,1.4340918198404518,13.062620162963867,5.131925582885742,2.0,0.221531982421875,0.0,0,1
0001406455-Raw00-f_00010.jpg,numeric,0001406455,00,4096,3000,1,37.01359195963542,18.554990085028557,1.489528504182133,12.966843605041504,5.123870849609375,2.0,0.22256941731770832,0.0,0,1
0001406455-Raw01-f_00001.jpg,numeric,0001406455,01,4096,3000,1,41.01956225585938,22.557762228732166,1.6031824667654906,29.289588928222656,5.826870918273926,2.0,0.22183707682291667,0.0,0,1
0001406455-Raw01-f_00002.jpg,numeric,0001406455,01,4096,3000,1,51.11239778645833,6.188811693297774,1.5438589194732235,23.606943130493164,6.058928966522217,3.0,8.707682291666666e-06,2.44140625e-07,0,1
0001406455-Raw01-f_00004.jpg,numeric,0001406455,01,4096,3000,1,51.03296630859375,6.157549524947826,1.4929493676131953,22.143178939819336,5.791598320007324,3.0,2.44140625e-07,0.0,0,1
0001406455-Raw01-f_00005.jpg,numeric,0001406455,01,4096,3000,1,51.768768310546875,6.075877041581112,1.5275295583869397,20.950334548950195,5.811202526092529,3.0,8.138020833333333e-08,0.0,0,1
0001406455-Raw01-f_00006.jpg,numeric,0001406455,01,4096,3000,1,51.60549690755208,6.497661798409281,1.696281747586678,25.24704360961914,6.133978366851807,3.0,1.6276041666666666e-07,2.099609375e-05,0,1
0001406455-Raw01-f_00008.jpg,numeric,0001406455,01,4096,3000,1,52.076537923177085,5.855975890704613,1.530868211076893,19.815059661865234,5.686450004577637,3.0,0.0,0.0,0,1
0001406455-Raw01-f_00011.jpg,numeric,0001406455,01,4096,3000,1,54.52817553710938,5.96198794150319,1.765080325272279,17.83992576599121,5.78749418258667,2.0,8.138020833333333e-08,0.0,0,1
0001406455-Raw01-f_00012.jpg,numeric,0001406455,01,4096,3000,1,54.713121419270834,6.081958703905556,1.6525725020129745,17.49690818786621,5.5858917236328125,3.0,0.0,0.0,0,1
0001406455-Raw02-f_00007.jpg,numeric,0001406455,02,4096,3000,1,16.426813720703127,21.75783958074992,0.10264654190964642,19.449176788330078,3.2922298908233643,0.0,0.6334639485677084,1.6276041666666666e-07,6,0
0001406531-Raw01-f_00004.jpg,numeric,0001406531,01,4096,3000,1,31.825307047526042,9.113784999523425,2.759925460956556,67.21064758300781,11.151139259338379,5.0,0.010166015625,2.44140625e-07,0,1
0001406531-Raw02-f_00005.jpg,numeric,0001406531,02,4096,3000,1,38.63136368815104,14.270545333721492,3.9490229012962392,112.6968765258789,14.450982093811035,6.0,0.025133626302083333,3.4993489583333333e-06,0,1
0001406531-Raw02-f_00006.jpg,numeric,0001406531,02,4096,3000,1,38.67922412109375,14.105356817677517,3.906540683316683,104.56962585449219,14.20110034942627,6.0,0.026015543619791668,3.0924479166666666e-06,0,1
0001408096-Raw00-f_00007.jpg,numeric,0001408096,00,4096,3000,1,70.69850935872395,41.106906209023656,7.062003368300914,325.0372619628906,24.00686264038086,5.0,0.22182609049479166,3.068033854166667e-05,0,1
0001408096-Raw00-f_00010.jpg,numeric,0001408096,00,4096,3000,1,63.137632486979165,38.200953704575916,8.058328170548368,294.8538818359375,24.127948760986328,5.0,0.23228922526041668,2.9459635416666668e-05,0,1
0001408096-Raw01-f_00005.jpg,numeric,0001408096,01,4096,3000,1,85.23241691080729,20.723024882795997,5.685730517395375,388.22100830078125,27.360286712646484,7.0,8.382161458333333e-06,1.7740885416666668e-05,0,1
0001408268-Raw00-f_00004.jpg,numeric,0001408268,00,4096,3000,1,53.81523527018229,30.83272584721865,4.500239175290865,142.1240997314453,15.650601387023926,5.0,0.221986083984375,2.6285807291666665e-05,0,1
0001408907-Raw00-f_00010.jpg,numeric,0001408907,00,4096,3000,1,51.590213216145834,27.42035230079276,2.280825589561826,34.097816467285156,7.18393611907959,3.0,0.23162849934895832,1.6276041666666666e-07,3,0
0001408907-Raw00-f_00011.jpg,numeric,0001408907,00,4096,3000,1,50.22909838867187,26.87782554512972,2.191806885150637,32.006160736083984,6.983860492706299,3.0,0.23543050130208334,8.138020833333333e-08,1,0
0001408913-Raw00-f_00013.jpg,numeric,0001408913,00,4096,3000,1,26.988539713541666,29.621764333172504,1.9790063907524624,24.350900650024414,5.743519306182861,2.0,0.5739921875,5.045572916666667e-06,10,0
0001408914-Raw00-f_00000.jpg,numeric,0001408914,00,4096,3000,1,22.202675130208334,29.64243833308348,0.6561173554642025,19.854156494140625,5.320911884307861,2.0,0.666952880859375,0.0,1,0
0001408915-Raw00-f_00003.jpg,numeric,0001408915,00,4096,3000,1,49.583029622395834,25.813022621218227,2.43012298413567,39.81423568725586,7.496570110321045,3.0,0.22142569986979166,8.138020833333333e-08,2,0
0001408915-Raw00-f_00004.jpg,numeric,0001408915,00,4096,3000,1,47.65217830403646,24.4727577363773,2.1052813661083603,31.842239379882812,6.965798854827881,3.0,0.22235872395833334,1.6276041666666666e-07,1,0
0001408915-Raw00-f_00009.jpg,numeric,0001408915,00,4096,3000,1,46.82173999023438,24.739336497272884,2.122434218734572,31.37208366394043,6.919787883758545,3.0,0.233096923828125,8.138020833333333e-08,12,0
0001408915-Raw00-f_00010.jpg,numeric,0001408915,00,4096,3000,1,46.97881608072917,25.228654420683686,2.1158397660068946,32.72602844238281,6.958296775817871,3.0,0.23716902669270834,0.0,2,0
0001408915-Raw13-f_00011.jpg,numeric,0001408915,13,4096,3000,1,35.80806941731771,22.299318482637617,1.9367468655734283,27.857521057128906,6.168521404266357,2.0,0.29025187174479167,3.173828125e-06,0,1
0001408916-Raw00-f_00004.jpg,numeric,0001408916,00,4096,3000,1,48.03949910481771,24.842830429648416,2.160622849592987,35.129234313964844,7.240398406982422,3.0,0.22079874674479166,2.44140625e-07,1,0
0001408916-Raw01-f_00005.jpg,numeric,0001408916,01,4096,3000,1,65.08575520833334,10.120518501646066,2.2419887524197373,56.0830192565918,8.356701850891113,5.0,1.6276041666666666e-07,8.138020833333333e-08,4,0
0001408916-Raw13-f_00005.jpg,numeric,0001408916,13,4096,3000,1,33.57933251953125,20.098253799720013,2.0674945566391285,22.956069946289062,6.207891941070557,2.0,0.27310042317708333,5.696614583333334e-07,0,1
0001408917-Raw00-f_00008.jpg,numeric,0001408917,00,4096,3000,1,48.513685546875,25.489457412244974,2.315357466110535,38.2642822265625,7.435237407684326,3.0,0.22603653971354168,0.0,6,0
0001408917-Raw02-f_00008.jpg,numeric,0001408917,02,4096,3000,1,68.42219580078125,13.796157035493254,2.778709159143287,74.18681335449219,9.597946166992188,5.0,1.0904947916666667e-05,4.069010416666667e-07,4,0
0001408918-Raw01-f_00001.jpg,numeric,0001408918,01,4096,3000,1,65.47629581705729,11.193883542777423,2.57248279071894,68.76062774658203,9.216297149658203,5.0,0.0,2.44140625e-07,4,0
0001408918-Raw01-f_00002.jpg,numeric,0001408918,01,4096,3000,1,66.69342472330729,10.594321209470404,2.36203617304922,66.97582244873047,9.075664520263672,5.0,4.8828125e-07,2.44140625e-07,5,0
0001408921-Raw00-f_00010.jpg,numeric,0001408921,00,4096,3000,1,50.524439534505206,27.720766371503455,2.679452343931386,52.544090270996094,8.237927436828613,4.0,0.236041259765625,0.0,4,0
0001409456-Raw00-f_00002.jpg,numeric,0001409456,00,4096,3000,1,97.1762051595052,52.87076510911191,4.526649743528257,59.4945068359375,10.844427108764648,3.0,0.21545947265625,9.920247395833333e-05,0,1
0001409456-Raw12-f_00005.jpg,numeric,0001409456,12,4096,3000,1,40.411269856770836,18.64607472661152,4.995357282151663,48.453895568847656,13.025276184082031,4.0,0.049343505859375,6.510416666666666e-07,0,1
0001409916-Raw01-f_00004.jpg,numeric,0001409916,01,4096,3000,1,56.802743489583335,11.858522189883203,2.6116505896158904,56.04716110229492,9.804912567138672,5.0,0.0,2.9296875e-06,0,1
0001409916-Raw02-f_00004.jpg,numeric,0001409916,02,4096,3000,1,58.431002278645835,16.645958072194897,2.763980001941252,49.68480682373047,9.230592727661133,4.0,0.0,1.3020833333333333e-06,0,1
0001410086-Raw01-f_00004.jpg,numeric,0001410086,01,4096,3000,1,64.17762459309895,13.572390002725678,2.6577390139645187,80.33869171142578,10.163593292236328,6.0,6.510416666666666e-07,1.318359375e-05,3,0
0001410086-Raw02-f_00000.jpg,numeric,0001410086,02,4096,3000,1,9.316209879557292,22.656591304905348,0.0,16.352323532104492,2.8075902462005615,0.0,0.848873291015625,1.708984375e-06,1,0
0001410086-Raw02-f_00003.jpg,numeric,0001410086,02,4096,3000,1,59.283987711588544,14.159531570526063,2.3374637410452213,56.15205383300781,8.783280372619629,5.0,8.138020833333333e-08,1.220703125e-06,2,0
0001410225-Raw02-f_00006.jpg,numeric,0001410225,02,4096,3000,1,44.61991829427083,22.9969478515762,1.6545367340807071,26.146265029907227,5.7082839012146,3.0,0.18084716796875,0.0,2,0
0001410231-Raw02-f_00002.jpg,numeric,0001410231,02,4096,3000,1,44.865961588541666,23.851664578607487,1.5631291457912844,25.466577529907227,5.588175296783447,2.0,0.193839111328125,0.0,0,1
0001411181-Raw13-f_00009.jpg,numeric,0001411181,13,4096,3000,1,37.97896476236979,25.416474728918086,5.431158640121595,121.01773071289062,15.779350280761719,4.0,0.2806973470052083,6.7545572916666665e-06,0,1
0001411186-Raw02-f_00004.jpg,numeric,0001411186,02,4096,3000,1,84.5452919108073,32.17297633612884,8.950408491598193,635.420654296875,33.12969970703125,11.0,7.32421875e-07,0.0006565755208333333,1,0
0001411271-Raw01-f_00004.jpg,numeric,0001411271,01,4096,3000,1,76.21091097005208,26.829434982945823,7.74415577770422,839.6074829101562,31.595218658447266,17.0,9.765625e-07,0.0006239420572916667,1,0
0001411271-Raw01-f_00005.jpg,numeric,0001411271,01,4096,3000,1,77.5956289876302,27.844367396103166,8.506391916449127,1023.794921875,34.55746078491211,18.0,1.6276041666666666e-07,0.0010183919270833333,1,0
0001411271-Raw02-f_00005.jpg,numeric,0001411271,02,4096,3000,1,81.63954907226562,34.45309522412428,9.338718152127012,1072.5035400390625,33.91027069091797,17.0,5.696614583333334e-06,0.00234130859375,1,0
0001411376-Raw02-f_00007.jpg,numeric,0001411376,02,4096,3000,1,84.00825944010417,37.046151513185556,8.265785283753068,1116.3565673828125,39.4465446472168,14.0,8.138020833333334e-07,0.003964518229166667,0,1
0001412099-Raw03-f_00006.jpg,numeric,0001412099,03,4096,3000,1,37.55879451497396,40.51376611554603,2.0366445246438287,80.7804183959961,8.173474311828613,2.0,0.536521728515625,8.138020833333333e-08,17,0
0001412159-Raw11-f_00004.jpg,numeric,0001412159,11,4096,3000,1,26.91027099609375,5.553088257956074,1.1383049759694774,11.266098976135254,4.116112232208252,2.0,0.01776220703125,3.255208333333333e-07,0,1
0001412163-Raw01-f_00004.jpg,numeric,0001412163,01,4096,3000,1,56.050871419270834,8.017177480569543,1.8619801591026697,37.12529754638672,6.891740322113037,4.0,0.0,0.0,2,0
0001412682-Raw03-f_00008.jpg,numeric,0001412682,03,4096,3000,1,44.26001277669271,46.3594447362816,4.659862070412464,150.64300537109375,14.396157264709473,2.0,0.4800961100260417,0.000160400390625,1,0
0001412891-Raw02-f_00005.jpg,numeric,0001412891,02,4096,3000,1,59.62627197265625,19.063684215733396,5.237238294593801,173.39552307128906,19.494401931762695,6.0,8.7890625e-06,0.00013777669270833334,0,1
0001412925-Raw02-f_00008.jpg,numeric,0001412925,02,4096,3000,1,67.04545694986979,15.695327691744929,2.490875058019058,94.9687728881836,10.317584991455078,6.0,0.0012130533854166666,2.7018229166666666e-05,1,0
0001412925-Raw02-f_00009.jpg,numeric,0001412925,02,4096,3000,1,75.93580078125,18.16660135151148,3.240067906766427,172.09613037109375,14.196681022644043,8.0,0.0028182779947916667,4.231770833333333e-06,10,0
0001412925-Raw02-f_00010.jpg,numeric,0001412925,02,4096,3000,1,74.81804435221355,16.99036356504996,3.5654577501206894,173.97450256347656,14.04430103302002,8.0,0.000399658203125,2.6041666666666666e-06,3,0
0001412971-Raw00-f_00014.jpg,numeric,0001412971,00,4096,3000,1,38.7473349609375,20.006821372377292,2.033238477239929,27.64569091796875,7.1114044189453125,3.0,0.22819270833333333,8.138020833333333e-08,2,0
0001412971-Raw02-f_00001.jpg,numeric,0001412971,02,4096,3000,1,41.169017578125,20.322977625071807,2.789190712228309,68.21503448486328,9.660066604614258,3.0,0.15090576171875,7.405598958333333e-06,4,0
0001413817-Raw00-f_00001.jpg,numeric,0001413817,00,4096,3000,1,41.811895751953124,44.08586652164597,3.0734347813034404,57.526004791259766,9.39560317993164,2.0,0.5246888834635417,8.951822916666667e-07,0,1
0001413817-Raw02-f_00004.jpg,numeric,0001413817,02,4096,3000,1,75.98643929036459,34.354133101079505,3.2203676063915743,83.4266586303711,10.439908027648926,4.0,0.09555061848958334,2.6041666666666666e-06,1,0
0001413853-Raw00-f_00005.jpg,numeric,0001413853,00,4096,3000,1,44.47659171549479,23.2560721741696,3.4873890910261878,47.565032958984375,9.930630683898926,4.0,0.21357185872395834,0.0,1,0
0001413853-Raw01-f_00005.jpg,numeric,0001413853,01,4096,3000,1,56.24725122070313,7.6673303783903055,2.7126245348719307,48.66669845581055,10.39905834197998,4.0,1.0579427083333333e-06,0.0,1,0
0001413853-Raw01-f_00006.jpg,numeric,0001413853,01,4096,3000,1,59.21088997395833,8.143681499672155,3.016206689843408,58.72772979736328,11.292450904846191,5.0,1.6276041666666668e-06,4.8828125e-07,1,0
0001413853-Raw12-f_00009.jpg,numeric,0001413853,12,4096,3000,1,15.792100260416667,18.42359605588912,1.9726091097631944,17.193208694458008,4.496600151062012,1.0,0.5796820475260417,2.0345052083333333e-06,0,1
0001414756-Raw01-f_00006.jpg,numeric,0001414756,01,4096,3000,1,64.65201928710937,13.108209138151707,2.8843533919439897,91.5196533203125,11.937823295593262,6.0,0.0,1.6276041666666668e-06,1,0
0001414756-Raw02-f_00002.jpg,numeric,0001414756,02,4096,3000,1,64.2091337890625,22.018342610946252,5.213994000637328,232.99777221679688,17.39693832397461,6.0,0.022450764973958332,1.904296875e-05,0,1
0001414756-Raw03-f_00005.jpg,numeric,0001414756,03,4096,3000,1,10.952211995442708,27.065592260688778,0.3781166913346052,73.45960998535156,5.581038475036621,0.0,0.8717830403645833,6.046549479166667e-05,0,1
0001414921-Raw00-f_00001.jpg,numeric,0001414921,00,4096,3000,1,55.73732918294271,33.08883184244291,6.292365521429829,295.3385925292969,21.272716522216797,8.0,0.21715999348958334,0.00035538736979166667,2,0
0001414933-Raw00-f_00004.jpg,numeric,0001414933,00,4096,3000,1,60.44284724934896,38.205986572726864,7.813512012303123,549.0725708007812,26.519012451171875,10.0,0.21610335286458332,0.0011513671875,3,0
0001416282-Raw01-f_00004.jpg,numeric,0001416282,01,4096,3000,1,71.11049967447917,7.962358053929205,2.7711290610654853,43.612693786621094,10.077552795410156,4.0,8.138020833333333e-08,3.255208333333333e-07,2,0
0001416284-Raw02-f_00005.jpg,numeric,0001416284,02,4096,3000,1,66.86819848632813,11.048007913897917,3.28209785741429,52.582149505615234,11.697676658630371,4.0,4.313151041666667e-06,4.069010416666667e-07,3,0
0001416364-Raw00-f_00008.jpg,numeric,0001416364,00,4096,3000,1,64.07797135416666,36.29697904399942,4.280560743889696,105.48558044433594,13.613953590393066,5.0,0.22018131510416666,1.2858072916666667e-05,5,0
0001416364-Raw00-f_00009.jpg,numeric,0001416364,00,4096,3000,1,48.34697745768229,44.48281062427528,4.855881422990912,149.98834228515625,14.512765884399414,3.0,0.44029109700520835,7.666015625e-05,15,0
0001416364-Raw01-f_00002.jpg,numeric,0001416364,01,4096,3000,1,92.10256380208334,14.452842684264064,4.192103564908512,113.125,16.057647705078125,7.0,0.0,1.5462239583333335e-05,5,0
0001416364-Raw01-f_00003.jpg,numeric,0001416364,01,4096,3000,1,90.13477026367187,15.492577801651425,3.9530815331650535,122.42501068115234,15.482885360717773,7.0,0.0,2.0345052083333332e-05,2,0
0001416364-Raw01-f_00005.jpg,numeric,0001416364,01,4096,3000,1,91.2869921875,15.80835180795433,4.172012430397998,149.77137756347656,16.83330535888672,8.0,0.0,6.526692708333333e-05,3,0
0001416364-Raw02-f_00009.jpg,numeric,0001416364,02,4096,3000,1,36.64888199869792,45.83461081260722,2.165175438922639,179.75701904296875,11.5911226272583,0.0,0.5452495930989584,0.0012862955729166666,0,1
0001416457-Raw00-f_00004.jpg,numeric,0001416457,00,4096,3000,1,45.05321118164063,24.793189491247873,4.844155022029668,139.3454132080078,16.751224517822266,5.0,0.20929386393229166,2.685546875e-06,0,1
0001416970-Raw01-f_00005.jpg,numeric,0001416970,01,4096,3000,1,79.95695288085938,15.47876064617245,3.303678551154365,101.58583068847656,12.109506607055664,7.0,0.0,1.1637369791666667e-05,1,0
0001416970-Raw02-f_00003.jpg,numeric,0001416970,02,4096,3000,1,76.65436539713542,20.504932304158565,3.432370674363634,91.91649627685547,11.528772354125977,6.0,6.510416666666666e-07,7.8125e-06,4,0
0001416970-Raw02-f_00005.jpg,numeric,0001416970,02,4096,3000,1,83.23182039388021,25.29381115849325,3.64820145673182,101.28168487548828,11.798174858093262,6.0,0.0,0.00014225260416666667,2,0
0001416970-Raw12-f_00004.jpg,numeric,0001416970,12,4096,3000,1,18.965137451171874,6.825068026347991,1.6927108835072355,12.64802360534668,5.677741527557373,2.0,0.299097900390625,8.138020833333333e-08,0,1
0001416970-Raw13-f_00008.jpg,numeric,0001416970,13,4096,3000,1,23.10057275390625,16.24723548291578,2.970988487263603,29.108802795410156,7.9705610275268555,3.0,0.30829085286458335,3.255208333333333e-07,0,1
0001417541-Raw00-f_00005.jpg,numeric,0001417541,00,4096,3000,1,32.66770402018229,20.962853136551697,5.646482252937251,79.93944549560547,15.149214744567871,4.0,0.25794287109375,2.2786458333333335e-06,2,0
0001417541-Raw02-f_00006.jpg,numeric,0001417541,02,4096,3000,1,46.27689404296875,29.795207580970686,7.621570260081159,208.3013153076172,24.76730728149414,6.0,0.07499576822916666,5.126953125e-06,0,1
0001417541-Raw02-f_00007.jpg,numeric,0001417541,02,4096,3000,1,46.71222680664062,30.069170143993468,6.740670823080913,221.13174438476562,24.93067169189453,6.0,0.08697078450520833,6.34765625e-06,2,0
0001417541-Raw02-f_00011.jpg,numeric,0001417541,02,4096,3000,1,44.89109049479167,32.682220960980175,6.038696507494345,195.63760375976562,22.36100959777832,5.0,0.11585555013020833,4.8828125e-06,3,0
0001417541-Raw03-f_00006.jpg,numeric,0001417541,03,4096,3000,1,8.43480322265625,27.2042915195755,0.326801595511248,61.487701416015625,6.26750373840332,0.0,0.9241404622395833,4.069010416666667e-07,2,0
0001417541-Raw03-f_00007.jpg,numeric,0001417541,03,4096,3000,1,7.641647542317708,25.644084901461984,0.2935102815870233,62.796024322509766,6.089179515838623,0.0,0.9328055826822916,8.138020833333334e-07,1,0
0001417970-Raw01-f_00004.jpg,numeric,0001417970,01,4096,3000,1,49.88639607747396,15.019849512775325,6.537747597666889,201.07748413085938,22.662567138671875,8.0,6.7545572916666665e-06,4.8828125e-06,1,0
0001417971-Raw02-f_00002.jpg,numeric,0001417971,02,4096,3000,1,45.95085270182292,24.090874029312584,4.313634612946875,108.34265899658203,14.991514205932617,5.0,0.09320556640625,1.3834635416666668e-06,0,1
0001417971-Raw02-f_00011.jpg,numeric,0001417971,02,4096,3000,1,40.17630183919271,18.810799673178163,3.920796374837675,109.9089584350586,14.265219688415527,5.0,0.08298470052083333,9.765625e-07,0,1
0001417971-Raw12-f_00007.jpg,numeric,0001417971,12,4096,3000,1,9.757382649739583,3.738191708706242,1.035943381392323,8.467628479003906,3.654834032058716,2.0,0.9428531901041667,0.0,0,1
0001417977-Raw11-f_00008.jpg,numeric,0001417977,11,4096,3000,1,11.221358072916667,5.954437433362239,1.3229162631957458,13.448515892028809,4.767031192779541,2.0,0.7818199055989583,1.708984375e-06,0,1
0001417977-Raw11-f_00009.jpg,numeric,0001417977,11,4096,3000,1,11.342222574869792,6.080422177425994,1.4569091638453555,12.813375473022461,5.186338901519775,2.0,0.7697032063802083,1.5462239583333333e-06,0,1
0001417980-Raw01-f_00009.jpg,numeric,0001417980,01,4096,3000,1,40.005623046875,11.852792219045025,4.147607078895385,140.9707489013672,16.765811920166016,7.0,5.4931640625e-05,1.5625e-05,1,0
0001417980-Raw02-f_00004.jpg,numeric,0001417980,02,4096,3000,1,52.554809977213544,34.74621560160656,5.4182563930690755,197.1498565673828,20.45155143737793,6.0,0.15961246744791666,1.220703125e-05,0,1
0001418428-Raw01-f_00007.jpg,numeric,0001418428,01,4096,3000,1,56.97033553059896,8.587757417242653,2.027135484473982,41.724769592285156,7.470984935760498,4.0,3.662109375e-06,0.0,1,0
0001418428-Raw01-f_00008.jpg,numeric,0001418428,01,4096,3000,1,57.168990152994795,8.614413388505373,1.979208513202732,41.39069366455078,7.454830646514893,4.0,8.951822916666667e-07,0.0,1,0
0001418428-Raw02-f_00008.jpg,numeric,0001418428,02,4096,3000,1,54.54913045247396,21.058090191973104,2.367979719998036,50.93146896362305,8.796588897705078,4.0,0.087104736328125,0.0,1,0
0001418441-Raw00-f_00005.jpg,numeric,0001418441,00,4096,3000,1,41.383109619140626,20.64928868259621,1.6568910871665108,21.237552642822266,6.173110008239746,3.0,0.22192952473958333,0.0,7,0
0001418444-Raw00-f_00004.jpg,numeric,0001418444,00,4096,3000,1,42.55221923828125,21.259195556505595,1.872803864310201,23.942989349365234,6.493600845336914,3.0,0.217489990234375,0.0,1,0
0001418444-Raw01-f_00002.jpg,numeric,0001418444,01,4096,3000,1,57.66799723307292,8.830203916871568,2.0311623027276946,35.33793640136719,6.887378215789795,4.0,5.533854166666667e-06,0.0,8,0
0001418444-Raw01-f_00004.jpg,numeric,0001418444,01,4096,3000,1,57.63353466796875,8.903111446418395,2.1076879941974656,41.19272232055664,7.419887542724609,4.0,1.220703125e-06,0.0,3,0
0001418444-Raw02-f_00002.jpg,numeric,0001418444,02,4096,3000,1,54.56472859700521,22.974642582862785,2.3815718678514894,45.02680587768555,8.559670448303223,4.0,0.10231681315104167,0.0,5,0
0001418444-Raw02-f_00004.jpg,numeric,0001418444,02,4096,3000,1,54.63176847330729,22.650137588380524,2.3620116136696794,51.0230712890625,8.88918399810791,4.0,0.09840511067708334,0.0,2,0
0001418444-Raw02-f_00006.jpg,numeric,0001418444,02,4096,3000,1,55.344482014973956,22.781190397643346,2.351962695529733,53.141902923583984,9.062495231628418,4.0,0.096634765625,0.0,6,0
0001418446-Raw00-f_00001.jpg,numeric,0001418446,00,4096,3000,1,44.11627685546875,22.232172539051664,2.2559365695768276,39.1196403503418,7.96181058883667,3.0,0.214126220703125,1.3834635416666666e-05,14,0
0001418446-Raw00-f_00002.jpg,numeric,0001418446,00,4096,3000,1,43.19263899739583,21.585892212113517,2.010142871006299,28.298608779907227,6.901475429534912,3.0,0.21572574869791666,8.138020833333333e-08,1,0
0001418446-Raw00-f_00003.jpg,numeric,0001418446,00,4096,3000,1,43.07891145833333,21.617612061394563,2.118766731475441,28.17018699645996,6.912014484405518,3.0,0.21700594075520832,0.0,1,0
0001418447-Raw01-f_00011.jpg,numeric,0001418447,01,4096,3000,1,53.07613614908854,21.490917797274825,2.21841066397859,88.41985321044922,9.11007308959961,4.0,0.119445556640625,1.46484375e-06,2,0
0001419010-Raw00-f_00005.jpg,numeric,0001419010,00,4096,3000,1,49.949305257161456,25.543706007846897,2.1522988819099163,36.83721923828125,7.798314571380615,3.0,0.213863037109375,1.6276041666666666e-07,0,1
0001419010-Raw01-f_00014.jpg,numeric,0001419010,01,4096,3000,1,69.99787866210937,11.466807509285385,2.5804980980897225,63.513702392578125,9.805251121520996,5.0,0.0,8.138020833333333e-08,2,0
0001419010-Raw02-f_00014.jpg,numeric,0001419010,02,4096,3000,1,35.466719645182295,32.22299728010347,1.4196759552094889,42.75334167480469,6.277259349822998,2.0,0.41740144856770833,4.8828125e-07,1,0
0001420397-Raw01-f_00003.jpg,numeric,0001420397,01,4096,3000,1,57.34564298502604,16.38379998471881,3.874628882822063,170.66526794433594,15.893970489501953,5.0,1.0335286458333333e-05,2.9866536458333334e-05,0,1
0001420397-Raw01-f_00004.jpg,numeric,0001420397,01,4096,3000,1,60.14061507161458,16.487843825170035,3.483767280354964,101.09053802490234,12.702163696289062,5.0,7.893880208333333e-06,1.8636067708333334e-05,0,1
0001420757-Raw10-f_00009.jpg,numeric,0001420757,10,4096,3000,1,10.888441975911459,10.579422697325883,1.304933097120845,13.56786060333252,5.3727240562438965,1.0,0.5948430989583333,0.0,0,1
0001420757-Raw11-f_00009.jpg,numeric,0001420757,11,4096,3000,1,20.66992781575521,7.2281849773009075,3.497971462364694,46.57987976074219,12.298433303833008,4.0,0.26071956380208333,0.0,0,1
0001420758-Raw01-f_00007.jpg,numeric,0001420758,01,4096,3000,1,90.2380918782552,27.624149290522713,9.360924150334537,772.2445678710938,34.93568420410156,7.0,3.173828125e-06,0.0027285970052083335,1,0
0001420758-Raw03-f_00003.jpg,numeric,0001420758,03,4096,3000,1,61.053375244140625,71.79627703522739,0.9169732420817809,646.1193237304688,29.031166076660156,2.0,0.5671420084635417,0.0036148274739583332,0,1
0001420758-Raw11-f_00002.jpg,numeric,0001420758,11,4096,3000,1,18.701581868489583,6.032808318571836,3.3427802062058327,34.29385757446289,10.453447341918945,3.0,0.325555908203125,0.0,0,1
0001420758-Raw12-f_00008.jpg,numeric,0001420758,12,4096,3000,1,19.281570963541668,7.330025418970295,2.77613313687842,32.5167236328125,9.668014526367188,3.0,0.34760701497395835,0.0,0,1
0001420759-Raw01-f_00002.jpg,numeric,0001420759,01,4096,3000,1,95.14097835286458,25.922518177671922,12.221623105463845,883.9804077148438,42.03948211669922,9.0,3.662109375e-06,0.002359130859375,0,1
0001420759-Raw11-f_00011.jpg,numeric,0001420759,11,4096,3000,1,18.148593994140626,9.710043359414122,2.9444860631960124,36.212764739990234,9.23623275756836,3.0,0.32307112630208334,5.696614583333334e-07,0,1
0001420759-Raw13-f_00002.jpg,numeric,0001420759,13,4096,3000,1,21.218466796875,15.338376810573608,3.9140674380704246,47.0569953918457,10.714964866638184,3.0,0.3596953125,8.138020833333333e-08,0,1
0001420760-Raw01-f_00006.jpg,numeric,0001420760,01,4096,3000,1,94.39022566731771,22.79436114379953,10.806937531300324,502.9783630371094,35.05372619628906,8.0,2.9296875e-06,0.00073828125,0,1
0001420760-Raw01-f_00009.jpg,numeric,0001420760,01,4096,3000,1,95.6033202311198,21.762219965653504,9.24235183339151,429.7402038574219,35.41006851196289,10.0,1.7008463541666667e-05,0.00038338216145833334,1,0
0001420760-Raw12-f_00009.jpg,numeric,0001420760,12,4096,3000,1,22.100719482421876,7.171402685286369,2.248825931039802,21.040807723999023,7.557610511779785,3.0,0.18891861979166666,0.0,0,1
0001420762-Raw01-f_00006.jpg,numeric,0001420762,01,4096,3000,1,101.68623868815104,22.10368073863053,6.994590072284028,283.097412109375,25.53147315979004,7.0,6.510416666666666e-07,0.00045084635416666667,1,0
0001420762-Raw01-f_00007.jpg,numeric,0001420762,01,4096,3000,1,101.25541080729167,22.87004874809172,7.121073478741366,247.26754760742188,24.236513137817383,6.0,7.32421875e-07,0.00025244140625,2,0
0001420762-Raw01-f_00008.jpg,numeric,0001420762,01,4096,3000,1,97.20944319661459,21.054117066774705,7.5280621336830675,317.6612854003906,25.440658569335938,7.0,2.7669270833333335e-06,0.000958251953125,0,1
0001420762-Raw02-f_00003.jpg,numeric,0001420762,02,4096,3000,1,92.00893383789062,35.925681102566244,8.480004885216555,701.7689819335938,33.646114349365234,6.0,1.7903645833333333e-05,0.00194189453125,1,0
0001420762-Raw02-f_00004.jpg,numeric,0001420762,02,4096,3000,1,94.67403767903646,36.68946308917168,7.137742262751194,644.4064331054688,32.86658477783203,6.0,1.0172526041666666e-05,0.0015000813802083332,1,0
0001420762-Raw02-f_00006.jpg,numeric,0001420762,02,4096,3000,1,95.95732104492187,37.508041974593404,8.589798990826164,583.7069702148438,32.48015594482422,7.0,1.171875e-05,0.0013924967447916667,1,0
0001420762-Raw02-f_00009.jpg,numeric,0001420762,02,4096,3000,1,76.18732503255208,45.64940153322157,6.701200560338004,313.43646240234375,20.61638832092285,4.0,0.167376953125,0.000648681640625,0,1
0001420762-Raw03-f_00009.jpg,numeric,0001420762,03,4096,3000,1,61.27375366210938,66.0726739859466,5.755128145062846,195.4687957763672,16.235239028930664,2.0,0.5356858723958333,0.0006441243489583333,0,1
0001420776-Raw01-f_00003.jpg,numeric,0001420776,01,4096,3000,1,49.408939860026045,17.303742441578965,5.764794957143511,57.742801666259766,15.887092590332031,3.0,0.00029508463541666664,1.1393229166666668e-06,1,0
0001420776-Raw01-f_00004.jpg,numeric,0001420776,01,4096,3000,1,44.26937890625,14.886713113463841,4.289063504157808,40.24465560913086,12.708290100097656,3.0,0.00014298502604166667,1.46484375e-06,1,0
0001420776-Raw01-f_00006.jpg,numeric,0001420776,01,4096,3000,1,49.29658561197917,16.897917015856333,5.149843733812846,89.6209487915039,16.207361221313477,3.0,4.8665364583333334e-05,1.708984375e-06,1,0
0001420776-Raw02-f_00007.jpg,numeric,0001420776,02,4096,3000,1,63.414707275390626,31.67386246366674,6.2788213722860915,62.110347747802734,16.346080780029297,3.0,0.00012003580729166666,4.459635416666667e-05,1,0
0001420777-Raw00-f_00002.jpg,numeric,0001420777,00,4096,3000,1,63.482376220703124,38.109757857958726,7.6729122225085264,93.76537322998047,18.870195388793945,4.0,0.21122916666666666,0.00023738606770833335,1,0
0001420777-Raw00-f_00005.jpg,numeric,0001420777,00,4096,3000,1,63.71143986002604,39.334930925412166,7.9323030782285535,139.34605407714844,20.854751586914062,5.0,0.21588639322916667,0.000203125,0,1
0001420777-Raw01-f_00002.jpg,numeric,0001420777,01,4096,3000,1,63.794156087239585,21.82818568119069,6.379777632880902,180.4788360595703,21.786989212036133,5.0,2.3600260416666668e-06,1.2125651041666666e-05,0,1
0001420777-Raw01-f_00005.jpg,numeric,0001420777,01,4096,3000,1,59.12606551106771,21.517705319951475,5.389803761744718,141.73593139648438,18.651458740234375,4.0,1.953125e-06,3.4993489583333333e-06,1,0
0001420777-Raw01-f_00010.jpg,numeric,0001420777,01,4096,3000,1,56.90998543294271,22.405527849636048,5.645988250915675,100.27312469482422,16.670320510864258,4.0,1.0498046875e-05,1.1067708333333334e-05,0,1
0001420780-Raw00-f_00010.jpg,numeric,0001420780,00,4096,3000,1,68.82045467122396,41.34425501488667,7.542145613918365,79.98418426513672,17.107954025268555,4.0,0.235751953125,4.1341145833333334e-05,1,0
0001420780-Raw02-f_00005.jpg,numeric,0001420780,02,4096,3000,1,79.2206905110677,38.584602762715186,7.346213747024349,118.82185363769531,20.44355583190918,4.0,1.7903645833333333e-06,4.6142578125e-05,0,1
0001420781-Raw00-f_00004.jpg,numeric,0001420781,00,4096,3000,1,66.30983911132813,38.846492486257475,5.615785147851984,59.619110107421875,13.500829696655273,3.0,0.216004150390625,0.00011360677083333333,2,0
0001420781-Raw01-f_00002.jpg,numeric,0001420781,01,4096,3000,1,50.86403670247396,17.082719558669147,4.410279237471354,47.900634765625,12.841899871826172,3.0,3.7353515625e-05,1.3020833333333333e-06,0,1
0001420781-Raw01-f_00009.jpg,numeric,0001420781,01,4096,3000,1,95.56935310872396,19.25113018470599,7.813821352644677,311.8985290527344,31.061765670776367,10.0,0.0,0.00027579752604166665,3,0
0001420781-Raw01-f_00010.jpg,numeric,0001420781,01,4096,3000,1,84.43699593098958,32.6822764466612,7.599120060266528,324.7574157714844,28.849348068237305,8.0,0.09552498372395833,0.0007599283854166667,0,1
0001420781-Raw02-f_00007.jpg,numeric,0001420781,02,4096,3000,1,93.20462972005208,33.677722238116466,7.117275860716211,226.2510986328125,25.02535629272461,7.0,0.0,0.00012581380208333333,0,1
0001420781-Raw02-f_00009.jpg,numeric,0001420781,02,4096,3000,1,93.81576928710938,34.47742231457911,8.290355864589227,270.6332092285156,27.55828094482422,7.0,0.0,0.00014680989583333335,3,0
0001420782-Raw01-f_00001.jpg,numeric,0001420782,01,4096,3000,1,86.10055078125,63.96468297573451,11.735185683441095,758.8329467773438,43.782386779785156,9.0,0.29821085611979165,0.00340869140625,0,1
0001420782-Raw01-f_00005.jpg,numeric,0001420782,01,4096,3000,1,94.9056952311198,18.647851126775283,6.602089987844394,184.8629150390625,22.349483489990234,7.0,0.0,0.000275634765625,0,1
0001420782-Raw02-f_00002.jpg,numeric,0001420782,02,4096,3000,1,96.97687516276042,35.10512444008914,7.237247185627099,232.5159149169922,23.965620040893555,7.0,0.0,8.10546875e-05,0,1
0001420833-Raw01-f_00003.jpg,numeric,0001420833,01,4096,3000,1,81.61905639648438,11.355816028397529,3.5840431770656673,72.31871032714844,13.520627975463867,5.0,1.1474609375e-05,2.44140625e-07,1,0
0001420833-Raw01-f_00014.jpg,numeric,0001420833,01,4096,3000,1,62.973568522135416,36.788328213145576,4.272986635235416,142.74232482910156,16.277952194213867,5.0,0.24071549479166668,7.902018229166666e-05,0,1
0001421035-Raw02-f_00001.jpg,numeric,0001421035,02,4096,3000,1,46.57228385416666,17.995622315034392,3.232045076250727,113.19132995605469,14.0411376953125,4.0,0.09991853841145833,1.3102213541666667e-05,7,0
0001421035-Raw03-f_00008.jpg,numeric,0001421035,03,4096,3000,1,48.32364998372396,29.346864201004088,2.908528588454218,77.2945327758789,10.24372673034668,3.0,0.2775626627604167,5.696614583333334e-07,5,0
0001422550-Raw01-f_00010.jpg,numeric,0001422550,01,4096,3000,1,68.09705509440104,8.549392738512063,2.729118119316965,35.16283416748047,9.150182723999023,4.0,2.848307291666667e-06,0.0,1,0
0001422620-Raw00-f_00002.jpg,numeric,0001422620,00,4096,3000,1,53.679204996744794,28.36108120997098,3.617614748765323,79.73766326904297,12.820196151733398,4.0,0.217355712890625,0.0,0,1
0001422620-Raw00-f_00004.jpg,numeric,0001422620,00,4096,3000,1,53.54025366210937,28.532302088250546,3.2890486711085067,76.76113891601562,11.49107837677002,4.0,0.22159765625,0.0,0,1
0001422620-Raw00-f_00005.jpg,numeric,0001422620,00,4096,3000,1,52.32668180338542,28.249087614241585,3.53723519311211,86.05184173583984,12.952733039855957,5.0,0.22472664388020833,0.0,0,1
0001422620-Raw01-f_00001.jpg,numeric,0001422620,01,4096,3000,1,78.62196915690105,14.243206913691296,3.4567529734991393,126.6701889038086,14.201312065124512,7.0,0.0,9.765625e-07,0,1
0001422620-Raw01-f_00003.jpg,numeric,0001422620,01,4096,3000,1,79.23278149414062,15.281535684508182,4.1819563203321914,177.03878784179688,17.04278564453125,8.5,8.138020833333333e-08,2.1158854166666666e-06,0,1
0001422620-Raw01-f_00004.jpg,numeric,0001422620,01,4096,3000,1,78.20175545247396,15.285586538349829,4.113946271109161,183.91384887695312,17.288002014160156,9.0,1.6276041666666666e-07,1.1393229166666668e-06,0,1
0001422620-Raw01-f_00006.jpg,numeric,0001422620,01,4096,3000,1,77.9796015625,14.606851662123104,3.958518639839995,172.82469177246094,16.50616455078125,8.0,0.0,1.7903645833333333e-06,8,0
0001422620-Raw01-f_00007.jpg,numeric,0001422620,01,4096,3000,1,13.6209990234375,30.787085448206707,0.06970631708883954,113.97176361083984,5.667102336883545,0.0,0.8317013346354166,8.780924479166667e-05,5,0
0001422620-Raw02-f_00004.jpg,numeric,0001422620,02,4096,3000,1,43.781936767578124,36.229032980049354,3.169524614604167,84.24359130859375,11.529239654541016,3.0,0.37223502604166664,4.8828125e-07,0,1
0001424049-Raw00-f_00003.jpg,numeric,0001424049,00,4096,3000,1,61.23012174479167,33.2932039203702,3.5642142351963444,71.03987121582031,11.203434944152832,4.0,0.21342561848958333,1.4404296875e-05,0,1
0001424085-Raw00-f_00008.jpg,numeric,0001424085,00,4096,3000,1,56.76610734049479,30.89202628969285,3.578782782808126,59.916019439697266,10.339566230773926,4.0,0.2160654296875,2.848307291666667e-06,2,0
0001424328-Raw01-f_00007.jpg,numeric,0001424328,01,4096,3000,1,53.043451171875,14.132076364542717,4.480882086501916,176.14254760742188,17.16299819946289,7.0,6.7545572916666665e-06,1.4404296875e-05,1,0
0001424882-Raw00-f_00002.jpg,numeric,0001424882,00,4096,3000,1,39.956537190755206,20.53127603129295,2.168923404659453,38.84967803955078,7.527411937713623,3.0,0.21267887369791666,0.0,5,0
0001424882-Raw01-f_00002.jpg,numeric,0001424882,01,4096,3000,1,54.135913899739585,11.525764429033607,2.3142155230027432,68.68956756591797,8.779743194580078,5.0,2.0345052083333333e-06,0.0,5,0
0001424892-Raw01-f_00001.jpg,numeric,0001424892,01,4096,3000,1,40.36907967122396,28.792764464115006,2.7127829301750364,79.41067504882812,8.724188804626465,4.0,0.305648193359375,0.0,6,0
0001424892-Raw02-f_00002.jpg,numeric,0001424892,02,4096,3000,1,49.08394637044271,21.480710035031485,2.306663919308723,61.511173248291016,8.836127281188965,4.0,0.11913118489583334,0.0,10,0
0001426108-Raw13-f_00012.jpg,numeric,0001426108,13,4096,3000,1,17.003585693359376,10.932958942028897,1.909289256722551,17.027069091796875,5.6735358238220215,2.0,0.34409879557291667,0.0,0,1
0001427659-Raw01-f_00003.jpg,numeric,0001427659,01,4096,3000,1,66.9184189453125,7.599753518926985,2.9981879300039003,50.715030670166016,11.826408386230469,4.0,0.000376220703125,0.0,1,0
0001427659-Raw02-f_00003.jpg,numeric,0001427659,02,4096,3000,1,50.73981079101563,36.50609858346702,2.7984770377737673,39.4295539855957,9.704767227172852,2.0,0.28260310872395833,0.0,1,0
0001428303-Raw01-f_00001.jpg,numeric,0001428303,01,4096,3000,1,60.57906949869792,8.787559101051889,2.4440622157707903,49.39537048339844,9.585960388183594,4.0,1.2939453125e-05,4.069010416666667e-07,4,0
0001428303-Raw02-f_00001.jpg,numeric,0001428303,02,4096,3000,1,48.345695393880206,26.5314506547426,2.3542107546209428,36.897525787353516,8.09567928314209,3.0,0.204894287109375,4.7200520833333336e-06,13,0
0001428671-Raw13-f_00005.jpg,numeric,0001428671,13,4096,3000,1,15.025692626953125,10.44781342985661,2.7004031613849335,43.66493606567383,8.790640830993652,2.0,0.475474365234375,1.953125e-06,0,1
0001428808-Raw00-f_00006.jpg,numeric,0001428808,00,4096,3000,1,43.33536140950521,21.790101992663203,2.1001748723580285,43.59604263305664,7.528639316558838,4.0,0.21632283528645832,0.0,6,0
0001428808-Raw00-f_00009.jpg,numeric,0001428808,00,4096,3000,1,42.822310546875,21.711545819411484,2.115021007583758,43.21342849731445,7.660424709320068,4.0,0.220608154296875,0.0,8,0
0001428808-Raw01-f_00009.jpg,numeric,0001428808,01,4096,3000,1,58.295678629557294,10.131377766145178,2.262177458265663,78.54917907714844,9.113565444946289,6.0,4.069010416666667e-07,0.0,3,0
0001428810-Raw00-f_00008.jpg,numeric,0001428810,00,4096,3000,1,42.64293196614583,21.429617111864744,2.115574494720081,42.08603286743164,7.602075099945068,4.0,0.217231201171875,0.0,15,0
0001428815-Raw00-f_00011.jpg,numeric,0001428815,00,4096,3000,1,39.52552335611979,20.198063624436436,1.7585701210786837,29.978132247924805,6.322355270385742,3.0,0.22718986002604166,0.0,6,0
0001428922-Raw00-f_00012.jpg,numeric,0001428922,00,4096,3000,1,42.77085294596354,22.596442314016436,2.134193617268262,46.021759033203125,7.616832733154297,4.0,0.23181876627604167,8.138020833333333e-08,4,0
0001428922-Raw00-f_00013.jpg,numeric,0001428922,00,4096,3000,1,9.847515869140626,19.82665442995247,0.49338639790156086,25.772171020507812,4.182577610015869,1.0,0.8469119466145834,8.138020833333333e-08,1,0
0001429378-Raw01-f_00002.jpg,numeric,0001429378,01,4096,3000,1,96.95898193359375,11.438573035901612,3.25840140638725,56.36553192138672,10.912627220153809,5.0,0.0,4.8828125e-07,2,0
0001429919-Raw00-f_00001.jpg,numeric,0001429919,00,4096,3000,1,41.43654223632812,26.885849965234815,2.574769005560354,44.45758819580078,9.077783584594727,3.0,0.3043535970052083,7.731119791666667e-06,1,0
0001429919-Raw00-f_00010.jpg,numeric,0001429919,00,4096,3000,1,44.84958268229167,24.153115420040844,2.5162140732754503,41.68181228637695,8.429993629455566,3.0,0.23272281901041666,0.0,0,1
0001429919-Raw00-f_00011.jpg,numeric,0001429919,00,4096,3000,1,44.130674723307294,23.952909131015673,2.418567596782708,39.15215301513672,8.284740447998047,3.0,0.2380322265625,0.0,0,1
0001430517-Raw02-f_00004.jpg,numeric,0001430517,02,4096,3000,1,82.51931323242188,23.00735579372054,5.460414213154239,172.3905792236328,20.63970375061035,7.0,0.0,1.1393229166666668e-06,0,1
0001430517-Raw02-f_00009.jpg,numeric,0001430517,02,4096,3000,1,85.19287711588542,23.764163733296126,5.846127749393116,184.3814239501953,22.388673782348633,7.0,4.8828125e-07,3.255208333333333e-07,2,0
0001430606-Raw00-f_00005.jpg,numeric,0001430606,00,4096,3000,1,51.8073740234375,26.738569459313812,2.294764124566924,32.14985656738281,7.901177883148193,3.0,0.22066878255208333,8.138020833333333e-08,10,0
0001430606-Raw00-f_00013.jpg,numeric,0001430606,00,4096,3000,1,28.74393318684896,32.22909884491908,2.121695604739506,33.947669982910156,6.1766743659973145,2.0,0.5815189615885417,0.0,7,0
0001430606-Raw01-f_00013.jpg,numeric,0001430606,01,4096,3000,1,43.352214111328124,40.25740389074432,2.4661840293869917,56.13494873046875,6.987399578094482,1.0,0.4529810384114583,0.0,1,0
0001430617-Raw01-f_00006.jpg,numeric,0001430617,01,4096,3000,1,92.43515690104167,10.488609744380486,3.3277974079841717,60.2502326965332,12.121136665344238,5.0,0.0,7.32421875e-07,5,0
0001430618-Raw01-f_00004.jpg,numeric,0001430618,01,4096,3000,1,92.99246346028646,10.221440128547474,3.22878006900024,54.054141998291016,11.429618835449219,5.0,0.0,1.6276041666666666e-07,8,0
0001430796-Raw00-f_00012.jpg,numeric,0001430796,00,4096,3000,1,26.937777506510418,21.438329257876322,2.8881174118688087,62.51995849609375,9.935547828674316,2.0,0.400593017578125,0.000124267578125,1,0
0001430797-Raw11-f_00008.jpg,numeric,0001430797,11,4096,3000,1,9.060810221354167,4.666877521627785,1.0137383885934532,6.108988285064697,3.5368454456329346,1.0,0.9407156575520833,0.0,0,1
0001430834-Raw00-f_00012.jpg,numeric,0001430834,00,4096,3000,1,19.057112955729167,19.690548779930417,3.377536191606481,67.86734771728516,9.974358558654785,2.0,0.520994873046875,6.339518229166666e-05,1,0
0001430834-Raw02-f_00005.jpg,numeric,0001430834,02,4096,3000,1,41.6068681640625,24.77305437846691,3.745049465558333,133.00985717773438,16.05853271484375,5.0,0.09460530598958333,1.4567057291666667e-05,0,1
0001432069-Raw03-f_00003.jpg,numeric,0001432069,03,4096,3000,1,57.445609944661456,38.51997515439304,2.983239040846296,67.71184539794922,10.297048568725586,3.0,0.30241715494791666,1.9694010416666666e-05,1,0
0001432070-Raw01-f_00001.jpg,numeric,0001432070,01,4096,3000,1,50.596688232421876,23.151737309502554,2.165713693566722,41.99835968017578,7.668132781982422,4.0,0.151802734375,1.6276041666666666e-07,7,0
0001432313-Raw01-f_00001.jpg,numeric,0001432313,01,4096,3000,1,51.23766251627604,27.402768821840393,2.44183491034494,55.65770721435547,8.524680137634277,4.0,0.20380745442708334,0.0,3,0
0001432626-Raw00-f_00002.jpg,numeric,0001432626,00,4096,3000,1,41.91717268880208,20.58757038482351,1.8145874464457854,20.42561912536621,6.647685527801514,3.0,0.210779541015625,0.0,3,0
0001432626-Raw01-f_00002.jpg,numeric,0001432626,01,4096,3000,1,57.138529622395836,7.523865315767733,1.8042578130469509,28.37542724609375,6.967106342315674,3.0,3.4993489583333333e-06,0.0,7,0
0001432626-Raw03-f_00004.jpg,numeric,0001432626,03,4096,3000,1,35.73675594075521,33.59776443567394,2.169655853768937,30.568500518798828,7.195258617401123,2.0,0.4895611979166667,0.0,0,1
0001432632-Raw02-f_00005.jpg,numeric,0001432632,02,4096,3000,1,50.64730843098958,8.22877537891125,1.6560349489638175,22.738948822021484,5.951106071472168,3.0,6.34765625e-06,0.0,8,0
0001432633-Raw00-f_00002.jpg,numeric,0001432633,00,4096,3000,1,40.26661140950521,19.784380182341337,1.707925905924035,18.30886459350586,6.325990676879883,3.0,0.2146396484375,0.0,3,0
0001432633-Raw01-f_00001.jpg,numeric,0001432633,01,4096,3000,1,53.60055493164062,6.797767544461581,1.5644647266289406,21.476749420166016,5.818696022033691,3.0,1.1393229166666668e-06,0.0,2,0
0001432633-Raw01-f_00008.jpg,numeric,0001432633,01,4096,3000,1,54.664865641276045,7.094567143924262,1.647058265480535,25.870622634887695,6.363822937011719,3.0,0.0,0.0,0,1
0001432633-Raw02-f_00000.jpg,numeric,0001432633,02,4096,3000,1,27.79553702799479,26.681534010415103,1.465152762448541,14.813313484191895,4.079787731170654,0.0,0.46800325520833336,0.0,0,1
0001432633-Raw02-f_00002.jpg,numeric,0001432633,02,4096,3000,1,51.17676326497396,8.39052164423336,1.7091968173304353,22.831787109375,6.049434661865234,3.0,9.358723958333333e-06,0.0,8,0
0001432633-Raw02-f_00003.jpg,numeric,0001432633,02,4096,3000,1,51.71605135091146,8.55184294624913,1.654995986647089,24.837392807006836,6.0922465324401855,3.0,0.0,0.0,1,0
0001433039-Raw00-f_00006.jpg,numeric,0001433039,00,4096,3000,1,40.00070735677083,21.99952867010286,3.1010431194706545,38.9896240234375,10.481213569641113,3.0,0.23287019856770833,1.6031901041666666e-05,0,1
0001433206-Raw01-f_00003.jpg,numeric,0001433206,01,4096,3000,1,69.96279516601562,11.117218676587346,2.1856630465202596,45.753074645996094,8.005206108093262,4.0,7.32421875e-07,8.138020833333333e-08,0,1
0001433206-Raw01-f_00004.jpg,numeric,0001433206,01,4096,3000,1,71.09661702473959,11.396776557396775,2.2983816291522388,48.86957931518555,8.252331733703613,5.0,8.138020833333334e-07,3.255208333333333e-07,0,1
0001433380-Raw02-f_00003.jpg,numeric,0001433380,02,4096,3000,1,30.839387776692707,21.219991848620502,1.5618757536814774,44.266090393066406,6.447860240936279,2.0,0.16448543294270834,1.1800130208333333e-05,0,1
0001441823-Raw00-f_00001.jpg,numeric,0001441823,00,4096,3000,1,47.990667724609374,27.085178446996526,2.860451175197037,56.379295349121094,8.730713844299316,4.0,0.215719482421875,1.0579427083333333e-06,0,1
0001441823-Raw00-f_00002.jpg,numeric,0001441823,00,4096,3000,1,48.62655818684896,28.356784307481313,2.99197009208641,70.2217788696289,9.587847709655762,4.0,0.21931429036458333,0.0,0,1
0001441823-Raw00-f_00004.jpg,numeric,0001441823,00,4096,3000,1,47.197594319661455,27.00388975749545,2.9444368694390266,78.32174682617188,9.498367309570312,4.0,0.22085953776041667,8.138020833333333e-08,0,1
0001441823-Raw01-f_00002.jpg,numeric,0001441823,01,4096,3000,1,84.78036458333334,21.206075279818506,4.085570668685159,210.6554412841797,15.264449119567871,9.0,4.622395833333333e-05,1.5787760416666666e-05,3,0
0001441823-Raw02-f_00001.jpg,numeric,0001441823,02,4096,3000,1,70.59420638020833,33.11711836257798,4.317546350740599,179.5427703857422,17.844741821289062,6.0,0.11405362955729166,4.443359375e-05,0,1
0001441823-Raw02-f_00003.jpg,numeric,0001441823,02,4096,3000,1,69.77870458984376,32.1915466563491,5.1501738004645965,246.16854858398438,20.653892517089844,7.0,0.10912736002604166,1.2125651041666666e-05,3,0
0001441823-Raw02-f_00007.jpg,numeric,0001441823,02,4096,3000,1,66.07094140625,29.62235750508941,8.12156769993642,250.75950622558594,22.769672393798828,7.0,0.103080810546875,6.429036458333333e-06,5,0
0001441823-Raw02-f_00010.jpg,numeric,0001441823,02,4096,3000,1,50.35347517903646,36.92317686035718,3.9735119350919965,198.05018615722656,16.364482879638672,4.0,0.303284912109375,3.4993489583333333e-06,11,0
0001441823-Raw12-f_00000.jpg,numeric,0001441823,12,4096,3000,1,14.660854248046874,21.977045748021382,0.38151595222379825,56.832942962646484,5.902842998504639,1.0,0.6876705729166667,1.5543619791666666e-05,0,1
0001441824-Raw01-f_00007.jpg,numeric,0001441824,01,4096,3000,1,85.87630973307292,21.766828903840477,4.766188951670177,308.9378356933594,19.799802780151367,11.0,1.6276041666666666e-07,2.0182291666666667e-05,0,1
0001441824-Raw01-f_00010.jpg,numeric,0001441824,01,4096,3000,1,86.081708984375,21.996536790385406,4.666573774520023,300.2305603027344,18.19524383544922,11.0,0.0,2.7994791666666667e-05,2,0
0001441824-Raw02-f_00004.jpg,numeric,0001441824,02,4096,3000,1,63.83967854817708,29.761353551143223,7.7751718398093885,345.0052185058594,28.720876693725586,7.0,0.10662858072916667,1.3916015625e-05,15,0
0001441824-Raw02-f_00011.jpg,numeric,0001441824,02,4096,3000,1,66.4698701985677,29.406127206633684,8.193700771712464,324.0277404785156,27.769067764282227,8.0,0.093685546875,1.7008463541666667e-05,20,0
0001441825-Raw01-f_00006.jpg,numeric,0001441825,01,4096,3000,1,81.82358170572917,21.324039461949265,4.375017903389029,291.6576232910156,18.800931930541992,11.0,0.0,1.1637369791666667e-05,4,0
0001441825-Raw01-f_00007.jpg,numeric,0001441825,01,4096,3000,1,85.90715568033855,23.082671479366592,5.24157026176017,363.06982421875,23.876131057739258,12.0,0.0,1.7415364583333333e-05,6,0
0001441825-Raw01-f_00009.jpg,numeric,0001441825,01,4096,3000,1,74.81904720052083,23.29390058065513,8.67468159141315,348.60430908203125,28.922069549560547,10.0,8.138020833333333e-08,7.32421875e-06,6,0
0001441825-Raw01-f_00010.jpg,numeric,0001441825,01,4096,3000,1,83.95500968424479,23.683418662433603,5.22079358515274,342.29461669921875,23.929485321044922,11.0,0.0,2.44140625e-05,9,0
0001441825-Raw02-f_00001.jpg,numeric,0001441825,02,4096,3000,1,60.04796712239583,28.638125975289007,7.493099671781215,267.1363220214844,24.73881721496582,6.0,0.11876383463541666,6.022135416666667e-06,15,0
0001441825-Raw02-f_00004.jpg,numeric,0001441825,02,4096,3000,1,62.0652265625,29.70857158255866,10.499380797046943,413.0645446777344,32.07276153564453,8.0,0.10980769856770833,1.7415364583333333e-05,11,0
0001441825-Raw02-f_00006.jpg,numeric,0001441825,02,4096,3000,1,58.1899931640625,26.487842593667,9.444694605514165,338.6061706542969,30.322786331176758,7.0,0.10775048828125,6.673177083333334e-06,14,0
0001441825-Raw02-f_00010.jpg,numeric,0001441825,02,4096,3000,1,59.175589029947915,26.782724292177413,12.277601494821424,400.67449951171875,35.1214485168457,7.0,0.09293050130208333,1.3916015625e-05,26,0
0001441826-Raw00-f_00004.jpg,numeric,0001441826,00,4096,3000,1,42.22561653645833,28.550212454470525,4.0581129265302565,121.0335922241211,13.79843521118164,4.0,0.22202262369791667,8.138020833333333e-08,0,1
0001441826-Raw00-f_00006.jpg,numeric,0001441826,00,4096,3000,1,40.41973030598958,27.619098398155646,4.209152422528797,120.49056243896484,14.386487007141113,3.0,0.22453963216145834,0.0,0,1
0001441826-Raw00-f_00009.jpg,numeric,0001441826,00,4096,3000,1,38.88166560872396,27.007343685350467,4.360328185142972,117.37644958496094,14.412986755371094,3.0,0.23329361979166666,0.0,5,0
0001441826-Raw01-f_00000.jpg,numeric,0001441826,01,4096,3000,1,2.9831803385416666,16.21376235355576,0.0983374677747977,26.20041847229004,2.76001238822937,0.0,0.9686647135416667,1.220703125e-06,0,1
0001441826-Raw01-f_00001.jpg,numeric,0001441826,01,4096,3000,1,84.15642944335937,24.296239068482798,5.257072608150546,272.70623779296875,19.12282371520996,10.0,4.8828125e-07,5.908203125e-05,3,0
0001441826-Raw01-f_00003.jpg,numeric,0001441826,01,4096,3000,1,80.91042016601563,23.405250387829952,5.537577269987276,321.8297424316406,24.113479614257812,11.0,1.6276041666666666e-07,1.3509114583333333e-05,5,0
0001441826-Raw01-f_00007.jpg,numeric,0001441826,01,4096,3000,1,77.62444637044271,26.103975439987234,6.511757819707535,348.74517822265625,25.395116806030273,11.0,6.0302734375e-05,1.2776692708333334e-05,7,0
0001441826-Raw01-f_00008.jpg,numeric,0001441826,01,4096,3000,1,85.0929256998698,26.35678306425017,5.847004426496566,381.84259033203125,25.809370040893555,12.0,0.0,2.8238932291666667e-05,11,0
0001441826-Raw02-f_00003.jpg,numeric,0001441826,02,4096,3000,1,57.02110774739583,26.212811652509263,9.21780026336031,332.11181640625,29.590465545654297,7.0,0.110571533203125,7.649739583333333e-06,12,0
0001441827-Raw00-f_00002.jpg,numeric,0001441827,00,4096,3000,1,32.799727783203124,20.490023590495177,6.150837806541176,107.93331146240234,15.947893142700195,3.0,0.217927978515625,8.138020833333333e-08,2,0
0001441827-Raw02-f_00005.jpg,numeric,0001441827,02,4096,3000,1,63.9403447265625,23.442619708288017,11.89640361505586,432.2689208984375,36.994693756103516,8.0,0.020488688151041667,1.318359375e-05,36,0
0001441827-Raw02-f_00010.jpg,numeric,0001441827,02,4096,3000,1,57.84313037109375,18.75916340301415,7.896084745292654,318.2769470214844,31.389619827270508,6.0,0.00608154296875,7.161458333333333e-06,56,0
0001441827-Raw03-f_00004.jpg,numeric,0001441827,03,4096,3000,1,11.307938883463542,29.888713462490813,0.2144803197515054,90.70625305175781,7.421402931213379,0.0,0.877188232421875,4.2236328125e-05,11,0
0001441827-Raw03-f_00010.jpg,numeric,0001441827,03,4096,3000,1,13.115754475911459,32.786069956755235,0.194865057403714,98.1224365234375,8.594016075134277,0.0,0.8609142252604167,8.284505208333333e-05,21,0
0001441827-Raw03-f_00011.jpg,numeric,0001441827,03,4096,3000,1,7.724547200520833,24.605715566677347,0.21137108216357317,55.96347427368164,5.244180679321289,0.0,0.9206353352864584,2.8645833333333333e-05,4,0
0001441828-Raw00-f_00001.jpg,numeric,0001441828,00,4096,3000,1,32.5549111328125,18.820379554897677,2.9350837042990205,76.88116455078125,12.357935905456543,2.0,0.21915934244791666,0.0,15,0
0001441828-Raw01-f_00002.jpg,numeric,0001441828,01,4096,3000,1,64.17238989257812,23.016174673857414,9.989161944524263,343.16680908203125,35.83922576904297,9.0,8.30078125e-06,7.649739583333333e-06,60,0
0001441828-Raw01-f_00005.jpg,numeric,0001441828,01,4096,3000,1,64.66277132161458,23.538958283915452,11.954912079407094,405.78887939453125,38.18865966796875,9.0,9.765625e-07,7.568359375e-06,48,0
0001441828-Raw01-f_00006.jpg,numeric,0001441828,01,4096,3000,1,63.63560896809896,24.93438130925809,9.057642114818876,313.0160827636719,29.146411895751953,7.0,0.0,5.859375e-06,55,0
0001441828-Raw02-f_00002.jpg,numeric,0001441828,02,4096,3000,1,58.87125089518229,20.75485392648682,8.404837866772144,359.42413330078125,34.251338958740234,7.0,0.021129964192708333,7.242838541666667e-06,73,0
0001441828-Raw02-f_00004.jpg,numeric,0001441828,02,4096,3000,1,57.135795491536456,19.253368007189973,8.021435429607884,296.1435241699219,30.696191787719727,6.0,0.0160400390625,3.743489583333333e-06,48,0
0001441828-Raw02-f_00009.jpg,numeric,0001441828,02,4096,3000,1,63.95808846028646,20.31910218061061,9.497483656391044,347.0364685058594,32.42404556274414,7.0,8.138020833333333e-08,8.138020833333333e-06,56,0
0001441828-Raw03-f_00002.jpg,numeric,0001441828,03,4096,3000,1,11.887181722005208,31.343577451777993,0.22252019162299125,94.59294128417969,8.121780395507812,0.0,0.8755579427083333,4.052734375e-05,27,0
0001441828-Raw03-f_00004.jpg,numeric,0001441828,03,4096,3000,1,12.371645345052084,31.86935911868858,0.21241158109347796,97.17821502685547,8.243288040161133,0.0,0.8698509114583334,7.259114583333333e-05,16,0
0001441828-Raw03-f_00005.jpg,numeric,0001441828,03,4096,3000,1,12.9550654296875,33.2725520068683,0.2329804259285594,106.74678802490234,8.931903839111328,0.0,0.8674137369791667,7.763671875e-05,19,0
0001441828-Raw03-f_00006.jpg,numeric,0001441828,03,4096,3000,1,13.334979166666667,33.72281272432552,0.24542943203530593,98.60857391357422,8.610154151916504,0.0,0.8639708658854167,9.293619791666666e-05,17,0
0001441828-Raw03-f_00008.jpg,numeric,0001441828,03,4096,3000,1,14.714784505208334,36.54211925430009,0.28453124816149844,123.7878646850586,10.381693840026855,0.0,0.8533763834635417,0.00037312825520833333,24,0
0001441829-Raw00-f_00002.jpg,numeric,0001441829,00,4096,3000,1,33.90778963216146,19.368243330404145,3.074810940562829,65.26593017578125,12.189299583435059,3.0,0.228290283203125,0.0,12,0
0001441829-Raw00-f_00003.jpg,numeric,0001441829,00,4096,3000,1,35.79747403971354,21.499542882504127,2.566970656881158,79.25970458984375,13.947173118591309,3.0,0.2281630859375,0.0,17,0
0001441829-Raw00-f_00006.jpg,numeric,0001441829,00,4096,3000,1,41.358785319010416,26.216209547707116,3.9435714487152396,108.46693420410156,14.130666732788086,4.0,0.22448763020833334,0.0,14,0
0001441829-Raw00-f_00010.jpg,numeric,0001441829,00,4096,3000,1,45.57687760416667,29.225639645447295,4.200082597676278,107.73751831054688,13.195914268493652,4.0,0.23121533203125,1.6276041666666666e-07,12,0
0001441829-Raw01-f_00001.jpg,numeric,0001441829,01,4096,3000,1,69.23800545247396,28.569291280450443,10.947810180367053,374.75994873046875,31.142969131469727,8.0,1.6357421875e-05,2.8564453125e-05,32,0
0001441829-Raw01-f_00002.jpg,numeric,0001441829,01,4096,3000,1,64.55922005208333,23.554318142151356,10.234401164710647,320.641357421875,31.122434616088867,8.0,4.3782552083333336e-05,8.30078125e-06,42,0
0001441829-Raw01-f_00005.jpg,numeric,0001441829,01,4096,3000,1,76.69977604166667,23.457427799318918,7.154651349693136,348.7745361328125,28.081811904907227,11.0,2.0345052083333333e-06,1.1555989583333333e-05,31,0
0001441829-Raw01-f_00006.jpg,numeric,0001441829,01,4096,3000,1,75.99154427083333,23.547337132948343,6.036166759885052,318.88787841796875,24.79535675048828,10.0,6.510416666666666e-07,1.0579427083333334e-05,43,0
0001441829-Raw01-f_00007.jpg,numeric,0001441829,01,4096,3000,1,80.76326831054688,26.621610434154046,8.068077035166072,392.5207824707031,29.2042236328125,11.0,8.951822916666667e-07,3.0110677083333334e-05,38,0
0001441829-Raw01-f_00008.jpg,numeric,0001441829,01,4096,3000,1,76.04239233398438,24.092911254776077,8.13627666353426,350.4195861816406,28.81609344482422,10.0,8.138020833333333e-08,1.3916015625e-05,35,0
0001441829-Raw01-f_00010.jpg,numeric,0001441829,01,4096,3000,1,83.9341337890625,23.370317807331883,6.4795685212451914,366.9966735839844,26.201236724853516,12.0,0.0,2.5227864583333333e-05,53,0
0001441829-Raw02-f_00000.jpg,numeric,0001441829,02,4096,3000,1,17.40942635091146,31.945176976479903,0.031234737483827102,126.67626190185547,11.557393074035645,0.0,0.743177734375,1.318359375e-05,16,0
0001441829-Raw02-f_00002.jpg,numeric,0001441829,02,4096,3000,1,57.83961840820312,20.447895268041616,9.05251358021675,298.21875,31.693038940429688,6.0,0.012535970052083333,6.7545572916666665e-06,55,0
0001441829-Raw02-f_00003.jpg,numeric,0001441829,02,4096,3000,1,58.19595751953125,20.5986430801713,8.823519300715933,301.3153381347656,30.412948608398438,6.0,0.012861897786458333,8.056640625e-06,53,0
0001441829-Raw02-f_00004.jpg,numeric,0001441829,02,4096,3000,1,60.3545,22.37388940440909,9.962231165553113,394.1623229980469,36.071659088134766,6.0,0.013949544270833333,1.1149088541666667e-05,71,0
0001441829-Raw02-f_00005.jpg,numeric,0001441829,02,4096,3000,1,60.75011385091146,21.829517888966475,9.53670815638557,339.6943359375,32.497745513916016,6.0,0.016057210286458335,1.025390625e-05,38,0
0001441829-Raw02-f_00007.jpg,numeric,0001441829,02,4096,3000,1,59.79015885416667,22.140400472150763,9.666679355183181,314.2105712890625,30.972248077392578,5.0,0.018523193359375,7.486979166666666e-06,39,0
0001441829-Raw02-f_00009.jpg,numeric,0001441829,02,4096,3000,1,61.3300283203125,21.59828143992137,9.082937592286557,298.2301940917969,30.140901565551758,6.0,0.014747639973958334,1.220703125e-05,63,0
0001441829-Raw02-f_00010.jpg,numeric,0001441829,02,4096,3000,1,65.29835392252605,22.798614680994532,10.682990741116004,360.8747863769531,33.88384246826172,6.0,0.009656494140625,1.9856770833333332e-05,81,0
0001441829-Raw02-f_00011.jpg,numeric,0001441829,02,4096,3000,1,67.1848885904948,24.09823595792801,10.040664668555316,290.5179748535156,28.745872497558594,6.0,0.028025716145833334,1.0660807291666667e-05,38,0
0001441829-Raw03-f_00000.jpg,numeric,0001441829,03,4096,3000,1,4.7415515950520835,21.988352185437506,0.16588632372773335,42.8641471862793,3.6367952823638916,0.0,0.9658382161458333,0.000865234375,9,0
0001441829-Raw03-f_00002.jpg,numeric,0001441829,03,4096,3000,1,13.360311686197917,34.250551910668605,0.194897274987408,88.54850769042969,8.970638275146484,0.0,0.8668868001302084,0.00014192708333333334,22,0
0001441829-Raw03-f_00004.jpg,numeric,0001441829,03,4096,3000,1,13.964693522135416,35.97170557201746,0.20385192994140633,83.05071258544922,8.363327980041504,0.0,0.8688077799479167,0.00013932291666666666,10,0
0001441829-Raw03-f_00005.jpg,numeric,0001441829,03,4096,3000,1,14.40647900390625,37.320487516795126,0.19140375875292023,91.63186645507812,8.580981254577637,0.0,0.8699560546875,0.000332275390625,15,0
0001441829-Raw03-f_00008.jpg,numeric,0001441829,03,4096,3000,1,14.586861165364583,37.711709920978045,0.20057129328237588,97.36726379394531,8.156208038330078,0.0,0.871788818359375,0.00021956380208333333,19,0
0001441829-Raw03-f_00010.jpg,numeric,0001441829,03,4096,3000,1,15.951053304036458,40.24606006053368,0.24618097817113072,99.50914764404297,9.024300575256348,0.0,0.8637556966145833,0.000431396484375,17,0
0001441829-Raw03-f_00011.jpg,numeric,0001441829,03,4096,3000,1,14.765237630208333,36.18368503758651,0.232867173137352,69.90699005126953,7.586106300354004,0.0,0.8596392415364583,9.3505859375e-05,14,0
0001441830-Raw00-f_00001.jpg,numeric,0001441830,00,4096,3000,1,47.95254524739583,29.39477251769042,3.728432828410419,93.36881256103516,12.231101989746094,4.0,0.22159090169270834,0.0,5,0
0001441830-Raw00-f_00002.jpg,numeric,0001441830,00,4096,3000,1,51.35268798828125,31.315264390896047,3.838825103252468,114.3176040649414,12.253418922424316,5.0,0.2317275390625,1.1393229166666668e-06,7,0
0001441830-Raw00-f_00003.jpg,numeric,0001441830,00,4096,3000,1,43.297663492838545,27.055560167542954,2.9363261108760317,75.09571075439453,9.183363914489746,4.0,0.24265299479166666,0.0,3,0
0001441830-Raw01-f_00002.jpg,numeric,0001441830,01,4096,3000,1,86.11247151692709,22.492362565060613,4.533841606707721,244.43170166015625,16.753246307373047,10.0,6.34765625e-06,1.3753255208333333e-05,10,0
0001441830-Raw01-f_00003.jpg,numeric,0001441830,01,4096,3000,1,81.60088793945313,22.66333330025883,4.510752015117566,278.41778564453125,16.718647003173828,11.0,4.638671875e-06,1.595052083333333e-05,11,0
0001441830-Raw01-f_00004.jpg,numeric,0001441830,01,4096,3000,1,87.98431127929688,23.171596449918386,4.856284604722951,314.8039245605469,18.200347900390625,11.0,1.0579427083333333e-06,1.66015625e-05,4,0
0001441830-Raw01-f_00005.jpg,numeric,0001441830,01,4096,3000,1,85.40056819661459,23.51535859212475,4.649925358373215,308.1804504394531,17.94413185119629,11.0,1.6276041666666668e-06,1.2776692708333334e-05,8,0
0001441830-Raw01-f_00007.jpg,numeric,0001441830,01,4096,3000,1,85.63113151041667,23.363227681916726,4.635439078442215,281.3963317871094,16.80191421508789,11.0,3.255208333333333e-07,2.099609375e-05,2,0
0001441830-Raw01-f_00008.jpg,numeric,0001441830,01,4096,3000,1,86.25513484700521,22.428418496600955,4.527748018912327,286.52886962890625,17.13521957397461,11.0,8.138020833333333e-08,1.0904947916666667e-05,5,0
0001441830-Raw02-f_00001.jpg,numeric,0001441830,02,4096,3000,1,75.53238940429688,29.21239000938818,12.513402124942651,411.50445556640625,36.306095123291016,9.0,0.018188232421875,0.00010831705729166666,60,0
0001441830-Raw02-f_00002.jpg,numeric,0001441830,02,4096,3000,1,88.03449763997396,29.07170207588932,6.5032409972740695,392.9932556152344,27.52287483215332,11.0,0.007310791015625,0.000204345703125,27,0
0001441830-Raw02-f_00003.jpg,numeric,0001441830,02,4096,3000,1,87.98162052408854,27.460083471266113,5.785374660279755,403.3375549316406,23.75121307373047,12.0,0.00021842447916666668,0.00018855794270833333,22,0
0001441830-Raw03-f_00001.jpg,numeric,0001441830,03,4096,3000,1,14.998350423177083,39.05851366801709,0.23206730469110826,93.79110717773438,8.264981269836426,0.0,0.8740314127604166,0.000771484375,18,0
0001441830-Raw03-f_00003.jpg,numeric,0001441830,03,4096,3000,1,18.985651611328127,45.18289331599228,0.2357212971960796,98.06702423095703,7.62900972366333,0.0,0.8515585123697916,0.0016302083333333333,4,0
0001441830-Raw03-f_00008.jpg,numeric,0001441830,03,4096,3000,1,26.899017740885416,51.42236322325974,0.39302013320021423,112.01417541503906,8.367713928222656,0.0,0.7846075846354167,0.0010020345052083332,3,0
0001441830-Raw03-f_00009.jpg,numeric,0001441830,03,4096,3000,1,30.03069775390625,54.48184405295885,0.4449216527104989,140.38169860839844,9.05218505859375,0.0,0.7641848958333334,0.001616455078125,2,0
0001469108_Raw02_f_00001.jpg,numeric,0001469108,02,4096,3000,1,73.43342277018229,40.87890385670651,5.600814271552274,248.3045196533203,21.28801918029785,5.0,0.12592952473958333,0.0011830240885416666,0,1
0001469108_Raw13_f_00012.jpg,numeric,0001469108,13,4096,3000,1,61.16576928710938,40.758399246860776,6.548068989260852,94.50204467773438,17.504003524780273,4.0,0.2739423828125,1.8717447916666666e-06,0,1
0001469133_Raw02_f_00002.jpg,numeric,0001469133,02,4096,3000,1,87.57309399414062,22.907245502806173,2.8307888683288773,39.635440826416016,8.272915840148926,4.0,8.138020833333333e-08,0.0,0,1
0001469133_Raw02_f_00003.jpg,numeric,0001469133,02,4096,3000,1,88.50737849934896,23.59912866915141,2.810019350393916,40.88960266113281,8.288847923278809,4.0,9.765625e-06,4.069010416666667e-07,0,1
0001469133_Raw11_f_00006.jpg,numeric,0001469133,11,4096,3000,1,35.044059326171876,10.365942893596484,1.382400197326326,16.267431259155273,5.525262355804443,2.0,0.007765787760416667,0.0,0,1
0001469133_Raw12_f_00005.jpg,numeric,0001469133,12,4096,3000,1,61.892868001302084,25.69616876069941,3.8104717116107105,49.56782913208008,11.153434753417969,4.0,9.488932291666667e-05,5.696614583333334e-07,0,1
0001469133_Raw13_f_00008.jpg,numeric,0001469133,13,4096,3000,1,66.23773990885417,41.82906137371846,5.270330245660622,104.98685455322266,16.131126403808594,4.0,0.27679833984375,6.241861979166666e-05,0,1
0001469133_Raw13_f_00009.jpg,numeric,0001469133,13,4096,3000,1,61.826740152994795,39.623007419258805,4.995865660936529,74.99803924560547,15.143678665161133,3.0,0.28115608723958335,2.6204427083333334e-05,0,1
0001469138_Raw00_f_00004.jpg,numeric,0001469138,00,4096,3000,1,66.04484602864584,34.828797815755074,3.0484073493114066,33.587162017822266,8.360806465148926,3.0,0.21428792317708334,6.266276041666667e-06,0,1
0001469138_Raw02_f_00006.jpg,numeric,0001469138,02,4096,3000,1,89.12611857096354,24.007015653088732,2.9587437509245658,49.122005462646484,8.733224868774414,4.0,0.0,4.8828125e-07,1,0
0001469138_Raw13_f_00007.jpg,numeric,0001469138,13,4096,3000,1,70.70224723307291,44.56762707578324,4.3278764304263255,79.67825317382812,13.666379928588867,4.0,0.26646744791666666,2.5227864583333333e-05,0,1
0001469147_Raw10_f_00001.jpg,numeric,0001469147,10,4096,3000,1,12.803757080078125,14.234708410460453,2.2269864979327574,40.59562683105469,7.9802703857421875,2.0,0.6334459635416667,8.138020833333333e-08,0,1
0001469147_Raw10_f_00008.jpg,numeric,0001469147,10,4096,3000,1,14.977187906901042,13.41213577706955,1.5780672680479957,16.643327713012695,5.458186626434326,2.0,0.497576904296875,1.6276041666666666e-07,0,1
0001469147_Raw11_f_00010.jpg,numeric,0001469147,11,4096,3000,1,29.278525065104166,9.12307983823025,2.220488380224758,26.47753143310547,8.340361595153809,3.0,0.053472249348958334,8.138020833333333e-08,0,1
0001469147_Raw13_f_00003.jpg,numeric,0001469147,13,4096,3000,1,41.143722981770836,27.512556658374958,5.480031020197327,117.79944610595703,16.19326400756836,4.0,0.27301416015625,5.354817708333333e-05,0,1
0001469158_Raw02_f_00011.jpg,numeric,0001469158,02,4096,3000,1,111.38553621419271,30.762968115683037,3.65980915940502,74.5184555053711,10.65955924987793,5.0,0.0,5.696614583333334e-06,1,0
0001469239_Raw01_f_00000.jpg,numeric,0001469239,01,4096,3000,1,28.826255126953125,48.520228260290374,0.05404724258602231,67.94239807128906,6.059420585632324,0.0,0.7334225260416667,2.0182291666666667e-05,0,1
0001469239_Raw13_f_00006.jpg,numeric,0001469239,13,4096,3000,1,61.28192667643229,41.8344216424975,4.72833021465174,115.4700927734375,13.942886352539062,4.0,0.29510001627604165,8.837890625e-05,0,1
0001469242_Raw01_f_00002.jpg,numeric,0001469242,01,4096,3000,1,77.24212377929688,12.165986729011049,2.397948528740868,47.78738021850586,8.574535369873047,5.0,0.0,8.138020833333333e-08,0,1
0001469242_Raw01_f_00003.jpg,numeric,0001469242,01,4096,3000,1,76.61576595052084,11.941581330941986,2.3664125917341803,50.09495162963867,8.67421817779541,5.0,0.0,0.0,0,1
0001469242_Raw01_f_00006.jpg,numeric,0001469242,01,4096,3000,1,76.24051611328125,11.798716004825838,2.3472440314231005,49.68627166748047,8.68797492980957,5.0,0.0,0.0,0,1
0001469242_Raw01_f_00010.jpg,numeric,0001469242,01,4096,3000,1,76.11509407552083,11.580896581263282,2.246362048294996,46.53525161743164,8.452225685119629,4.0,0.0,0.0,0,1
0001469332_Raw02_f_00001.jpg,numeric,0001469332,02,4096,3000,1,52.44220865885416,27.140510506464558,5.192046574864753,101.4626235961914,17.24606704711914,5.0,0.126021484375,7.438151041666666e-05,0,1
0001469332_Raw13_f_00004.jpg,numeric,0001469332,13,4096,3000,1,30.3336513671875,19.43774797221425,3.4803272910824843,112.12586212158203,11.894256591796875,3.0,0.27053621419270835,0.00030143229166666665,0,1
0001469690_Raw00_f_00001.jpg,numeric,0001469690,00,4096,3000,1,47.523452311197914,44.96160831698571,7.214544109194381,239.079833984375,21.086915969848633,4.0,0.43641276041666666,0.000749755859375,1,0
0001469690_Raw01_f_00004.jpg,numeric,0001469690,01,4096,3000,1,57.00326489257812,18.746028793897874,4.720605482625496,225.55532836914062,19.429824829101562,9.0,5.208333333333334e-05,6.331380208333334e-05,1,0
0001469693_Raw02_f_00000.jpg,numeric,0001469693,02,4096,3000,1,24.53684187825521,39.61820459731294,0.0,51.1335563659668,6.578129768371582,0.0,0.68822021484375,1.6357421875e-05,0,1
0001469693_Raw02_f_00001.jpg,numeric,0001469693,02,4096,3000,1,64.3723671875,31.679843293419903,3.3833262270964255,62.20351028442383,11.416934967041016,4.0,0.10958634440104166,5.289713541666667e-06,1,0
0001469693_Raw10_f_00003.jpg,numeric,0001469693,10,4096,3000,1,4.221673746744791,6.579188699974633,0.29487889254772026,10.172099113464355,2.6006417274475098,0.0,0.9079280598958334,6.510416666666666e-07,1,0
0001469693_Raw13_f_00002.jpg,numeric,0001469693,13,4096,3000,1,28.31416162109375,18.174765486524294,3.862376516970782,88.00968933105469,12.374236106872559,3.0,0.27184033203125,0.00016959635416666666,0,1
0001469694_Raw13_f_00002.jpg,numeric,0001469694,13,4096,3000,1,29.43179532877604,21.1056232705207,3.527478561047563,68.3535385131836,9.96816635131836,2.0,0.3162753092447917,0.00015494791666666668,0,1
0001469702_Raw10_f_00005.jpg,numeric,0001469702,10,4096,3000,1,5.560136311848958,7.546819131369283,0.47615523549964467,11.75306224822998,3.573002815246582,1.0,0.8607955729166666,5.696614583333334e-07,1,0
0001469702_Raw11_f_00007.jpg,numeric,0001469702,11,4096,3000,1,19.091303873697917,7.658560622576473,1.4679432687723875,25.239213943481445,5.908267021179199,3.0,0.2968318684895833,2.7669270833333335e-06,0,1
0001469704_Raw02_f_00001.jpg,numeric,0001469704,02,4096,3000,1,50.893107096354164,37.81143069270902,4.818006266808512,107.7247085571289,17.088918685913086,3.0,0.2735283203125,7.731119791666667e-06,0,1
0001469704_Raw12_f_00004.jpg,numeric,0001469704,12,4096,3000,1,34.20449894205729,10.515117810193804,1.9665918089786745,13.972457885742188,5.6971354484558105,2.0,0.040849609375,8.138020833333333e-08,0,1
0001469708_Raw02_f_00004.jpg,numeric,0001469708,02,4096,3000,1,55.68307503255208,37.57044357523621,2.3537685616686126,40.63481903076172,8.570721626281738,2.0,0.262794189453125,1.8717447916666666e-06,0,1
0001469711_Raw00_f_00001.jpg,numeric,0001469711,00,4096,3000,1,50.67786515299479,27.227378019643947,2.9926720754034566,35.780235290527344,9.115403175354004,3.0,0.2095068359375,1.0904947916666667e-05,0,1
0001469711_Raw00_f_00005.jpg,numeric,0001469711,00,4096,3000,1,48.04583284505208,26.365798940623776,2.6677944179800184,27.93071937561035,8.647943496704102,3.0,0.22552872721354167,4.8828125e-07,0,1
0001469711_Raw02_f_00001.jpg,numeric,0001469711,02,4096,3000,1,50.49562736002604,34.81021549703955,2.652762877696465,35.289371490478516,8.071066856384277,2.0,0.270258056640625,3.824869791666666e-06,0,1
0001469713_Raw02_f_00005.jpg,numeric,0001469713,02,4096,3000,1,49.075404459635415,32.626609345895176,2.0543436477493975,29.48259162902832,7.189043045043945,2.0,0.25590673828125,3.255208333333333e-07,1,0
0001469714_Raw00_f_00001.jpg,numeric,0001469714,00,4096,3000,1,50.07267569986979,26.01002908529785,2.7785282335004737,33.70328903198242,8.942599296569824,3.0,0.20913956705729167,3.4993489583333333e-06,1,0
0001469714_Raw00_f_00004.jpg,numeric,0001469714,00,4096,3000,1,50.04035766601562,26.771157154476043,2.6447782357762,31.136133193969727,8.528658866882324,3.0,0.226083251953125,1.8717447916666666e-06,1,0
0001469714_Raw12_f_00000.jpg,numeric,0001469714,12,4096,3000,1,7.59666455078125,13.311834614182656,0.32033381796066396,36.384254455566406,4.883020401000977,0.0,0.7935057779947917,2.8401692708333333e-05,0,1
0001469714_Raw13_f_00004.jpg,numeric,0001469714,13,4096,3000,1,40.274974446614586,27.497172393532544,3.8437296526616347,68.19804382324219,11.576471328735352,3.0,0.2791248372395833,1.6194661458333332e-05,0,1
0001469716_Raw00_f_00002.jpg,numeric,0001469716,00,4096,3000,1,49.788851399739585,26.625450173333594,3.135892720671641,33.40802764892578,9.372130393981934,3.0,0.22616414388020833,1.07421875e-05,1,0
0001469717_Raw02_f_00001.jpg,numeric,0001469717,02,4096,3000,1,63.90611303710938,22.24481189368579,3.205398396077835,46.98041534423828,11.056868553161621,3.0,0.023394938151041666,6.34765625e-06,0,1
0001469717_Raw13_f_00002.jpg,numeric,0001469717,13,4096,3000,1,24.382006103515625,16.054912867405275,2.8722560507650856,44.91926193237305,8.282313346862793,2.0,0.3086864420572917,0.00010107421875,0,1
0001469719_Raw12_f_00004.jpg,numeric,0001469719,12,4096,3000,1,28.92439851888021,9.177125643869665,1.7439256787872064,20.496212005615234,5.967331409454346,3.0,0.04888948567708333,9.765625e-07,0,1
0001469723_Raw11_f_00005.jpg,numeric,0001469723,11,4096,3000,1,16.017130533854168,5.872283877507892,1.5253579625757,14.63502311706543,5.150876522064209,2.0,0.48704361979166666,4.39453125e-06,0,1
0001469725_Raw02_f_00000.jpg,numeric,0001469725,02,4096,3000,1,40.067426513671876,45.262371209749766,0.0,84.31464385986328,10.853596687316895,0.0,0.5230263671875,3.7841796875e-05,0,1
0001469726_Raw01_f_00002.jpg,numeric,0001469726,01,4096,3000,1,68.75501106770834,14.00361591673261,3.7875228274604353,130.72059631347656,15.82247543334961,5.0,0.0,4.2154947916666666e-05,0,1
0001469726_Raw13_f_00003.jpg,numeric,0001469726,13,4096,3000,1,28.7886669921875,19.46010807513687,3.607413927235976,88.8868408203125,10.990803718566895,3.0,0.27226163736979164,0.00024129231770833332,0,1
0001469730_Raw01_f_00005.jpg,numeric,0001469730,01,4096,3000,1,61.877845133463545,10.782620360453672,2.022016310536209,41.911251068115234,7.935885906219482,4.0,0.0,6.103515625e-06,1,0
0001469730_Raw02_f_00005.jpg,numeric,0001469730,02,4096,3000,1,66.07493139648437,18.186025099024732,2.140877697145397,44.4280891418457,7.953253269195557,4.0,1.1393229166666668e-06,7.161458333333333e-06,1,0
0001469730_Raw12_f_00004.jpg,numeric,0001469730,12,4096,3000,1,33.688638427734375,9.655654133952776,1.9543691781239114,22.68109130859375,6.731042385101318,3.0,0.011687825520833334,5.208333333333333e-06,0,1
0001469734_Raw10_f_00004.jpg,numeric,0001469734,10,4096,3000,1,5.7453929036458335,7.965109202924142,0.4434537997256287,8.641618728637695,2.95261812210083,1.0,0.8401647135416667,0.0,0,1
0001469735_Raw10_f_00004.jpg,numeric,0001469735,10,4096,3000,1,6.316396728515625,8.915992905287542,0.4713683299730397,10.867708206176758,3.099170207977295,1.0,0.808907958984375,1.953125e-06,0,1
0001469736_Raw00_f_00001.jpg,numeric,0001469736,00,4096,3000,1,63.17207267252604,33.12952739249275,3.4777456542774985,53.852508544921875,10.247611999511719,4.0,0.20765926106770832,4.58984375e-05,0,1
0001469740_Raw13_f_00006.jpg,numeric,0001469740,13,4096,3000,1,31.918978190104166,19.536487603999284,4.529215473842093,65.9021224975586,12.270692825317383,3.0,0.27168839518229165,3.4342447916666666e-05,1,0
0001469741_Raw00_f_00002.jpg,numeric,0001469741,00,4096,3000,1,45.50485587565104,27.558777571077762,10.913133012442,316.1207580566406,33.019615173339844,8.0,0.207826171875,9.9853515625e-05,0,1
0001469741_Raw02_f_00008.jpg,numeric,0001469741,02,4096,3000,1,39.74807389322917,24.188805080284315,7.980112679021456,241.47125244140625,24.482866287231445,6.0,0.18225569661458332,1.2369791666666666e-05,1,0
0001469741_Raw11_f_00003.jpg,numeric,0001469741,11,4096,3000,1,15.346541341145834,9.459215931168433,1.7517666938205356,12.75366497039795,4.973734378814697,2.0,0.4360621744791667,6.510416666666666e-07,0,1
0001469753_Raw13_f_00004.jpg,numeric,0001469753,13,4096,3000,1,26.417538248697916,15.925932051632588,2.6140079523772934,27.07298469543457,7.563104629516602,2.0,0.274027587890625,6.917317708333333e-06,0,1
0001469758_Raw01_f_00004.jpg,numeric,0001469758,01,4096,3000,1,74.16927303059896,26.558123616999477,3.1407431528431564,331.22515869140625,17.054677963256836,5.0,0.049265462239583335,0.0017439778645833334,2,0
0001469758_Raw12_f_00001.jpg,numeric,0001469758,12,4096,3000,1,23.779998128255208,23.75394782786327,2.005342333415979,77.90719604492188,8.978984832763672,2.0,0.46185774739583335,0.00019270833333333333,0,1
0001469758_Raw13_f_00004.jpg,numeric,0001469758,13,4096,3000,1,36.29636279296875,25.879849117004177,4.139090466414867,115.95178985595703,13.404397010803223,3.0,0.31083642578125,0.00014900716145833332,0,1
0001469760_Raw13_f_00001.jpg,numeric,0001469760,13,4096,3000,1,38.188832194010416,26.757478382101898,5.682032294696679,138.44461059570312,15.70551586151123,5.0,0.27567252604166664,3.6865234375e-05,0,1
0001469760_Raw13_f_00003.jpg,numeric,0001469760,13,4096,3000,1,38.806581380208335,25.799711891242346,4.544842733569407,97.53016662597656,13.295817375183105,4.0,0.270777099609375,1.1393229166666667e-05,1,0
0001469760_Raw13_f_00004.jpg,numeric,0001469760,13,4096,3000,1,43.81903898111979,28.63805785175479,4.800747515993646,99.03981018066406,13.368269920349121,4.0,0.27198429361979165,1.7496744791666668e-05,0,1
0001469760_Raw13_f_00005.jpg,numeric,0001469760,13,4096,3000,1,41.210905924479164,26.6097837725429,4.1205860072391385,90.3362045288086,12.537169456481934,4.0,0.2745142415364583,1.3264973958333333e-05,0,1
0001469761_Raw11_f_00001.jpg,numeric,0001469761,11,4096,3000,1,20.99041162109375,17.22080617231518,1.7913171331364686,41.26918411254883,6.563711643218994,2.0,0.38543440755208336,5.7210286458333334e-05,0,1
0001469761_Raw11_f_00006.jpg,numeric,0001469761,11,4096,3000,1,21.308258951822918,13.374185151604657,1.760253876817105,22.768939971923828,6.161344528198242,2.0,0.27869685872395833,8.138020833333334e-07,0,1
0001469761_Raw12_f_00003.jpg,numeric,0001469761,12,4096,3000,1,39.09880924479167,14.802340697287054,3.604185497984293,81.353759765625,12.684874534606934,5.0,0.029059733072916667,1.0986328125e-05,0,1
0001469761_Raw12_f_00005.jpg,numeric,0001469761,12,4096,3000,1,43.55194653320312,15.489601438693098,3.741253601419276,82.10206604003906,12.161406517028809,5.0,0.0029537760416666666,1.171875e-05,0,1
0001469761_Raw13_f_00005.jpg,numeric,0001469761,13,4096,3000,1,40.317901285807295,27.51012348973136,4.516122270566143,107.58143615722656,13.678567886352539,4.0,0.27237190755208335,4.679361979166667e-05,0,1
0001469761_Raw13_f_00006.jpg,numeric,0001469761,13,4096,3000,1,40.319656168619794,26.229980275681466,3.829992226600119,87.21650695800781,12.48195743560791,4.0,0.2783566080729167,3.1494140625e-05,2,0
0001469762_Raw11_f_00004.jpg,numeric,0001469762,11,4096,3000,1,22.814376383463543,14.581987414020263,1.6816396511954201,20.207786560058594,5.445065975189209,2.0,0.2748231608072917,8.138020833333333e-08,0,1
0001469762_Raw12_f_00003.jpg,numeric,0001469762,12,4096,3000,1,46.07282177734375,17.632089573585187,3.638726692931916,75.54227447509766,12.427000045776367,5.0,0.020903564453125,2.197265625e-06,0,1
0001469762_Raw12_f_00005.jpg,numeric,0001469762,12,4096,3000,1,38.53580607096354,13.759808557245721,3.0366209084175138,60.71116638183594,10.773347854614258,4.0,0.009596923828125,1.5462239583333333e-06,0,1
0001469762_Raw12_f_00006.jpg,numeric,0001469762,12,4096,3000,1,42.838227457682294,16.93707130086756,3.17356384736399,62.65575408935547,10.75870418548584,4.0,0.027093994140625,1.46484375e-06,0,1
0001469762_Raw13_f_00001.jpg,numeric,0001469762,13,4096,3000,1,33.13966569010417,39.293418105143694,1.417838967624899,110.98770904541016,11.082886695861816,2.0,0.5844361979166667,6.355794270833334e-05,0,1
0001469762_Raw13_f_00002.jpg,numeric,0001469762,13,4096,3000,1,35.51411604817709,23.533401713573927,3.769108391245191,91.55615997314453,12.789668083190918,4.0,0.27166560872395834,3.898111979166667e-05,0,1
0001469762_Raw13_f_00004.jpg,numeric,0001469762,13,4096,3000,1,37.9568759765625,25.16082004981197,3.9730088772294527,82.13128662109375,11.743906021118164,4.0,0.2713534342447917,3.987630208333333e-05,0,1
0001469762_Raw13_f_00006.jpg,numeric,0001469762,13,4096,3000,1,31.90308194986979,20.292960017610156,3.699664464974812,79.5301284790039,11.188539505004883,4.0,0.27503597005208336,3.759765625e-05,0,1
0001469763_Raw11_f_00006.jpg,numeric,0001469763,11,4096,3000,1,15.175293050130207,10.081216877120005,1.6739201654256854,19.088233947753906,5.619451999664307,2.0,0.47120808919270835,0.0,0,1
0001469763_Raw12_f_00002.jpg,numeric,0001469763,12,4096,3000,1,36.093333333333334,15.341867225442524,3.788536558128186,90.3656997680664,13.124979019165039,5.0,0.053279459635416665,3.41796875e-06,0,1
0001469763_Raw12_f_00003.jpg,numeric,0001469763,12,4096,3000,1,33.13513810221354,13.892939087614213,3.1672474988965504,68.12751770019531,11.451859474182129,5.0,0.06948209635416666,2.1158854166666666e-06,0,1
0001469763_Raw12_f_00005.jpg,numeric,0001469763,12,4096,3000,1,40.758918294270835,17.198617731573318,3.3083157806787664,70.43253326416016,11.54013442993164,5.0,0.039501383463541664,1.7333984375e-05,0,1
0001469763_Raw12_f_00006.jpg,numeric,0001469763,12,4096,3000,1,33.935381917317706,14.288146631214396,3.5032104993778166,80.70252227783203,12.774394989013672,5.0,0.06698087565104166,6.34765625e-06,0,1
0001469763_Raw13_f_00001.jpg,numeric,0001469763,13,4096,3000,1,19.827905843098957,24.024990018755265,1.3919478508301415,85.53733825683594,10.49414348602295,2.0,0.5968721516927084,3.5725911458333336e-05,0,1
0001469763_Raw13_f_00005.jpg,numeric,0001469763,13,4096,3000,1,32.811689453125,21.384395247504155,4.00461638375487,86.29331970214844,12.492340087890625,4.0,0.27615852864583335,6.8359375e-06,0,1
0001469764_Raw00_f_00000.jpg,numeric,0001469764,00,4096,3000,1,26.910280354817708,37.44265074965525,0.9211414604569605,43.69844436645508,8.232089042663574,2.0,0.6812794596354167,0.000115234375,0,1
0001469764_Raw11_f_00000.jpg,numeric,0001469764,11,4096,3000,1,7.492656087239584,10.548031384408972,0.465810279146399,27.98185920715332,4.8019585609436035,1.0,0.7723605143229166,6.0791015625e-05,0,1
0001469767_Raw12_f_00003.jpg,numeric,0001469767,12,4096,3000,1,32.44735400390625,9.934199287105042,1.9831348382008676,19.932743072509766,6.494655132293701,3.0,0.031216878255208334,8.138020833333333e-08,0,1
0001469768_Raw00_f_00001.jpg,numeric,0001469768,00,4096,3000,1,53.511648844401044,28.20006193917726,2.656075551079393,28.027103424072266,8.143139839172363,3.0,0.213320068359375,6.34765625e-06,3,0
0001469768_Raw02_f_00001.jpg,numeric,0001469768,02,4096,3000,1,52.32698299153646,31.944380677657605,2.4500000602244496,38.956275939941406,7.796694755554199,2.0,0.22378792317708332,1.3020833333333333e-06,0,1
0001469768_Raw13_f_00003.jpg,numeric,0001469768,13,4096,3000,1,29.676622721354168,18.170277410433606,2.6318796454069293,29.413711547851562,8.116246223449707,3.0,0.27492333984375,1.6276041666666666e-07,0,1
0001469769_Raw13_f_00001.jpg,numeric,0001469769,13,4096,3000,1,19.269981119791666,24.12526864271103,1.379094763077904,50.99532699584961,7.614631652832031,1.0,0.63012646484375,5.078125e-05,0,1
0001469770_Raw11_f_00000.jpg,numeric,0001469770,11,4096,3000,1,7.816798177083333,11.683586232610278,0.4343306501756675,34.14227294921875,3.7376322746276855,1.0,0.7460591634114583,0.00010782877604166666,0,1
0001469770_Raw12_f_00000.jpg,numeric,0001469770,12,4096,3000,1,13.257029215494791,16.69151816078089,0.4539372511320222,51.56037902832031,6.942423343658447,1.0,0.625578857421875,7.0556640625e-05,0,1
0001469771_Raw02_f_00003.jpg,numeric,0001469771,02,4096,3000,1,59.37490828450521,30.11868251010901,7.976272044684482,236.02821350097656,33.92353057861328,7.0,0.13931233723958333,4.069010416666667e-07,0,1
0001469772_Raw11_f_00002.jpg,numeric,0001469772,11,4096,3000,1,14.661684814453125,9.346136372029749,2.249539956935043,16.948503494262695,6.571315288543701,2.0,0.495951904296875,1.6276041666666666e-07,0,1
0001469777_Raw02_f_00001.jpg,numeric,0001469777,02,4096,3000,1,41.745632080078124,44.803848143166505,4.737659418296439,141.818359375,17.653841018676758,1.0,0.4881328938802083,1.0986328125e-05,2,0
0001469777_Raw13_f_00003.jpg,numeric,0001469777,13,4096,3000,1,31.836817220052083,21.929600380425825,5.387278692378045,90.89384460449219,15.378588676452637,3.0,0.27920068359375,7.893880208333333e-06,0,1
0001469780_Raw10_f_00003.jpg,numeric,0001469780,10,4096,3000,1,15.126771809895834,12.584499686468929,1.5279545032270216,16.401914596557617,5.7685747146606445,2.0,0.486473388671875,1.6276041666666666e-07,0,1
0001469780_Raw10_f_00005.jpg,numeric,0001469780,10,4096,3000,1,16.176233235677085,13.45569368325856,2.0593818066044403,18.796566009521484,6.08538818359375,2.0,0.465078125,0.0,0,1
0001469781_Raw10_f_00006.jpg,numeric,0001469781,10,4096,3000,1,18.678116455078126,15.33832937230709,1.3770375146208251,29.690555572509766,6.149427890777588,2.0,0.4373251139322917,7.32421875e-07,0,1
0001469782_Raw01_f_00004.jpg,numeric,0001469782,01,4096,3000,1,90.65970914713542,12.508055229532685,6.51309153528502,226.45291137695312,28.227558135986328,8.0,0.0,8.138020833333333e-08,0,1
0001469782_Raw02_f_00001.jpg,numeric,0001469782,02,4096,3000,1,72.37134293619792,35.41810560093003,6.265885656128347,182.42564392089844,24.25725555419922,7.0,0.12865714518229165,1.5706380208333335e-05,1,0
0001469782_Raw13_f_00002.jpg,numeric,0001469782,13,4096,3000,1,31.013555094401042,23.246230018182374,2.9786854661606164,44.474639892578125,9.285551071166992,2.0,0.350320068359375,9.847005208333333e-06,0,1
0001469783_Raw12_f_00026.jpg,numeric,0001469783,12,4096,3000,1,35.40898413085937,9.701064845954738,2.08345912782457,17.845138549804688,6.004674911499023,2.0,0.004663004557291667,2.197265625e-06,0,1
0001469789_Raw00_f_00001.jpg,numeric,0001469789,00,4096,3000,1,83.76475594075521,65.39005032225703,12.728216953945353,594.08642578125,30.512269973754883,5.0,0.31742643229166667,0.00286767578125,0,1
0001469789_Raw01_f_00005.jpg,numeric,0001469789,01,4096,3000,1,121.78404370117188,25.739534733117985,10.325858107667758,656.7758178710938,29.754770278930664,8.0,1.0579427083333333e-06,0.001799560546875,0,1
0001469791_Raw02_f_00001.jpg,numeric,0001469791,02,4096,3000,1,80.3891240234375,26.0321853912495,9.655453413484734,629.7731323242188,32.41701126098633,12.0,1.123046875e-05,0.00031282552083333336,2,0
0001469793_Raw00_f_00003.jpg,numeric,0001469793,00,4096,3000,1,69.98867985026041,41.21159831553972,12.475316549328017,725.6324462890625,30.91718292236328,9.0,0.20831974283854165,0.00031038411458333336,3,0
0001469793_Raw02_f_00002.jpg,numeric,0001469793,02,4096,3000,1,80.63725472005208,24.941929078980355,8.995939494046029,652.0933837890625,29.557140350341797,9.0,5.208333333333334e-05,0.00023185221354166666,4,0
0001469793_Raw11_f_00002.jpg,numeric,0001469793,11,4096,3000,1,22.662174641927084,6.999561951795709,1.631551966344181,25.04754638671875,6.341191291809082,3.0,0.14641731770833333,3.255208333333333e-07,0,1
0001469793_Raw13_f_00001.jpg,numeric,0001469793,13,4096,3000,1,39.423811686197915,25.51622588141643,4.543470321553665,133.0643310546875,14.730080604553223,4.0,0.261728515625,0.00010489908854166666,2,0
0001469798_Raw01_f_00005.jpg,numeric,0001469798,01,4096,3000,1,100.06441389973958,22.137783076766013,8.374395117335997,697.3143920898438,30.4173641204834,9.0,3.0436197916666665e-05,0.000149658203125,4,0
0001469798_Raw03_f_00000.jpg,numeric,0001469798,03,4096,3000,1,26.615806966145833,51.738291418158454,0.487099001507895,351.951416015625,13.960143089294434,0.0,0.7865109049479166,0.0010597330729166666,1,0
0001469798_Raw03_f_00001.jpg,numeric,0001469798,03,4096,3000,1,55.50220068359375,60.28292148360434,3.9051811202792046,523.7025146484375,22.715124130249023,2.0,0.529498779296875,0.0005016276041666667,2,0
0001469798_Raw13_f_00006.jpg,numeric,0001469798,13,4096,3000,1,36.635022298177084,23.959339816744873,5.68962018990578,210.5614776611328,17.84527015686035,5.0,0.2714779459635417,1.7415364583333333e-05,0,1
0001469806_Raw02_f_00003.jpg,numeric,0001469806,02,4096,3000,1,57.01468693033854,18.75507197113317,3.801479647091254,122.60940551757812,14.857287406921387,5.0,1.9449869791666666e-05,7.568359375e-06,1,0
0001469808_Raw00_f_00002.jpg,numeric,0001469808,00,4096,3000,1,65.64209920247396,41.80140911198624,5.656110815119067,219.69395446777344,16.101655960083008,5.0,0.27363289388020834,4.9479166666666665e-05,1,0
0001469809_Raw12_f_00009.jpg,numeric,0001469809,12,4096,3000,1,36.538657552083336,11.601876751969304,2.480217372794951,43.55684280395508,8.241491317749023,4.0,0.008751708984375,1.953125e-06,0,1
0001469809_Raw13_f_00004.jpg,numeric,0001469809,13,4096,3000,1,34.589317626953125,22.54053870234082,3.9765683301295423,84.82697296142578,11.748578071594238,4.0,0.287484619140625,3.5807291666666666e-06,0,1
0001469810_Raw00_f_00017.jpg,numeric,0001469810,00,4096,3000,1,58.72038020833333,33.9853366307238,5.084226922431114,229.98011779785156,16.996437072753906,6.0,0.22239827473958335,1.171875e-05,0,1
0001469810_Raw12_f_00006.jpg,numeric,0001469810,12,4096,3000,1,32.476890869140625,11.642635333313892,2.5833939451613217,46.101295471191406,9.107952117919922,4.0,0.04678816731770833,4.8828125e-07,6,0
0001469811_Raw12_f_00005.jpg,numeric,0001469811,12,4096,3000,1,31.08297314453125,12.975309901976855,2.430928999463223,45.29064178466797,8.487964630126953,4.0,0.09792757161458333,3.0110677083333333e-06,0,1
0001469814_Raw12_f_00006.jpg,numeric,0001469814,12,4096,3000,1,31.79510693359375,12.616020429123333,2.311714694574137,31.46371078491211,7.570901870727539,3.0,0.09553181966145834,4.069010416666667e-07,0,1
0001469814_Raw12_f_00007.jpg,numeric,0001469814,12,4096,3000,1,31.651140299479167,11.88616107357226,2.10914305659752,28.281949996948242,6.899796962738037,3.0,0.09197574869791666,5.696614583333334e-07,3,0
0001469815_Raw12_f_00007.jpg,numeric,0001469815,12,4096,3000,1,33.875099772135414,11.704362878102254,2.2507575791902013,29.349468231201172,7.379977226257324,3.0,0.029958577473958335,2.44140625e-07,0,1
0001469818_Raw12_f_00003.jpg,numeric,0001469818,12,4096,3000,1,31.507286946614585,8.832058376654802,2.2882054436909467,36.972076416015625,8.035916328430176,4.0,0.008867757161458333,4.8828125e-07,0,1
0001469819_Raw00_f_00001.jpg,numeric,0001469819,00,4096,3000,1,65.62645043945312,40.077406432803436,4.195593930681072,72.19866180419922,12.201221466064453,4.0,0.24481941731770834,2.1402994791666668e-05,2,0
0001469820_Raw01_f_00009.jpg,numeric,0001469820,01,4096,3000,1,84.67757104492188,14.622939739873933,3.363131232462935,93.2020034790039,12.575323104858398,6.0,0.0,8.951822916666667e-07,0,1
0001469820_Raw12_f_00018.jpg,numeric,0001469820,12,4096,3000,1,24.816689290364582,8.511351185719546,2.5745494539348206,51.908077239990234,9.733070373535156,4.0,0.12500048828125,3.255208333333333e-07,0,1
0001469821_Raw00_f_00002.jpg,numeric,0001469821,00,4096,3000,1,63.869530354817705,34.93640502932234,4.032158646485112,68.09378051757812,10.680277824401855,4.0,0.21043782552083334,3.0110677083333334e-05,0,1
0001469821_Raw12_f_00001.jpg,numeric,0001469821,12,4096,3000,1,15.727053629557291,16.811008052283487,1.8949128316366766,49.576026916503906,7.545626163482666,1.0,0.546299560546875,9.033203125e-06,0,1
0001469824_Raw00_f_00001.jpg,numeric,0001469824,00,4096,3000,1,55.57198600260417,30.05461940813813,3.453170932607673,54.03426742553711,11.121140480041504,4.0,0.20976228841145833,4.9479166666666665e-05,0,1
0001469828_Raw12_f_00001.jpg,numeric,0001469828,12,4096,3000,1,31.242945556640624,11.341881804904785,2.286900418416532,30.263301849365234,7.811933517456055,3.0,0.087051513671875,5.696614583333334e-07,0,1
0001469833_Raw12_f_00007.jpg,numeric,0001469833,12,4096,3000,1,33.057989176432294,9.381054909257001,1.9642676672999397,30.36616325378418,7.016276836395264,3.0,0.01323974609375,0.0,0,1
0001469833_Raw13_f_00007.jpg,numeric,0001469833,13,4096,3000,1,29.91710579427083,18.282689156383352,2.539205805804272,37.6328010559082,7.911632061004639,3.0,0.27085978190104165,4.8828125e-06,0,1
0001469836_Raw13_f_00004.jpg,numeric,0001469836,13,4096,3000,1,29.90691227213542,18.548197006216856,2.2669828111727224,34.961856842041016,7.630041122436523,3.0,0.27474471028645836,2.3600260416666668e-06,0,1
0001469837_Raw11_f_00002.jpg,numeric,0001469837,11,4096,3000,1,17.58523583984375,9.632147406482103,1.0689230791939046,9.889973640441895,3.9339852333068848,2.0,0.3671072591145833,0.0,0,1
0001469837_Raw12_f_00002.jpg,numeric,0001469837,12,4096,3000,1,31.904406087239582,8.643804991641744,1.9698364554537227,29.197160720825195,6.8220534324646,3.0,0.01042138671875,4.069010416666667e-07,0,1
0001469837_Raw12_f_00005.jpg,numeric,0001469837,12,4096,3000,1,31.827939208984375,9.299501746366815,1.9030806184813605,27.775150299072266,6.533017158508301,3.0,0.016387613932291666,0.0,0,1
0001469837_Raw13_f_00002.jpg,numeric,0001469837,13,4096,3000,1,32.35074829101563,19.472206073698572,2.4017690375371257,32.75061798095703,7.323486804962158,3.0,0.26735026041666665,8.544921875e-06,3,0
0001469839_Raw00_f_00000.jpg,numeric,0001469839,00,4096,3000,1,6.181939615885416,18.69912057332523,0.48172970259707415,14.652825355529785,3.9706971645355225,1.0,0.936284423828125,4.3050130208333335e-05,1,0
0001469841_Raw00_f_00001.jpg,numeric,0001469841,00,4096,3000,1,58.40673917643229,32.09022317388547,3.033851452078274,38.65520477294922,9.081226348876953,3.0,0.21451888020833335,3.743489583333333e-06,1,0
0001469845_Raw03_f_00000.jpg,numeric,0001469845,03,4096,3000,1,15.143752360026042,33.58281584491449,0.4628807960455733,274.2569885253906,11.484762191772461,0.0,0.811135986328125,0.001958984375,1,0
0001469849_Raw13_f_00001.jpg,numeric,0001469849,13,4096,3000,1,31.446567220052085,19.35115684080281,3.6919767774606163,67.35334777832031,10.5870361328125,3.0,0.27179435221354165,1.3916015625e-05,0,1
0001469851_Raw10_f_00009.jpg,numeric,0001469851,10,4096,3000,1,3.9864593912760418,6.4675749739134405,0.2910007537932824,8.599749565124512,2.24430775642395,0.0,0.9136158854166667,4.8828125e-07,1,0
0001469855_Raw13_f_00001.jpg,numeric,0001469855,13,4096,3000,1,25.139199544270834,15.724363243016647,3.4883340455074143,64.70956420898438,10.776657104492188,3.0,0.28012386067708334,1.8961588541666665e-05,0,1
0001469856_Raw10_f_00006.jpg,numeric,0001469856,10,4096,3000,1,3.9309405924479166,6.4516513024726665,0.34091886084937756,11.650583267211914,2.6140687465667725,0.0,0.9181759440104167,0.0,2,0
0001469856_Raw13_f_00005.jpg,numeric,0001469856,13,4096,3000,1,24.516504313151042,14.624577431247136,3.1831742509753282,65.27613067626953,10.511244773864746,3.0,0.2695157877604167,6.022135416666667e-06,0,1
0001469860_Raw00_f_00004.jpg,numeric,0001469860,00,4096,3000,1,55.68502311197917,30.607874710809586,3.2001093869731676,54.403282165527344,9.875238418579102,4.0,0.21672908528645835,9.521484375e-06,0,1
0001469860_Raw01_f_00001.jpg,numeric,0001469860,01,4096,3000,1,76.13604239908854,13.967605408509067,3.1918880626425707,82.07466125488281,12.053821563720703,6.0,4.313151041666667e-06,8.30078125e-06,0,1
0001469863_Raw01_f_00004.jpg,numeric,0001469863,01,4096,3000,1,73.15823567708334,13.307348128191151,3.8254336891595297,115.10755157470703,14.180171966552734,5.0,3.255208333333333e-07,3.4993489583333333e-06,0,1
0001469866_Raw13_f_00010.jpg,numeric,0001469866,13,4096,3000,1,32.29474462890625,19.34371794520315,2.362600939077806,35.85693359375,7.899036884307861,3.0,0.2703798828125,6.34765625e-06,0,1
0001469871_Raw02_f_00001.jpg,numeric,0001469871,02,4096,3000,1,64.18505900065104,12.199692198516455,2.485913490603215,35.4876708984375,8.233099937438965,3.0,3.743489583333333e-06,4.7526041666666664e-05,1,0
0001469871_Raw03_f_00001.jpg,numeric,0001469871,03,4096,3000,1,49.88000545247396,41.743538507793765,2.4445339480275985,49.72985076904297,8.896745681762695,2.0,0.41208203125,2.8076171875e-05,1,0
0001469874_Raw13_f_00009.jpg,numeric,0001469874,13,4096,3000,1,29.8454794921875,19.019914976949135,2.365897648454657,27.6395206451416,6.805667400360107,3.0,0.2750066731770833,5.696614583333334e-07,1,0
0001469877_Raw12_f_00010.jpg,numeric,0001469877,12,4096,3000,1,27.88746533203125,8.251768908250638,1.6074615998027464,18.912870407104492,5.684995651245117,3.0,0.0637919921875,0.0,1,0
0001469877_Raw13_f_00010.jpg,numeric,0001469877,13,4096,3000,1,28.583257975260416,17.48966202023961,2.3587474942390205,34.06328582763672,7.2393598556518555,3.0,0.2717630208333333,2.848307291666667e-06,1,0
0001469879_Raw11_f_00005.jpg,numeric,0001469879,11,4096,3000,1,15.199868570963542,5.272513150375014,1.1173596928319343,9.89933967590332,4.1496758460998535,2.0,0.5405814615885417,0.0,0,1
0001469879_Raw12_f_00005.jpg,numeric,0001469879,12,4096,3000,1,26.08337939453125,8.138369240744916,1.7094043999662134,19.0015869140625,5.943694591522217,3.0,0.09343953450520834,3.255208333333333e-07,0,1
0001469881_Raw12_f_00001.jpg,numeric,0001469881,12,4096,3000,1,27.575270670572916,7.92109564398458,1.746461965326285,25.281776428222656,6.308766841888428,3.0,0.038706787109375,1.6276041666666666e-07,0,1
0001469888_Raw00_f_00001.jpg,numeric,0001469888,00,4096,3000,1,51.85554500325521,27.469039947216075,4.998412740773966,144.0650177001953,15.924955368041992,5.0,0.20884375,9.309895833333334e-05,0,1
0001469890_Raw13_f_00004.jpg,numeric,0001469890,13,4096,3000,1,31.458434326171876,18.938549407027338,3.3488404962143803,66.28788757324219,10.42358684539795,4.0,0.2712765299479167,5.208333333333333e-06,1,0
0001469890_Raw13_f_00007.jpg,numeric,0001469890,13,4096,3000,1,29.16427579752604,17.655123808168224,3.017573430598172,55.88020706176758,9.418119430541992,3.0,0.2738675944010417,4.964192708333333e-06,0,1
0001469896_Raw02_f_00007.jpg,numeric,0001469896,02,4096,3000,1,53.04119368489583,22.048111238098464,4.4763407791882965,329.5464172363281,22.371057510375977,6.0,0.08022705078125,8.138020833333334e-07,0,1
0001469896_Raw02_f_00008.jpg,numeric,0001469896,02,4096,3000,1,53.56543758138021,22.068764606186164,4.395892845780639,324.75115966796875,22.033315658569336,6.0,0.07810701497395833,1.6276041666666666e-07,0,1
0001469897_Raw00_f_00006.jpg,numeric,0001469897,00,4096,3000,1,51.09936726888021,27.945933767149018,2.7444574001588737,45.087379455566406,9.096376419067383,3.0,0.21709358723958333,4.8828125e-07,1,0
0001469897_Raw02_f_00001.jpg,numeric,0001469897,02,4096,3000,1,53.36534781901042,22.532717704763233,5.199486386153669,298.22491455078125,23.974000930786133,6.0,0.083616455078125,1.220703125e-06,0,1
0001469898_Raw01_f_00001.jpg,numeric,0001469898,01,4096,3000,1,47.026502115885414,34.12891651033044,4.099025779914797,112.21949005126953,12.365245819091797,3.0,0.3189265950520833,5.940755208333333e-06,2,0
0001469898_Raw01_f_00004.jpg,numeric,0001469898,01,4096,3000,1,65.12565836588541,11.640248023026958,2.57196796928796,62.4206657409668,10.073822021484375,4.0,4.069010416666667e-07,1.6276041666666668e-06,6,0
0001469898_Raw13_f_00006.jpg,numeric,0001469898,13,4096,3000,1,23.882551839192708,14.481893675288523,2.357676053331324,32.829532623291016,7.148935317993164,3.0,0.2797632649739583,5.7779947916666664e-06,0,1
0001469901_Raw12_f_00003.jpg,numeric,0001469901,12,4096,3000,1,25.578997151692707,8.774235883651151,1.892889762338474,27.993682861328125,6.932097434997559,3.0,0.12969571940104166,8.544921875e-06,0,1
0001469901_Raw13_f_00002.jpg,numeric,0001469901,13,4096,3000,1,24.27760978190104,16.565860319879825,2.1556030886894546,27.909099578857422,6.644435405731201,2.0,0.314828857421875,1.1393229166666668e-06,0,1
0001469909_Raw00_f_00001.jpg,numeric,0001469909,00,4096,3000,1,66.13179817708334,43.77300958922432,4.573457001461222,131.40481567382812,14.229852676391602,5.0,0.2767106119791667,8.3740234375e-05,1,0
0001469912_Raw12_f_00001.jpg,numeric,0001469912,12,4096,3000,1,25.30998876953125,12.98536440386043,2.3161377724437178,34.38190460205078,7.5737104415893555,3.0,0.19398933919270833,1.5299479166666666e-05,0,1
0001469912_Raw12_f_00005.jpg,numeric,0001469912,12,4096,3000,1,27.499752766927084,9.654954223203603,2.0222603721823735,25.341699600219727,6.777976036071777,3.0,0.10970255533854166,2.44140625e-07,0,1
0001469927_Raw00_f_00004.jpg,numeric,0001469927,00,4096,3000,1,59.288732421875,32.57420176409125,3.0235300319499507,43.98421859741211,9.42513370513916,4.0,0.21479996744791666,4.069010416666667e-07,0,1
0001469927_Raw11_f_00004.jpg,numeric,0001469927,11,4096,3000,1,12.254888997395833,8.118444402049128,1.054175875409324,9.6928071975708,3.831719398498535,2.0,0.62101171875,0.0,0,1
0001469927_Raw11_f_00006.jpg,numeric,0001469927,11,4096,3000,1,12.326446614583332,8.050949372461062,1.0125241439662318,10.927203178405762,3.996746301651001,2.0,0.61322265625,0.0,0,1
0001469927_Raw12_f_00003.jpg,numeric,0001469927,12,4096,3000,1,23.99242830403646,6.591576659264998,1.8415604800154826,32.593753814697266,7.61381721496582,3.0,0.08306990559895833,0.0,0,1
0001469928_Raw11_f_00002.jpg,numeric,0001469928,11,4096,3000,1,12.268656656901042,8.259856404090662,1.003624033194878,8.901263236999512,3.7542307376861572,1.0,0.6249717610677084,0.0,0,1
0001469928_Raw11_f_00006.jpg,numeric,0001469928,11,4096,3000,1,12.406186767578125,7.935760176077284,1.0968333165573778,11.327713966369629,4.1632609367370605,2.0,0.607212646484375,0.0,0,1
0001469928_Raw12_f_00002.jpg,numeric,0001469928,12,4096,3000,1,24.41252791341146,7.403354897493064,1.918406864886664,26.118663787841797,7.114602088928223,3.0,0.10954744466145834,0.0,0,1
0001469928_Raw13_f_00002.jpg,numeric,0001469928,13,4096,3000,1,24.3345029296875,15.29998009248362,2.3487182245067286,23.64842414855957,7.058119773864746,2.0,0.285501220703125,8.138020833333333e-08,0,1
0001469940_Raw11_f_00012.jpg,numeric,0001469940,11,4096,3000,1,14.516266682942708,7.3048008265166375,0.9500054188511997,8.10057258605957,3.5465915203094482,2.0,0.5067650553385417,0.0,0,1
0001469940_Raw12_f_00002.jpg,numeric,0001469940,12,4096,3000,1,25.136151204427083,7.863193869541926,1.6156875587002104,18.54961395263672,5.577140808105469,3.0,0.10933943684895833,0.0,0,1
0001469946_Raw13_f_00002.jpg,numeric,0001469946,13,4096,3000,1,22.840518880208332,13.697475894598506,2.2862658703660994,35.763427734375,7.541679859161377,3.0,0.27897835286458333,5.696614583333334e-07,1,0
0001469948_Raw11_f_00008.jpg,numeric,0001469948,11,4096,3000,1,12.658992513020833,6.161491187971393,1.1387997148713653,10.755212783813477,4.069679260253906,2.0,0.6664385579427083,0.0,0,1
0001469955_Raw12_f_00002.jpg,numeric,0001469955,12,4096,3000,1,22.498439697265624,6.931289462078609,1.945445491190209,28.847064971923828,7.092488765716553,3.0,0.15363875325520834,0.0,0,1
0001469960_Raw01_f_00008.jpg,numeric,0001469960,01,4096,3000,1,70.81315649414063,14.124812126645871,4.684004799182582,337.9734802246094,22.362653732299805,11.0,0.0,5.696614583333334e-06,0,1
0001469968_Raw00_f_00001.jpg,numeric,0001469968,00,4096,3000,1,47.71563940429687,24.146572237466522,2.117582996265588,23.808958053588867,7.896723747253418,3.0,0.212640380859375,8.951822916666667e-07,0,1
0001469969_Raw02_f_00001.jpg,numeric,0001469969,02,4096,3000,1,69.14382543945312,16.18083443046165,3.0085842147288764,55.877708435058594,11.86365795135498,4.0,0.016911946614583333,7.731119791666667e-06,0,1
0001469969_Raw02_f_00003.jpg,numeric,0001469969,02,4096,3000,1,68.44957267252605,13.432981879287972,2.752131369642757,42.7262077331543,9.8321533203125,4.0,0.0,2.44140625e-07,0,1
0001469969_Raw02_f_00004.jpg,numeric,0001469969,02,4096,3000,1,68.23061572265625,13.250174409786682,2.5902266816089714,42.11180114746094,9.78531551361084,4.0,0.0,8.138020833333334e-07,0,1
0001469973_Raw10_f_00009.jpg,numeric,0001469973,10,4096,3000,1,9.830686686197916,8.351694192940387,0.7904008878977561,5.747864723205566,2.6952829360961914,1.0,0.65474951171875,0.0,0,1
0001469975_Raw03_f_00001.jpg,numeric,0001469975,03,4096,3000,1,41.644957194010416,40.47727123257377,2.446773358252654,35.44646453857422,7.979499816894531,2.0,0.497285888671875,1.2939453125e-05,0,1
0001469975_Raw11_f_00006.jpg,numeric,0001469975,11,4096,3000,1,15.651539794921876,4.39355216931737,0.7493082705064563,9.177252769470215,3.602651357650757,2.0,0.5131980794270833,0.0,0,1
0001469979_Raw00_f_00002.jpg,numeric,0001469979,00,4096,3000,1,46.73472127278646,23.28278872151408,2.185809915042928,28.595794677734375,7.776619911193848,3.0,0.20756534830729167,1.1881510416666666e-05,2,0
0001469981_Raw13_f_00010.jpg,numeric,0001469981,13,4096,3000,1,27.905991861979167,16.74789572163616,2.1660752513987407,26.31908416748047,6.798726558685303,3.0,0.27217439778645836,0.0,0,1
0001469989_Raw13_f_00004.jpg,numeric,0001469989,13,4096,3000,1,26.557457112630207,16.709589764158128,2.4271954486288143,39.966880798339844,7.720717430114746,3.0,0.294630126953125,1.220703125e-06,0,1
0001469990_Raw00_f_00001.jpg,numeric,0001469990,00,4096,3000,1,71.9537265625,40.71260623394338,4.429824537341306,127.27845001220703,12.633049011230469,5.0,0.20994580078125,0.0001513671875,1,0
0001469992_Raw01_f_00000.jpg,numeric,0001469992,01,4096,3000,1,81.25598510742188,17.527135454489194,3.5650977741375964,105.0135726928711,12.852258682250977,6.0,0.0,2.7750651041666666e-05,1,0
0001469996_Raw01_f_00000.jpg,numeric,0001469996,01,4096,3000,1,19.370162516276043,33.29587431491306,0.044150994357255134,23.652963638305664,4.148056983947754,0.0,0.7434208984375,5.615234375e-06,1,0
0001469998_Raw13_f_00001.jpg,numeric,0001469998,13,4096,3000,1,30.63937703450521,28.158354654262418,2.5598817709256956,55.540130615234375,7.891271591186523,2.0,0.46054931640625,1.0498046875e-05,0,1
0001470001_Raw13_f_00017.jpg,numeric,0001470001,13,4096,3000,1,24.625361653645832,15.558709831176326,2.671599294665124,34.47462463378906,7.723999500274658,3.0,0.29467911783854167,1.46484375e-06,0,1
0001470003_Raw13_f_00018.jpg,numeric,0001470003,13,4096,3000,1,22.271932454427084,13.736967456764168,1.9140412261303426,23.837276458740234,6.578199863433838,2.0,0.29969189453125,6.510416666666666e-07,0,1
0001470004_Raw01_f_00001.jpg,numeric,0001470004,01,4096,3000,1,54.564609619140626,52.68033557159304,4.377365142432149,165.03257751464844,13.622034072875977,2.0,0.4515769856770833,0.0005184733072916667,1,0
0001470004_Raw12_f_00006.jpg,numeric,0001470004,12,4096,3000,1,25.642960693359374,7.20096334614683,1.795403977613124,30.47821617126465,6.982382297515869,3.0,0.062692626953125,0.0,0,1
0001470010_Raw02_f_00001.jpg,numeric,0001470010,02,4096,3000,1,75.92477400716146,22.792850912510335,3.0102900736652463,80.20884704589844,11.391288757324219,5.0,0.021868245442708333,5.452473958333333e-06,1,0
0001470010_Raw11_f_00007.jpg,numeric,0001470010,11,4096,3000,1,15.119461100260416,6.768509299733336,1.0807627539219937,11.36020565032959,4.136099815368652,2.0,0.5124146321614583,0.0,0,1
0001470010_Raw12_f_00007.jpg,numeric,0001470010,12,4096,3000,1,25.881992024739585,8.071689171258408,1.8527441812574483,30.040979385375977,7.124797344207764,3.0,0.08361629231770833,0.0,0,1
0001470010_Raw12_f_00008.jpg,numeric,0001470010,12,4096,3000,1,25.142667073567708,7.89925476088369,2.002262302741891,31.69907569885254,7.361170768737793,3.0,0.10466593424479166,1.1393229166666668e-06,0,1
0001470010_Raw13_f_00007.jpg,numeric,0001470010,13,4096,3000,1,24.605881266276043,15.732197825949026,2.33646586467415,28.856130599975586,6.930168628692627,3.0,0.3020775553385417,1.46484375e-06,0,1
0001470010_Raw13_f_00008.jpg,numeric,0001470010,13,4096,3000,1,23.8307294921875,15.22915916059303,2.381210518341378,30.90423011779785,7.339991092681885,3.0,0.30507218424479166,3.255208333333333e-07,0,1
0001470014_Raw13_f_00002.jpg,numeric,0001470014,13,4096,3000,1,23.6972666015625,14.204381342808242,2.087394233687431,24.216951370239258,6.604003429412842,2.0,0.27351790364583334,1.0579427083333333e-06,0,1
0001470016_Raw11_f_00000.jpg,numeric,0001470016,11,4096,3000,1,4.0223963216145835,6.881867133796327,0.43745929846972287,11.003560066223145,2.564359426498413,1.0,0.89851611328125,3.889973958333333e-05,0,1
0001470016_Raw13_f_00008.jpg,numeric,0001470016,13,4096,3000,1,25.337517578125,15.209530810972618,2.0749439185505,23.21092987060547,6.430123805999756,2.0,0.2695951334635417,0.0,0,1
0001470017_Raw12_f_00004.jpg,numeric,0001470017,12,4096,3000,1,25.064228190104167,7.979989259437746,1.756817111725567,23.58479118347168,6.351665496826172,3.0,0.11559236653645834,0.0,0,1
0001470026_Raw12_f_00001.jpg,numeric,0001470026,12,4096,3000,1,30.88465380859375,8.34456464162219,1.858618136532351,31.986215591430664,6.848120212554932,3.0,0.013999593098958334,9.765625e-07,0,1
0001470039_Raw02_f_00001.jpg,numeric,0001470039,02,4096,3000,1,43.42014453125,42.51845771516775,3.3850398204757677,133.16064453125,15.241414070129395,1.0,0.45005517578125,0.00017423502604166667,2,0
0001470039_Raw10_f_00008.jpg,numeric,0001470039,10,4096,3000,1,8.1581015625,10.340975104068583,0.5001558278995331,15.818755149841309,4.476189136505127,1.0,0.728122802734375,7.242838541666667e-06,0,1
0001470039_Raw10_f_00010.jpg,numeric,0001470039,10,4096,3000,1,7.634339925130209,9.501505405224238,0.5016273440362684,14.64426326751709,4.490809440612793,1.0,0.7492090657552083,2.9296875e-06,0,1
0001470039_Raw11_f_00007.jpg,numeric,0001470039,11,4096,3000,1,21.0255224609375,7.772194172164064,2.108909757499202,20.195934295654297,7.4198713302612305,2.0,0.2742833658854167,6.510416666666667e-06,0,1
0001470039_Raw11_f_00009.jpg,numeric,0001470039,11,4096,3000,1,22.443030598958334,7.34745959687493,2.189862845538327,17.332256317138672,7.80448579788208,2.0,0.198351318359375,2.848307291666667e-06,0,1
0001470039_Raw12_f_00003.jpg,numeric,0001470039,12,4096,3000,1,30.85535791015625,10.065913566983436,4.186651976273647,65.21590423583984,15.505677223205566,4.0,0.03233048502604167,1.2613932291666667e-05,0,1
0001470039_Raw13_f_00002.jpg,numeric,0001470039,13,4096,3000,1,36.48404028320312,25.07431999965287,6.206373611364353,132.56582641601562,18.586158752441406,4.0,0.274363037109375,0.000197265625,0,1
0001470040_Raw10_f_00003.jpg,numeric,0001470040,10,4096,3000,1,7.831699788411458,9.80543684834216,0.4989091541117119,13.610337257385254,4.620384216308594,1.0,0.7409129231770833,3.0110677083333333e-06,0,1
0001470040_Raw10_f_00004.jpg,numeric,0001470040,10,4096,3000,1,7.8257718098958335,9.863122926040159,0.4990826775013671,12.860443115234375,4.726379871368408,1.0,0.7415784505208334,7.32421875e-07,0,1
0001470040_Raw11_f_00004.jpg,numeric,0001470040,11,4096,3000,1,22.592920735677083,7.677194174849273,2.5649709873011584,18.421751022338867,9.10925006866455,2.0,0.20460791015625,8.951822916666667e-07,0,1
0001470040_Raw13_f_00004.jpg,numeric,0001470040,13,4096,3000,1,36.911748372395834,25.223361061886642,4.7001518740795385,148.76202392578125,17.875946044921875,3.0,0.2686521809895833,0.00028702799479166666,0,1
0001470040_Raw13_f_00007.jpg,numeric,0001470040,13,4096,3000,1,34.68247566731771,25.08310412981389,5.309860831175429,183.16664123535156,19.102088928222656,4.0,0.27056013997395834,0.00037532552083333336,0,1
0001470041_Raw01_f_00005.jpg,numeric,0001470041,01,4096,3000,1,76.25722778320312,13.114211698274417,7.417189264425261,181.57362365722656,29.81168556213379,8.0,0.0,6.998697916666667e-06,0,1
0001470041_Raw10_f_00005.jpg,numeric,0001470041,10,4096,3000,1,8.046399576822918,10.964801554106538,0.49467830511320177,11.627178192138672,4.149380683898926,1.0,0.75495458984375,1.7903645833333333e-06,0,1
0001470041_Raw11_f_00006.jpg,numeric,0001470041,11,4096,3000,1,22.61936376953125,6.81410793181387,2.4550586014965754,20.40485954284668,8.210694313049316,2.0,0.12599552408854167,5.615234375e-06,0,1
0001470041_Raw13_f_00004.jpg,numeric,0001470041,13,4096,3000,1,38.332371988932294,25.476978824098243,5.369323962146844,85.59699249267578,15.858087539672852,3.0,0.26942724609375,2.7913411458333332e-05,0,1
0001470044_Raw00_f_00005.jpg,numeric,0001470044,00,4096,3000,1,48.84204777018229,24.951249164438295,2.107712225520304,26.36693000793457,7.648855686187744,2.0,0.21676212565104166,1.5299479166666666e-05,0,1
0001470044_Raw03_f_00006.jpg,numeric,0001470044,03,4096,3000,1,16.0355009765625,31.39314106754713,0.4342992038527657,17.531761169433594,3.76497483253479,0.0,0.811339111328125,0.0,0,1
0001470044_Raw10_f_00007.jpg,numeric,0001470044,10,4096,3000,1,8.677482828776041,11.773454684036116,0.4920382487191237,12.925809860229492,4.103728771209717,1.0,0.7444446614583333,2.6041666666666666e-06,0,1
0001470044_Raw11_f_00007.jpg,numeric,0001470044,11,4096,3000,1,25.564842610677083,7.162474323663766,1.876570728194387,15.060152053833008,7.080764293670654,2.0,0.07885530598958333,2.9296875e-06,0,1
0001470044_Raw13_f_00007.jpg,numeric,0001470044,13,4096,3000,1,36.76574503580729,23.10027488067887,4.86159504198776,98.62042999267578,14.694960594177246,3.0,0.27482633463541667,0.00012565104166666668,0,1
0001470045_Raw01_f_00004.jpg,numeric,0001470045,01,4096,3000,1,64.33010131835937,8.160671963288555,1.7901496082245667,26.10016441345215,6.28515625,3.0,0.0,8.544921875e-06,0,1
0001470045_Raw01_f_00005.jpg,numeric,0001470045,01,4096,3000,1,63.92944278971354,8.069275916632694,1.6610539070515105,24.815500259399414,6.045093536376953,3.0,0.0,7.568359375e-06,0,1
0001470045_Raw02_f_00002.jpg,numeric,0001470045,02,4096,3000,1,68.67108292643229,20.578122678612676,2.4733071716353896,34.491539001464844,8.093062400817871,3.0,8.138020833333333e-08,2.44140625e-06,0,1
0001470045_Raw03_f_00002.jpg,numeric,0001470045,03,4096,3000,1,15.040795491536459,29.997050303154452,0.42206325412531875,16.987390518188477,3.758880138397217,0.0,0.8187093098958333,2.44140625e-07,0,1
0001470045_Raw11_f_00000.jpg,numeric,0001470045,11,4096,3000,1,12.916387858072916,15.122206064884741,0.4997343249228023,90.6715087890625,6.29043436050415,1.0,0.5842115885416667,0.0004151204427083333,1,0
0001470046_Raw12_f_00001.jpg,numeric,0001470046,12,4096,3000,1,38.83864420572917,11.218587544568848,3.254288737393275,61.71554183959961,11.419961929321289,3.0,0.00585546875,5.232747395833333e-05,0,1
0001470048_Raw11_f_00001.jpg,numeric,0001470048,11,4096,3000,1,23.256427897135417,7.810430607625896,1.5775062140907452,22.862354278564453,6.760864734649658,2.0,0.10817928059895833,6.022135416666667e-06,0,1
0001470048_Raw13_f_00003.jpg,numeric,0001470048,13,4096,3000,1,40.10357779947917,24.76492372808656,4.367069945119152,76.64913177490234,11.761655807495117,3.0,0.26720751953125,0.00011629231770833333,0,1
0001470048_Raw13_f_00005.jpg,numeric,0001470048,13,4096,3000,1,43.69770076497396,26.052907035991538,2.8513719160184987,56.407920837402344,10.093442916870117,2.0,0.26928873697916667,5.1595052083333336e-05,0,1
0001470049_Raw03_f_00006.jpg,numeric,0001470049,03,4096,3000,1,11.661108317057291,26.722032172349312,0.36535136249855205,19.457632064819336,3.385080099105835,0.0,0.860306884765625,0.0,0,1
0001470049_Raw13_f_00002.jpg,numeric,0001470049,13,4096,3000,1,42.54313696289063,26.895709212310475,4.383342602079528,91.35829162597656,12.132497787475586,3.0,0.2658414713541667,0.00014021809895833334,0,1
0001470049_Raw13_f_00005.jpg,numeric,0001470049,13,4096,3000,1,45.66062182617188,27.615125605680284,2.985721759553456,49.92023849487305,9.258902549743652,2.0,0.2685738932291667,3.841145833333333e-05,0,1
0001470051_Raw00_f_00001.jpg,numeric,0001470051,00,4096,3000,1,74.06394694010417,41.52445527305262,4.144073127479346,50.01775360107422,11.016103744506836,4.0,0.209240234375,1.2451171875e-05,1,0
0001470052_Raw03_f_00001.jpg,numeric,0001470052,03,4096,3000,1,28.659681803385418,55.5410146120011,0.43268591831120773,49.690189361572266,8.176385879516602,0.0,0.7836527506510417,0.005485514322916667,0,1
0001470055_Raw02_f_00007.jpg,numeric,0001470055,02,4096,3000,1,99.34773942057292,20.19652416538766,2.707475076714851,26.925840377807617,7.548446178436279,3.0,0.0,8.138020833333333e-08,0,1
0001470055_Raw12_f_00002.jpg,numeric,0001470055,12,4096,3000,1,45.72581534830729,17.609944504435635,3.6809676603334163,47.76839065551758,12.75627613067627,4.0,0.018271809895833335,4.150390625e-06,0,1
0001470056_Raw13_f_00007.jpg,numeric,0001470056,13,4096,3000,1,49.2187333984375,31.25048552910141,4.842711862638848,81.52429962158203,16.209077835083008,3.0,0.26610611979166665,2.3193359375e-05,0,1
0001470065_Raw00_f_00001.jpg,numeric,0001470065,00,4096,3000,1,80.24053873697916,43.10541229751399,4.418987691592202,38.494873046875,10.002742767333984,3.0,0.21184781901041666,2.2705078125e-05,1,0
0001470066_Raw13_f_00005.jpg,numeric,0001470066,13,4096,3000,1,68.17115177408854,43.768415333256215,6.413589105110948,105.75128936767578,18.674060821533203,4.0,0.2694283854166667,7.584635416666666e-05,0,1
0001470067_Raw00_f_00001.jpg,numeric,0001470067,00,4096,3000,1,74.53685880533854,38.01266465460311,3.3121373860585797,47.28156661987305,10.151792526245117,3.0,0.20702010091145834,2.1077473958333333e-05,2,0
0001470067_Raw02_f_00003.jpg,numeric,0001470067,02,4096,3000,1,98.67792024739583,21.938720507451098,3.1880726940438735,58.08781814575195,9.824150085449219,4.0,0.0,8.951822916666667e-07,2,0
0001470067_Raw03_f_00001.jpg,numeric,0001470067,03,4096,3000,1,75.43504215494792,75.56968867688853,2.8786998261297776,110.12850952148438,13.55678653717041,2.0,0.5000369466145833,0.0020594889322916666,1,0
0001470089_Raw13_f_00001.jpg,numeric,0001470089,13,4096,3000,1,42.22098722330729,28.555904038415125,6.767612460934854,172.6123809814453,17.30946922302246,4.0,0.26256184895833334,0.00023673502604166667,0,1
0001470089_Raw13_f_00005.jpg,numeric,0001470089,13,4096,3000,1,28.29808048502604,17.723075947900394,4.0101931231530585,68.3207015991211,11.877838134765625,3.0,0.2687125651041667,3.515625e-05,0,1
0001470098_Raw00_f_00007.jpg,numeric,0001470098,00,4096,3000,1,64.55384545898437,38.06733842121276,2.3026027954754262,23.715534210205078,7.568333148956299,2.0,0.27364599609375,0.0,1,0
0001470098_Raw12_f_00003.jpg,numeric,0001470098,12,4096,3000,1,56.123627766927086,21.447846826498772,4.494857589021862,79.19873046875,16.267822265625,4.0,0.00040584309895833336,1.6276041666666666e-07,0,1
0001470099_Raw00_f_00001.jpg,numeric,0001470099,00,4096,3000,1,69.16969889322917,34.303617991856356,2.895845844141374,33.5203971862793,10.296899795532227,3.0,0.20848567708333332,4.069010416666667e-07,1,0
0001470102_Raw13_f_00005.jpg,numeric,0001470102,13,4096,3000,1,50.2922275390625,30.119121817568107,3.526045511093269,38.72337341308594,10.215553283691406,3.0,0.26759480794270835,2.9296875e-06,0,1
0001470105_Raw12_f_00002.jpg,numeric,0001470105,12,4096,3000,1,45.880155517578125,11.629657046789658,2.441118368394596,19.632823944091797,7.476554870605469,3.0,0.00010888671875,1.6276041666666666e-07,0,1
0001470105_Raw12_f_00006.jpg,numeric,0001470105,12,4096,3000,1,47.07807413736979,12.630219252436683,2.3628454748436694,22.59134864807129,7.627937316894531,3.0,0.00043131510416666665,0.0,0,1
0001470106_Raw02_f_00007.jpg,numeric,0001470106,02,4096,3000,1,80.03145100911458,12.902239834039186,2.2171257769979595,31.244937896728516,7.422643661499023,4.0,0.0,0.0,0,1
0001470106_Raw13_f_00005.jpg,numeric,0001470106,13,4096,3000,1,49.844418701171875,29.480499487663657,2.9730783560721443,35.1655387878418,8.573354721069336,2.0,0.26905086263020833,1.6682942708333332e-05,0,1
0001470108_Raw13_f_00004.jpg,numeric,0001470108,13,4096,3000,1,45.52833154296875,26.49676118104611,3.2649550831611647,32.426353454589844,9.641797065734863,3.0,0.264046875,1.7903645833333333e-06,0,1
0001470110_Raw11_f_00003.jpg,numeric,0001470110,11,4096,3000,1,27.51256046549479,7.290927611616476,1.1325817428896094,9.86228084564209,4.4482197761535645,2.0,0.037051350911458336,0.0,0,1
0001470112_Raw13_f_00002.jpg,numeric,0001470112,13,4096,3000,1,45.19739786783854,26.36254548612882,2.624971500633195,24.221487045288086,7.869643211364746,2.0,0.2627763671875,1.7903645833333333e-06,1,0
0001470115_Raw00_f_00001.jpg,numeric,0001470115,00,4096,3000,1,65.88374853515624,33.79085363631143,3.351522302225299,50.90121841430664,9.723310470581055,4.0,0.207607666015625,2.1158854166666666e-06,0,1
0001470115_Raw13_f_00003.jpg,numeric,0001470115,13,4096,3000,1,67.22259765625,42.08276328552669,4.920888308628789,112.66934204101562,15.865350723266602,4.0,0.2609589029947917,3.3854166666666665e-05,0,1
0001470116_Raw10_f_00002.jpg,numeric,0001470116,10,4096,3000,1,16.09790966796875,15.131307089087251,1.0807536382858818,11.030912399291992,3.9265615940093994,1.0,0.502745361328125,2.2786458333333335e-06,0,1
0001470117_Raw13_f_00003.jpg,numeric,0001470117,13,4096,3000,1,41.78006168619792,33.59659517538955,4.044838253895591,69.50663757324219,12.410795211791992,2.0,0.40730558268229167,4.695638020833333e-05,0,1
0001470118_Raw10_f_00003.jpg,numeric,0001470118,10,4096,3000,1,16.607565348307293,15.493856299067579,1.0926675978069613,14.138322830200195,4.025651454925537,1.0,0.5021080729166667,5.7779947916666664e-06,0,1
0001470118_Raw13_f_00005.jpg,numeric,0001470118,13,4096,3000,1,53.80922469075521,32.331205450940736,3.4245877191455953,54.17616271972656,11.207986831665039,3.0,0.26621687825520834,3.4423828125e-05,0,1
0001470118_Raw13_f_00007.jpg,numeric,0001470118,13,4096,3000,1,53.117442138671876,32.83282364741756,3.758038707141271,76.12437438964844,13.555131912231445,3.0,0.26868326822916666,6.754557291666667e-05,0,1
0001470119_Raw11_f_00007.jpg,numeric,0001470119,11,4096,3000,1,28.792626302083335,6.371438449851471,1.3230180997674141,13.398727416992188,5.600022792816162,2.0,0.005914713541666667,4.8828125e-07,0,1
0001470119_Raw12_f_00005.jpg,numeric,0001470119,12,4096,3000,1,49.123083577473956,15.141861859094782,3.109298448952201,28.792150497436523,10.019076347351074,3.0,0.0012135416666666666,8.138020833333334e-07,0,1
0001470121_Raw10_f_00003.jpg,numeric,0001470121,10,4096,3000,1,17.858992106119793,14.470379238941366,1.1198576151989075,8.88808536529541,4.02615213394165,2.0,0.4219864908854167,0.0,0,1
0001470123_Raw11_f_00002.jpg,numeric,0001470123,11,4096,3000,1,28.734120930989583,7.305477122229761,0.8878287872650088,8.693464279174805,3.6829915046691895,2.0,0.020829264322916666,0.0,0,1
0001470123_Raw13_f_00001.jpg,numeric,0001470123,13,4096,3000,1,51.626645833333335,31.702258554975938,4.139571294281103,80.14354705810547,15.125565528869629,3.0,0.266150634765625,7.12890625e-05,0,1
0001470124_Raw13_f_00001.jpg,numeric,0001470124,13,4096,3000,1,54.9911298828125,36.03099175878735,5.341190179824027,120.44847106933594,18.50250244140625,3.0,0.286983642578125,6.754557291666667e-05,0,1
0001470124_Raw13_f_00003.jpg,numeric,0001470124,13,4096,3000,1,52.57253051757812,32.012126561254206,4.360821149379839,69.37359619140625,14.752245903015137,3.0,0.2641028645833333,1.6845703125e-05,0,1
0001470124_Raw13_f_00004.jpg,numeric,0001470124,13,4096,3000,1,51.95261596679688,31.900024313807293,4.3582205096228765,63.27546310424805,14.313448905944824,3.0,0.26714371744791665,1.26953125e-05,0,1
0001470125_Raw13_f_00002.jpg,numeric,0001470125,13,4096,3000,1,53.34835343424479,32.454979651286905,3.9596535141367637,52.70955276489258,12.913514137268066,3.0,0.2654412434895833,1.1067708333333334e-05,0,1
0001470125_Raw13_f_00003.jpg,numeric,0001470125,13,4096,3000,1,53.19484781901042,32.4727192315082,3.5589375817126623,47.60322570800781,12.300433158874512,3.0,0.266519287109375,5.696614583333334e-06,0,1
0001470125_Raw13_f_00004.jpg,numeric,0001470125,13,4096,3000,1,53.17138004557292,32.58761199505322,3.8946568414840668,54.010887145996094,13.175941467285156,3.0,0.26688834635416664,6.34765625e-06,0,1
0001470125_Raw13_f_00007.jpg,numeric,0001470125,13,4096,3000,1,51.10055981445313,31.51403962214933,4.100902925021439,49.47636795043945,12.003213882446289,3.0,0.2702322591145833,6.591796875e-06,0,1
0001470127_Raw12_f_00005.jpg,numeric,0001470127,12,4096,3000,1,49.69223209635417,13.488241175603122,2.3662085959942827,30.212514877319336,8.841094970703125,3.0,4.4026692708333336e-05,6.34765625e-06,0,1
0001470127_Raw13_f_00005.jpg,numeric,0001470127,13,4096,3000,1,53.292129557291666,32.844554838737444,3.690816150046939,60.62001037597656,12.39262866973877,3.0,0.2694007975260417,5.7779947916666664e-06,0,1
0001470128_Raw02_f_00001.jpg,numeric,0001470128,02,4096,3000,1,84.20921004231771,17.93684442642727,3.1020779718495897,54.144371032714844,10.800530433654785,4.0,1.6276041666666666e-07,5.240885416666667e-05,0,1
0001470128_Raw10_f_00007.jpg,numeric,0001470128,10,4096,3000,1,18.10832763671875,14.467058834730368,0.9918326774177062,8.766889572143555,3.9483449459075928,2.0,0.41911165364583336,0.0,0,1
0001470128_Raw13_f_00007.jpg,numeric,0001470128,13,4096,3000,1,52.81723543294271,32.56673859060472,3.459312425578185,44.66088104248047,11.06906509399414,3.0,0.27204817708333334,6.8359375e-06,0,1
0001470132_Raw13_f_00004.jpg,numeric,0001470132,13,4096,3000,1,65.95597591145834,53.34372866198257,4.656811076721205,46.5319938659668,8.716907501220703,3.0,0.3149707845052083,4.8828125e-07,0,1
0001470134_Raw03_f_00001.jpg,numeric,0001470134,03,4096,3000,1,37.220049560546876,35.06478288372025,2.3450033977525315,47.91350555419922,7.975529193878174,2.0,0.49277213541666665,5.859375e-06,0,1
0001470136_Raw10_f_00005.jpg,numeric,0001470136,10,4096,3000,1,26.9759140625,23.684396243814657,1.5477027218436157,17.148950576782227,5.903669834136963,2.0,0.45611328125,0.0,0,1
0001470136_Raw12_f_00005.jpg,numeric,0001470136,12,4096,3000,1,87.50990584309896,37.55869689027595,4.959061428554971,60.021400451660156,10.987322807312012,4.0,5.126953125e-06,3.255208333333333e-07,0,1
0001470136_Raw13_f_00001.jpg,numeric,0001470136,13,4096,3000,1,49.699796875,72.6822840744948,0.4998716031666124,60.95486068725586,9.571309089660645,1.0,0.6662338053385417,0.002549153645833333,0,1
0001470136_Raw13_f_00005.jpg,numeric,0001470136,13,4096,3000,1,89.10628181966146,62.78826060200636,5.787293689039453,61.28470993041992,11.177197456359863,3.0,0.2732444661458333,1.7822265625e-05,0,1
0001470142_Raw13_f_00003.jpg,numeric,0001470142,13,4096,3000,1,51.20789436848958,31.07761351572206,2.9383581945356783,29.752290725708008,8.22656536102295,2.0,0.274638671875,4.8828125e-07,0,1
0001470142_Raw13_f_00004.jpg,numeric,0001470142,13,4096,3000,1,51.33936824544271,31.102519719810438,2.9020900940128165,28.36931800842285,7.951572895050049,2.0,0.2742275390625,4.069010416666667e-07,0,1
0001470142_Raw13_f_00009.jpg,numeric,0001470142,13,4096,3000,1,49.466858317057294,29.80589491494821,3.0758782343886466,34.56340026855469,8.868824005126953,3.0,0.27514697265625,3.336588541666667e-06,0,1
0001470143_Raw13_f_00001.jpg,numeric,0001470143,13,4096,3000,1,52.38839282226562,32.528298688220936,3.0308324647481975,37.44679260253906,9.094524383544922,2.0,0.27141837565104165,1.8310546875e-05,0,1
0001470144_Raw02_f_00001.jpg,numeric,0001470144,02,4096,3000,1,103.06550561523437,27.56815754921344,4.451105882846141,156.3083038330078,13.435161590576172,7.0,0.0,0.0003260091145833333,1,0
0001470145_Raw10_f_00010.jpg,numeric,0001470145,10,4096,3000,1,15.816504313151041,15.652967365870158,0.9627703135553832,10.316880226135254,3.481624126434326,1.0,0.5435919596354166,0.0,0,1
0001470145_Raw13_f_00007.jpg,numeric,0001470145,13,4096,3000,1,54.62618937174479,32.749009458505654,2.812058425075872,32.24645233154297,8.350419044494629,3.0,0.264361328125,8.951822916666667e-07,0,1
0001470146_Raw11_f_00009.jpg,numeric,0001470146,11,4096,3000,1,29.220354329427085,7.266828425746839,1.1779973533824533,12.802273750305176,4.689723014831543,2.0,0.014865966796875,0.0,0,1
0001470146_Raw13_f_00001.jpg,numeric,0001470146,13,4096,3000,1,54.367037434895835,33.391805369665214,3.4399151710292775,49.27962112426758,9.838033676147461,3.0,0.267960205078125,8.7890625e-06,0,1
0001470146_Raw13_f_00002.jpg,numeric,0001470146,13,4096,3000,1,53.81456844075521,32.63354048620577,2.998944653935454,50.68228530883789,9.37915325164795,3.0,0.2684208984375,6.103515625e-06,0,1
0001470146_Raw13_f_00008.jpg,numeric,0001470146,13,4096,3000,1,54.40712841796875,32.89641886863934,2.8166566508595126,37.59001922607422,8.429774284362793,3.0,0.2678772786458333,1.6031901041666666e-05,0,1
0001470148_Raw10_f_00009.jpg,numeric,0001470148,10,4096,3000,1,15.163301920572916,14.9681984598173,0.9323864935221365,11.13779067993164,3.7502429485321045,2.0,0.5435060221354167,0.0,0,1
0001470148_Raw12_f_00004.jpg,numeric,0001470148,12,4096,3000,1,47.73369913736979,12.718294362985835,1.9490107608854808,22.576433181762695,6.001992225646973,3.0,8.056640625e-05,0.0,0,1
0001470148_Raw13_f_00006.jpg,numeric,0001470148,13,4096,3000,1,51.628236979166665,30.896553913360417,2.724195626988844,36.44974136352539,8.238173484802246,3.0,0.2658017578125,2.848307291666667e-06,0,1
0001470152_Raw12_f_00006.jpg,numeric,0001470152,12,4096,3000,1,42.27637345377604,10.422781825358419,1.6841036899967472,15.482911109924316,4.9883809089660645,2.0,0.00019392903645833333,0.0,0,1
0001470154_Raw02_f_00001.jpg,numeric,0001470154,02,4096,3000,1,79.27043587239584,13.426160732336555,2.4862273981649716,41.5653076171875,8.200516700744629,4.0,0.0,1.708984375e-05,0,1
0001470155_Raw12_f_00002.jpg,numeric,0001470155,12,4096,3000,1,41.89203694661458,10.938909666655498,1.6650946183027198,13.29758071899414,5.038702964782715,2.0,0.00048380533854166667,8.138020833333333e-08,0,1
0001470155_Raw12_f_00005.jpg,numeric,0001470155,12,4096,3000,1,41.33145320638021,10.890381230197484,1.6953860110928969,13.868644714355469,5.201467990875244,2.0,0.0006897786458333334,8.138020833333333e-08,0,1
0001470156_Raw12_f_00005.jpg,numeric,0001470156,12,4096,3000,1,42.038704020182294,10.616495461110267,1.6454165915656107,15.197579383850098,5.344898223876953,2.0,0.00032486979166666667,0.0,0,1
0001470157_Raw13_f_00006.jpg,numeric,0001470157,13,4096,3000,1,44.07508780924479,26.499105221871815,2.1844824623218333,29.774429321289062,6.833768844604492,2.0,0.27327823893229164,1.46484375e-06,0,1
0001470159_Raw02_f_00001.jpg,numeric,0001470159,02,4096,3000,1,81.39303181966146,15.848597760447376,2.6011087475332095,56.83997344970703,8.996841430664062,5.0,0.0,2.0182291666666667e-05,0,1
0001470161_Raw13_f_00004.jpg,numeric,0001470161,13,4096,3000,1,43.656395263671875,26.222927895689754,2.2357901760238796,27.446866989135742,6.695557117462158,2.0,0.27341064453125,3.2552083333333335e-06,0,1
0001470162_Raw12_f_00004.jpg,numeric,0001470162,12,4096,3000,1,43.42510546875,10.475340261879689,1.5797787277046929,16.64589500427246,5.000062942504883,3.0,9.2529296875e-05,0.0,0,1
0001470163_Raw13_f_00002.jpg,numeric,0001470163,13,4096,3000,1,45.2772978515625,26.49880476083936,1.9954428219046272,26.369897842407227,6.387614727020264,2.0,0.2649597981770833,1.3834635416666668e-06,0,1
0001470164_Raw12_f_00001.jpg,numeric,0001470164,12,4096,3000,1,41.575166178385416,11.337912931487029,1.6472620276374061,17.214061737060547,5.67672061920166,2.0,0.010687255859375,2.44140625e-06,0,1
0001470166_Raw12_f_00007.jpg,numeric,0001470166,12,4096,3000,1,43.595412923177086,10.917555501067199,1.7094108057803516,14.887506484985352,5.198328018188477,2.0,0.00031526692708333336,2.1158854166666666e-06,0,1
0001470167_Raw12_f_00003.jpg,numeric,0001470167,12,4096,3000,1,44.44972819010417,10.69426999534849,1.5832108868377666,16.015609741210938,5.077763080596924,2.0,5.973307291666667e-05,0.0,0,1
0001470168_Raw10_f_00004.jpg,numeric,0001470168,10,4096,3000,1,14.50727294921875,14.001044121501462,4.503729247318441,53.09038162231445,11.298678398132324,2.0,0.5571924641927083,1.6276041666666666e-07,0,1
0001470172_Raw10_f_00001.jpg,numeric,0001470172,10,4096,3000,1,14.69326171875,13.31600955692222,3.3280081480707557,31.099458694458008,8.32982349395752,2.0,0.501914794921875,1.7903645833333333e-06,0,1
0001470173_Raw10_f_00001.jpg,numeric,0001470173,10,4096,3000,1,16.57433211263021,14.95397621872032,3.4980019131077773,36.88174057006836,9.586400985717773,2.0,0.475302978515625,8.138020833333333e-08,0,1
0001470173_Raw10_f_00006.jpg,numeric,0001470173,10,4096,3000,1,16.096241455078125,14.749862724499136,3.387657368795787,38.92334747314453,9.481236457824707,2.0,0.48218098958333333,3.824869791666666e-06,1,0
0001470175_Raw00_f_00002.jpg,numeric,0001470175,00,4096,3000,1,44.58398624674479,23.26651956785206,4.594199585195268,81.79739379882812,15.959810256958008,4.0,0.21785750325520833,9.765625e-07,0,1
0001470175_Raw13_f_00002.jpg,numeric,0001470175,13,4096,3000,1,41.00769246419271,26.370316480808505,5.108419841604677,158.76377868652344,17.519990921020508,3.0,0.268078857421875,0.00020255533854166667,0,1
0001470178_Raw13_f_00001.jpg,numeric,0001470178,13,4096,3000,1,72.79369083658854,50.581985948516206,10.188079894817248,471.1786193847656,33.10691452026367,7.0,0.2698893229166667,0.00025325520833333336,0,1
0001470178_Raw13_f_00005.jpg,numeric,0001470178,13,4096,3000,1,74.27924080403646,52.72605854712788,13.35182578653913,776.9698486328125,41.96493911743164,9.0,0.26873291015625,0.00022102864583333333,0,1
0001470180_Raw13_f_00007.jpg,numeric,0001470180,13,4096,3000,1,57.56578759765625,38.179000255390484,13.401560939849293,581.0814819335938,37.55630874633789,7.0,0.2690812174479167,0.000272705078125,0,1
0001470181_Raw10_f_00002.jpg,numeric,0001470181,10,4096,3000,1,15.3669501953125,13.834301188841708,3.3204354021419986,31.711145401000977,8.77711009979248,2.0,0.4860054524739583,8.138020833333333e-08,1,0
0001470181_Raw13_f_00003.jpg,numeric,0001470181,13,4096,3000,1,71.50646451822917,47.978967570603196,9.491843486138144,565.9304809570312,33.33824157714844,6.0,0.269285888671875,0.00014249674479166667,0,1
0001470181_Raw13_f_00005.jpg,numeric,0001470181,13,4096,3000,1,79.67706689453125,52.554525562319405,7.549237424269743,313.0346374511719,23.432823181152344,4.0,0.26825732421875,0.00025602213541666666,0,1
0001470183_Raw12_f_00001.jpg,numeric,0001470183,12,4096,3000,1,47.97544840494792,13.887990379333933,2.282492374603179,21.848291397094727,6.5067877769470215,3.0,0.0002421875,2.44140625e-06,0,1
0001470184_Raw12_f_00004.jpg,numeric,0001470184,12,4096,3000,1,47.40497314453125,12.70680404932891,1.8351178526878529,14.742081642150879,5.032425403594971,2.0,5.476888020833333e-05,2.44140625e-07,0,1
0001470187_Raw12_f_00003.jpg,numeric,0001470187,12,4096,3000,1,43.41958878580729,10.805064000739169,1.5495395521475697,13.513555526733398,4.6413140296936035,2.0,0.00011678059895833333,0.0,0,1
0001470188_Raw00_f_00002.jpg,numeric,0001470188,00,4096,3000,1,59.908040364583336,30.117997864708347,3.5191532663116876,71.85320281982422,12.443572998046875,4.0,0.21805069986979167,1.8717447916666666e-06,0,1
0001470190_Raw11_f_00010.jpg,numeric,0001470190,11,4096,3000,1,27.104801513671877,6.738159799665709,1.0637023563114547,10.916062355041504,4.261139869689941,2.0,0.040239908854166666,0.0,0,1
0001470191_Raw12_f_00001.jpg,numeric,0001470191,12,4096,3000,1,51.31706925455729,15.104601744564564,2.358332770920042,31.45450782775879,7.346170425415039,3.0,9.822591145833333e-05,1.3020833333333333e-06,0,1
0001470195_Raw13_f_00001.jpg,numeric,0001470195,13,4096,3000,1,48.95675870768229,31.223654911625076,3.483651686497651,90.50273132324219,10.971860885620117,3.0,0.28324373372395834,2.2135416666666668e-05,0,1
0001470195_Raw13_f_00006.jpg,numeric,0001470195,13,4096,3000,1,47.8085380859375,28.267321887719635,2.5817222929463446,33.4060173034668,7.6206889152526855,3.0,0.2671075846354167,3.743489583333333e-06,0,1
0001470198_Raw11_f_00009.jpg,numeric,0001470198,11,4096,3000,1,25.796197998046875,6.6867328328357765,0.9571733863633267,10.06014347076416,3.8366763591766357,2.0,0.056835042317708334,0.0,0,1
0001470200_Raw10_f_00010.jpg,numeric,0001470200,10,4096,3000,1,14.750092610677083,14.301649250934721,1.1415351801569222,12.184114456176758,3.989942789077759,2.0,0.5360887044270833,0.0,0,1
0001470201_Raw11_f_00009.jpg,numeric,0001470201,11,4096,3000,1,25.513579427083332,6.689717299877858,0.9188979936971275,9.865278244018555,3.683750629425049,2.0,0.06063321940104167,0.0,0,1
0001470201_Raw12_f_00002.jpg,numeric,0001470201,12,4096,3000,1,42.067821451822915,10.583063909947187,1.5141104821165299,13.663759231567383,4.811139106750488,2.0,0.00034016927083333333,1.6276041666666666e-07,0,1
0001470201_Raw13_f_00009.jpg,numeric,0001470201,13,4096,3000,1,44.69415445963541,26.446584281511388,2.2373647100451546,38.97415542602539,7.257129669189453,3.0,0.2696103515625,3.662109375e-06,0,1
0001470204_Raw10_f_00001.jpg,numeric,0001470204,10,4096,3000,1,13.973492513020833,13.479690017155534,1.1500978229093959,11.420489311218262,3.8730742931365967,2.0,0.53716015625,0.0,0,1
0001470204_Raw10_f_00003.jpg,numeric,0001470204,10,4096,3000,1,15.076737060546876,14.612364656700422,1.1636016210697095,12.119271278381348,4.017397880554199,2.0,0.5352252604166666,0.0,0,1
0001470204_Raw10_f_00012.jpg,numeric,0001470204,10,4096,3000,1,13.820164957682291,12.333317958575467,1.1093580095464959,9.480608940124512,3.8810670375823975,2.0,0.5348700358072916,0.0,0,1
0001470204_Raw11_f_00001.jpg,numeric,0001470204,11,4096,3000,1,24.801748209635416,6.673626936534125,1.2029979821882009,11.467363357543945,4.268446445465088,2.0,0.07459228515625,8.138020833333333e-08,0,1
0001470204_Raw11_f_00011.jpg,numeric,0001470204,11,4096,3000,1,25.513742106119793,6.644035811964379,1.0382084399245644,13.132804870605469,4.468575954437256,2.0,0.054479654947916664,0.0,0,1
0001470204_Raw11_f_00012.jpg,numeric,0001470204,11,4096,3000,1,23.943527994791665,6.445597547322894,0.9102061807918942,8.600401878356934,3.7489171028137207,2.0,0.10078133138020834,0.0,0,1
0001470204_Raw12_f_00004.jpg,numeric,0001470204,12,4096,3000,1,42.74952693684896,11.31134034453115,1.7094868063807787,23.8989315032959,5.77047061920166,3.0,0.00030550130208333335,8.138020833333333e-08,0,1
0001470204_Raw12_f_00011.jpg,numeric,0001470204,12,4096,3000,1,42.240803548177084,11.218461774333171,1.7889876262827888,23.27204132080078,5.9955949783325195,3.0,0.000807861328125,8.138020833333333e-08,0,1
0001470204_Raw12_f_00012.jpg,numeric,0001470204,12,4096,3000,1,40.716670491536455,10.562496040971808,1.603231211448234,17.07750701904297,5.2666335105896,2.0,0.000721923828125,1.6276041666666666e-07,0,1
0001470204_Raw13_f_00001.jpg,numeric,0001470204,13,4096,3000,1,43.75792724609375,26.371912293971622,2.478908535032052,39.90351867675781,7.975874423980713,3.0,0.26841544596354167,4.475911458333333e-06,0,1
0001470204_Raw13_f_00002.jpg,numeric,0001470204,13,4096,3000,1,43.710170654296874,25.907938839865043,2.2482091512332483,37.012577056884766,7.496535778045654,3.0,0.26851676432291666,1.5462239583333333e-06,0,1
0001470208_Raw03_f_00006.jpg,numeric,0001470208,03,4096,3000,1,53.2832412109375,58.8537911322107,2.1110192305671505,65.72710418701172,8.371600151062012,2.0,0.55629833984375,2.6204427083333334e-05,0,1
0001470208_Raw13_f_00003.jpg,numeric,0001470208,13,4096,3000,1,57.23611067708333,34.210427994751875,2.7061532869617206,50.5875244140625,9.386188507080078,3.0,0.26339884440104167,3.255208333333333e-07,0,1
0001470209_Raw12_f_00001.jpg,numeric,0001470209,12,4096,3000,1,44.792595377604165,25.363971412667404,2.702183842364649,46.925537109375,7.855080604553223,3.0,0.18171630859375,8.951822916666667e-07,0,1
0001470209_Raw13_f_00007.jpg,numeric,0001470209,13,4096,3000,1,54.74369506835937,33.359823375969675,2.720484339442935,54.869483947753906,9.308749198913574,3.0,0.267692138671875,4.7200520833333336e-06,0,1
0001471561_Raw10_f_00005.jpg,numeric,0001471561,10,4096,3000,1,8.610133544921876,7.424951456469515,1.08452650095485,12.028141021728516,4.471675395965576,1.0,0.796743408203125,1.6276041666666666e-07,1,0
0001471561_Raw11_f_00005.jpg,numeric,0001471561,11,4096,3000,1,17.24241845703125,7.28017325220047,1.9509388907378118,19.13193702697754,7.275426864624023,2.0,0.4280528157552083,1.8717447916666666e-06,1,0
0001472015_Raw02_f_00001.jpg,numeric,0001472015,02,4096,3000,1,69.79064241536459,18.1617289710937,2.7814084061292954,70.57691955566406,9.350549697875977,5.0,7.975260416666666e-06,2.9134114583333333e-05,3,0
0001472015_Raw12_f_00011.jpg,numeric,0001472015,12,4096,3000,1,31.30876505533854,11.234886911580036,2.516500227638672,38.99110412597656,8.071560859680176,4.0,0.031225016276041666,3.173828125e-06,1,0
0001472015_Raw12_f_00012.jpg,numeric,0001472015,12,4096,3000,1,31.28725146484375,12.886753968297628,2.3570028769180444,33.1073112487793,7.582864761352539,3.0,0.06866951497395833,1.6276041666666666e-07,1,0
0001472015_Raw13_f_00005.jpg,numeric,0001472015,13,4096,3000,1,35.68811702473958,23.181643128364225,3.2913097278328722,70.35496520996094,10.40558910369873,3.0,0.26685139973958333,1.07421875e-05,1,0
0001472015_Raw13_f_00006.jpg,numeric,0001472015,13,4096,3000,1,38.447732991536455,24.596738659119726,3.3956777761968038,62.76588439941406,10.217832565307617,3.0,0.26669384765625,2.2786458333333335e-06,2,0
0001472015_Raw13_f_00012.jpg,numeric,0001472015,13,4096,3000,1,32.11692260742188,22.12080068991894,3.4642336388235075,62.939849853515625,10.231325149536133,3.0,0.2745089518229167,8.382161458333333e-06,1,0
0001472031_Raw00_f_00001.jpg,numeric,0001472031,00,4096,3000,1,40.9951103515625,42.131166675286444,2.8550460757998266,68.59751892089844,10.009845733642578,2.0,0.507996337890625,6.339518229166666e-05,1,0
0001472031_Raw01_f_00002.jpg,numeric,0001472031,01,4096,3000,1,76.80846378580729,13.784680984536763,2.5991617303892056,66.98738861083984,10.391823768615723,5.0,3.255208333333333e-07,2.6692708333333334e-05,1,0
0001472031_Raw01_f_00004.jpg,numeric,0001472031,01,4096,3000,1,73.10418986002604,10.624666187637088,2.389428287555315,45.87782287597656,8.745750427246094,4.0,0.0,5.045572916666667e-06,1,0
0001472031_Raw01_f_00007.jpg,numeric,0001472031,01,4096,3000,1,72.55481225585937,9.663061084504104,2.2814508448603585,41.61836624145508,8.294624328613281,4.0,8.138020833333333e-08,1.953125e-06,2,0
0001472031_Raw01_f_00010.jpg,numeric,0001472031,01,4096,3000,1,69.72010115559895,9.522004898717482,2.180825269383706,37.30027770996094,7.911694526672363,4.0,0.0,1.3020833333333333e-06,1,0
0001472031_Raw02_f_00002.jpg,numeric,0001472031,02,4096,3000,1,59.656876790364585,33.18022769345973,2.3554131603047948,64.29865264892578,8.777600288391113,3.0,0.19742350260416666,1.0498046875e-05,1,0
0001472079_Raw02_f_00008.jpg,numeric,0001472079,02,4096,3000,1,59.8956513671875,17.142157321991082,4.90020932227975,165.04702758789062,15.949342727661133,6.0,3.90625e-06,5.045572916666667e-06,1,0
0001472114_Raw01_f_00006.jpg,numeric,0001472114,01,4096,3000,1,69.42064282226562,19.71633346086855,4.519724888520522,223.74574279785156,18.113325119018555,9.0,0.0,0.00016715494791666666,2,0
0001472114_Raw01_f_00007.jpg,numeric,0001472114,01,4096,3000,1,68.09833642578126,18.2048322080184,4.156205744176714,194.18829345703125,16.884246826171875,8.0,0.0,5.574544270833333e-05,1,0
0001472114_Raw01_f_00010.jpg,numeric,0001472114,01,4096,3000,1,66.84688460286458,17.20846504061493,4.054020901708579,174.8768768310547,16.223691940307617,8.0,0.0,3.0029296875e-05,1,0
0001472114_Raw01_f_00011.jpg,numeric,0001472114,01,4096,3000,1,66.25176782226562,16.855293134942617,3.9537123229009987,172.83343505859375,16.55133628845215,8.0,1.6276041666666666e-07,4.606119791666667e-05,1,0
0001472114_Raw01_f_00012.jpg,numeric,0001472114,01,4096,3000,1,58.41573876953125,25.044124994842196,4.345915270725553,172.67318725585938,16.84233856201172,6.0,0.097634033203125,0.00023006184895833334,1,0
0001472115_Raw00_f_00006.jpg,numeric,0001472115,00,4096,3000,1,44.446773600260414,28.68018435379311,4.122818509626031,140.43569946289062,14.671547889709473,4.0,0.29191715494791665,9.9853515625e-05,0,1
0001472115_Raw01_f_00002.jpg,numeric,0001472115,01,4096,3000,1,64.35184431966145,15.421035609919459,3.498295854579869,101.77452850341797,13.109731674194336,6.0,3.824869791666666e-06,2.2216796875e-05,2,0
0001472115_Raw01_f_00003.jpg,numeric,0001472115,01,4096,3000,1,62.806752197265624,15.14693866995057,3.603821939569988,109.00120544433594,13.548856735229492,6.0,4.557291666666667e-06,2.2379557291666665e-05,2,0
0001472115_Raw01_f_00006.jpg,numeric,0001472115,01,4096,3000,1,57.63819189453125,23.488454991955944,4.323455858025978,160.742431640625,16.567081451416016,6.0,0.08643758138020834,0.00017057291666666666,3,0
0001472117_Raw03_f_00001.jpg,numeric,0001472117,03,4096,3000,1,41.149026041666666,49.0332022751267,1.061119638248516,131.3422393798828,11.054877281188965,2.0,0.5750936686197917,0.00010432942708333334,3,0
0001472117_Raw12_f_00006.jpg,numeric,0001472117,12,4096,3000,1,29.138388753255207,8.466872139678571,1.640630502462251,25.625368118286133,5.675229072570801,3.0,0.03711173502604167,1.6031901041666666e-05,2,0
0001472180_Raw11_f_00010.jpg,numeric,0001472180,11,4096,3000,1,17.96694677734375,5.865094036534175,1.2413387927650186,8.81106948852539,4.172146797180176,2.0,0.398462890625,0.0,0,1
0001472180_Raw12_f_00003.jpg,numeric,0001472180,12,4096,3000,1,27.38849861653646,9.586598654193768,2.3097621967576893,16.31934356689453,6.835562705993652,2.0,0.06334635416666666,1.8717447916666666e-06,0,1
0001472180_Raw12_f_00010.jpg,numeric,0001472180,12,4096,3000,1,32.08404475911458,9.962527035948604,2.1874732023113457,15.932907104492188,6.586928844451904,2.0,0.02766796875,1.6276041666666666e-07,0,1
0001472185_Raw01_f_00008.jpg,numeric,0001472185,01,4096,3000,1,72.6761719563802,10.140264642627148,3.417751779824366,59.16556167602539,11.964153289794922,5.0,0.0,0.0,0,1
0001472185_Raw12_f_00003.jpg,numeric,0001472185,12,4096,3000,1,31.230117024739585,8.087201265733228,1.5944749224832218,12.143738746643066,4.5390238761901855,2.0,0.018264892578125,2.44140625e-07,0,1
0001472187_Raw02_f_00002.jpg,numeric,0001472187,02,4096,3000,1,41.536514892578126,19.903250661072,4.639285076858627,120.43995666503906,16.872905731201172,4.0,0.08710489908854167,7.32421875e-07,1,0
0001472187_Raw10_f_00002.jpg,numeric,0001472187,10,4096,3000,1,4.8618562825520835,8.21742715341383,0.37210673530905447,17.740041732788086,3.7707040309906006,1.0,0.8967666015625,5.452473958333333e-06,1,0
0001472187_Raw10_f_00003.jpg,numeric,0001472187,10,4096,3000,1,4.945272054036458,8.375931135176996,0.38830523155459107,17.23300552368164,3.8799941539764404,1.0,0.8927196451822916,5.208333333333333e-06,1,0
0001472191_Raw02_f_00001.jpg,numeric,0001472191,02,4096,3000,1,85.58170483398438,45.568124762872756,5.254644301553666,209.4444122314453,16.17178726196289,6.0,0.13477425130208334,0.00030224609375,1,0
0001472191_Raw12_f_00002.jpg,numeric,0001472191,12,4096,3000,1,59.63590242513021,26.74919548470609,5.085984597959506,112.76317596435547,16.674102783203125,5.0,0.01008837890625,3.206380208333333e-05,1,0
0001472191_Raw12_f_00007.jpg,numeric,0001472191,12,4096,3000,1,68.28494181315104,28.57732142133336,5.114875117136259,79.34183502197266,13.70285701751709,5.0,0.012166015625,6.103515625e-06,0,1
0001472207_Raw02_f_00001.jpg,numeric,0001472207,02,4096,3000,1,92.48160945638021,25.216963294517036,3.953097117868262,78.32630920410156,11.891879081726074,5.0,0.0,3.41796875e-05,0,1
0001472220_Raw02_f_00000.jpg,numeric,0001472220,02,4096,3000,1,57.319207275390625,74.26716517044576,0.07935930732073784,201.56497192382812,14.143397331237793,0.0,0.6000928548177084,0.0049695638020833335,0,1
0001472220_Raw10_f_00002.jpg,numeric,0001472220,10,4096,3000,1,21.560649251302085,13.32988812909553,1.637728722747006,14.976604461669922,5.274316787719727,2.0,0.3117527669270833,4.8828125e-07,5,0
0001472220_Raw11_f_00001.jpg,numeric,0001472220,11,4096,3000,1,33.226829833984375,10.5834799407734,2.004654583768313,24.513378143310547,7.096373558044434,3.0,0.024713948567708335,8.138020833333333e-08,5,0
0001472220_Raw12_f_00006.jpg,numeric,0001472220,12,4096,3000,1,55.31534977213542,18.475799402750976,3.915870367302531,61.021751403808594,12.553701400756836,4.0,0.0002959798177083333,2.44140625e-07,0,1
0001472220_Raw13_f_00006.jpg,numeric,0001472220,13,4096,3000,1,62.228031656901045,43.72759906256394,4.98568718595528,90.13648986816406,13.31025218963623,3.0,0.2867958984375,0.00021549479166666668,0,1
0001472221_Raw02_f_00001.jpg,numeric,0001472221,02,4096,3000,1,87.53029451497396,28.454429353846464,4.396003548269974,136.82200622558594,14.327668190002441,6.0,0.0,0.000126708984375,2,0
0001472221_Raw10_f_00002.jpg,numeric,0001472221,10,4096,3000,1,19.75938916015625,13.143014484167672,1.5411595714750113,10.870452880859375,4.839217662811279,2.0,0.3615992024739583,0.0,0,1
0001472221_Raw11_f_00002.jpg,numeric,0001472221,11,4096,3000,1,28.171054524739585,7.393925077039836,1.6599698734045738,16.767547607421875,5.921711444854736,3.0,0.029039306640625,1.6276041666666666e-07,0,1
0001472221_Raw12_f_00002.jpg,numeric,0001472221,12,4096,3000,1,49.732814697265624,19.9645150973407,3.965405054418926,49.817623138427734,10.744911193847656,4.0,0.002699137369791667,1.3834635416666668e-06,2,0
0001472221_Raw13_f_00002.jpg,numeric,0001472221,13,4096,3000,1,57.62069148763021,36.96451022598709,5.490796057276459,81.46896362304688,15.168354034423828,4.0,0.26475252278645833,2.2786458333333335e-06,0,1
0001472221_Raw13_f_00004.jpg,numeric,0001472221,13,4096,3000,1,61.090927734375,40.89344635517249,4.033827728546377,59.47867202758789,11.609318733215332,3.0,0.275159423828125,2.1321614583333333e-05,0,1
0001472227_Raw03_f_00000.jpg,numeric,0001472227,03,4096,3000,1,22.484403564453125,44.12270337596078,0.36447280161644463,42.88291549682617,6.176270961761475,0.0,0.8047383626302084,2.5227864583333333e-06,1,0
0001472227_Raw03_f_00009.jpg,numeric,0001472227,03,4096,3000,1,81.20802270507812,34.281049263619664,3.5932591722191396,57.89789581298828,10.289783477783203,4.0,0.11821598307291667,4.069010416666667e-07,0,1
0001472227_Raw03_f_00010.jpg,numeric,0001472227,03,4096,3000,1,43.98380598958333,44.74615994740977,3.1218262333432003,51.115543365478516,7.529052257537842,2.0,0.498185546875,2.44140625e-07,2,0
0001472227_Raw12_f_00007.jpg,numeric,0001472227,12,4096,3000,1,54.00137882486979,17.728412630327608,2.2791008777014037,22.291749954223633,6.465762138366699,3.0,9.627278645833333e-05,8.138020833333333e-08,1,0
0001472227_Raw12_f_00009.jpg,numeric,0001472227,12,4096,3000,1,53.44933048502604,17.64458251987768,2.513276768900031,22.40888023376465,6.685950756072998,3.0,0.00012394205729166668,8.138020833333333e-08,0,1
0001472228_Raw01_f_00019.jpg,numeric,0001472228,01,4096,3000,1,86.44266137695313,17.315937343322766,5.223086033418928,160.97828674316406,20.358871459960938,8.0,0.0,4.557291666666667e-06,3,0
0001472228_Raw02_f_00019.jpg,numeric,0001472228,02,4096,3000,1,79.98524308268229,20.838513134230617,3.8530926560301335,97.00074768066406,13.817496299743652,6.0,0.0,0.0,4,0
0001472228_Raw02_f_00020.jpg,numeric,0001472228,02,4096,3000,1,68.30410237630208,30.711256698819223,5.201515766539257,123.25763702392578,18.508405685424805,6.0,0.11331998697916666,7.731119791666667e-06,1,0
0001472228_Raw03_f_00020.jpg,numeric,0001472228,03,4096,3000,1,69.41797192382812,45.62853953602167,7.463947980503961,170.6792755126953,21.15176773071289,5.0,0.2656913248697917,1.904296875e-05,2,0
0001472228_Raw11_f_00020.jpg,numeric,0001472228,11,4096,3000,1,28.562953043619792,13.41758038345926,1.696707914784361,20.40997314453125,5.757339954376221,2.0,0.13688313802083332,0.0,5,0
0001472228_Raw12_f_00018.jpg,numeric,0001472228,12,4096,3000,1,54.10134594726563,18.490633483101508,3.0354915776058338,47.2137565612793,9.514941215515137,4.0,0.0004905598958333333,2.685546875e-06,4,0
0001472229_Raw00_f_00000.jpg,numeric,0001472229,00,4096,3000,1,40.84834285481771,46.695987964932534,2.2352829911345093,43.34777069091797,8.33211612701416,2.0,0.5763321126302083,7.649739583333333e-06,0,1
0001472229_Raw00_f_00007.jpg,numeric,0001472229,00,4096,3000,1,78.4420810546875,53.79136768891171,10.561340632294982,225.26390075683594,22.845510482788086,5.0,0.249318603515625,0.0047521158854166665,4,0
0001472229_Raw01_f_00006.jpg,numeric,0001472229,01,4096,3000,1,107.90775537109376,22.18039621190839,5.476693714129324,226.19345092773438,20.95720672607422,7.0,0.0,0.000288330078125,1,0
0001472229_Raw01_f_00007.jpg,numeric,0001472229,01,4096,3000,1,106.18289420572917,35.524086290477804,10.654114593304495,296.4207458496094,26.292463302612305,8.0,8.138020833333333e-08,0.007868733723958334,4,0
0001472229_Raw02_f_00005.jpg,numeric,0001472229,02,4096,3000,1,87.12862451171875,19.528069799572215,2.6947150032107046,41.427223205566406,8.111052513122559,4.0,8.138020833333333e-08,1.0579427083333333e-06,2,0
0001472229_Raw13_f_00000.jpg,numeric,0001472229,13,4096,3000,1,30.229921549479165,39.5810068677936,1.5894520813295197,187.41058349609375,13.77565860748291,1.0,0.6214938151041667,0.00026822916666666667,2,0
0001472229_Raw13_f_00004.jpg,numeric,0001472229,13,4096,3000,1,47.67020125325521,34.26603115435387,4.379693859550253,139.13134765625,16.51260757446289,4.0,0.3257510579427083,1.6520182291666667e-05,5,0
0001472230_Raw13_f_00001.jpg,numeric,0001472230,13,4096,3000,1,39.89922338867188,37.077349851196495,6.603947795523105,209.66468811035156,20.64388084411621,4.0,0.4089620768229167,8.30078125e-05,1,0
0001472248_Raw12_f_00002.jpg,numeric,0001472248,12,4096,3000,1,64.5682265625,25.375637254405245,5.249415475373427,104.40048217773438,14.57518196105957,6.0,0.0006229654947916667,7.32421875e-06,1,0
0001472267_Raw11_f_00007.jpg,numeric,0001472267,11,4096,3000,1,25.1474248046875,7.868499589104247,1.5254731273001878,19.14337730407715,5.931192874908447,3.0,0.11409391276041667,0.0,0,1
0001472267_Raw13_f_00001.jpg,numeric,0001472267,13,4096,3000,1,45.214891438802084,44.18906889846788,6.935277271119873,176.35357666015625,19.287235260009766,3.0,0.437551025390625,9.415690104166666e-05,1,0
0001472280_Raw12_f_00001.jpg,numeric,0001472280,12,4096,3000,1,29.814159423828126,15.789759070966848,4.544470128689862,159.57960510253906,16.104095458984375,4.0,0.12584773763020835,0.00034334309895833336,0,1
0001472280_Raw13_f_00001.jpg,numeric,0001472280,13,4096,3000,1,41.958113444010415,33.25818484163617,6.512185200739641,136.50999450683594,18.00790023803711,3.0,0.347122314453125,0.0003981119791666667,0,1
0001472291_Raw00_f_00003.jpg,numeric,0001472291,00,4096,3000,1,57.68476936848958,28.087269438639805,2.4313509732683185,30.051265716552734,8.601951599121094,3.0,0.20454239908854166,8.138020833333333e-08,2,0
0001472291_Raw13_f_00008.jpg,numeric,0001472291,13,4096,3000,1,30.779994059244792,18.552113504969363,2.4969970607999636,31.115398406982422,7.337296009063721,3.0,0.267547119140625,0.0,0,1
0001472295_Raw00_f_00006.jpg,numeric,0001472295,00,4096,3000,1,57.18782666015625,28.2332812971835,2.6297077887265,29.454601287841797,8.670631408691406,3.0,0.208343017578125,8.138020833333333e-08,0,1
0001472295_Raw12_f_00000.jpg,numeric,0001472295,12,4096,3000,1,14.3181064453125,17.011367638360873,0.4966120345086723,19.647537231445312,4.615027904510498,1.0,0.6001127115885416,6.510416666666666e-07,0,1
0001472295_Raw12_f_00001.jpg,numeric,0001472295,12,4096,3000,1,31.820797607421873,9.049730138947826,2.022011680754388,16.75312042236328,5.78085470199585,3.0,0.017517333984375,0.0,0,1
0001472295_Raw13_f_00007.jpg,numeric,0001472295,13,4096,3000,1,36.32532023111979,21.51466991342308,2.4010729791459973,37.2326774597168,7.385216236114502,3.0,0.26710359700520836,1.3020833333333333e-06,0,1
0001472295_Raw13_f_00010.jpg,numeric,0001472295,13,4096,3000,1,38.98102921549479,23.541805191788317,2.4165960465818452,45.84480285644531,7.7319440841674805,3.0,0.2723642578125,3.743489583333333e-06,0,1
0001472298_Raw11_f_00003.jpg,numeric,0001472298,11,4096,3000,1,20.265312418619793,5.679257049904107,0.9975823161206389,9.975911140441895,4.012059688568115,2.0,0.21618505859375,0.0,0,1
0001472298_Raw11_f_00005.jpg,numeric,0001472298,11,4096,3000,1,20.325349365234374,5.442324510864563,0.8256332039941054,8.408209800720215,3.502821922302246,2.0,0.20221223958333334,0.0,0,1
0001472298_Raw12_f_00002.jpg,numeric,0001472298,12,4096,3000,1,33.20326985677083,9.977928109914927,1.6837472845773225,16.561952590942383,5.517798900604248,3.0,0.015511393229166667,0.0,0,1
0001472298_Raw12_f_00012.jpg,numeric,0001472298,12,4096,3000,1,33.093787272135415,9.161689866323787,1.9231621837159971,20.246259689331055,6.016430854797363,3.0,0.011817952473958334,0.0,0,1
0001472299_Raw00_f_00005.jpg,numeric,0001472299,00,4096,3000,1,55.47992578125,27.795885112498205,2.301677913709809,31.492660522460938,8.483567237854004,3.0,0.21234488932291667,0.0,1,0
0001472299_Raw01_f_00006.jpg,numeric,0001472299,01,4096,3000,1,77.48604720052083,11.055073284510467,2.4836747474738474,55.319087982177734,9.600971221923828,5.0,0.0,9.765625e-07,0,1
0001472299_Raw10_f_00001.jpg,numeric,0001472299,10,4096,3000,1,5.52965234375,8.494138094531952,0.4376970271487943,7.123405456542969,2.5748395919799805,1.0,0.8483904622395834,0.0,0,1
0001472299_Raw10_f_00003.jpg,numeric,0001472299,10,4096,3000,1,9.78152001953125,10.803077906172492,0.651208793765526,8.263161659240723,3.343231439590454,1.0,0.6581370442708333,0.0,0,1
0001472299_Raw11_f_00003.jpg,numeric,0001472299,11,4096,3000,1,19.493230224609373,5.881451624651003,0.9932794947000785,9.311406135559082,4.0073747634887695,2.0,0.277629150390625,0.0,0,1
0001472299_Raw11_f_00012.jpg,numeric,0001472299,11,4096,3000,1,20.74155281575521,5.7733807556041095,1.0230419190285884,10.634114265441895,3.9829795360565186,2.0,0.19265901692708334,0.0,0,1
0001472299_Raw12_f_00002.jpg,numeric,0001472299,12,4096,3000,1,32.13697224934896,9.176770515941714,1.8940039841858491,16.65511703491211,5.822030067443848,3.0,0.019333577473958332,0.0,0,1
0001472299_Raw12_f_00009.jpg,numeric,0001472299,12,4096,3000,1,34.47436938476562,9.170197158356265,1.724923097354163,20.177961349487305,5.925450325012207,3.0,0.003726481119791667,0.0,0,1
0001472299_Raw13_f_00004.jpg,numeric,0001472299,13,4096,3000,1,36.121352945963544,22.286977501549252,2.4620931145146754,47.95875930786133,7.577934741973877,3.0,0.271309814453125,2.685546875e-06,0,1
0001472302_Raw01_f_00010.jpg,numeric,0001472302,01,4096,3000,1,87.46135734049479,13.469337196212857,2.9976461357587736,68.49565887451172,11.407204627990723,5.0,8.138020833333333e-08,8.951822916666667e-07,1,0
0001472302_Raw11_f_00001.jpg,numeric,0001472302,11,4096,3000,1,17.958472412109376,8.341448661665385,1.1977640690406457,13.45398998260498,4.352227210998535,2.0,0.30521541341145836,3.41796875e-06,0,1
0001472302_Raw12_f_00001.jpg,numeric,0001472302,12,4096,3000,1,29.353606526692708,14.296522403636915,2.092610835785041,31.59336280822754,6.630511283874512,2.0,0.14750651041666665,4.069010416666667e-07,0,1
0001472302_Raw12_f_00006.jpg,numeric,0001472302,12,4096,3000,1,35.39632942708333,10.63626926742823,1.9259015534614852,23.172775268554688,6.145636081695557,3.0,0.0075642903645833336,0.0,0,1
0001472318_Raw03_f_00003.jpg,numeric,0001472318,03,4096,3000,1,83.60697517903645,62.75729633664557,6.730787159681351,260.41986083984375,20.526287078857422,5.0,0.3485008138020833,0.000533935546875,2,0
0001472318_Raw13_f_00002.jpg,numeric,0001472318,13,4096,3000,1,35.45468440755209,21.088577877781077,2.7489970623548214,55.64509201049805,8.704863548278809,3.0,0.2694532063802083,9.765625e-07,0,1
0001472319_Raw03_f_00001.jpg,numeric,0001472319,03,4096,3000,1,84.64070426432292,65.82926197935232,8.248523590198968,310.60986328125,23.36003303527832,5.0,0.35663045247395836,0.0036503092447916666,1,0
0001472319_Raw03_f_00002.jpg,numeric,0001472319,03,4096,3000,1,82.11465771484374,62.13633117285527,6.518978707802043,260.3653259277344,20.445215225219727,5.0,0.3552374674479167,0.00042171223958333335,4,0
0001472319_Raw03_f_00004.jpg,numeric,0001472319,03,4096,3000,1,88.06631909179687,67.03943275354241,6.442009384091985,249.0717010498047,19.96753692626953,5.0,0.354403564453125,0.0003994140625,0,1
0001472319_Raw13_f_00004.jpg,numeric,0001472319,13,4096,3000,1,39.25214274088542,23.85269624274445,3.499202946196251,81.5649185180664,10.436939239501953,3.0,0.2643444010416667,6.819661458333333e-05,1,0
0001472381_Raw12_f_00012.jpg,numeric,0001472381,12,4096,3000,1,36.67429215494791,11.04749285954522,2.1743095129759737,37.40033721923828,7.176600933074951,4.0,0.010133382161458333,0.0,0,1
0001472441_Raw00_f_00010.jpg,numeric,0001472441,00,4096,3000,1,52.820735432942705,26.42267188527296,3.639513059690154,47.476295471191406,10.350198745727539,4.0,0.2052763671875,2.44140625e-07,1,0
0001472441_Raw00_f_00018.jpg,numeric,0001472441,00,4096,3000,1,53.755933268229164,27.005632847963106,3.4220004868146363,48.22077560424805,10.434475898742676,4.0,0.20574747721354167,8.138020833333334e-07,1,0
0001472441_Raw00_f_00024.jpg,numeric,0001472441,00,4096,3000,1,42.125421549479164,32.76735627034848,3.5970652079143557,60.993309020996094,11.011576652526855,3.0,0.3888142903645833,5.1513671875e-05,1,0
0001472441_Raw02_f_00019.jpg,numeric,0001472441,02,4096,3000,1,68.20948836263021,12.865489684850726,3.0910209263366344,46.67534255981445,10.147221565246582,4.0,0.0,1.220703125e-06,1,0
0001472441_Raw03_f_00012.jpg,numeric,0001472441,03,4096,3000,1,34.02700024414062,43.29841348246086,0.7366058942525786,44.48210906982422,8.365534782409668,1.0,0.6265042317708334,4.069010416666667e-06,0,1
0001472441_Raw03_f_00014.jpg,numeric,0001472441,03,4096,3000,1,33.51929109700521,42.65524683941829,0.7076447361684832,42.3254280090332,8.103681564331055,1.0,0.6272534993489584,2.7669270833333335e-06,0,1
0001472442_Raw00_f_00006.jpg,numeric,0001472442,00,4096,3000,1,53.74078540039063,27.268246493991985,3.1959071910523384,44.608402252197266,10.226693153381348,4.0,0.21165763346354166,1.6276041666666666e-07,1,0
0001472442_Raw00_f_00011.jpg,numeric,0001472442,00,4096,3000,1,53.2843212890625,26.853129681225635,3.2223359603837904,42.6032829284668,10.157816886901855,4.0,0.20796297200520833,8.138020833333334e-07,3,0
0001472442_Raw02_f_00017.jpg,numeric,0001472442,02,4096,3000,1,69.12619694010417,13.174906782719567,2.957468782161844,45.020652770996094,10.102479934692383,4.0,8.138020833333333e-08,5.696614583333334e-07,2,0
0001472442_Raw13_f_00009.jpg,numeric,0001472442,13,4096,3000,1,38.447974283854165,24.607161442074496,3.979616632528785,70.73238372802734,10.392156600952148,4.0,0.2678423665364583,7.8125e-06,0,1
0001472447_Raw10_f_00008.jpg,numeric,0001472447,10,4096,3000,1,13.241822916666667,11.772746600935546,1.4165478128247104,17.506772994995117,5.511488914489746,2.0,0.524957275390625,8.138020833333333e-08,0,1
0001472449_Raw13_f_00010.jpg,numeric,0001472449,13,4096,3000,1,34.71075691731771,21.821042381239117,3.923151658629296,67.18586730957031,11.15194034576416,3.0,0.27173323567708335,4.7770182291666664e-05,0,1
0001472449_Raw13_f_00012.jpg,numeric,0001472449,13,4096,3000,1,28.258960286458333,27.26676476461578,6.280773417518352,296.7320251464844,17.322961807250977,3.0,0.43641788736979165,0.000143310546875,0,1
0001472450_Raw00_f_00003.jpg,numeric,0001472450,00,4096,3000,1,62.501561197916665,32.3194949740116,3.208635071201349,53.536136627197266,10.329010009765625,4.0,0.20782356770833332,2.685546875e-06,0,1
0001472450_Raw00_f_00004.jpg,numeric,0001472450,00,4096,3000,1,63.72278287760417,33.1891945205991,3.2215595720133736,55.32292175292969,10.226897239685059,4.0,0.20939933268229166,8.626302083333334e-06,2,0
0001472450_Raw00_f_00006.jpg,numeric,0001472450,00,4096,3000,1,58.999059000651044,30.48110144962975,2.808033447387709,38.07609558105469,9.107012748718262,3.0,0.21448640950520834,1.1393229166666668e-06,0,1
0001472450_Raw00_f_00007.jpg,numeric,0001472450,00,4096,3000,1,59.35493513997396,31.000928977410148,2.8084947885620872,37.46495819091797,9.019681930541992,3.0,0.218455810546875,1.8717447916666666e-06,1,0
0001472450_Raw03_f_00001.jpg,numeric,0001472450,03,4096,3000,1,61.015740966796876,73.32631586387802,1.201042350479447,479.0367431640625,17.553550720214844,2.0,0.571849609375,0.006917561848958333,2,0
0001472453_Raw00_f_00003.jpg,numeric,0001472453,00,4096,3000,1,55.50730541992188,27.494493193014755,2.9142723171613873,34.982521057128906,9.187564849853516,3.0,0.20363883463541665,3.255208333333333e-07,1,0
0001472453_Raw00_f_00006.jpg,numeric,0001472453,00,4096,3000,1,56.46313061523438,28.19260200195532,2.8785919574507295,35.77436828613281,9.245238304138184,3.0,0.20510896809895834,2.44140625e-07,1,0
0001472453_Raw00_f_00009.jpg,numeric,0001472453,00,4096,3000,1,56.36315079752604,28.232358363305707,2.9273436658621206,37.046016693115234,9.393211364746094,3.0,0.20551009114583332,8.138020833333333e-08,1,0
0001472453_Raw00_f_00012.jpg,numeric,0001472453,00,4096,3000,1,56.12554305013021,28.425781478497075,3.0695952325086235,37.110923767089844,9.614084243774414,3.0,0.20908138020833333,4.069010416666667e-07,1,0
0001472453_Raw01_f_00006.jpg,numeric,0001472453,01,4096,3000,1,78.10454077148438,9.994653796485531,3.1127049886386375,51.05811309814453,11.172891616821289,5.0,1.6276041666666666e-07,2.44140625e-07,3,0
0001472453_Raw02_f_00006.jpg,numeric,0001472453,02,4096,3000,1,72.83514583333333,12.688748297512992,2.7652711181032306,41.27349090576172,9.31214714050293,4.0,7.32421875e-07,9.765625e-07,1,0
0001472453_Raw03_f_00007.jpg,numeric,0001472453,03,4096,3000,1,29.325310709635417,41.93794697615761,0.6092813593502875,27.96796417236328,6.436641693115234,1.0,0.6838711751302083,5.696614583333334e-07,0,1
0001472453_Raw03_f_00008.jpg,numeric,0001472453,03,4096,3000,1,29.262617431640624,41.76338277009726,0.6102002060452371,27.521533966064453,6.46719217300415,1.0,0.6838457845052084,4.069010416666667e-07,0,1
0001472453_Raw03_f_00010.jpg,numeric,0001472453,03,4096,3000,1,29.558282063802082,42.21401625607264,0.6061624857769989,29.471952438354492,6.546739101409912,1.0,0.6828816731770834,7.32421875e-07,0,1
0001472453_Raw03_f_00013.jpg,numeric,0001472453,03,4096,3000,1,30.29456844075521,42.73654974688172,0.6135455478463548,31.459806442260742,6.621657371520996,1.0,0.67756298828125,5.696614583333334e-07,0,1
0001472474_Raw00_f_00001.jpg,numeric,0001472474,00,4096,3000,1,51.737414225260416,33.130204979431305,4.590463505378924,91.71670532226562,12.861039161682129,4.0,0.26670784505208334,4.2399088541666666e-05,1,0
0001472474_Raw00_f_00004.jpg,numeric,0001472474,00,4096,3000,1,51.756915934244795,27.753337951991853,3.3646307141589817,60.586238861083984,9.82866382598877,4.0,0.20809065755208334,8.30078125e-06,2,0
0001472474_Raw00_f_00010.jpg,numeric,0001472474,00,4096,3000,1,52.21228653971354,28.40875890096038,3.2826171286915056,66.31696319580078,10.315234184265137,4.0,0.21196223958333332,6.266276041666667e-06,1,0
0001472474_Raw13_f_00009.jpg,numeric,0001472474,13,4096,3000,1,42.07511311848958,26.62296934093839,3.942537115137108,75.80876159667969,11.201600074768066,4.0,0.26909488932291664,4.451497395833333e-05,0,1
0001472494_Raw01_f_00021.jpg,numeric,0001472494,01,4096,3000,1,78.92078955078125,14.876444387429638,6.72874767299874,219.2978057861328,25.88893699645996,8.0,3.255208333333333e-07,1.6276041666666666e-07,1,0
0001472494_Raw10_f_00012.jpg,numeric,0001472494,10,4096,3000,1,11.511082356770833,10.771068330888072,1.1816458402497125,13.67730712890625,5.385824680328369,1.0,0.5759729817708333,9.765625e-07,0,1
0001472494_Raw12_f_00015.jpg,numeric,0001472494,12,4096,3000,1,37.799193359375,13.466075295145922,3.7726635118336165,51.48122024536133,12.231812477111816,3.0,0.0035435384114583333,3.255208333333333e-07,0,1
0001472519_Raw01_f_00004.jpg,numeric,0001472519,01,4096,3000,1,51.56259708658854,9.529156689351852,3.5561781978023683,38.05004119873047,12.073726654052734,3.0,7.32421875e-07,2.8483072916666667e-05,1,0
0001472544_Raw00_f_00002.jpg,numeric,0001472544,00,4096,3000,1,59.312687744140625,32.44490357452076,3.9020206546662752,69.0057373046875,11.72921371459961,5.0,0.20419694010416667,3.173828125e-06,1,0
0001472544_Raw03_f_00002.jpg,numeric,0001472544,03,4096,3000,1,57.14357096354167,56.36486707953858,5.729680814367027,149.82748413085938,15.389552116394043,3.0,0.49196695963541665,0.00019807942708333334,1,0
0001472544_Raw03_f_00005.jpg,numeric,0001472544,03,4096,3000,1,63.68242390950521,61.58199296667572,6.355995898494354,179.4838409423828,16.955400466918945,3.0,0.47865087890625,0.000637451171875,1,0
0001472575_Raw03_f_00003.jpg,numeric,0001472575,03,4096,3000,1,68.86432796223959,56.35222801751742,3.7209203990228605,112.19100189208984,11.603075981140137,3.0,0.3991405436197917,5.8430989583333336e-05,1,0
0001472575_Raw03_f_00005.jpg,numeric,0001472575,03,4096,3000,1,69.15430997721354,56.29731524659548,3.6011889802679464,104.30810546875,11.38956356048584,3.0,0.39688680013020833,4.817708333333333e-05,1,0
0001472575_Raw03_f_00008.jpg,numeric,0001472575,03,4096,3000,1,70.23319205729166,56.173407208874195,3.3369819152882476,96.2666244506836,11.207703590393066,3.0,0.38821630859375,4.630533854166667e-05,1,0
0001473055_Raw00_f_00002.jpg,numeric,0001473055,00,4096,3000,1,56.745018310546875,32.937906201225466,2.4003168454838644,37.961124420166016,8.637245178222656,3.0,0.25982389322916666,0.0,1,0
0001473055_Raw00_f_00005.jpg,numeric,0001473055,00,4096,3000,1,55.92943831380208,32.410117602904755,2.320145481196703,32.77231216430664,7.969099521636963,3.0,0.2580227864583333,0.0,1,0
0001473055_Raw00_f_00008.jpg,numeric,0001473055,00,4096,3000,1,66.36340364583333,39.551485453675156,3.912331159613589,118.83091735839844,13.604758262634277,4.0,0.24306298828125,2.63671875e-05,0,1
0001473055_Raw01_f_00002.jpg,numeric,0001473055,01,4096,3000,1,86.6613779296875,13.492283263113439,2.902617585549418,60.61283874511719,10.716217041015625,5.0,0.0,8.951822916666667e-07,1,0
0001473055_Raw02_f_00007.jpg,numeric,0001473055,02,4096,3000,1,79.5237557779948,16.954002990482607,2.8429802258664534,60.088836669921875,9.291248321533203,5.0,1.6276041666666666e-07,9.765625e-07,1,0
0001473055_Raw11_f_00005.jpg,numeric,0001473055,11,4096,3000,1,22.808185139973958,7.950650387292694,1.4916014887242786,17.720142364501953,5.359806537628174,3.0,0.20500667317708332,0.0,0,1
0001473056_Raw01_f_00000.jpg,numeric,0001473056,01,4096,3000,1,32.71968107096354,51.784232148516374,0.12589631805867282,143.97593688964844,11.345841407775879,0.0,0.687030517578125,0.0007466634114583333,5,0
0001473056_Raw03_f_00000.jpg,numeric,0001473056,03,4096,3000,1,26.54570743815104,48.67261212680864,0.46495641399523946,123.05359649658203,8.336763381958008,1.0,0.7730703125,0.000878662109375,1,0
0001473056_Raw03_f_00003.jpg,numeric,0001473056,03,4096,3000,1,68.39827465820312,46.83095345598636,8.51478064633585,240.17922973632812,21.74654197692871,7.0,0.276403076171875,0.00022965494791666666,2,0
0001473056_Raw11_f_00003.jpg,numeric,0001473056,11,4096,3000,1,28.57923868815104,8.540938487498146,1.6374528508773734,31.081417083740234,6.519845008850098,4.0,0.04541389973958333,0.0,2,0
0001473056_Raw12_f_00002.jpg,numeric,0001473056,12,4096,3000,1,45.82448404947917,19.413260433064778,4.088565600825536,67.6658935546875,12.146879196166992,5.0,0.015520914713541667,4.231770833333333e-06,1,0
0001473056_Raw12_f_00003.jpg,numeric,0001473056,12,4096,3000,1,55.156289225260416,22.69191627513999,3.9354606625755713,73.81719970703125,11.510417938232422,5.0,0.004504638671875,8.138020833333333e-08,3,0
0001473056_Raw13_f_00001.jpg,numeric,0001473056,13,4096,3000,1,53.225681396484376,54.616924796611,5.735193182409763,167.92044067382812,18.45201301574707,4.0,0.3949923502604167,0.0072147623697916665,3,0
0001473056_Raw13_f_00002.jpg,numeric,0001473056,13,4096,3000,1,44.02538387044271,35.753703358112844,4.725182756816516,87.86079406738281,13.399674415588379,3.0,0.3800384928385417,2.0345052083333333e-06,5,0
0001473056_Raw13_f_00003.jpg,numeric,0001473056,13,4096,3000,1,55.38884122721354,43.82443171095815,5.086149971294743,89.43504333496094,13.369483947753906,3.0,0.3649066569010417,1.953125e-06,5,0
0001473065_Raw00_f_00003.jpg,numeric,0001473065,00,4096,3000,1,54.40227229817708,28.130627627010515,2.307225856986422,34.342063903808594,7.628288269042969,3.0,0.22104410807291666,4.069010416666667e-07,1,0
0001473066_Raw00_f_00003.jpg,numeric,0001473066,00,4096,3000,1,55.64313224283854,27.767503585100346,2.1858014879610774,35.0612907409668,7.6678338050842285,3.0,0.20978523763020834,1.6276041666666666e-07,1,0
0001473066_Raw00_f_00006.jpg,numeric,0001473066,00,4096,3000,1,49.548842936197914,33.99275801222579,2.5828156165344263,42.609375,8.668862342834473,3.0,0.33220182291666667,3.824869791666666e-06,1,0
0001473067_Raw00_f_00003.jpg,numeric,0001473067,00,4096,3000,1,58.71614127604167,30.152693633229756,2.3208730380126794,34.94522476196289,7.894912242889404,3.0,0.220226806640625,8.138020833333333e-08,1,0
0001473067_Raw00_f_00005.jpg,numeric,0001473067,00,4096,3000,1,60.16644905598958,32.391662961010944,2.4881209676878795,40.243736267089844,8.41289234161377,3.0,0.23551131184895832,0.0,1,0
0001473067_Raw01_f_00002.jpg,numeric,0001473067,01,4096,3000,1,81.66296712239583,12.334761547478879,2.737291497418236,65.4924545288086,9.6117525100708,5.0,0.0,5.696614583333334e-07,1,0
0001473068_Raw00_f_00001.jpg,numeric,0001473068,00,4096,3000,1,61.503031087239584,33.54525367373401,2.744396857251682,38.09747314453125,8.55178165435791,3.0,0.23869441731770832,1.6276041666666666e-07,1,0
0001473068_Raw00_f_00004.jpg,numeric,0001473068,00,4096,3000,1,58.83209936523438,33.33559321435599,2.3128767933610366,38.53189468383789,8.073237419128418,3.0,0.254121826171875,1.6276041666666666e-07,1,0
0001473068_Raw01_f_00001.jpg,numeric,0001473068,01,4096,3000,1,88.40099169921875,13.360678515582245,3.002542472791309,67.40018463134766,10.574162483215332,5.0,2.44140625e-07,8.138020833333334e-07,1,0
0001473070_Raw00_f_00002.jpg,numeric,0001473070,00,4096,3000,1,62.99630696614583,31.19161756074075,2.422631510059582,38.69562530517578,8.422735214233398,3.0,0.20590234375,8.138020833333333e-08,1,0
0001473070_Raw00_f_00004.jpg,numeric,0001473070,00,4096,3000,1,64.24252848307292,33.756527656545,2.462680918974411,47.44221878051758,8.798993110656738,4.0,0.22233976236979167,2.44140625e-07,1,0
0001473070_Raw01_f_00003.jpg,numeric,0001473070,01,4096,3000,1,90.07319596354166,14.608564296824738,3.0911319277339784,70.2066879272461,10.845315933227539,5.0,0.0,7.32421875e-07,1,0
0001473071_Raw00_f_00001.jpg,numeric,0001473071,00,4096,3000,1,67.4885547688802,33.6918848780666,3.474229631492703,55.31212615966797,10.031780242919922,4.0,0.19914217122395833,1.3020833333333333e-06,1,0
0001473071_Raw00_f_00004.jpg,numeric,0001473071,00,4096,3000,1,64.94518302408854,34.019385877180106,2.7180093545627573,55.195430755615234,9.294710159301758,4.0,0.21928084309895834,2.44140625e-07,1,0
0001473086_Raw00_f_00007.jpg,numeric,0001473086,00,4096,3000,1,55.87253361002604,28.43065452105982,2.712163162193929,50.11117172241211,10.582046508789062,4.0,0.21596036783854167,1.6276041666666666e-07,1,0
0001473086_Raw00_f_00010.jpg,numeric,0001473086,00,4096,3000,1,55.54263004557291,29.197549690678336,2.661744974023474,45.9846305847168,9.686975479125977,4.0,0.22523323567708334,1.6276041666666666e-07,1,0
0001473086_Raw12_f_00008.jpg,numeric,0001473086,12,4096,3000,1,32.29406730143229,9.198617958974648,1.8462295946688259,23.985313415527344,5.75882625579834,3.0,0.016532796223958333,8.138020833333333e-08,1,0
0001473094_Raw00_f_00000.jpg,numeric,0001473094,00,4096,3000,1,76.817166015625,43.54339606389386,4.4544847401039585,129.75013732910156,12.450862884521484,6.0,0.20954500325520833,0.0007191569010416667,1,0
0001473094_Raw00_f_00005.jpg,numeric,0001473094,00,4096,3000,1,76.32332495117187,44.23620611300398,4.526716583727868,107.53284454345703,11.550436019897461,5.0,0.22405029296875,0.000628173828125,1,0
0001473094_Raw01_f_00001.jpg,numeric,0001473094,01,4096,3000,1,97.66584130859376,21.254943816305964,3.85111347022467,134.56561279296875,13.782154083251953,8.0,0.0,0.000215576171875,1,0
0001473094_Raw01_f_00004.jpg,numeric,0001473094,01,4096,3000,1,98.38648250325521,21.13063822784239,3.9596754438028965,143.8750457763672,14.097848892211914,8.0,0.0,0.00016935221354166666,1,0
0001473095_Raw00_f_00002.jpg,numeric,0001473095,00,4096,3000,1,74.79691186523438,41.830688504178426,4.096205345069136,109.53712463378906,11.827027320861816,5.0,0.20554248046875,0.000396728515625,1,0
0001473095_Raw00_f_00005.jpg,numeric,0001473095,00,4096,3000,1,74.80407080078125,42.02184250471508,3.9220505282655873,109.91001892089844,11.766815185546875,5.0,0.20774544270833334,0.00048136393229166667,1,0
0001473095_Raw00_f_00008.jpg,numeric,0001473095,00,4096,3000,1,77.41791748046874,43.53159282803908,3.970746878460698,107.15605926513672,11.851042747497559,5.0,0.20933284505208333,0.00040804036458333333,1,0
0001473095_Raw00_f_00011.jpg,numeric,0001473095,00,4096,3000,1,75.78433308919271,43.253300959054506,3.97332923964544,107.77014923095703,11.831873893737793,5.0,0.21526383463541668,0.0004375,1,0
0001473095_Raw00_f_00014.jpg,numeric,0001473095,00,4096,3000,1,46.742909912109376,48.859697737206844,3.59821035205719,85.99752807617188,9.511792182922363,2.0,0.5132495930989583,0.000345458984375,1,0
0001473095_Raw01_f_00007.jpg,numeric,0001473095,01,4096,3000,1,99.05083805338542,21.09227458105798,4.03496824370419,134.57138061523438,14.14893627166748,8.0,0.0,0.00016048177083333333,1,0
0001473096_Raw00_f_00003.jpg,numeric,0001473096,00,4096,3000,1,74.58062679036459,41.78653497261159,4.240609909844272,102.36542510986328,11.712488174438477,5.0,0.208063232421875,0.0003241373697916667,1,0
0001473096_Raw01_f_00002.jpg,numeric,0001473096,01,4096,3000,1,99.25798958333333,21.649481238399645,3.8167192804431105,149.6422576904297,14.607574462890625,8.0,0.0,0.00021004231770833332,2,0
0001473096_Raw01_f_00005.jpg,numeric,0001473096,01,4096,3000,1,99.0169130859375,21.858420552986487,3.780960387051179,150.8771514892578,14.105646133422852,8.0,0.0,0.00024348958333333332,1,0
0001473108_Raw00_f_00001.jpg,numeric,0001473108,00,4096,3000,1,51.43985009765625,26.834354377557542,2.5921066769722394,34.51902770996094,9.032594680786133,3.0,0.21964103190104167,2.44140625e-07,1,0
0001473111_Raw00_f_00000.jpg,numeric,0001473111,00,4096,3000,1,18.957229329427083,30.705430160483214,0.4226850857914418,18.77803611755371,5.029166221618652,1.0,0.7510362955729166,3.336588541666667e-06,1,0
0001473112_Raw00_f_00004.jpg,numeric,0001473112,00,4096,3000,1,56.11641943359375,28.906810226528158,2.2018473402721828,32.43827438354492,7.81120491027832,3.0,0.2187421875,1.6276041666666666e-07,1,0
0001473113_Raw00_f_00003.jpg,numeric,0001473113,00,4096,3000,1,79.49787516276042,48.12049121407936,5.858490060794624,269.26605224609375,16.224445343017578,6.0,0.23313411458333333,0.0014134928385416666,2,0
0001473113_Raw00_f_00006.jpg,numeric,0001473113,00,4096,3000,1,75.47726424153646,46.15479643261713,6.006137650255463,275.88665771484375,16.503379821777344,6.0,0.23612076822916667,0.0013841959635416668,1,0
0001473113_Raw02_f_00001.jpg,numeric,0001473113,02,4096,3000,1,82.39897436523438,45.21272291459973,6.52801768284456,378.2505798339844,21.26140022277832,8.0,0.150298583984375,0.0005984700520833333,2,0
0001473113_Raw03_f_00001.jpg,numeric,0001473113,03,4096,3000,1,84.0360595703125,73.30748099850004,9.142305010008382,679.1407470703125,26.391799926757812,5.0,0.39789607747395833,0.008958333333333334,3,0
0001473118_Raw00_f_00003.jpg,numeric,0001473118,00,4096,3000,1,78.71506038411458,43.919500949430955,3.8659099699423507,121.50010681152344,12.532122611999512,5.0,0.21332600911458333,0.0001474609375,1,0
0001473118_Raw00_f_00008.jpg,numeric,0001473118,00,4096,3000,1,77.48844856770833,43.102331517994095,3.7235603005747677,116.21964263916016,12.383991241455078,5.0,0.21251708984375,9.2529296875e-05,1,0
0001473118_Raw03_f_00002.jpg,numeric,0001473118,03,4096,3000,1,89.93280688476563,65.25028409658361,4.582404691139428,236.08135986328125,16.527591705322266,5.0,0.32825821940104166,0.00035205078125,0,1
0001473118_Raw03_f_00004.jpg,numeric,0001473118,03,4096,3000,1,89.7782159016927,65.26616060360443,4.527626621664387,188.83554077148438,15.051860809326172,4.0,0.3304005533854167,0.0002611490885416667,0,1
0001473120_Raw00_f_00002.jpg,numeric,0001473120,00,4096,3000,1,56.39241056315104,27.594692412678175,2.2703224590068487,25.69881248474121,7.324666500091553,3.0,0.20761466471354167,4.069010416666667e-07,1,0
0001473120_Raw00_f_00008.jpg,numeric,0001473120,00,4096,3000,1,56.22830403645833,28.074520888749344,2.155148542958302,29.696182250976562,7.593626976013184,3.0,0.21337784830729167,3.255208333333333e-07,1,0
0001473120_Raw01_f_00004.jpg,numeric,0001473120,01,4096,3000,1,79.02689664713542,11.2583865532016,2.3547261587743424,39.432071685791016,8.158462524414062,4.0,8.138020833333333e-08,6.510416666666666e-07,1,0
0001473120_Raw01_f_00010.jpg,numeric,0001473120,01,4096,3000,1,78.20839835611979,10.44398543481062,2.232044845292395,37.982688903808594,8.13479995727539,4.0,0.0,6.510416666666666e-07,1,0
0001473121_Raw00_f_00003.jpg,numeric,0001473121,00,4096,3000,1,54.62450374348958,26.69199873570093,1.8217607064616033,25.64426040649414,6.915951251983643,3.0,0.20711018880208334,4.069010416666667e-07,1,0
0001473121_Raw00_f_00008.jpg,numeric,0001473121,00,4096,3000,1,54.55160815429687,26.827946472362196,1.9381061396773211,25.554119110107422,7.017152309417725,3.0,0.21042195638020833,1.6276041666666666e-07,1,0
0001473121_Raw00_f_00011.jpg,numeric,0001473121,00,4096,3000,1,55.05242415364583,27.81212537930828,2.133523738156618,28.88274574279785,7.536970615386963,3.0,0.21765234375,4.069010416666667e-07,1,0
0001473121_Raw01_f_00005.jpg,numeric,0001473121,01,4096,3000,1,78.07159708658854,10.806706197584727,2.378167293766653,43.517723083496094,8.561721801757812,4.0,0.0,9.765625e-07,1,0
0001473121_Raw01_f_00008.jpg,numeric,0001473121,01,4096,3000,1,78.05637784830729,10.447123479810744,2.180409973632646,37.602630615234375,7.986891269683838,4.0,0.0,6.510416666666666e-07,1,0
0001473121_Raw11_f_00002.jpg,numeric,0001473121,11,4096,3000,1,19.93039990234375,5.5166393572319405,0.9224232699168966,10.301387786865234,3.8030896186828613,2.0,0.231512451171875,0.0,0,1
0001473121_Raw12_f_00002.jpg,numeric,0001473121,12,4096,3000,1,35.23543448893229,12.077051094150354,2.088158430279117,25.668254852294922,6.490138053894043,3.0,0.024044677734375,0.0,0,1
0001473121_Raw12_f_00012.jpg,numeric,0001473121,12,4096,3000,1,36.90469938151042,12.858222564517938,1.8489946428045978,21.483922958374023,6.096765518188477,3.0,0.019912109375,0.0,0,1
0001473121_Raw13_f_00002.jpg,numeric,0001473121,13,4096,3000,1,37.060998779296874,22.157461002073987,3.2418268461175552,44.875144958496094,8.835230827331543,3.0,0.26405460611979165,2.44140625e-07,0,1
0001473122_Raw00_f_00001.jpg,numeric,0001473122,00,4096,3000,1,56.2102861328125,28.21045379944237,2.383918191591851,32.84410095214844,8.162206649780273,3.0,0.21174519856770832,2.2786458333333335e-06,1,0
0001473122_Raw00_f_00003.jpg,numeric,0001473122,00,4096,3000,1,54.56410799153646,27.087000400307428,2.1626319105373204,28.547504425048828,7.566126823425293,3.0,0.21292081705729166,5.696614583333334e-07,1,0
0001473122_Raw00_f_00006.jpg,numeric,0001473122,00,4096,3000,1,55.25183422851563,27.552858001709435,2.289646350370848,30.750520706176758,7.5816569328308105,3.0,0.21274845377604168,2.44140625e-07,1,0
0001473122_Raw01_f_00005.jpg,numeric,0001473122,01,4096,3000,1,76.36601798502605,10.495699058281321,2.3375108593554614,46.490814208984375,8.721041679382324,4.0,5.696614583333334e-07,1.0579427083333333e-06,1,0
0001473122_Raw01_f_00008.jpg,numeric,0001473122,01,4096,3000,1,77.10192016601563,10.934348945998485,2.423135702458562,45.78694152832031,8.858792304992676,4.0,0.0,1.3834635416666668e-06,1,0
0001473123_Raw00_f_00008.jpg,numeric,0001473123,00,4096,3000,1,58.938839192708336,30.11109052931768,2.379256855008211,46.635650634765625,9.495380401611328,4.0,0.212078369140625,4.069010416666667e-07,1,0
0001473123_Raw00_f_00011.jpg,numeric,0001473123,00,4096,3000,1,55.51851114908854,28.629293021193337,2.3100212581349147,37.058170318603516,8.395803451538086,3.0,0.22174658203125,5.696614583333334e-07,1,0
0001473123_Raw01_f_00007.jpg,numeric,0001473123,01,4096,3000,1,80.24871362304688,12.823498576292838,3.1635111145304604,75.91172790527344,11.856520652770996,5.0,0.0,1.8717447916666666e-06,1,0
0001473123_Raw01_f_00010.jpg,numeric,0001473123,01,4096,3000,1,81.69278328450521,13.613382242358796,3.2381218519908375,82.54310607910156,11.872320175170898,6.0,0.0,2.5227864583333333e-06,1,0
0001473123_Raw12_f_00000.jpg,numeric,0001473123,12,4096,3000,1,16.688521809895832,19.091259394704466,0.49579318489335067,18.79933738708496,4.893311500549316,2.0,0.569507568359375,6.510416666666666e-07,0,1
0001473123_Raw12_f_00009.jpg,numeric,0001473123,12,4096,3000,1,33.41864176432291,10.469285673993491,2.3877621663739483,24.489276885986328,6.7882819175720215,3.0,0.021458577473958334,0.0,0,1
0001473125_Raw00_f_00000.jpg,numeric,0001473125,00,4096,3000,1,15.522104248046874,30.35975865862195,0.37769533052458265,25.911191940307617,5.030786514282227,1.0,0.8193677571614584,1.3020833333333333e-06,1,0
0001473125_Raw00_f_00006.jpg,numeric,0001473125,00,4096,3000,1,62.00828165690104,32.18590888085071,2.599951515457743,56.33021926879883,9.699024200439453,4.0,0.21167960611979167,4.8828125e-07,1,0
0001473125_Raw00_f_00012.jpg,numeric,0001473125,00,4096,3000,1,59.709588704427084,31.63259004434378,2.723147656522324,49.97462463378906,9.288415908813477,4.0,0.22255729166666666,1.5462239583333333e-06,1,0
0001473126_Raw00_f_00002.jpg,numeric,0001473126,00,4096,3000,1,62.127010904947916,31.30878156825364,2.5715576015191557,50.79399108886719,9.598245620727539,4.0,0.20515616861979166,1.3020833333333333e-06,1,0
0001473126_Raw00_f_00004.jpg,numeric,0001473126,00,4096,3000,1,61.23706046549479,30.968587590103834,2.6857302290305416,52.934261322021484,9.876775741577148,4.0,0.20646427408854168,9.765625e-07,1,0
0001473126_Raw00_f_00007.jpg,numeric,0001473126,00,4096,3000,1,62.027406005859376,31.669792622939344,2.5447912278334908,52.857505798339844,9.491206169128418,4.0,0.20857137044270832,5.696614583333334e-07,1,0
0001473126_Raw00_f_00010.jpg,numeric,0001473126,00,4096,3000,1,62.71074894205729,32.76190188204883,2.6531489631189484,54.276344299316406,9.518260955810547,4.0,0.2147978515625,6.510416666666666e-07,1,0
0001473126_Raw01_f_00001.jpg,numeric,0001473126,01,4096,3000,1,87.93912320963541,19.80422247743307,4.084251556049535,131.43186950683594,15.102851867675781,7.0,0.0,7.926432291666666e-05,1,0
0001473126_Raw01_f_00009.jpg,numeric,0001473126,01,4096,3000,1,84.57532649739584,15.821604815761694,3.5758570467266186,101.58059692382812,13.686284065246582,6.0,3.255208333333333e-07,3.41796875e-06,4,0
0001473126_Raw01_f_00010.jpg,numeric,0001473126,01,4096,3000,1,85.63236962890625,15.872175112427794,3.460834521541684,102.02532196044922,13.394396781921387,6.0,4.8828125e-07,3.0924479166666666e-06,1,0
0001473126_Raw01_f_00012.jpg,numeric,0001473126,01,4096,3000,1,84.78434285481771,15.92983182214425,3.28607315713462,100.5615234375,13.10171890258789,7.0,0.0,4.231770833333333e-06,1,0
0001473126_Raw02_f_00010.jpg,numeric,0001473126,02,4096,3000,1,75.68467366536458,13.735955604415995,2.8187131440767184,66.7652587890625,9.462571144104004,5.0,5.696614583333334e-07,2.44140625e-07,2,0
0001473126_Raw03_f_00010.jpg,numeric,0001473126,03,4096,3000,1,58.482012776692706,57.5381956502493,3.45216653712758,100.25382995605469,11.402827262878418,2.0,0.4856315104166667,9.147135416666666e-05,1,0
0001473126_Raw11_f_00012.jpg,numeric,0001473126,11,4096,3000,1,19.276898274739583,5.976430039523698,1.1061748301870566,9.969561576843262,4.090112209320068,2.0,0.28962833658854165,0.0,0,1
0001473126_Raw12_f_00012.jpg,numeric,0001473126,12,4096,3000,1,34.40542594401042,10.859699496915104,1.8397418483570038,23.114498138427734,6.41416597366333,3.0,0.019195068359375,0.0,0,1
0001473128_Raw00_f_00005.jpg,numeric,0001473128,00,4096,3000,1,64.12720385742188,33.45837612417566,2.774631046046775,58.39997482299805,9.84792423248291,4.0,0.21154500325520834,4.8828125e-07,1,0
0001473128_Raw00_f_00011.jpg,numeric,0001473128,00,4096,3000,1,64.51958821614583,33.86203725391286,2.6707151593696064,54.67387008666992,9.64417552947998,4.0,0.21677156575520834,4.8828125e-07,1,0
0001473128_Raw10_f_00001.jpg,numeric,0001473128,10,4096,3000,1,8.13409130859375,9.683327570353171,0.4966341362932672,7.272307395935059,2.8568367958068848,1.0,0.7119326985677084,0.0,0,1
0001473129_Raw00_f_00003.jpg,numeric,0001473129,00,4096,3000,1,63.19485392252604,31.949939829006436,2.651333459102265,46.06467056274414,9.306536674499512,4.0,0.20683138020833333,2.44140625e-07,1,0
0001473129_Raw00_f_00006.jpg,numeric,0001473129,00,4096,3000,1,62.90534920247396,31.854619913955858,2.4091267358602257,42.01926040649414,8.835519790649414,4.0,0.20825040690104166,0.0,1,0
0001473129_Raw00_f_00009.jpg,numeric,0001473129,00,4096,3000,1,63.63139916992188,32.605728456874836,2.378252188741503,45.21441650390625,8.904748916625977,4.0,0.21233642578125,1.6276041666666666e-07,1,0
0001473130_Raw00_f_00002.jpg,numeric,0001473130,00,4096,3000,1,63.063288492838545,32.27008865189527,2.37051953296392,41.27592849731445,8.919708251953125,4.0,0.21235400390625,8.138020833333333e-08,1,0
0001473130_Raw00_f_00004.jpg,numeric,0001473130,00,4096,3000,1,63.69335709635417,32.83760120368014,2.3886934244626215,47.533470153808594,9.19289779663086,4.0,0.21311376953125,8.138020833333333e-08,1,0
0001473130_Raw00_f_00007.jpg,numeric,0001473130,00,4096,3000,1,63.229926025390625,32.58715838972044,2.3707235453285547,48.17990493774414,9.124792098999023,4.0,0.21271183268229166,2.44140625e-07,1,0
0001473130_Raw10_f_00001.jpg,numeric,0001473130,10,4096,3000,1,10.651940104166666,11.060436674001142,0.7543993321801326,8.405086517333984,3.1155824661254883,1.0,0.6057993977864583,0.0,0,1
0001473130_Raw10_f_00006.jpg,numeric,0001473130,10,4096,3000,1,13.855583089192708,11.920732823563947,0.9466447149370552,10.460660934448242,3.597625970840454,1.0,0.475500732421875,0.0,0,1
0001473130_Raw11_f_00009.jpg,numeric,0001473130,11,4096,3000,1,21.96637931315104,6.227374837563155,0.961523710918017,11.286456108093262,3.8842122554779053,2.0,0.16956770833333334,0.0,0,1
0001473130_Raw12_f_00007.jpg,numeric,0001473130,12,4096,3000,1,40.055849609375,11.568184580694057,1.7711264845867305,20.17631721496582,5.318724632263184,3.0,0.003211995442708333,8.138020833333334e-07,0,1
0001473130_Raw12_f_00009.jpg,numeric,0001473130,12,4096,3000,1,39.00720654296875,10.882327421857864,1.6846795107563113,18.92741584777832,5.358785629272461,3.0,0.004077799479166666,0.0,0,1
0001473130_Raw12_f_00011.jpg,numeric,0001473130,12,4096,3000,1,39.407515869140624,11.558802065163713,1.8547521279045611,21.429073333740234,5.519065856933594,3.0,0.004765380859375,0.0,0,1
0001473130_Raw13_f_00002.jpg,numeric,0001473130,13,4096,3000,1,40.2888291015625,24.006858543176165,2.156799759855821,25.214324951171875,6.384144306182861,2.0,0.2697528483072917,1.6276041666666666e-07,0,1
0001473143_Raw00_f_00008.jpg,numeric,0001473143,00,4096,3000,1,55.20753776041666,27.775787857977775,2.58389336617633,58.219329833984375,9.656982421875,4.0,0.20992130533854167,1.1393229166666668e-06,1,0
0001473143_Raw01_f_00007.jpg,numeric,0001473143,01,4096,3000,1,77.02417569986979,13.307202911989961,3.295342215189037,105.47809600830078,12.370445251464844,7.0,0.0,3.336588541666667e-06,2,0
0001473143_Raw02_f_00002.jpg,numeric,0001473143,02,4096,3000,1,74.869986328125,14.93533349525201,3.0358825648413914,97.37628173828125,10.968531608581543,6.0,0.0,9.765625e-07,1,0
0001473143_Raw02_f_00007.jpg,numeric,0001473143,02,4096,3000,1,73.511306640625,14.244330032607584,2.9239251527475565,92.97671508789062,10.663883209228516,6.0,4.069010416666667e-07,6.510416666666666e-07,1,0
0001473143_Raw02_f_00008.jpg,numeric,0001473143,02,4096,3000,1,75.13199593098959,14.7055146257292,3.1446008463571036,101.1684341430664,11.235458374023438,6.0,0.0,1.3020833333333333e-06,1,0
0001473143_Raw03_f_00005.jpg,numeric,0001473143,03,4096,3000,1,56.65001424153646,55.82241390922763,4.620191726811212,154.12635803222656,13.098660469055176,3.0,0.49262939453125,8.463541666666667e-05,1,0
0001473143_Raw03_f_00008.jpg,numeric,0001473143,03,4096,3000,1,57.16868774414063,56.40245567162285,4.259558198886869,158.7186737060547,13.444467544555664,3.0,0.49050227864583335,0.00010009765625,2,0
0001473143_Raw03_f_00010.jpg,numeric,0001473143,03,4096,3000,1,55.03355045572917,53.84013445056282,3.5852701598025525,130.21531677246094,12.3670015335083,2.0,0.4862307942708333,6.15234375e-05,1,0
0001473143_Raw13_f_00001.jpg,numeric,0001473143,13,4096,3000,1,37.10291520182292,28.21541590326194,3.8392613679536627,91.1341552734375,10.841208457946777,3.0,0.34761726888020833,2.9622395833333334e-05,2,0
0001473148_Raw00_f_00001.jpg,numeric,0001473148,00,4096,3000,1,43.197502278645835,44.10360896689315,2.7069876511938764,72.6883773803711,9.658014297485352,2.0,0.512363525390625,6.9091796875e-05,1,0
0001473148_Raw00_f_00006.jpg,numeric,0001473148,00,4096,3000,1,64.81906616210938,33.86484150862058,2.8991269477131123,69.97688293457031,10.300870895385742,5.0,0.21276456705729166,3.4993489583333333e-06,2,0
0001473148_Raw00_f_00008.jpg,numeric,0001473148,00,4096,3000,1,61.49978287760417,31.81949044152132,2.614182163885924,57.8526725769043,9.482603073120117,4.0,0.213370361328125,1.6276041666666668e-06,1,0
0001473148_Raw00_f_00012.jpg,numeric,0001473148,00,4096,3000,1,66.07128344726563,35.653415099675314,3.1671935189329705,74.748779296875,10.588789939880371,5.0,0.22138509114583332,3.41796875e-06,1,0
0001473148_Raw01_f_00006.jpg,numeric,0001473148,01,4096,3000,1,88.54657706705729,16.743213892087738,3.5390556905787323,127.76765441894531,13.769197463989258,7.0,0.0,9.033203125e-06,1,0
0001473148_Raw02_f_00007.jpg,numeric,0001473148,02,4096,3000,1,77.27914339192708,16.063957016702066,2.945467185124067,88.6933822631836,9.970086097717285,6.0,0.0,7.32421875e-07,1,0
0001473148_Raw02_f_00009.jpg,numeric,0001473148,02,4096,3000,1,78.8564862467448,15.830388496344765,3.0771739283602013,95.61196899414062,10.478903770446777,6.0,0.0,8.138020833333334e-07,1,0
0001473148_Raw02_f_00011.jpg,numeric,0001473148,02,4096,3000,1,77.68207934570313,15.791260251624148,2.996730292778195,106.9137954711914,10.994765281677246,6.0,1.6276041666666666e-07,6.510416666666666e-07,2,0
0001473148_Raw02_f_00012.jpg,numeric,0001473148,02,4096,3000,1,81.15605721028646,17.226129640385047,3.454798118816438,122.95584106445312,11.876411437988281,7.0,4.8828125e-07,7.32421875e-07,9,0
0001473148_Raw02_f_00013.jpg,numeric,0001473148,02,4096,3000,1,32.91626822916667,37.65733974339064,1.8718388450660355,42.793006896972656,5.5549139976501465,0.0,0.5524583333333334,3.255208333333333e-07,1,0
0001473148_Raw03_f_00009.jpg,numeric,0001473148,03,4096,3000,1,59.32872998046875,57.97927432748142,3.831907921739619,114.03897857666016,11.067157745361328,2.0,0.486142822265625,0.00014046223958333334,1,0
0001473148_Raw03_f_00011.jpg,numeric,0001473148,03,4096,3000,1,59.49861962890625,58.34442300553225,3.6484776833828287,125.15570831298828,11.30329704284668,2.0,0.4816106770833333,0.00014640299479166667,7,0
0001473148_Raw03_f_00013.jpg,numeric,0001473148,03,4096,3000,1,23.4967060546875,41.20538949293541,0.49677272967784686,35.93857955932617,5.352224826812744,1.0,0.7655185546875,5.615234375e-06,3,0
0001473148_Raw12_f_00008.jpg,numeric,0001473148,12,4096,3000,1,35.608517578125,10.720319285467818,1.7975580734928787,22.161916732788086,5.687530040740967,3.0,0.008900634765625,0.0,0,1
0001473149_Raw00_f_00002.jpg,numeric,0001473149,00,4096,3000,1,63.535948974609376,32.162692366503926,2.52889551657229,56.14834213256836,9.514309883117676,4.0,0.20613614908854166,4.8828125e-07,2,0
0001473149_Raw00_f_00004.jpg,numeric,0001473149,00,4096,3000,1,61.959404296875,31.318346667592348,2.4693606146566154,52.41539001464844,9.349273681640625,4.0,0.20725032552083333,4.8828125e-07,2,0
0001473149_Raw00_f_00005.jpg,numeric,0001473149,00,4096,3000,1,64.07328564453125,32.78951479389002,2.537790420157662,59.079498291015625,9.790438652038574,4.0,0.20742122395833335,1.6276041666666666e-07,9,0
0001473149_Raw00_f_00007.jpg,numeric,0001473149,00,4096,3000,1,62.90088818359375,32.04207476023202,2.518424969652104,53.93098831176758,9.421173095703125,4.0,0.208767578125,3.255208333333333e-07,1,0
0001473149_Raw00_f_00008.jpg,numeric,0001473149,00,4096,3000,1,63.034205159505206,32.17503982901339,2.38774397741181,49.794342041015625,9.034547805786133,4.0,0.20995987955729167,3.255208333333333e-07,1,0
0001473149_Raw00_f_00011.jpg,numeric,0001473149,00,4096,3000,1,63.04257039388021,32.9442452847338,2.482174481685202,53.124542236328125,9.212235450744629,4.0,0.217482177734375,7.32421875e-07,1,0
0001473149_Raw00_f_00013.jpg,numeric,0001473149,00,4096,3000,1,61.16018798828125,38.545183022551626,3.67056069418589,87.85173034667969,11.430411338806152,4.0,0.28188142903645835,9.684244791666667e-06,1,0
0001473149_Raw01_f_00004.jpg,numeric,0001473149,01,4096,3000,1,85.90156323242188,15.543735813651278,3.4713906887742274,101.24090576171875,12.717353820800781,7.0,0.0,3.824869791666666e-06,1,0
0001473149_Raw01_f_00010.jpg,numeric,0001473149,01,4096,3000,1,85.94899275716146,15.512304531071267,3.4365725522138204,93.23058319091797,12.424325942993164,6.0,0.0,2.2786458333333335e-06,1,0
0001473149_Raw01_f_00013.jpg,numeric,0001473149,01,4096,3000,1,83.04778946940104,28.94152515603436,4.0972143315127365,145.09259033203125,15.005083084106445,7.0,0.072464111328125,8.138020833333333e-06,1,0
0001473149_Raw02_f_00001.jpg,numeric,0001473149,02,4096,3000,1,78.49328515625,15.729042961222337,3.5119302632329266,103.56443786621094,11.171258926391602,6.0,0.0,9.847005208333333e-06,3,0
0001473149_Raw02_f_00007.jpg,numeric,0001473149,02,4096,3000,1,76.92034521484375,14.731501310589481,2.8387435735334416,83.98873138427734,9.75933837890625,6.0,0.0,6.510416666666666e-07,1,0
0001473149_Raw02_f_00010.jpg,numeric,0001473149,02,4096,3000,1,75.59392309570312,14.282593238991252,2.7487633823142374,73.98959350585938,9.254109382629395,5.0,0.0,9.765625e-07,1,0
0001473149_Raw02_f_00013.jpg,numeric,0001473149,02,4096,3000,1,71.98097208658854,25.579333797904717,3.303895967559754,115.96815490722656,11.421418190002441,6.0,0.07725789388020833,1.7903645833333333e-06,1,0
0001473149_Raw03_f_00001.jpg,numeric,0001473149,03,4096,3000,1,58.019919840494794,58.53137583347682,3.929286395354324,105.58564758300781,10.957488059997559,2.0,0.495759765625,0.00021541341145833333,1,0
0001473149_Raw03_f_00004.jpg,numeric,0001473149,03,4096,3000,1,57.53517317708334,56.94349538638253,3.5572802967008936,89.4900131225586,9.842351913452148,2.0,0.4932777506510417,3.605143229166667e-05,1,0
0001473149_Raw03_f_00013.jpg,numeric,0001473149,03,4096,3000,1,56.00618733723958,58.710027042713705,3.920403937443673,110.49845123291016,11.128110885620117,2.0,0.515654541015625,7.185872395833333e-05,1,0
0001473149_Raw11_f_00002.jpg,numeric,0001473149,11,4096,3000,1,18.83092683919271,5.552033395923128,0.8997889997632103,9.270153045654297,3.6380507946014404,2.0,0.30515380859375,0.0,0,1
0001473164_Raw00_f_00001.jpg,numeric,0001473164,00,4096,3000,1,54.26261401367187,27.603071644921013,2.5729658589917292,54.87287521362305,9.073777198791504,4.0,0.21194344075520832,3.173828125e-06,2,0
0001473164_Raw00_f_00003.jpg,numeric,0001473164,00,4096,3000,1,53.843359700520836,26.99576609083177,2.320415822371472,47.39957809448242,8.679624557495117,4.0,0.21233992513020833,7.32421875e-07,1,0
0001473164_Raw00_f_00009.jpg,numeric,0001473164,00,4096,3000,1,53.38499951171875,26.99456354686275,2.338579334301631,50.077720642089844,8.8153657913208,4.0,0.21527652994791666,6.510416666666666e-07,2,0
0001473164_Raw00_f_00012.jpg,numeric,0001473164,00,4096,3000,1,52.13694978841146,27.03386867517245,2.3543681041214644,43.75538635253906,8.30322265625,4.0,0.22432169596354168,3.255208333333333e-07,1,0
0001473164_Raw01_f_00013.jpg,numeric,0001473164,01,4096,3000,1,22.909283121744792,34.490862538567846,0.1804285578492193,46.45331954956055,5.1846818923950195,0.0,0.6889244791666667,1.1067708333333334e-05,1,0
0001473164_Raw02_f_00006.jpg,numeric,0001473164,02,4096,3000,1,72.4563203938802,12.758296516980092,2.737893493614801,72.71593475341797,9.671125411987305,5.0,0.0,2.44140625e-07,1,0
0001473164_Raw03_f_00009.jpg,numeric,0001473164,03,4096,3000,1,55.65225691731771,54.09861387385091,3.8323886685883415,150.2474365234375,12.611042976379395,2.0,0.48736083984375,8.756510416666667e-05,1,0
0001473164_Raw03_f_00012.jpg,numeric,0001473164,03,4096,3000,1,56.03086100260417,53.67547813361292,3.8416110551778644,138.5772705078125,12.297130584716797,3.0,0.478306640625,0.00013077799479166666,1,0
0001473164_Raw12_f_00006.jpg,numeric,0001473164,12,4096,3000,1,36.010538981119794,10.063340116692158,1.7281871385495755,15.226588249206543,4.878098487854004,2.0,0.008057454427083333,0.0,0,1
0001473234_Raw00_f_00008.jpg,numeric,0001473234,00,4096,3000,1,57.84073502604166,28.403264475147118,1.9086088251644602,26.708620071411133,7.104783058166504,3.0,0.21012109375,8.138020833333333e-08,1,0
0001473234_Raw00_f_00011.jpg,numeric,0001473234,00,4096,3000,1,56.61637556966146,28.4366889854859,1.8885526959561103,24.674449920654297,6.972611427307129,3.0,0.21816023763020834,0.0,1,0
0001473234_Raw02_f_00002.jpg,numeric,0001473234,02,4096,3000,1,74.88348860677084,11.567973322971364,2.122962749932583,38.32735061645508,7.070949077606201,4.0,2.44140625e-07,2.2379557291666665e-05,1,0
0001473234_Raw02_f_00003.jpg,numeric,0001473234,02,4096,3000,1,76.82021793619792,11.719719231780877,2.217086661750678,37.83376693725586,7.1154398918151855,4.0,0.0,3.255208333333333e-07,1,0
0001473234_Raw02_f_00007.jpg,numeric,0001473234,02,4096,3000,1,74.54632112630209,11.589410527913321,2.068412474429227,31.873258590698242,6.47381067276001,4.0,0.0,1.0579427083333333e-06,1,0
0001473234_Raw02_f_00008.jpg,numeric,0001473234,02,4096,3000,1,73.90546232096354,11.112632963163467,2.00887378338983,34.68075942993164,6.6700358390808105,4.0,0.0,1.0579427083333333e-06,1,0
0001473234_Raw02_f_00010.jpg,numeric,0001473234,02,4096,3000,1,74.11168627929688,11.086677494089907,2.0393874124218954,31.808574676513672,6.560744285583496,4.0,0.0,1.3020833333333333e-06,1,0
0001473234_Raw03_f_00011.jpg,numeric,0001473234,03,4096,3000,1,51.409123860677084,48.67197168754397,2.146515874654858,36.9937858581543,7.13837194442749,2.0,0.48353271484375,8.951822916666667e-07,1,0
0001473234_Raw12_f_00003.jpg,numeric,0001473234,12,4096,3000,1,31.76062060546875,9.28600504660245,2.0181503251508355,21.878719329833984,6.404058456420898,3.0,0.023291585286458333,0.0,0,1
0001473234_Raw13_f_00008.jpg,numeric,0001473234,13,4096,3000,1,34.18314567057292,20.040251474975985,2.2458291760243543,27.122739791870117,6.816380023956299,3.0,0.267079833984375,2.44140625e-07,0,1
0001473245_Raw00_f_00004.jpg,numeric,0001473245,00,4096,3000,1,58.21554752604167,29.414607911162115,2.4724497200419755,46.707706451416016,8.71540355682373,4.0,0.2118916015625,1.6276041666666666e-07,1,0
0001473245_Raw00_f_00007.jpg,numeric,0001473245,00,4096,3000,1,57.4257919921875,29.831169889020746,2.3485820943169253,46.336368560791016,8.689764976501465,4.0,0.22127986653645834,1.6276041666666666e-07,2,0
0001473245_Raw01_f_00005.jpg,numeric,0001473245,01,4096,3000,1,82.51916153971354,13.575006097613356,3.145342314295717,93.49039459228516,11.633376121520996,6.0,0.0,2.7669270833333335e-06,1,0
0001473245_Raw02_f_00006.jpg,numeric,0001473245,02,4096,3000,1,73.9205106608073,12.374899524119938,2.4148515295084696,60.00062942504883,8.64922046661377,5.0,0.0,9.765625e-07,1,0
0001473245_Raw02_f_00008.jpg,numeric,0001473245,02,4096,3000,1,75.02647135416667,13.48500049062855,2.674921629941406,65.23876190185547,8.993539810180664,5.0,0.0,9.765625e-07,1,0
0001473346_Raw00_f_00006.jpg,numeric,0001473346,00,4096,3000,1,71.11840999348958,39.1712509993578,4.728860433744709,134.5734405517578,13.91302490234375,4.0,0.212654541015625,1.8636067708333334e-05,1,0
0001473346_Raw01_f_00005.jpg,numeric,0001473346,01,4096,3000,1,87.61195955403646,15.910693501383854,3.6735762935194654,122.05548095703125,14.182656288146973,5.0,2.0345052083333333e-06,7.8125e-06,2,0
0001473365_Raw01_f_00004.jpg,numeric,0001473365,01,4096,3000,1,72.82927596028645,12.33343555869648,3.360391793845136,71.56756591796875,11.734378814697266,5.0,0.0,1.0579427083333333e-06,1,0
0001473365_Raw01_f_00005.jpg,numeric,0001473365,01,4096,3000,1,72.94500040690104,12.011345196935318,3.5998395182529217,69.32056427001953,12.146056175231934,5.0,0.0,4.069010416666667e-07,1,0
0001473367_Raw01_f_00016.jpg,numeric,0001473367,01,4096,3000,1,61.621019694010414,17.819724391196228,2.7650524719835854,35.21987533569336,8.949112892150879,3.0,0.0635546875,5.696614583333334e-07,1,0
0001473367_Raw02_f_00002.jpg,numeric,0001473367,02,4096,3000,1,40.73203621419271,30.25475357067691,2.154894411222605,21.361108779907227,6.0446977615356445,2.0,0.3391964518229167,4.069010416666667e-07,1,0
0001474140_Raw01_f_00003.jpg,numeric,0001474140,01,4096,3000,1,92.75185099283854,28.813676470975018,5.845689446037754,334.11737060546875,21.633256912231445,11.0,0.0,0.002330159505208333,4,0
0001474140_Raw01_f_00004.jpg,numeric,0001474140,01,4096,3000,1,32.65812613932292,36.793761207572196,3.526658955532704,103.06380462646484,9.564568519592285,1.0,0.49266463216145834,0.0006167805989583334,2,0
0001474140_Raw02_f_00004.jpg,numeric,0001474140,02,4096,3000,1,49.79144873046875,49.64840784015118,6.000058723493003,338.4215087890625,15.895540237426758,3.0,0.3943472493489583,0.0017350260416666666,2,0
0001474140_Raw03_f_00003.jpg,numeric,0001474140,03,4096,3000,1,18.97226066080729,38.503305052669575,0.4064235197783058,58.71432876586914,5.46687650680542,0.0,0.812394775390625,8.919270833333334e-05,2,0
0001474140_Raw12_f_00001.jpg,numeric,0001474140,12,4096,3000,1,35.39833846028646,10.462377548521243,1.9739156446562127,30.75572395324707,6.501767158508301,3.0,0.0118857421875,8.138020833333333e-08,1,0
0001474140_Raw13_f_00003.jpg,numeric,0001474140,13,4096,3000,1,45.56510530598958,36.247578467121386,3.849876661997346,96.3450927734375,11.595375061035156,3.0,0.28564510091145834,0.00011417643229166667,1,0
0001476517_Raw12_f_00001.jpg,numeric,0001476517,12,4096,3000,1,21.898112060546875,15.729542262524667,2.316788724082019,55.76847457885742,9.671174049377441,2.0,0.3205603841145833,1.318359375e-05,0,1
0001476520_Raw12_f_00011.jpg,numeric,0001476520,12,4096,3000,1,31.78676155598958,11.162950452142383,2.4055740388669724,31.40557861328125,7.39201021194458,3.0,0.052630615234375,5.696614583333334e-07,0,1
0001476556_Raw01_f_00010.jpg,numeric,0001476556,01,4096,3000,1,62.88333203125,12.650786613148686,2.5732260247329704,39.25532913208008,10.572945594787598,4.0,0.0,0.0,1,0
0001476556_Raw12_f_00005.jpg,numeric,0001476556,12,4096,3000,1,27.163667399088542,7.8555819941937965,1.7936954983850284,17.732330322265625,5.689281940460205,3.0,0.06406917317708333,0.0,0,1
0001476559_Raw12_f_00003.jpg,numeric,0001476559,12,4096,3000,1,25.396245442708334,8.089346380774113,1.4585674430421174,16.482912063598633,5.2140212059021,2.0,0.113507080078125,0.0,0,1
0001476561_Raw03_f_00007.jpg,numeric,0001476561,03,4096,3000,1,58.105889078776045,39.566494133225035,2.479293568136933,64.72602844238281,8.612166404724121,3.0,0.31977433268229166,5.452473958333333e-06,0,1
0001476563_Raw03_f_00014.jpg,numeric,0001476563,03,4096,3000,1,53.74705615234375,42.37982974960192,2.7598970493613333,62.62180709838867,8.584547996520996,2.0,0.388695068359375,2.1158854166666666e-06,0,1
0001476567_Raw01_f_00001.jpg,numeric,0001476567,01,4096,3000,1,65.03628971354166,10.23908852732962,3.1388461588548733,37.62216567993164,11.20926570892334,4.0,0.0,2.44140625e-07,0,1
0001476568_Raw00_f_00013.jpg,numeric,0001476568,00,4096,3000,1,46.534681884765625,23.813669907808567,2.209191278598018,18.069541931152344,7.565372943878174,2.0,0.22541170247395834,1.6276041666666666e-07,0,1
0001476576_Raw13_f_00005.jpg,numeric,0001476576,13,4096,3000,1,22.98359871419271,16.142229917539737,1.5094037898170893,16.36045265197754,5.196812629699707,2.0,0.3439410807291667,8.138020833333333e-08,0,1
0001476587_Raw12_f_00001.jpg,numeric,0001476587,12,4096,3000,1,21.50228898111979,11.542689298358093,1.8823063357057257,29.75250816345215,6.334374904632568,2.0,0.244687744140625,1.4973958333333333e-05,0,1
0001476606_Raw13_f_00001.jpg,numeric,0001476606,13,4096,3000,1,27.4018212890625,16.93548902970014,3.3010385158306152,72.01570129394531,10.580400466918945,3.0,0.26792936197916667,3.304036458333333e-05,1,0
0001476615_Raw00_f_00000.jpg,numeric,0001476615,00,4096,3000,1,26.451210856119793,29.201474619357192,1.8989042831814773,17.302526473999023,6.396496295928955,1.0,0.5764180501302083,9.765625e-07,0,1
0001476617_Raw12_f_00002.jpg,numeric,0001476617,12,4096,3000,1,23.161832194010415,5.869016452825283,1.6974071545766611,21.087568283081055,6.035617351531982,3.0,0.08347501627604166,0.0,0,1
0001476620_Raw13_f_00012.jpg,numeric,0001476620,13,4096,3000,1,28.495288004557292,17.17066936634985,1.9714834251604871,28.161907196044922,6.452664852142334,2.0,0.27548055013020833,8.138020833333334e-07,0,1
0001476624_Raw00_f_00003.jpg,numeric,0001476624,00,4096,3000,1,50.62624007161458,24.905679079096274,2.5307658248838685,19.155227661132812,8.438053131103516,3.0,0.20827888997395833,0.0,0,1
0001476629_Raw12_f_00001.jpg,numeric,0001476629,12,4096,3000,1,24.343997151692708,6.887548280371255,1.7557106963425455,20.626070022583008,6.137233257293701,3.0,0.09055240885416667,3.255208333333333e-07,0,1
0001476631_Raw10_f_00005.jpg,numeric,0001476631,10,4096,3000,1,5.344097574869791,5.966612981877179,0.46759359455450555,4.214760780334473,2.2514994144439697,1.0,0.900756103515625,0.0,0,1
0001476631_Raw12_f_00005.jpg,numeric,0001476631,12,4096,3000,1,23.369508626302082,6.974691039777228,1.219100977516954,13.15919017791748,4.225722789764404,2.0,0.14175520833333333,0.0,0,1
0001476633_Raw12_f_00004.jpg,numeric,0001476633,12,4096,3000,1,23.403636800130208,6.2547324093535055,1.2685767769434664,14.070147514343262,4.625577926635742,2.0,0.098224365234375,2.44140625e-07,0,1
0001476636_Raw12_f_00008.jpg,numeric,0001476636,12,4096,3000,1,5.9652091471354165,9.641918321214039,0.4919485579255637,11.163140296936035,3.3885486125946045,1.0,0.8268602701822917,8.951822916666667e-07,0,1
0001476637_Raw13_f_00008.jpg,numeric,0001476637,13,4096,3000,1,20.3673212890625,20.00814339922981,2.1431345520947156,45.808048248291016,6.9708991050720215,2.0,0.5114514973958333,1.4078776041666666e-05,0,1
0001476641_Raw11_f_00006.jpg,numeric,0001476641,11,4096,3000,1,12.848700846354166,6.513696919837602,0.7643800765717172,6.650030136108398,2.908907651901245,2.0,0.6162379557291666,0.0,0,1
0001476658_Raw00_f_00013.jpg,numeric,0001476658,00,4096,3000,1,44.754117919921875,22.699228909661024,2.053283276380808,20.483745574951172,7.484144687652588,3.0,0.2207548828125,8.138020833333334e-07,1,0
0001476660_Raw11_f_00006.jpg,numeric,0001476660,11,4096,3000,1,11.845975748697917,4.709785185914399,0.7530015790342628,6.833098411560059,2.9734065532684326,2.0,0.7777403971354167,0.0,0,1
0001476661_Raw01_f_00004.jpg,numeric,0001476661,01,4096,3000,1,51.74055509440104,12.542410467286222,2.8968617879074654,87.9168930053711,11.882376670837402,6.0,0.0,1.1393229166666668e-06,1,0
0001476674_Raw01_f_00006.jpg,numeric,0001476674,01,4096,3000,1,62.06820515950521,9.759587866893128,2.8922739755343034,33.68643569946289,10.796900749206543,4.0,0.0,0.0,0,1
0001476674_Raw02_f_00006.jpg,numeric,0001476674,02,4096,3000,1,59.31720222981771,10.495070225478074,2.5023083163361597,31.54448699951172,8.615046501159668,3.0,0.0,1.8717447916666666e-06,0,1
0001476675_Raw01_f_00005.jpg,numeric,0001476675,01,4096,3000,1,62.05902294921875,9.814960720972136,2.525147269631686,34.989383697509766,10.008399963378906,4.0,0.0,2.4576822916666667e-05,1,0
0001478920_Raw03_f_00003.jpg,numeric,0001478920,03,4096,3000,1,41.806394368489585,40.85708272645931,9.428442410141793,241.00306701660156,22.40930938720703,3.0,0.466410400390625,9.684244791666667e-06,1,0
0001480389_Raw00_f_00000.jpg,numeric,0001480389,00,4096,3000,1,22.70071142578125,27.05514300947981,0.702824648459633,16.113155364990234,5.146456241607666,1.0,0.6255673014322917,2.44140625e-07,1,0
0001481074_Raw02_f_00002.jpg,numeric,0001481074,02,4096,3000,1,73.60807698567709,20.14939845670958,3.293259010089235,183.14671325683594,14.282307624816895,6.0,2.685546875e-06,1.318359375e-05,1,0
0001481543_Raw13_f_00000.jpg,numeric,0001481543,13,4096,3000,1,6.3831787109375,17.03666575073618,0.26421356233967835,21.796266555786133,3.2767539024353027,0.0,0.91416015625,1.6764322916666667e-05,1,0
0001481871_Raw12_f_00001.jpg,numeric,0001481871,12,4096,3000,1,35.768222086588544,23.46312361702924,3.8055777726487157,102.56455993652344,12.304070472717285,4.0,0.205615478515625,4.3538411458333336e-05,1,0
0001481920_Raw02_f_00014.jpg,numeric,0001481920,02,4096,3000,1,58.523263264973956,14.148308478803672,2.045728790991009,44.76554870605469,7.585582733154297,4.0,0.0,1.6276041666666666e-07,1,0
0001481922_Raw02_f_00003.jpg,numeric,0001481922,02,4096,3000,1,58.740141764322914,14.034490290273016,1.9887915846276631,44.59019088745117,7.615159511566162,4.0,8.138020833333333e-08,2.44140625e-07,1,0
0001481923_Raw03_f_00006.jpg,numeric,0001481923,03,4096,3000,1,17.637764729817707,30.87123467857644,0.3767211821871652,24.31009292602539,4.096385478973389,0.0,0.7691844889322916,1.5462239583333333e-06,1,0
0001482141_Raw01_f_00012.jpg,numeric,0001482141,01,4096,3000,1,86.81180859375,7.8237775172320045,2.153247121108694,20.09964942932129,7.5052690505981445,3.0,0.0,6.510416666666667e-06,1,0
0001482235_Raw01_f_00006.jpg,numeric,0001482235,01,4096,3000,1,39.68368570963542,11.042816342002656,3.134060368561815,74.91209411621094,10.74665641784668,4.0,0.000183349609375,1.318359375e-05,1,0
0001482460_Raw02_f_00008.jpg,numeric,0001482460,02,4096,3000,1,44.01074617513021,19.107090930499098,4.153993228664701,85.35916137695312,17.075098037719727,5.0,0.0127197265625,3.987630208333333e-06,3,0
0001482487_Raw00_f_00001.jpg,numeric,0001482487,00,4096,3000,1,14.405035400390625,18.97261807467891,0.9647861717043941,48.99750518798828,8.342890739440918,2.0,0.65486474609375,1.8636067708333334e-05,1,0
0001482488_Raw02_f_00002.jpg,numeric,0001482488,02,4096,3000,1,45.27452180989583,17.745050377671504,4.1853022246739116,102.59423065185547,14.407489776611328,5.0,0.005866617838541667,1.0091145833333333e-05,1,0
0001482764_Raw02_f_00002.jpg,numeric,0001482764,02,4096,3000,1,60.953426432291664,16.42785440155617,1.8367214780312189,25.269193649291992,6.8876776695251465,3.0,0.04247119140625,8.138020833333333e-08,1,0
0001482852_Raw02_f_00001.jpg,numeric,0001482852,02,4096,3000,1,66.35565201822916,12.510658206938428,2.299592672894817,40.91520309448242,8.1392240524292,4.0,8.951822916666667e-07,4.069010416666667e-07,1,0
0001482905_Raw03_f_00006.jpg,numeric,0001482905,03,4096,3000,1,52.84595434570313,43.18908126550202,3.0620046385210955,84.41789245605469,9.612773895263672,3.0,0.39782454427083336,6.8359375e-06,1,0
0001482973_Raw00_f_00006.jpg,numeric,0001482973,00,4096,3000,1,56.77235856119792,32.172163450529396,2.6142669643085035,66.98822784423828,9.522029876708984,4.0,0.242567138671875,1.1311848958333333e-05,1,0
0001483149_Raw01_f_00001.jpg,numeric,0001483149,01,4096,3000,1,60.133986083984375,11.647857846275112,2.547656807219661,63.37248611450195,9.122855186462402,5.0,5.126953125e-05,9.358723958333333e-06,4,0
0001483864_Raw01_f_00005.jpg,numeric,0001483864,01,4096,3000,1,84.3576943359375,18.32376635201498,4.183875776215043,170.04087829589844,15.63455581665039,8.0,0.0,2.4739583333333333e-05,1,0
0001484044_Raw12_f_00001.jpg,numeric,0001484044,12,4096,3000,1,29.5905947265625,28.699980034073125,2.952818149664711,69.34009552001953,9.273244857788086,2.0,0.439318359375,5.6966145833333334e-05,1,0
0001484055_Raw01_f_00008.jpg,numeric,0001484055,01,4096,3000,1,62.801137776692705,8.379759829252807,2.5569108144734285,36.30224609375,9.444353103637695,4.0,0.0,0.0,3,0
0001484599_Raw00_f_00006.jpg,numeric,0001484599,00,4096,3000,1,43.1280791015625,21.326509471207746,1.9471747482171784,40.465126037597656,6.890519618988037,4.0,0.2111591796875,8.138020833333333e-08,1,0
0001484599_Raw00_f_00010.jpg,numeric,0001484599,00,4096,3000,1,42.20943831380208,21.060757744620854,1.945950449633687,39.607696533203125,6.852535724639893,3.0,0.21607633463541667,0.0,1,0
0001484599_Raw02_f_00013.jpg,numeric,0001484599,02,4096,3000,1,41.27741739908854,24.94233680876483,2.0278844500169386,62.78009796142578,6.967888832092285,3.0,0.242419677734375,0.0,1,0
0001484622_Raw11_f_00007.jpg,numeric,0001484622,11,4096,3000,1,18.590593831380207,8.591056715304608,1.005355687046556,20.908985137939453,5.324904441833496,2.0,0.44796492513020836,0.0,0,1
0001484724_Raw03_f_00011.jpg,numeric,0001484724,03,4096,3000,1,50.617328125,48.403598323141324,4.098025421541829,156.33059692382812,11.963201522827148,3.0,0.4672814127604167,0.00042374674479166667,1,0
0001484724_Raw13_f_00000.jpg,numeric,0001484724,13,4096,3000,1,7.612360921223958,19.984855920651885,0.34199382666730926,39.40555191040039,4.794290542602539,0.0,0.8921221516927084,6.8359375e-06,1,0
0001484725_Raw03_f_00008.jpg,numeric,0001484725,03,4096,3000,1,48.85820833333333,47.404616109844255,3.8456800062748613,147.75376892089844,11.467406272888184,3.0,0.47626432291666665,0.0002582194010416667,1,0
0001484791_Raw12_f_00016.jpg,numeric,0001484791,12,4096,3000,1,32.91391040039063,14.085923141635528,2.7599675487346502,63.49486541748047,9.895215034484863,4.0,0.12406184895833333,2.44140625e-07,0,1
0001484839_Raw01_f_00006.jpg,numeric,0001484839,01,4096,3000,1,77.0033369140625,14.761872817934359,4.888480203935963,203.5092315673828,19.15941619873047,8.0,0.0,6.429036458333333e-06,1,0
0001484841_Raw12_f_00002.jpg,numeric,0001484841,12,4096,3000,1,31.143002278645834,12.396796076102431,1.9839982061258248,16.21908187866211,5.993658065795898,2.0,0.125301513671875,4.8828125e-07,0,1
0001484931_Raw01_f_00011.jpg,numeric,0001484931,01,4096,3000,1,35.878619466145835,38.57668572862456,3.0657492039696117,91.64022064208984,8.750885009765625,1.0,0.515734130859375,3.678385416666667e-05,1,0
0001484935_Raw13_f_00001.jpg,numeric,0001484935,13,4096,3000,1,32.891322102864585,26.12389657296627,5.598306778883522,107.51054382324219,14.680765151977539,4.0,0.33605411783854167,1.1881510416666666e-05,1,0
0001485055_Raw01_f_00004.jpg,numeric,0001485055,01,4096,3000,1,70.64480037434896,12.751535426594826,2.91927624479492,81.31172943115234,11.471614837646484,6.0,0.0,1.5462239583333333e-06,1,0
0001485292_Raw00_f_00006.jpg,numeric,0001485292,00,4096,3000,1,44.293171956380206,22.693525424310117,3.815660025971874,76.75060272216797,12.678411483764648,4.0,0.20391813151041666,1.708984375e-06,1,0
0001486073_Raw00_f_00003.jpg,numeric,0001486073,00,4096,3000,1,54.78745906575521,31.87751581830765,7.642856875488188,433.8149108886719,25.761539459228516,5.0,0.20999617513020832,9.440104166666666e-05,1,0
0001486250_Raw01_f_00007.jpg,numeric,0001486250,01,4096,3000,1,48.58642431640625,37.02030525556396,1.8039033782311207,39.95010757446289,6.5416035652160645,2.0,0.3589249674479167,3.0924479166666666e-06,8,0
0001487223_Raw03_f_00005.jpg,numeric,0001487223,03,4096,3000,1,37.115323649088545,39.13983249800944,1.6235464747353956,56.042667388916016,7.110335350036621,2.0,0.533040771484375,1.708984375e-06,1,0
0001487380_Raw00_f_00008.jpg,numeric,0001487380,00,4096,3000,1,49.758886800130206,26.054930247889253,2.404646308902014,30.33553123474121,7.368027210235596,3.0,0.22467122395833333,8.138020833333333e-08,1,0
0001487443_Raw01_f_00011.jpg,numeric,0001487443,01,4096,3000,1,43.02119327799479,28.628210742908987,1.65243775939491,53.74658966064453,6.319355010986328,2.0,0.29894091796875,3.084309895833333e-05,1,0
0001487463_Raw01_f_00001.jpg,numeric,0001487463,01,4096,3000,1,67.07941365559896,7.524897640712822,1.8437622990495934,19.64391326904297,6.079422950744629,3.0,8.138020833333333e-08,1.3020833333333333e-06,1,0
0001487908_Raw13_f_00000.jpg,numeric,0001487908,13,4096,3000,1,31.007097737630207,31.727866811145557,5.5119870629221825,133.21673583984375,15.375809669494629,3.0,0.460713134765625,6.070963541666667e-05,1,0
0001487989_Raw01_f_00009.jpg,numeric,0001487989,01,4096,3000,1,62.10352075195313,6.707384391679312,1.4670631407452541,15.95250129699707,5.056052207946777,3.0,0.0,0.0,2,0
0001487996_Raw01_f_00010.jpg,numeric,0001487996,01,4096,3000,1,38.258240152994794,30.238491772836635,1.4568401001094924,44.585540771484375,5.026187419891357,1.0,0.378096435546875,3.271484375e-05,1,0
0001488436_Raw01_f_00010.jpg,numeric,0001488436,01,4096,3000,1,34.257199788411455,9.638208750282566,2.7994681475261416,79.12409210205078,11.074710845947266,5.0,0.0015904134114583333,4.069010416666667e-07,1,0
0001488464_Raw01_f_00009.jpg,numeric,0001488464,01,4096,3000,1,50.15510660807292,13.185266536036755,3.561539889265152,99.22964477539062,12.249054908752441,5.0,1.171875e-05,3.776041666666667e-05,1,0
0001488473_Raw00_f_00001.jpg,numeric,0001488473,00,4096,3000,1,74.86366756184896,49.22726611978792,5.3057791693133485,131.5111846923828,14.941302299499512,4.0,0.27737255859375,0.000214599609375,4,0
0001488652_Raw02_f_00009.jpg,numeric,0001488652,02,4096,3000,1,51.88685766601562,18.703888103177707,4.068926854967686,69.66091918945312,11.838470458984375,4.0,0.000393310546875,1.26953125e-05,2,0
0001488661_Raw00_f_00007.jpg,numeric,0001488661,00,4096,3000,1,39.200787109375,22.577873783181197,4.688514843749368,133.3403778076172,15.207192420959473,5.0,0.20874609375,6.7626953125e-05,1,0
0001488665_Raw01_f_00007.jpg,numeric,0001488665,01,4096,3000,1,39.69146362304687,10.132358182506282,2.7773961599319557,59.14244842529297,9.431607246398926,5.0,0.0001904296875,8.138020833333334e-07,3,0
0001488924_Raw01_f_00009.jpg,numeric,0001488924,01,4096,3000,1,71.79187736002604,11.912819415584151,2.7949730618773803,68.5911636352539,10.078583717346191,5.0,1.6276041666666666e-07,1.46484375e-06,1,0
0001489142_Raw01_f_00009.jpg,numeric,0001489142,01,4096,3000,1,60.601543212890626,18.446492528380944,2.7933810011923432,95.62013244628906,11.415804862976074,5.0,0.05384147135416667,0.000164306640625,1,0
0001496675_Raw02_f_00009.jpg,numeric,0001496675,02,4096,3000,1,45.38672387695313,32.96758549332256,1.6885375085021805,43.43357849121094,7.780975818634033,2.0,0.29656754557291665,8.138020833333333e-08,1,0
0001497752_Raw00_f_00010.jpg,numeric,0001497752,00,4096,3000,1,41.74048055013021,44.83337004574154,8.557117805179427,727.42822265625,23.93639373779297,4.0,0.48338045247395833,0.001987711588541667,1,0
0001497787_Raw00_f_00010.jpg,numeric,0001497787,00,4096,3000,1,24.48477197265625,38.9096612904815,1.1740134763637657,455.3834228515625,16.291309356689453,2.0,0.6993585611979166,0.0011233723958333334,1,0
0001497865_Raw01_f_00011.jpg,numeric,0001497865,01,4096,3000,1,62.51339086914062,29.60598606729144,3.9638110561713873,212.67518615722656,15.364007949829102,7.0,0.14275667317708332,0.00017179361979166667,1,0
0001498681_Raw13_f_00011.jpg,numeric,0001498681,13,4096,3000,1,8.730683675130209,13.770706102646512,0.40472186586745074,17.58026695251465,5.047857284545898,1.0,0.7738452962239584,4.8828125e-07,0,1
0001498686_Raw01_f_00000.jpg,numeric,0001498686,01,4096,3000,1,6.565672281901041,21.18106992006498,0.10535167370936546,33.121524810791016,4.065932750701904,0.0,0.911950439453125,8.138020833333333e-08,0,1
0001498687_Raw10_f_00002.jpg,numeric,0001498687,10,4096,3000,1,2.1791449381510417,2.1309373880247477,0.28848007873792747,3.4408440589904785,1.3356856107711792,0.0,0.999959716796875,3.255208333333333e-07,0,1
0001498689_Raw00_f_00001.jpg,numeric,0001498689,00,4096,3000,1,55.04749601236979,37.265970077078514,6.968441363695437,291.7425537109375,21.918519973754883,6.0,0.26979833984375,0.00023795572916666667,0,1
0001498690_Raw03_f_00002.jpg,numeric,0001498690,03,4096,3000,1,32.82056225585937,53.15320719382652,0.439712045816923,398.91253662109375,15.399662971496582,0.0,0.7062352701822917,0.002419189453125,0,1
0001498692_Raw01_f_00001.jpg,numeric,0001498692,01,4096,3000,1,82.2009462890625,20.978079142480674,7.736306257661907,534.642822265625,27.207815170288086,12.0,2.4739583333333333e-05,3.963216145833333e-05,1,0
0001498692_Raw02_f_00006.jpg,numeric,0001498692,02,4096,3000,1,80.12746134440104,30.543957004846103,7.094105745748832,786.8359985351562,28.01900291442871,13.0,4.150390625e-06,0.00016560872395833334,1,0
0001498692_Raw03_f_00013.jpg,numeric,0001498692,03,4096,3000,1,24.29793310546875,45.814666757807906,0.4050734022721262,247.24465942382812,10.938573837280273,0.0,0.7798426920572916,9.391276041666666e-05,0,1
0001498694_Raw01_f_00002.jpg,numeric,0001498694,01,4096,3000,1,72.7753535970052,19.57602670385126,5.124539245105078,164.7308349609375,16.830358505249023,8.0,0.0,9.423828125e-05,0,1
0001498695_Raw13_f_00007.jpg,numeric,0001498695,13,4096,3000,1,25.72280419921875,16.606203225525594,2.6014139997243286,51.37797546386719,8.622511863708496,3.0,0.28504817708333335,2.5227864583333333e-06,0,1
0001498707_Raw01_f_00003.jpg,numeric,0001498707,01,4096,3000,1,83.38028922526041,16.003445355396803,3.6313526255604893,123.01081085205078,13.193760871887207,7.0,1.708984375e-06,1.6031901041666666e-05,1,0
0001498707_Raw12_f_00000.jpg,numeric,0001498707,12,4096,3000,1,19.46527579752604,23.84781169584085,0.49938879781318735,28.37735366821289,6.553878307342529,2.0,0.6135216471354167,8.138020833333334e-07,0,1
0001498707_Raw13_f_00004.jpg,numeric,0001498707,13,4096,3000,1,35.75225732421875,24.451929354399308,4.902281632740918,81.6872787475586,12.961882591247559,4.0,0.28371516927083335,3.987630208333333e-06,0,1
0001498709_Raw12_f_00004.jpg,numeric,0001498709,12,4096,3000,1,42.58125528971354,19.2528463454657,3.7138563823157957,60.72161865234375,10.061266899108887,4.0,0.11627864583333333,0.0,0,1
0001498711_Raw00_f_00001.jpg,numeric,0001498711,00,4096,3000,1,55.29768229166667,29.645480128074524,3.5178822824299902,94.99275970458984,12.107353210449219,4.0,0.20584806315104168,3.0110677083333333e-06,1,0
0001498711_Raw12_f_00006.jpg,numeric,0001498711,12,4096,3000,1,40.83928702799479,19.06576829998267,3.8424102851992625,63.28816223144531,10.252469062805176,4.0,0.1280859375,8.138020833333333e-08,0,1
0001498711_Raw12_f_00008.jpg,numeric,0001498711,12,4096,3000,1,40.807489420572914,18.85412237581545,3.2408364968350076,56.18938446044922,9.577981948852539,4.0,0.139212890625,0.0,0,1
0001498711_Raw12_f_00009.jpg,numeric,0001498711,12,4096,3000,1,21.967931477864582,23.849851111530633,2.8417152191867774,40.5629997253418,7.7203450202941895,2.0,0.5552456868489584,1.6276041666666666e-07,0,1
0001498711_Raw13_f_00009.jpg,numeric,0001498711,13,4096,3000,1,22.916708414713543,29.501466938535373,2.414276449737454,49.7574577331543,8.053174018859863,1.0,0.6210601399739584,1.220703125e-06,0,1
0001498712_Raw13_f_00007.jpg,numeric,0001498712,13,4096,3000,1,40.357515625,29.083950556513376,5.073618184247687,98.42048645019531,13.260523796081543,4.0,0.2870545247395833,3.5807291666666666e-06,0,1
0001498713_Raw02_f_00002.jpg,numeric,0001498713,02,4096,3000,1,63.263189697265624,28.61768791618715,4.578006003255378,321.9439697265625,18.684940338134766,6.0,0.091432861328125,1.3346354166666667e-05,1,0
0001498713_Raw13_f_00008.jpg,numeric,0001498713,13,4096,3000,1,39.80623136393229,27.303287315461663,4.087791199254208,77.16429901123047,11.465839385986328,4.0,0.2760518391927083,7.32421875e-06,0,1
0001498715_Raw02_f_00002.jpg,numeric,0001498715,02,4096,3000,1,66.30590014648438,28.674180073999263,3.4557696302517713,143.93646240234375,13.902877807617188,5.0,0.08815364583333334,4.069010416666667e-06,0,1
0001498716_Raw00_f_00005.jpg,numeric,0001498716,00,4096,3000,1,63.719263427734376,35.471590206783176,5.580461802754892,210.31727600097656,16.44253158569336,5.0,0.20908194986979167,8.610026041666667e-05,0,1
0001498717_Raw01_f_00001.jpg,numeric,0001498717,01,4096,3000,1,85.99013216145833,23.169036922780112,7.132465777410961,397.4461669921875,25.74526596069336,10.0,5.330403645833333e-05,4.833984375e-05,1,0
0001498718_Raw13_f_00007.jpg,numeric,0001498718,13,4096,3000,1,28.808873942057293,21.25860615509515,5.241665688102223,204.63873291015625,16.752912521362305,4.0,0.278255859375,1.0172526041666666e-05,0,1
0001498719_Raw00_f_00012.jpg,numeric,0001498719,00,4096,3000,1,53.80156266276042,32.27157061693972,5.4140463654537605,244.8914031982422,19.317325592041016,6.0,0.24785286458333333,0.00019441731770833333,0,1
0001498720_Raw00_f_00001.jpg,numeric,0001498720,00,4096,3000,1,32.56837931315104,37.284818465952945,3.4385558491514727,138.5926513671875,13.460270881652832,2.0,0.5649854329427083,4.231770833333333e-06,0,1
0001498720_Raw00_f_00004.jpg,numeric,0001498720,00,4096,3000,1,55.33225968424479,30.63823062530262,4.972898844463666,161.8041534423828,16.285837173461914,6.0,0.20965071614583333,1.953125e-06,0,1
0001498722_Raw02_f_00000.jpg,numeric,0001498722,02,4096,3000,1,5.620288004557292,20.156439470243107,0.0,16.883398056030273,3.4842236042022705,0.0,0.9197266438802083,1.1800130208333333e-05,0,1
0001498722_Raw03_f_00000.jpg,numeric,0001498722,03,4096,3000,1,2.632100830078125,13.621233384498028,0.20713256660043677,8.159390449523926,1.937569499015808,0.0,0.9826988932291667,6.8359375e-05,0,1
0001498722_Raw03_f_00014.jpg,numeric,0001498722,03,4096,3000,1,16.333128011067707,27.716171016856997,0.4514875341149782,44.440574645996094,6.247563362121582,0.0,0.7566554361979166,8.7890625e-06,0,1
0001498724_Raw01_f_00008.jpg,numeric,0001498724,01,4096,3000,1,13.662739990234375,22.901111351029336,0.3659499037396369,93.49542999267578,7.2001953125,0.0,0.7157638346354167,0.00030712890625,0,1
0001498725_Raw00_f_00005.jpg,numeric,0001498725,00,4096,3000,1,42.92883186848958,26.624083397747892,6.474189761261027,399.0328674316406,22.62582015991211,7.0,0.22726871744791666,1.6276041666666666e-05,0,1
0001498726_Raw01_f_00009.jpg,numeric,0001498726,01,4096,3000,1,32.46582194010416,32.84789489026965,1.418848458660995,65.77027893066406,8.010429382324219,1.0,0.4968391927083333,3.792317708333333e-05,2,0
0001498726_Raw02_f_00007.jpg,numeric,0001498726,02,4096,3000,1,62.244276041666666,14.150471161706232,2.461780159363193,34.514801025390625,9.018308639526367,3.0,0.00563720703125,3.662109375e-06,1,0
0001498727_Raw00_f_00003.jpg,numeric,0001498727,00,4096,3000,1,46.06373274739583,22.800924799185395,1.915004261286624,17.459144592285156,6.108104228973389,2.0,0.20941739908854168,8.138020833333334e-07,0,1
0001498727_Raw01_f_00001.jpg,numeric,0001498727,01,4096,3000,1,67.45603100585937,9.81847543124494,2.6564641036527386,59.16695785522461,9.77875804901123,3.0,0.000364501953125,4.475911458333333e-06,1,0
0001498727_Raw01_f_00006.jpg,numeric,0001498727,01,4096,3000,1,65.1378750813802,7.889959665618415,2.170226325962627,40.74766540527344,8.413301467895508,3.0,8.870442708333334e-06,3.41796875e-06,1,0
0001498727_Raw01_f_00009.jpg,numeric,0001498727,01,4096,3000,1,2.33887939453125,13.125749982817485,0.16448466868085143,50.021114349365234,3.559394598007202,0.0,0.9719974772135417,7.039388020833333e-05,1,0
0001498727_Raw02_f_00004.jpg,numeric,0001498727,02,4096,3000,1,64.89218668619792,14.955124321678737,2.0438143140893468,26.724895477294922,7.296204566955566,3.0,0.006915120442708333,2.9296875e-06,1,0
0001498728_Raw00_f_00005.jpg,numeric,0001498728,00,4096,3000,1,47.51897542317708,23.581008054731807,1.724341926327791,12.380072593688965,5.589774131774902,2.0,0.20850764973958333,2.44140625e-07,0,1
0001498728_Raw00_f_00006.jpg,numeric,0001498728,00,4096,3000,1,46.8960078125,23.314685011542366,1.7603157633063466,12.616403579711914,5.572685718536377,2.0,0.209381103515625,1.6276041666666666e-07,1,0
0001498728_Raw00_f_00009.jpg,numeric,0001498728,00,4096,3000,1,26.092316569010418,28.984029702818194,1.5438976312228387,64.02911376953125,7.859157562255859,1.0,0.5732894694010416,9.2041015625e-05,2,0
0001498728_Raw01_f_00005.jpg,numeric,0001498728,01,4096,3000,1,65.48773128255209,7.867601271768984,2.199794892998352,40.0693244934082,8.546465873718262,3.0,4.8828125e-07,1.5462239583333333e-06,2,0
0001498728_Raw01_f_00009.jpg,numeric,0001498728,01,4096,3000,1,34.67180501302084,32.437407839922066,1.8147391119213196,61.465728759765625,8.162120819091797,1.0,0.45714127604166666,3.1494140625e-05,1,0
0001498728_Raw02_f_00004.jpg,numeric,0001498728,02,4096,3000,1,65.74421378580729,15.261328029600893,2.0431161500659507,22.225236892700195,6.792877674102783,2.0,0.007552490234375,1.0335286458333333e-05,1,0
0001498728_Raw02_f_00005.jpg,numeric,0001498728,02,4096,3000,1,65.582619140625,15.329056581298609,2.0254234610940003,21.87760353088379,6.872662544250488,2.0,0.00750244140625,8.951822916666667e-06,2,0
0001498728_Raw02_f_00008.jpg,numeric,0001498728,02,4096,3000,1,64.93006290690104,15.110572050487791,2.211005013751346,30.19423484802246,7.263210296630859,2.0,0.002709716796875,4.8828125e-06,1,0
0001498728_Raw02_f_00009.jpg,numeric,0001498728,02,4096,3000,1,34.99612801106771,34.24019924542535,1.6804591198673773,45.32749938964844,5.572126388549805,1.0,0.4618189290364583,6.673177083333334e-06,1,0
0001498728_Raw13_f_00007.jpg,numeric,0001498728,13,4096,3000,1,22.945783935546874,13.912373598716243,1.932501335724672,22.882265090942383,5.933714389801025,2.0,0.2761668294270833,1.2939453125e-05,0,1
0001498729_Raw01_f_00005.jpg,numeric,0001498729,01,4096,3000,1,63.679687906901044,7.808675617083362,2.3292334410539937,44.08809280395508,9.210143089294434,3.0,3.90625e-06,8.951822916666667e-07,0,1
0001498729_Raw01_f_00006.jpg,numeric,0001498729,01,4096,3000,1,64.26553149414063,7.802113800800748,2.253633549527218,41.54007339477539,8.799530982971191,3.0,2.3600260416666668e-06,8.138020833333334e-07,2,0
0001498729_Raw02_f_00002.jpg,numeric,0001498729,02,4096,3000,1,63.38763175455729,16.133455046883526,2.0654548263626076,21.513235092163086,6.97406530380249,2.0,0.014081217447916667,3.90625e-06,1,0
0001498729_Raw02_f_00008.jpg,numeric,0001498729,02,4096,3000,1,66.32361669921875,15.331506006625881,2.10816836206173,20.231361389160156,6.283048629760742,2.0,9.033203125e-06,5.452473958333333e-06,1,0
0001498730_Raw02_f_00003.jpg,numeric,0001498730,02,4096,3000,1,65.63701700846354,16.392364782095576,2.132371581284612,28.11228370666504,7.569589138031006,3.0,0.00590673828125,6.266276041666667e-06,1,0
0001498730_Raw13_f_00010.jpg,numeric,0001498730,13,4096,3000,1,5.201532389322916,10.11151713339906,0.3202312211653747,9.987015724182129,2.7892682552337646,0.0,0.8609938151041666,4.150390625e-06,0,1
0001498733_Raw11_f_00009.jpg,numeric,0001498733,11,4096,3000,1,17.352625244140626,13.88546914358983,1.3285549014450333,10.684270858764648,3.8234078884124756,2.0,0.553345458984375,0.0,0,1
0001498733_Raw13_f_00008.jpg,numeric,0001498733,13,4096,3000,1,41.45034163411459,26.67139344658683,4.183999887946705,71.4697265625,11.007353782653809,4.0,0.2693514811197917,6.8359375e-06,0,1
0001498733_Raw13_f_00012.jpg,numeric,0001498733,13,4096,3000,1,37.62696826171875,24.535361027437798,4.204532767702947,72.50271606445312,11.63931941986084,4.0,0.27784236653645833,5.940755208333333e-06,0,1
0001498734_Raw13_f_00010.jpg,numeric,0001498734,13,4096,3000,1,46.10023819986979,31.828373683397338,3.9770866604053428,90.02107238769531,11.579437255859375,4.0,0.2771741536458333,2.0345052083333333e-06,0,1
0001498735_Raw12_f_00001.jpg,numeric,0001498735,12,4096,3000,1,36.68999503580729,19.577199125943366,4.538721557242987,86.46138763427734,12.916160583496094,4.0,0.15872379557291666,7.332356770833334e-05,0,1
0001498736_Raw13_f_00002.jpg,numeric,0001498736,13,4096,3000,1,45.82718741861979,31.048523578334578,4.060973415837196,79.80510711669922,11.469032287597656,4.0,0.275665283203125,1.3020833333333333e-06,0,1
0001498737_Raw13_f_00005.jpg,numeric,0001498737,13,4096,3000,1,40.708578125,26.844403926777762,3.4527512427631537,66.86393737792969,10.314874649047852,4.0,0.2697300618489583,3.0110677083333333e-06,0,1
0001498737_Raw13_f_00010.jpg,numeric,0001498737,13,4096,3000,1,32.00520589192708,21.916220112475614,3.883029719440142,58.7273063659668,10.164373397827148,3.0,0.2837333984375,7.486979166666666e-06,0,1
0001498739_Raw02_f_00006.jpg,numeric,0001498739,02,4096,3000,1,65.36191560872396,11.610211321058536,1.9217359034805965,29.701900482177734,6.541470050811768,3.0,0.0,0.0,0,1
0001498742_Raw13_f_00007.jpg,numeric,0001498742,13,4096,3000,1,27.966070556640624,18.390296604276475,2.5569404379730827,31.40039825439453,7.826940536499023,3.0,0.3007587076822917,1.953125e-06,0,1
0001498743_Raw00_f_00005.jpg,numeric,0001498743,00,4096,3000,1,50.59416927083333,28.170855494124176,2.6349005687671294,43.84523010253906,8.55057430267334,3.0,0.24097184244791667,2.9296875e-06,0,1
0001498743_Raw00_f_00006.jpg,numeric,0001498743,00,4096,3000,1,16.757325358072915,29.460146827672293,0.49775142291300656,44.0400276184082,6.038403511047363,1.0,0.7809336751302083,3.61328125e-05,0,1
0001498743_Raw02_f_00006.jpg,numeric,0001498743,02,4096,3000,1,21.09544588216146,35.59508053550411,0.044150994357255134,49.45362854003906,5.294968128204346,0.0,0.722316650390625,8.056640625e-06,0,1
0001498743_Raw03_f_00003.jpg,numeric,0001498743,03,4096,3000,1,69.07809554036459,39.4091613761373,3.4026734199774467,79.21503448486328,11.065594673156738,4.0,0.23880802408854165,3.824869791666666e-06,0,1
0001498743_Raw13_f_00005.jpg,numeric,0001498743,13,4096,3000,1,32.22084814453125,21.389800995132717,3.260301846864711,39.29558563232422,9.306771278381348,3.0,0.2945302734375,5.289713541666667e-06,0,1
0001498744_Raw00_f_00003.jpg,numeric,0001498744,00,4096,3000,1,48.81393286132813,36.2397112468661,3.432275206666283,94.85104370117188,11.944788932800293,4.0,0.32396427408854167,2.197265625e-06,1,0
0001498744_Raw00_f_00005.jpg,numeric,0001498744,00,4096,3000,1,45.65667504882813,39.19702585741799,3.242979456105049,75.9209976196289,10.997055053710938,3.0,0.37904768880208334,2.3600260416666668e-06,1,0
0001498744_Raw01_f_00000.jpg,numeric,0001498744,01,4096,3000,1,28.469620849609374,33.0011134961159,0.23759314635899845,90.80508422851562,7.994513034820557,1.0,0.5329667154947917,4.964192708333333e-06,0,1
0001498744_Raw13_f_00000.jpg,numeric,0001498744,13,4096,3000,1,23.626445068359374,40.98389110772162,0.4048026046361206,67.4690170288086,8.175008773803711,1.0,0.6820982259114583,0.0009805501302083334,0,1
0001498744_Raw13_f_00002.jpg,numeric,0001498744,13,4096,3000,1,43.109111897786455,36.179662151533456,4.648739517681729,89.70552062988281,12.854458808898926,3.0,0.34348917643229165,5.411783854166667e-05,0,1
0001498745_Raw01_f_00009.jpg,numeric,0001498745,01,4096,3000,1,63.71191202799479,9.565760432624797,2.090070382325374,41.295467376708984,7.718969345092773,4.0,0.0,1.6276041666666666e-07,0,1
0001498745_Raw02_f_00007.jpg,numeric,0001498745,02,4096,3000,1,63.061138509114585,12.590875985363242,2.23160881801161,63.12239456176758,9.31225872039795,4.0,3.190104166666666e-05,0.0,0,1
0001498745_Raw03_f_00001.jpg,numeric,0001498745,03,4096,3000,1,55.73268766276042,44.17204377959487,3.3040772510842387,119.34437561035156,13.6966552734375,3.0,0.374774169921875,7.32421875e-07,1,0
0001498745_Raw03_f_00006.jpg,numeric,0001498745,03,4096,3000,1,54.898198323567705,41.25705589246668,3.13976062990805,111.60366821289062,12.791722297668457,3.0,0.35342879231770835,2.44140625e-07,0,1
0001498745_Raw03_f_00010.jpg,numeric,0001498745,03,4096,3000,1,56.984156331380206,40.55032828948571,3.4551729605471433,121.49007415771484,12.970035552978516,3.0,0.332037841796875,2.2786458333333335e-06,0,1
0001498746_Raw03_f_00002.jpg,numeric,0001498746,03,4096,3000,1,58.97955704752604,43.79935958107891,3.70611762526993,125.06129455566406,12.454568862915039,4.0,0.34931510416666667,8.382161458333333e-06,0,1
0001498746_Raw03_f_00003.jpg,numeric,0001498746,03,4096,3000,1,57.07634708658854,41.91536449685567,3.4272972822213914,118.68058013916016,12.272408485412598,3.0,0.34432731119791665,1.708984375e-06,0,1
0001498746_Raw03_f_00007.jpg,numeric,0001498746,03,4096,3000,1,64.70165942382812,44.425048459678145,6.754265810881338,476.22650146484375,26.552444458007812,6.0,0.27130403645833334,0.0019356282552083334,0,1
0001498746_Raw12_f_00008.jpg,numeric,0001498746,12,4096,3000,1,19.505518717447917,24.61966481266077,0.9237536083716287,50.07644271850586,6.775302886962891,2.0,0.6284593912760417,1.2451171875e-05,0,1
0001498746_Raw13_f_00004.jpg,numeric,0001498746,13,4096,3000,1,32.85768758138021,20.96653085758824,2.8537347131231208,43.827056884765625,9.012947082519531,3.0,0.27828035481770835,4.069010416666667e-07,0,1
0001498746_Raw13_f_00005.jpg,numeric,0001498746,13,4096,3000,1,31.5780634765625,20.281465278130206,2.8954475503903243,37.51624298095703,8.635673522949219,3.0,0.282602783203125,6.510416666666666e-07,0,1
0001498747_Raw03_f_00007.jpg,numeric,0001498747,03,4096,3000,1,52.6604609375,51.00688055808452,2.8284338136357623,88.05223083496094,10.389491081237793,2.0,0.4653612467447917,3.157552083333333e-05,0,1
0001498751_Raw00_f_00005.jpg,numeric,0001498751,00,4096,3000,1,41.19939290364584,19.704625751295612,1.5483709633493499,16.256980895996094,5.738045692443848,2.0,0.212353271484375,0.0,0,1
0001498754_Raw03_f_00008.jpg,numeric,0001498754,03,4096,3000,1,38.01579207356771,34.06571491004434,1.611814854239911,26.720294952392578,5.8296427726745605,2.0,0.4606382649739583,0.0,0,1
0001498755_Raw00_f_00002.jpg,numeric,0001498755,00,4096,3000,1,53.736684651692705,29.307292679532488,3.357158319513065,87.73323059082031,11.256011962890625,5.0,0.21238346354166668,8.7890625e-06,0,1
0001498757_Raw00_f_00007.jpg,numeric,0001498757,00,4096,3000,1,27.09421378580729,32.73495537198612,2.146770469207996,56.619171142578125,7.917227268218994,2.0,0.6082891438802084,1.7333984375e-05,0,1
0001498757_Raw03_f_00004.jpg,numeric,0001498757,03,4096,3000,1,45.37492423502604,39.510676622316666,3.0514693226392717,90.05169677734375,9.917908668518066,3.0,0.43546232096354165,1.8717447916666666e-06,0,1
0001498757_Raw11_f_00007.jpg,numeric,0001498757,11,4096,3000,1,8.806654134114583,10.13957239785294,0.6150276436459677,5.7464375495910645,2.5639209747314453,1.0,0.7818017578125,0.0,0,1
0001498757_Raw12_f_00005.jpg,numeric,0001498757,12,4096,3000,1,33.524658203125,13.923773382786942,2.3814902918647154,37.98516845703125,7.856247425079346,3.0,0.14345735677083332,0.0,0,1
0001498757_Raw13_f_00006.jpg,numeric,0001498757,13,4096,3000,1,38.34167586263021,27.907741002256607,3.3273013729802763,50.42454528808594,9.920095443725586,3.0,0.296552734375,6.510416666666666e-07,0,1
0001498757_Raw13_f_00007.jpg,numeric,0001498757,13,4096,3000,1,22.600174235026042,29.051676007755873,2.4198339453624964,31.43609046936035,6.630235195159912,1.0,0.6207281087239583,2.44140625e-07,0,1
0001498758_Raw11_f_00002.jpg,numeric,0001498758,11,4096,3000,1,16.269590576171876,12.135715694456676,1.2022736664557905,9.974712371826172,3.6279072761535645,2.0,0.5662765299479167,0.0,0,1
0001498758_Raw13_f_00005.jpg,numeric,0001498758,13,4096,3000,1,38.647407958984374,26.861151738459498,5.088323556558634,115.45807647705078,14.088203430175781,4.0,0.28037215169270835,1.6276041666666666e-05,0,1
0001498759_Raw13_f_00002.jpg,numeric,0001498759,13,4096,3000,1,43.966084554036456,29.47518936559538,4.1956288778500355,79.28058624267578,11.479920387268066,4.0,0.272413330078125,5.7779947916666664e-06,0,1
0001498760_Raw13_f_00003.jpg,numeric,0001498760,13,4096,3000,1,42.93519702148438,29.846618710908714,5.24123196304401,113.99363708496094,13.978647232055664,4.0,0.2731829427083333,3.662109375e-06,0,1
0001498760_Raw13_f_00006.jpg,numeric,0001498760,13,4096,3000,1,46.71483113606771,30.603161874078438,4.3363948615942345,114.13338470458984,13.170618057250977,4.0,0.272183349609375,8.544921875e-06,0,1
0001498761_Raw13_f_00002.jpg,numeric,0001498761,13,4096,3000,1,47.26489640299479,31.744822626230114,4.040275863710361,102.14810180664062,12.324973106384277,4.0,0.2668136393229167,1.46484375e-06,0,1
0001498761_Raw13_f_00004.jpg,numeric,0001498761,13,4096,3000,1,45.55079077148437,30.73084552080914,4.160256306331229,97.4082260131836,12.250597953796387,4.0,0.2688790690104167,4.801432291666666e-06,0,1
0001498761_Raw13_f_00007.jpg,numeric,0001498761,13,4096,3000,1,44.176559733072914,29.548898521080194,4.660747912956141,100.83162689208984,12.757473945617676,4.0,0.273064208984375,8.7890625e-06,0,1
0001498762_Raw13_f_00008.jpg,numeric,0001498762,13,4096,3000,1,42.46882739257813,29.676658019363188,4.0233799840893605,89.25812530517578,12.167643547058105,4.0,0.27803515625,2.848307291666667e-06,0,1
0001498768_Raw01_f_00011.jpg,numeric,0001498768,01,4096,3000,1,63.20555737304687,15.811808732760841,4.672931783042148,218.74891662597656,18.39225959777832,8.0,7.731119791666667e-06,1.9449869791666666e-05,0,1
0001498770_Raw02_f_00002.jpg,numeric,0001498770,02,4096,3000,1,18.48585066731771,21.90343648699023,0.49203924943630245,53.404422760009766,6.206043720245361,1.0,0.570057373046875,0.0,0,1
0001498773_Raw12_f_00004.jpg,numeric,0001498773,12,4096,3000,1,31.6470234375,19.665833783142016,3.797429209948056,63.6540412902832,10.956303596496582,4.0,0.2732771809895833,0.0,0,1
0001498784_Raw00_f_00001.jpg,numeric,0001498784,00,4096,3000,1,39.023277913411455,23.655612061055365,4.4635246013799375,106.97193908691406,14.120109558105469,5.0,0.25236279296875,1.0579427083333333e-06,0,1
0001498788_Raw13_f_00002.jpg,numeric,0001498788,13,4096,3000,1,20.2461689453125,12.768013188384048,2.5633791145838876,33.322269439697266,7.747123718261719,2.0,0.3153014322916667,5.615234375e-06,0,1
0001498795_Raw00_f_00002.jpg,numeric,0001498795,00,4096,3000,1,49.49354817708333,28.64023290116711,5.949589702525314,302.925048828125,19.87586212158203,7.0,0.2095107421875,9.602864583333333e-06,1,0
0001498795_Raw03_f_00002.jpg,numeric,0001498795,03,4096,3000,1,49.868013753255205,49.1256877581714,5.269466311018639,406.58270263671875,19.1758975982666,3.0,0.44685888671875,0.00042643229166666665,0,1
0001498797_Raw02_f_00006.jpg,numeric,0001498797,02,4096,3000,1,60.108473714192705,17.524368105942475,3.8095417538577427,157.19358825683594,14.464035987854004,7.0,5.615234375e-06,3.90625e-06,0,1
0001498797_Raw12_f_00007.jpg,numeric,0001498797,12,4096,3000,1,26.78916463216146,14.522022844197066,4.052397703716457,108.60707092285156,14.315787315368652,4.0,0.27482438151041666,7.32421875e-07,0,1
0001498797_Raw12_f_00012.jpg,numeric,0001498797,12,4096,3000,1,33.23117236328125,17.098259557960027,4.893400274854856,106.31716918945312,14.8060884475708,4.0,0.181718505859375,1.6276041666666666e-07,0,1
0001498800_Raw13_f_00004.jpg,numeric,0001498800,13,4096,3000,1,35.399614176432294,25.930160463778694,3.3159809040390105,57.75406265258789,9.915273666381836,3.0,0.3086402180989583,1.6276041666666666e-07,0,1
0001498803_Raw01_f_00000.jpg,numeric,0001498803,01,4096,3000,1,48.71151204427083,41.35799432344996,3.637927419240273,108.5605697631836,11.192342758178711,3.0,0.387981689453125,1.611328125e-05,0,1
0001498803_Raw02_f_00000.jpg,numeric,0001498803,02,4096,3000,1,46.07664737955729,41.33997265317205,3.2920898812957415,176.65904235839844,13.519495010375977,3.0,0.3875634765625,6.892903645833333e-05,0,1
0001498803_Raw13_f_00011.jpg,numeric,0001498803,13,4096,3000,1,39.82658512369792,27.137326443949302,3.8539786116326065,98.18502807617188,11.049559593200684,4.0,0.27502522786458333,2.848307291666667e-06,0,1
0001498805_Raw00_f_00003.jpg,numeric,0001498805,00,4096,3000,1,47.83010791015625,26.028563629857448,3.4030155320116213,91.76055908203125,11.910056114196777,5.0,0.21019856770833334,1.2125651041666666e-05,0,1
0001498814_Raw02_f_00007.jpg,numeric,0001498814,02,4096,3000,1,20.409917643229168,23.71010750358926,1.0471563440988392,49.21199035644531,5.926365375518799,1.0,0.5568111979166667,1.595052083333333e-05,0,1
0001498819_Raw13_f_00002.jpg,numeric,0001498819,13,4096,3000,1,29.624474690755207,19.68857347098044,3.9675701327336927,67.7296371459961,10.699783325195312,4.0,0.27431754557291665,8.382161458333333e-06,0,1
0001498819_Raw13_f_00006.jpg,numeric,0001498819,13,4096,3000,1,25.829517740885418,21.85981424367732,4.258589349730431,63.967681884765625,10.398221969604492,3.0,0.39925520833333333,5.289713541666667e-06,0,1
0001498823_Raw13_f_00009.jpg,numeric,0001498823,13,4096,3000,1,27.529488932291667,18.3706950393744,3.14803628147842,45.29034423828125,8.996987342834473,3.0,0.2870032552083333,7.731119791666667e-06,0,1
0001498838_Raw01_f_00007.jpg,numeric,0001498838,01,4096,3000,1,30.14361572265625,33.64458591375528,5.296461804986835,285.75750732421875,16.511869430541992,2.0,0.5178853352864583,0.00013810221354166666,1,0
0001498850_Raw13_f_00006.jpg,numeric,0001498850,13,4096,3000,1,47.37300553385417,31.856605543301463,4.571516550365722,140.53118896484375,13.398703575134277,5.0,0.27254109700520834,2.685546875e-06,0,1
0001498851_Raw13_f_00007.jpg,numeric,0001498851,13,4096,3000,1,46.050958658854164,30.300725597536815,3.8871401614528507,100.56826782226562,11.490363121032715,4.0,0.27543253580729166,1.1393229166666668e-06,0,1
0001498865_Raw13_f_00001.jpg,numeric,0001498865,13,4096,3000,1,26.127605875651042,23.064411249119125,3.8762657200219603,100.21736145019531,11.426742553710938,3.0,0.41122119140625,4.0852864583333333e-05,0,1
0001498993_Raw12_f_00000.jpg,numeric,0001498993,12,4096,3000,1,5.035119710286458,9.24186324387997,0.4488932242698149,15.4781494140625,4.181798934936523,1.0,0.883346923828125,0.0,1,0
0001498993_Raw13_f_00000.jpg,numeric,0001498993,13,4096,3000,1,5.554984619140625,12.046177919693365,0.28673597090366965,27.723905563354492,4.512688636779785,0.0,0.8769667154947917,5.289713541666667e-06,2,0
0001499650_Raw02_f_00007.jpg,numeric,0001499650,02,4096,3000,1,44.081177734375,24.99195063162054,5.46350838082383,119.9052734375,16.977188110351562,4.0,0.16183235677083332,1.0660807291666667e-05,0,1
0001499651_Raw10_f_00009.jpg,numeric,0001499651,10,4096,3000,1,2.629752197265625,3.3098320592643273,0.2662970069610013,5.1628642082214355,1.9610154628753662,0.0,0.9944627278645833,0.0,0,1
0001499652_Raw02_f_00008.jpg,numeric,0001499652,02,4096,3000,1,48.3122314453125,25.683917011770827,6.889089398253322,87.52915954589844,19.44707489013672,4.0,0.15920271809895833,2.7669270833333335e-06,0,1
0001499653_Raw00_f_00010.jpg,numeric,0001499653,00,4096,3000,1,45.23478621419271,23.936614254732202,5.220836249919195,82.72650909423828,17.95449447631836,4.0,0.21391886393229168,2.685546875e-06,0,1
0001499654_Raw02_f_00001.jpg,numeric,0001499654,02,4096,3000,1,51.34927189127604,28.94342927885453,4.4442868956043755,94.61647033691406,18.376541137695312,4.0,0.16384969075520833,2.197265625e-06,0,1
0001499654_Raw10_f_00008.jpg,numeric,0001499654,10,4096,3000,1,2.7843041178385417,3.643682006489234,0.28865805553899737,5.821948051452637,2.0820882320404053,0.0,0.991752197265625,8.138020833333333e-08,0,1
0001499655_Raw02_f_00007.jpg,numeric,0001499655,02,4096,3000,1,58.22888834635417,36.580386885443204,10.378963796802967,489.8514709472656,31.00008773803711,5.0,0.160744873046875,0.0001923828125,0,1
0001499657_Raw03_f_00007.jpg,numeric,0001499657,03,4096,3000,1,18.6837392578125,39.42702329404479,0.38916814342577977,63.12451171875,8.296443939208984,0.0,0.8149982096354167,6.266276041666667e-06,0,1
0001499662_Raw13_f_00003.jpg,numeric,0001499662,13,4096,3000,1,28.52509611002604,17.72225761420864,3.2703080792728647,32.811126708984375,9.081504821777344,2.0,0.26825618489583336,3.0924479166666666e-06,0,1
0001499663_Raw00_f_00004.jpg,numeric,0001499663,00,4096,3000,1,52.66171199544271,25.903099054684173,2.877973862622155,34.83562088012695,10.39748477935791,3.0,0.20780948893229167,8.138020833333333e-08,0,1
0001499665_Raw03_f_00022.jpg,numeric,0001499665,03,4096,3000,1,26.737184244791667,42.65381011391929,0.3942235145684241,89.03971099853516,10.345030784606934,0.0,0.7185347493489583,2.4332682291666667e-05,0,1
0001499666_Raw13_f_00013.jpg,numeric,0001499666,13,4096,3000,1,8.722058837890625,12.873345657372115,0.47788900364737696,10.176568031311035,3.7248260974884033,1.0,0.7346289876302083,1.3020833333333333e-06,0,1
0001499670_Raw00_f_00000.jpg,numeric,0001499670,00,4096,3000,1,9.55639404296875,22.48873425756751,0.4786551135979198,119.86314392089844,9.271270751953125,1.0,0.8662285970052084,2.83203125e-05,0,1
0001499671_Raw10_f_00004.jpg,numeric,0001499671,10,4096,3000,1,2.7273929036458333,3.5101525908229543,0.2890427167161983,5.292500019073486,1.9730803966522217,0.0,0.9930462239583333,4.069010416666667e-07,0,1
0001499673_Raw13_f_00001.jpg,numeric,0001499673,13,4096,3000,1,13.311366048177083,13.317010645719602,2.3236746100288315,60.07999038696289,9.113333702087402,2.0,0.5630087890625,5.224609375e-05,0,1
0001499673_Raw13_f_00011.jpg,numeric,0001499673,13,4096,3000,1,3.809913248697917,9.176913818670878,0.3635035894355023,13.231156349182129,2.964322566986084,0.0,0.9144820963541667,1.4404296875e-05,0,1
0001499676_Raw00_f_00001.jpg,numeric,0001499676,00,4096,3000,1,52.92587239583333,27.261954374232374,3.666105695454285,50.85059356689453,13.634828567504883,3.0,0.217269775390625,3.5807291666666666e-06,0,1
0001499676_Raw02_f_00001.jpg,numeric,0001499676,02,4096,3000,1,71.5284462890625,17.230668418127642,3.2501197789647276,60.09963607788086,12.770241737365723,4.0,0.021263834635416666,3.0110677083333333e-06,1,0
0001499677_Raw00_f_00014.jpg,numeric,0001499677,00,4096,3000,1,52.922672770182295,27.04517231921851,2.921791366187033,36.59980010986328,10.923531532287598,3.0,0.22013509114583332,0.0,1,0
0001499677_Raw01_f_00004.jpg,numeric,0001499677,01,4096,3000,1,78.15252026367187,10.101116242116394,3.8218196623669765,74.53255462646484,15.87474250793457,5.0,0.0,0.0,0,1
0001499677_Raw01_f_00007.jpg,numeric,0001499677,01,4096,3000,1,78.44115657552084,9.627428984476339,3.599951894214568,70.63705444335938,15.339879035949707,5.0,0.0,0.0,0,1
0001499678_Raw00_f_00003.jpg,numeric,0001499678,00,4096,3000,1,55.519178955078125,27.865521449467902,3.0929895984110094,41.272762298583984,10.913362503051758,3.0,0.210939453125,0.0,0,1
0001499679_Raw01_f_00009.jpg,numeric,0001499679,01,4096,3000,1,17.91640022786458,5.671056673976472,2.5473806973673048,41.20536804199219,9.868688583374023,3.0,0.34848193359375,2.44140625e-07,0,1
0001499680_Raw00_f_00002.jpg,numeric,0001499680,00,4096,3000,1,18.680479899088542,11.162257672261589,2.946194558826189,50.241390228271484,9.674087524414062,2.0,0.3238919270833333,0.000113037109375,0,1
0001499680_Raw01_f_00005.jpg,numeric,0001499680,01,4096,3000,1,19.466851399739582,5.5757653708779795,2.2790412938887883,34.79106140136719,8.451798439025879,3.0,0.22500146484375,1.6276041666666666e-07,0,1
0001499680_Raw02_f_00008.jpg,numeric,0001499680,02,4096,3000,1,28.128107340494793,12.978785934222376,2.484420765300587,62.76927185058594,10.078289985656738,4.0,0.17593424479166667,1.220703125e-06,0,1
0001499680_Raw03_f_00012.jpg,numeric,0001499680,03,4096,3000,1,18.590033365885418,24.739284509247366,0.5810835660537306,93.59355926513672,10.516009330749512,1.0,0.6307940266927083,0.0002041015625,0,1
0001499681_Raw13_f_00007.jpg,numeric,0001499681,13,4096,3000,1,12.224164713541667,8.118210144849812,1.4996354549851298,14.740406036376953,5.039927005767822,2.0,0.6308973795572916,1.8717447916666666e-06,0,1
0001499683_Raw00_f_00001.jpg,numeric,0001499683,00,4096,3000,1,53.16602522786458,48.24057473935825,5.304396089326868,143.60562133789062,15.083954811096191,3.0,0.4456470540364583,5.9407552083333336e-05,1,0
0001499683_Raw00_f_00009.jpg,numeric,0001499683,00,4096,3000,1,54.17786824544271,30.41447818739213,2.5251686593405265,27.067052841186523,8.960678100585938,3.0,0.25366015625,0.0,0,1
0001499683_Raw02_f_00002.jpg,numeric,0001499683,02,4096,3000,1,76.79716463216145,21.320626287489013,4.056925895177669,279.028076171875,17.435213088989258,6.0,0.00022412109375,2.6611328125e-05,0,1
0001499683_Raw03_f_00005.jpg,numeric,0001499683,03,4096,3000,1,40.39695703125,55.06758459561096,0.5255378786048647,109.19331359863281,11.123372077941895,1.0,0.630976806640625,1.3020833333333334e-05,0,1
0001499683_Raw13_f_00006.jpg,numeric,0001499683,13,4096,3000,1,30.300075764973958,21.402167901399064,5.38571624353234,68.72727966308594,14.688200950622559,3.0,0.297950439453125,3.0110677083333333e-06,0,1
0001499684_Raw00_f_00005.jpg,numeric,0001499684,00,4096,3000,1,53.51265559895833,30.603160346100676,2.634911428312816,33.1114501953125,9.64423942565918,3.0,0.257924560546875,2.7669270833333335e-06,0,1
0001499684_Raw00_f_00008.jpg,numeric,0001499684,00,4096,3000,1,53.43002026367188,30.04537345612055,2.739213711927814,34.84370422363281,10.156634330749512,3.0,0.2522709147135417,5.696614583333334e-07,0,1
0001499684_Raw00_f_00010.jpg,numeric,0001499684,00,4096,3000,1,50.77577514648438,28.278255389145446,2.606935145624086,34.332054138183594,9.970637321472168,3.0,0.249857666015625,2.44140625e-07,0,1
0001499684_Raw03_f_00002.jpg,numeric,0001499684,03,4096,3000,1,36.72845556640625,48.90745719137904,0.5540754955194693,76.89051055908203,10.34201717376709,1.0,0.6161346842447917,4.801432291666666e-06,0,1
0001499685_Raw03_f_00004.jpg,numeric,0001499685,03,4096,3000,1,33.433771158854164,44.819856620666556,0.4819010186401048,68.52360534667969,9.173709869384766,1.0,0.6350609537760417,2.5227864583333333e-06,0,1
0001499686_Raw02_f_00002.jpg,numeric,0001499686,02,4096,3000,1,63.70621500651042,11.26993626099186,2.1889092598633466,40.399810791015625,8.102962493896484,3.0,4.7200520833333336e-06,3.662109375e-06,0,1
0001499687_Raw00_f_00010.jpg,numeric,0001499687,00,4096,3000,1,46.27977783203125,22.421576807311364,2.4988870307087687,20.689868927001953,8.356474876403809,2.0,0.20742952473958334,0.0,0,1
0001499687_Raw02_f_00003.jpg,numeric,0001499687,02,4096,3000,1,61.303522135416664,10.216763263967598,2.1034081436454217,32.50819396972656,8.024443626403809,3.0,1.4241536458333334e-05,4.8828125e-07,0,1
0001499689_Raw02_f_00042.jpg,numeric,0001499689,02,4096,3000,1,61.67048445638021,10.269406219110309,2.348839163967171,48.18947982788086,9.523905754089355,4.0,0.0,3.173828125e-06,3,0
0001499689_Raw02_f_00046.jpg,numeric,0001499689,02,4096,3000,1,61.31321329752604,12.420549649627944,2.120458190741929,51.57150650024414,9.565871238708496,3.0,0.010189371744791667,1.0335286458333333e-05,1,0
0001499689_Raw03_f_00043.jpg,numeric,0001499689,03,4096,3000,1,20.46051106770833,33.61458311672485,0.4024652411132629,31.546276092529297,5.6707682609558105,0.0,0.7442128092447917,8.870442708333334e-06,0,1
0001499692_Raw00_f_00011.jpg,numeric,0001499692,00,4096,3000,1,23.75966788736979,27.79877211527362,1.6998788499181336,51.90700912475586,8.313104629516602,2.0,0.6063408203125,0.000120849609375,1,0
0001499692_Raw01_f_00001.jpg,numeric,0001499692,01,4096,3000,1,47.09156762695312,32.684556363262935,2.9473079991529185,50.52415084838867,10.459818840026855,2.0,0.31433780924479165,0.0,0,1
0001499692_Raw13_f_00004.jpg,numeric,0001499692,13,4096,3000,1,20.129842122395832,12.101067839086317,1.8079482985789221,19.012346267700195,5.64665412902832,2.0,0.284862548828125,2.685546875e-06,0,1
0001499692_Raw13_f_00008.jpg,numeric,0001499692,13,4096,3000,1,20.01669913736979,12.072658207729566,1.8520154854516349,19.586103439331055,5.797215461730957,2.0,0.287653564453125,3.5807291666666666e-06,0,1
0001499694_Raw00_f_00002.jpg,numeric,0001499694,00,4096,3000,1,73.63377368164062,40.10386979870226,5.866232309012087,172.62107849121094,15.314143180847168,4.0,0.20524723307291667,0.00025341796875,1,0
0001499696_Raw00_f_00000.jpg,numeric,0001499696,00,4096,3000,1,24.802826822916668,41.34312276920859,0.498546389140218,408.40850830078125,21.85576057434082,2.0,0.7203523763020834,0.00010091145833333333,0,1
0001499696_Raw12_f_00007.jpg,numeric,0001499696,12,4096,3000,1,28.304508544921877,15.24967897070233,3.994625215304933,43.20746994018555,11.171066284179688,3.0,0.24614680989583335,1.3020833333333333e-06,0,1
0001499698_Raw01_f_00004.jpg,numeric,0001499698,01,4096,3000,1,71.25686857096355,23.26364072714442,18.707028649204318,517.5318603515625,51.508766174316406,10.0,0.0,2.6529947916666665e-05,0,1
0001499698_Raw02_f_00010.jpg,numeric,0001499698,02,4096,3000,1,51.75498331705729,34.633523045838366,12.082494456285138,283.63031005859375,32.73025131225586,5.0,0.23326066080729166,7.625325520833334e-05,0,1
0001499699_Raw13_f_00011.jpg,numeric,0001499699,13,4096,3000,1,16.860645263671874,16.808332563195826,2.8317001977095915,60.005550384521484,10.074383735656738,2.0,0.51239697265625,6.103515625e-06,0,1
0001499700_Raw02_f_00003.jpg,numeric,0001499700,02,4096,3000,1,53.444948974609375,34.429532282332545,10.487279361918876,244.1532745361328,28.285104751586914,5.0,0.23527498372395833,3.2145182291666664e-05,0,1
0001499701_Raw00_f_00003.jpg,numeric,0001499701,00,4096,3000,1,48.717198404947915,25.507686050912167,2.58549971274934,41.55720901489258,10.606624603271484,3.0,0.23018473307291668,0.0,0,1
0001499701_Raw03_f_00002.jpg,numeric,0001499701,03,4096,3000,1,30.703980387369793,44.514635989689204,0.4675151982095286,145.8406219482422,11.454066276550293,0.0,0.6676319986979167,1.9612630208333335e-05,0,1
0001499701_Raw03_f_00006.jpg,numeric,0001499701,03,4096,3000,1,29.48011678059896,45.104073579369356,0.4540911489205996,152.78219604492188,11.34648609161377,0.0,0.68694921875,3.0354817708333334e-05,0,1
0001499702_Raw00_f_00010.jpg,numeric,0001499702,00,4096,3000,1,31.45170556640625,31.143727033957468,2.3853880567750307,52.60371017456055,9.198471069335938,2.0,0.5171306966145833,6.258138020833334e-05,0,1
0001499702_Raw03_f_00000.jpg,numeric,0001499702,03,4096,3000,1,14.61418359375,38.19211333755896,0.2113205630400324,99.6915512084961,6.8401312828063965,0.0,0.868374267578125,0.0006310221354166667,0,1
0001499702_Raw03_f_00002.jpg,numeric,0001499702,03,4096,3000,1,29.726009440104168,47.901745068816986,0.4524117780699416,145.27398681640625,11.535880088806152,0.0,0.7036790364583333,0.00013492838541666666,0,1
0001499702_Raw03_f_00005.jpg,numeric,0001499702,03,4096,3000,1,30.277948974609377,47.731244468905885,0.46127556474268316,129.7909698486328,10.902460098266602,0.0,0.6962230631510417,4.1585286458333334e-05,0,1
0001499703_Raw03_f_00007.jpg,numeric,0001499703,03,4096,3000,1,30.60166748046875,46.82663251486004,0.4614497927779698,89.05393981933594,9.765713691711426,0.0,0.6880703938802083,1.0335286458333333e-05,0,1
0001499704_Raw00_f_00009.jpg,numeric,0001499704,00,4096,3000,1,46.60487475585938,28.58103655462632,2.8968407710477937,65.04157257080078,11.547481536865234,3.0,0.2874556477864583,4.8258463541666664e-05,0,1
0001499705_Raw02_f_00006.jpg,numeric,0001499705,02,4096,3000,1,65.30417008463542,11.857695887102988,2.475567100671463,51.7933235168457,9.446028709411621,3.0,7.893880208333333e-06,1.953125e-06,1,0
0001499706_Raw00_f_00007.jpg,numeric,0001499706,00,4096,3000,1,52.15542936197917,26.31700701356895,2.8174892644995393,38.78287887573242,9.7255277633667,3.0,0.215161376953125,0.0,0,1
0001499711_Raw00_f_00007.jpg,numeric,0001499711,00,4096,3000,1,32.27450895182292,37.17421955149099,2.602370263417988,36.22587585449219,7.827786922454834,2.0,0.5899515787760417,2.2623697916666665e-05,0,1
0001499711_Raw03_f_00002.jpg,numeric,0001499711,03,4096,3000,1,32.48933878580729,49.86866292020663,0.4685032435825981,74.88491821289062,8.438138961791992,0.0,0.6989300944010417,5.37109375e-06,0,1
0001499712_Raw00_f_00001.jpg,numeric,0001499712,00,4096,3000,1,59.93008553059896,29.693444430699273,2.9823619430666826,40.93224334716797,9.70678424835205,3.0,0.203989501953125,1.6276041666666666e-07,0,1
0001499712_Raw00_f_00002.jpg,numeric,0001499712,00,4096,3000,1,61.377088541666666,30.694449959777813,2.980817900875913,38.713932037353516,9.396126747131348,3.0,0.20617618815104166,0.0,0,1
0001499712_Raw00_f_00007.jpg,numeric,0001499712,00,4096,3000,1,10.802764567057292,25.058092949309962,0.46826499258168164,37.60138702392578,5.349734783172607,1.0,0.873591064453125,3.2470703125e-05,0,1
0001499714_Raw12_f_00005.jpg,numeric,0001499714,12,4096,3000,1,41.55280891927083,20.873924072212024,2.9032000675869605,24.377168655395508,7.286872386932373,3.0,0.12873225911458333,2.44140625e-07,0,1
0001499717_Raw00_f_00001.jpg,numeric,0001499717,00,4096,3000,1,53.88518473307292,29.5255600488453,6.283874677723822,158.25013732910156,21.15178871154785,5.0,0.208371826171875,2.44140625e-06,1,0
0001499719_Raw02_f_00012.jpg,numeric,0001499719,02,4096,3000,1,24.916879475911458,33.55177116612588,0.41198583613897677,87.46292877197266,9.203813552856445,0.0,0.620864990234375,5.7779947916666666e-05,0,1
0001499720_Raw01_f_00005.jpg,numeric,0001499720,01,4096,3000,1,75.22365063476562,13.139278270504086,5.244729834641638,144.71078491210938,19.500776290893555,7.0,0.0,2.34375e-05,0,1
0001499720_Raw02_f_00003.jpg,numeric,0001499720,02,4096,3000,1,56.78780102539063,28.293589869415474,3.692767286418844,146.42864990234375,15.835304260253906,4.0,0.14386149088541667,2.7669270833333335e-06,0,1
0001499720_Raw02_f_00004.jpg,numeric,0001499720,02,4096,3000,1,56.483708821614584,28.171870130704995,3.8369461855272515,139.13076782226562,15.855002403259277,4.0,0.14448356119791667,1.7903645833333333e-06,0,1
0001499724_Raw12_f_00013.jpg,numeric,0001499724,12,4096,3000,1,27.207465169270833,16.92887029927836,3.865207036143304,33.809059143066406,10.178574562072754,3.0,0.32493733723958335,3.255208333333333e-07,0,1
0001499724_Raw13_f_00013.jpg,numeric,0001499724,13,4096,3000,1,32.909643391927084,25.215690555715625,5.181644824901495,55.534027099609375,12.389141082763672,3.0,0.327917236328125,8.7890625e-06,0,1
0001499725_Raw11_f_00001.jpg,numeric,0001499725,11,4096,3000,1,10.06356005859375,11.067695085561965,0.8721811956218116,7.70437479019165,3.583014965057373,1.0,0.7794488932291667,1.6276041666666666e-07,0,1
0001499725_Raw13_f_00008.jpg,numeric,0001499725,13,4096,3000,1,32.349087890625,22.659333424117936,5.075101776486758,55.06986999511719,12.409589767456055,3.0,0.30651774088541667,4.069010416666667e-06,0,1
0001499730_Raw02_f_00001.jpg,numeric,0001499730,02,4096,3000,1,44.551972330729164,35.44714555014099,3.318080792008373,348.2770690917969,18.463762283325195,3.0,0.32945100911458336,0.00024235026041666667,0,1
0001499730_Raw13_f_00003.jpg,numeric,0001499730,13,4096,3000,1,26.666439127604168,19.70978982495465,3.1449685355299497,30.390275955200195,8.163792610168457,2.0,0.3555310872395833,1.708984375e-06,0,1
0001499733_Raw00_f_00003.jpg,numeric,0001499733,00,4096,3000,1,54.72672867838541,29.299232744542948,3.9832473971073683,92.4611587524414,12.595359802246094,5.0,0.21047306315104167,2.0345052083333333e-06,1,0
0001499735_Raw02_f_00001.jpg,numeric,0001499735,02,4096,3000,1,43.123122395833335,37.284617789219,3.0513327787055444,170.41439819335938,14.530588150024414,2.0,0.37562727864583334,2.8645833333333333e-05,1,0
0001499737_Raw00_f_00002.jpg,numeric,0001499737,00,4096,3000,1,57.5506708984375,31.632440983850273,3.7285998437647416,111.89595794677734,14.550413131713867,5.0,0.2080205078125,1.513671875e-05,0,1
0001499737_Raw00_f_00008.jpg,numeric,0001499737,00,4096,3000,1,34.301742757161456,38.83350623412024,4.27671918448415,183.01829528808594,16.186800003051758,2.0,0.5461546223958333,0.00029475911458333334,0,1
0001499738_Raw00_f_00001.jpg,numeric,0001499738,00,4096,3000,1,43.96607633463542,32.738148784041265,7.51455128590988,404.1856384277344,24.974245071411133,7.0,0.303776611328125,0.00018033854166666667,1,0
0001499739_Raw01_f_00008.jpg,numeric,0001499739,01,4096,3000,1,51.853408528645836,14.834180644719202,6.512906249154111,307.8077392578125,22.36860466003418,7.0,6.803385416666667e-05,4.8665364583333334e-05,0,1
0001499739_Raw02_f_00001.jpg,numeric,0001499739,02,4096,3000,1,51.02663777669271,17.421122161867842,5.130826474895207,145.27407836914062,17.524194717407227,6.0,0.029191975911458334,1.611328125e-05,0,1
0001499745_Raw13_f_00010.jpg,numeric,0001499745,13,4096,3000,1,42.644221435546875,27.89991485368539,4.337047505735215,75.24337005615234,14.044942855834961,3.0,0.2740142415364583,1.46484375e-06,0,1
0001499747_Raw13_f_00001.jpg,numeric,0001499747,13,4096,3000,1,34.8912255859375,28.51667179862675,3.84547321998308,52.52191162109375,10.687372207641602,3.0,0.378877197265625,4.964192708333333e-06,0,1
0001499748_Raw00_f_00001.jpg,numeric,0001499748,00,4096,3000,1,66.94805346679688,37.229875388769265,3.81230803381868,77.73699188232422,12.962006568908691,4.0,0.21115340169270833,1.5462239583333335e-05,0,1
0001499748_Raw13_f_00007.jpg,numeric,0001499748,13,4096,3000,1,40.69201774088542,25.65637644205441,3.180594695645698,36.58324432373047,9.048436164855957,3.0,0.26985384114583333,5.696614583333334e-07,0,1
0001499749_Raw02_f_00003.jpg,numeric,0001499749,02,4096,3000,1,77.11907153320313,20.455134238445353,3.562046716952323,119.1430435180664,14.141733169555664,6.0,0.011628499348958333,4.8828125e-06,1,0
0001499749_Raw12_f_00007.jpg,numeric,0001499749,12,4096,3000,1,36.55075569661458,17.028693148055005,2.9863091279809697,30.62473487854004,7.395078182220459,3.0,0.18359488932291668,3.255208333333333e-07,0,1
0001499749_Raw12_f_00013.jpg,numeric,0001499749,12,4096,3000,1,19.56451652018229,22.289253326560814,1.225019137155342,21.39801597595215,5.490699291229248,1.0,0.5931486002604167,8.138020833333333e-08,0,1
0001499752_Raw10_f_00006.jpg,numeric,0001499752,10,4096,3000,1,2.8201499837239585,3.6876073320756135,0.2969927865849703,4.989526271820068,1.7477781772613525,0.0,0.9896102701822916,0.0,0,1
0001499753_Raw02_f_00002.jpg,numeric,0001499753,02,4096,3000,1,49.462993977864585,24.44472894705956,3.211329960793896,81.57379913330078,11.905722618103027,3.0,0.14433211263020834,1.8717447916666666e-06,0,1
0001499753_Raw02_f_00005.jpg,numeric,0001499753,02,4096,3000,1,49.690674235026044,24.69068490682525,3.3322626920152842,86.27098083496094,12.32095718383789,4.0,0.14472273763020832,2.197265625e-06,0,1
0001499756_Raw01_f_00005.jpg,numeric,0001499756,01,4096,3000,1,72.94238118489584,9.606231653596666,2.2291233727437962,40.039424896240234,8.132619857788086,4.0,4.475911458333333e-06,0.0,0,1
0001499757_Raw03_f_00008.jpg,numeric,0001499757,03,4096,3000,1,34.65429801432292,52.77324567477214,0.47473759369789215,88.05072784423828,8.825840950012207,0.0,0.6926802571614583,2.8971354166666668e-05,0,1
0001499758_Raw00_f_00002.jpg,numeric,0001499758,00,4096,3000,1,54.8381455078125,26.921027371637454,2.4578460167870313,33.60298538208008,8.327958106994629,3.0,0.205099609375,0.0,0,1
0001499758_Raw01_f_00001.jpg,numeric,0001499758,01,4096,3000,1,74.62008805338542,11.702110315049147,2.902469338088671,56.088661193847656,9.9593505859375,5.0,1.3834635416666666e-05,2.197265625e-06,1,0
0001499758_Raw02_f_00001.jpg,numeric,0001499758,02,4096,3000,1,70.43286840820312,13.376814574257597,2.459010817402951,45.046390533447266,8.174583435058594,4.0,6.103515625e-06,8.138020833333333e-08,1,0
0001499758_Raw02_f_00002.jpg,numeric,0001499758,02,4096,3000,1,71.19726741536458,12.883141045453309,2.3851116464677635,47.430702209472656,8.199217796325684,4.0,3.0110677083333333e-06,1.6276041666666666e-07,0,1
0001499759_Raw00_f_00002.jpg,numeric,0001499759,00,4096,3000,1,56.78312548828125,28.66692616436393,2.6507029679753673,38.87776184082031,8.79391860961914,3.0,0.20957682291666666,0.0,0,1
0001499761_Raw00_f_00004.jpg,numeric,0001499761,00,4096,3000,1,58.55613826497396,29.619244617610732,2.760529143856247,44.692657470703125,9.110149383544922,4.0,0.21010506184895833,8.138020833333333e-08,0,1
0001499761_Raw00_f_00011.jpg,numeric,0001499761,00,4096,3000,1,60.16017985026042,31.720704524143507,2.756484667865671,55.28016662597656,9.956449508666992,4.0,0.22046500651041667,8.138020833333333e-08,0,1
0001499761_Raw01_f_00003.jpg,numeric,0001499761,01,4096,3000,1,75.19174991861979,11.438363438746832,2.9916672367975563,64.94174194335938,10.58602237701416,5.0,3.824869791666666e-06,8.138020833333333e-08,0,1
0001499762_Raw00_f_00002.jpg,numeric,0001499762,00,4096,3000,1,61.58789168294271,31.75859593365344,2.9873372069079687,48.77891540527344,9.706921577453613,4.0,0.20753474934895833,0.0,1,0
0001499765_Raw00_f_00012.jpg,numeric,0001499765,00,4096,3000,1,60.954023518880206,32.185670632395784,2.8145881432823723,48.243587493896484,9.426504135131836,4.0,0.22099625651041666,0.0,0,1
0001499765_Raw01_f_00003.jpg,numeric,0001499765,01,4096,3000,1,84.02890641276042,14.829015752970712,3.7237688496007326,107.77306365966797,13.281336784362793,7.0,3.0110677083333333e-06,2.44140625e-07,0,1
0001499766_Raw00_f_00003.jpg,numeric,0001499766,00,4096,3000,1,62.321928873697914,33.132596907704915,2.975039414324788,48.35930252075195,9.603632926940918,4.0,0.217441162109375,0.0,0,1
0001499766_Raw01_f_00001.jpg,numeric,0001499766,01,4096,3000,1,82.49697151692709,16.85783111293373,3.7286690771503013,83.212646484375,11.600107192993164,6.0,1.1393229166666668e-06,3.0924479166666666e-06,1,0
0001499766_Raw01_f_00009.jpg,numeric,0001499766,01,4096,3000,1,83.22784318033854,14.33533830496704,3.2217840920914886,90.97735595703125,11.508710861206055,6.0,0.0,3.255208333333333e-07,0,1
0001499767_Raw00_f_00001.jpg,numeric,0001499767,00,4096,3000,1,62.53601871744792,32.262221382965144,3.138960088776705,56.401641845703125,10.335057258605957,4.0,0.20815966796875,1.8717447916666666e-06,2,0
0001499768_Raw01_f_00007.jpg,numeric,0001499768,01,4096,3000,1,79.80701969401042,12.733867403275731,2.7940385747238086,65.0805892944336,9.908203125,5.0,0.0,0.0,0,1
0001499773_Raw00_f_00009.jpg,numeric,0001499773,00,4096,3000,1,50.71861450195313,26.046354202407972,3.9032719775984583,71.95799255371094,12.932618141174316,4.0,0.21097688802083334,2.9296875e-06,0,1
0001499773_Raw03_f_00008.jpg,numeric,0001499773,03,4096,3000,1,38.25077376302083,41.46047077951917,2.0691432956407554,79.58901977539062,10.498040199279785,2.0,0.53942822265625,1.0091145833333333e-05,0,1
0001499777_Raw01_f_00007.jpg,numeric,0001499777,01,4096,3000,1,67.88483479817708,8.627091514811628,2.1091578503767794,35.188873291015625,7.541438579559326,4.0,0.0,1.0579427083333333e-06,0,1
0001499777_Raw13_f_00011.jpg,numeric,0001499777,13,4096,3000,1,17.653280680338543,12.101663881669738,1.6246886494752726,16.422149658203125,5.085116863250732,2.0,0.3548290201822917,7.32421875e-07,0,1
0001499779_Raw01_f_00002.jpg,numeric,0001499779,01,4096,3000,1,66.25624959309896,8.038775351014824,1.9271811482519454,28.848859786987305,6.813103675842285,3.0,1.8717447916666666e-06,2.44140625e-07,1,0
0001499779_Raw02_f_00015.jpg,numeric,0001499779,02,4096,3000,1,69.64862141927084,17.214916189401247,2.2814663393899997,61.79719924926758,9.400465965270996,4.0,1.6276041666666666e-07,3.0924479166666666e-06,0,1
0001499780_Raw01_f_00010.jpg,numeric,0001499780,01,4096,3000,1,69.31102547200521,8.406176544066192,2.076041021742273,33.200706481933594,7.647383689880371,4.0,3.255208333333333e-07,4.8828125e-07,1,0
0001499780_Raw01_f_00013.jpg,numeric,0001499780,01,4096,3000,1,71.79545515950521,9.406707311628145,2.3145928638865967,37.5213508605957,8.207569122314453,4.0,0.0,7.32421875e-07,0,1
0001499781_Raw00_f_00003.jpg,numeric,0001499781,00,4096,3000,1,52.20580135091146,26.109717205889865,2.1362753561205334,27.045541763305664,7.511596202850342,3.0,0.21576765950520832,0.0,1,0
0001499781_Raw00_f_00011.jpg,numeric,0001499781,00,4096,3000,1,54.47322639973958,27.167916230997292,2.4103342580155784,30.984922409057617,8.34401798248291,3.0,0.21226912434895834,8.138020833333333e-08,0,1
0001499781_Raw01_f_00010.jpg,numeric,0001499781,01,4096,3000,1,76.68367643229166,10.757157937275613,2.477795624605289,46.6309700012207,9.105369567871094,4.0,0.0,2.44140625e-07,1,0
0001499782_Raw01_f_00011.jpg,numeric,0001499782,01,4096,3000,1,16.252828450520834,12.719384280145546,2.2111247421188462,68.04930877685547,9.155858993530273,3.0,0.38515388997395833,8.658854166666667e-05,0,1
0001499782_Raw02_f_00008.jpg,numeric,0001499782,02,4096,3000,1,29.815752197265624,13.376408807830032,2.68095942146564,55.763282775878906,9.880846977233887,4.0,0.10869962565104167,1.6276041666666666e-07,0,1
0001499782_Raw02_f_00009.jpg,numeric,0001499782,02,4096,3000,1,30.14233455403646,13.548707581222347,2.8089254971804722,52.50706100463867,9.719490051269531,4.0,0.10936116536458333,1.6276041666666666e-07,0,1
0001499786_Raw03_f_00005.jpg,numeric,0001499786,03,4096,3000,1,36.719592529296875,36.14026699887514,4.690534319951892,129.46798706054688,15.075799942016602,2.0,0.46822111002604166,1.6845703125e-05,0,1
0001499787_Raw03_f_00005.jpg,numeric,0001499787,03,4096,3000,1,38.667528971354166,37.98596507402376,4.278931393858212,98.1933822631836,12.753253936767578,2.0,0.47531640625,1.9694010416666666e-05,0,1
0001499787_Raw03_f_00009.jpg,numeric,0001499787,03,4096,3000,1,40.526867106119795,39.40387665295135,3.940481224419967,125.77538299560547,12.707306861877441,2.0,0.4685909830729167,3.3528645833333334e-05,0,1
0001499787_Raw03_f_00010.jpg,numeric,0001499787,03,4096,3000,1,39.62798234049479,38.34798161475349,3.8712753647066336,118.45523071289062,12.9661865234375,2.0,0.464931884765625,1.2125651041666666e-05,0,1
0001499787_Raw03_f_00011.jpg,numeric,0001499787,03,4096,3000,1,40.13221818033854,38.1109019683058,3.6964926395990427,119.56084442138672,13.177188873291016,2.0,0.45837394205729165,2.3600260416666666e-05,0,1
0001499957_Raw00_f_00007.jpg,numeric,0001499957,00,4096,3000,1,49.996593994140625,27.82639140218299,3.014805633326338,81.64700317382812,10.543869972229004,4.0,0.22535587565104168,2.685546875e-06,3,0
0001500004_Raw00_f_00002.jpg,numeric,0001500004,00,4096,3000,1,51.66294661458333,25.79512659686305,2.574390060859855,38.10224533081055,8.957810401916504,3.0,0.20728523763020834,8.138020833333333e-08,1,0
0001500004_Raw02_f_00009.jpg,numeric,0001500004,02,4096,3000,1,45.613434163411455,32.622520205911485,2.101068468331609,52.8464469909668,8.61904239654541,2.0,0.317719970703125,1.1393229166666668e-06,0,1
0001500005_Raw01_f_00000.jpg,numeric,0001500005,01,4096,3000,1,15.739309000651042,32.046122808564256,0.12401959270615269,24.408082962036133,3.9973227977752686,0.0,0.804403076171875,0.0,0,1
0001500005_Raw02_f_00002.jpg,numeric,0001500005,02,4096,3000,1,47.701502522786456,32.10941464547801,2.0255797971131817,44.95844650268555,7.897970676422119,2.0,0.28946240234375,2.44140625e-07,0,1
0001500005_Raw13_f_00005.jpg,numeric,0001500005,13,4096,3000,1,19.040256103515624,11.70831622888325,2.0348732002455745,16.322120666503906,5.626098155975342,2.0,0.31056315104166665,3.255208333333333e-07,0,1
0001500008_Raw00_f_00007.jpg,numeric,0001500008,00,4096,3000,1,47.12841015625,38.43456266628644,4.250372316414557,181.88829040527344,14.297765731811523,4.0,0.381479736328125,0.0004969075520833334,1,0
0001500009_Raw00_f_00007.jpg,numeric,0001500009,00,4096,3000,1,41.00712833658854,39.61760651093038,4.168169583039051,175.32794189453125,13.672102928161621,3.0,0.46991153971354166,0.000412353515625,0,1
0001500010_Raw01_f_00005.jpg,numeric,0001500010,01,4096,3000,1,81.02096549479167,19.430181715303,3.9405619972030514,250.8574981689453,16.71703338623047,9.0,8.138020833333333e-08,0.00021687825520833333,0,1
0001500010_Raw02_f_00006.jpg,numeric,0001500010,02,4096,3000,1,37.889670247395834,31.848798716583335,1.9140644625884835,156.4709930419922,11.195405960083008,3.0,0.37643693033854164,1.8798828125e-05,1,0
0001500010_Raw02_f_00008.jpg,numeric,0001500010,02,4096,3000,1,1.461273681640625,9.786184388956816,0.07942869402011735,17.45936393737793,1.6780872344970703,0.0,0.9786940104166667,2.2135416666666668e-05,0,1
0001500010_Raw13_f_00004.jpg,numeric,0001500010,13,4096,3000,1,36.02211800130208,24.224480243870776,3.9899609352596253,82.91038513183594,11.703795433044434,4.0,0.27127400716145833,1.6682942708333332e-05,0,1
0001500010_Raw13_f_00005.jpg,numeric,0001500010,13,4096,3000,1,38.523380045572914,27.347028867478052,3.2144336258980424,65.51758575439453,10.535037994384766,4.0,0.29335514322916667,3.173828125e-06,0,1
0001500011_Raw00_f_00002.jpg,numeric,0001500011,00,4096,3000,1,58.79535725911458,32.77069843432304,4.20682293400763,151.2998046875,13.542447090148926,5.0,0.20998527018229166,2.8076171875e-05,0,1
0001500011_Raw02_f_00002.jpg,numeric,0001500011,02,4096,3000,1,37.21915169270833,31.486850738214223,2.2057428697447454,170.446533203125,11.840133666992188,3.0,0.38057771809895835,1.4241536458333334e-05,0,1
0001500011_Raw13_f_00005.jpg,numeric,0001500011,13,4096,3000,1,39.35979012044271,27.657412855935842,3.308926533216344,67.95479583740234,10.732751846313477,3.0,0.30427449544270835,2.2135416666666668e-05,0,1
0001500011_Raw13_f_00009.jpg,numeric,0001500011,13,4096,3000,1,36.07161564127604,23.41444657590234,3.8004722711689247,86.4961929321289,12.431476593017578,4.0,0.27093115234375,1.123046875e-05,0,1
0001500012_Raw01_f_00003.jpg,numeric,0001500012,01,4096,3000,1,80.45693619791666,17.422717267602508,3.8583111197966486,201.1680145263672,15.686175346374512,8.0,2.848307291666667e-06,3.816731770833333e-05,0,1
0001500013_Raw13_f_00009.jpg,numeric,0001500013,13,4096,3000,1,34.113325846354165,24.518754268893456,4.558916823311156,80.96601867675781,12.24907398223877,4.0,0.2973544921875,2.5390625e-05,0,1
0001500014_Raw02_f_00011.jpg,numeric,0001500014,02,4096,3000,1,32.96086157226563,32.75895581919261,1.6405953346553397,68.59523010253906,7.079983711242676,2.0,0.469043701171875,5.696614583333334e-07,0,1
0001500022_Raw00_f_00009.jpg,numeric,0001500022,00,4096,3000,1,52.78218131510417,31.467143496020665,5.014220307788818,234.27069091796875,17.149320602416992,6.0,0.22265388997395832,4.4270833333333337e-05,0,1
0001500024_Raw02_f_00001.jpg,numeric,0001500024,02,4096,3000,1,40.720807373046874,37.643527161657126,2.9934902497906175,191.45004272460938,13.750333786010742,2.0,0.41406787109375,1.8717447916666665e-05,1,0
0001500026_Raw00_f_00011.jpg,numeric,0001500026,00,4096,3000,1,15.466293294270834,27.435507732883597,0.5184480993357552,167.6053924560547,9.939462661743164,1.0,0.7702451171875,0.000376953125,0,1
0001500028_Raw02_f_00011.jpg,numeric,0001500028,02,4096,3000,1,41.327449869791664,36.17569169776772,5.274571294827446,353.76153564453125,18.814844131469727,5.0,0.3609702962239583,0.00020751953125,0,1
0001500029_Raw00_f_00003.jpg,numeric,0001500029,00,4096,3000,1,53.018296061197915,32.81661612655442,6.974446247143077,429.9911193847656,23.079132080078125,9.0,0.21836173502604167,8.968098958333334e-05,0,1
0001500029_Raw02_f_00003.jpg,numeric,0001500029,02,4096,3000,1,52.549902994791665,32.17538076237998,4.311521460593945,311.0484924316406,18.402956008911133,7.0,0.19659505208333333,4.8502604166666665e-05,0,1
0001500030_Raw11_f_00000.jpg,numeric,0001500030,11,4096,3000,1,6.029345865885417,10.894910763834933,0.4192288505429825,14.364572525024414,3.0883052349090576,1.0,0.8612427571614584,1.5462239583333333e-06,0,1
0001500030_Raw13_f_00008.jpg,numeric,0001500030,13,4096,3000,1,24.35310457356771,27.21698319984455,3.2344767055871335,51.8076286315918,8.413680076599121,2.0,0.534373779296875,1.8717447916666666e-06,0,1
0001500031_Raw11_f_00007.jpg,numeric,0001500031,11,4096,3000,1,12.243653645833334,12.403015718626548,1.0703144290889774,9.068296432495117,3.0351295471191406,1.0,0.6473544108072916,0.0,0,1
0001500031_Raw13_f_00003.jpg,numeric,0001500031,13,4096,3000,1,36.18867366536458,25.03138420171743,3.462851751992428,68.07772064208984,10.501364707946777,4.0,0.27436417643229166,2.44140625e-07,0,1
0001500032_Raw02_f_00002.jpg,numeric,0001500032,02,4096,3000,1,51.53351676432292,36.229243759037665,3.1063929772060863,184.02000427246094,13.781694412231445,4.0,0.28774886067708333,3.824869791666667e-05,1,0
0001500034_Raw00_f_00003.jpg,numeric,0001500034,00,4096,3000,1,59.3506787109375,31.91168095502472,3.251628477639333,57.37666320800781,9.822783470153809,4.0,0.21130777994791666,8.951822916666667e-07,1,0
0001500034_Raw13_f_00000.jpg,numeric,0001500034,13,4096,3000,1,14.359758219401042,25.076837649657847,0.48107030674231416,48.881553649902344,6.20078182220459,1.0,0.7565431315104166,1.5462239583333335e-05,0,1
0001500035_Raw00_f_00000.jpg,numeric,0001500035,00,4096,3000,1,32.17685367838542,42.1784506898268,1.0729508557664973,49.86695861816406,8.190821647644043,2.0,0.6370393880208334,3.22265625e-05,1,0
0001500035_Raw13_f_00005.jpg,numeric,0001500035,13,4096,3000,1,35.20062841796875,24.365265287592877,3.8395425240960455,66.71187591552734,10.744497299194336,4.0,0.283988037109375,1.3834635416666668e-06,0,1
0001500036_Raw13_f_00001.jpg,numeric,0001500036,13,4096,3000,1,38.345988118489586,27.44364841124992,3.6205426740661597,55.62360382080078,9.728614807128906,3.0,0.28907763671875,1.6276041666666668e-06,0,1
0001500036_Raw13_f_00007.jpg,numeric,0001500036,13,4096,3000,1,22.589089680989584,27.502501591500028,2.1336519248386843,44.00787353515625,7.263391971588135,1.0,0.5865856119791667,2.3600260416666668e-06,0,1
0001500037_Raw13_f_00005.jpg,numeric,0001500037,13,4096,3000,1,36.76533056640625,25.268381402732714,3.607839176111793,60.28974914550781,10.172904014587402,3.0,0.277876953125,1.7903645833333333e-06,0,1
0001500038_Raw13_f_00001.jpg,numeric,0001500038,13,4096,3000,1,19.44067814127604,23.989038121454534,2.1065711707860943,59.0909538269043,9.071040153503418,2.0,0.58398876953125,4.964192708333333e-06,0,1
0001500040_Raw11_f_00001.jpg,numeric,0001500040,11,4096,3000,1,6.806483561197917,9.717832743485618,0.3855397418584443,12.38115119934082,3.1980879306793213,1.0,0.83218359375,4.964192708333333e-06,0,1
0001500041_Raw13_f_00003.jpg,numeric,0001500041,13,4096,3000,1,35.653766520182295,22.82810767947623,2.8956349552637644,58.384056091308594,9.587786674499512,3.0,0.272225341796875,1.3020833333333333e-06,0,1
0001500044_Raw13_f_00008.jpg,numeric,0001500044,13,4096,3000,1,36.662576985677084,25.572339351634106,2.8417167655714732,41.3971061706543,8.276801109313965,3.0,0.28765437825520834,4.8828125e-07,0,1
0001500046_Raw00_f_00002.jpg,numeric,0001500046,00,4096,3000,1,89.22964851888021,48.62781095852785,5.677045786227708,94.1064453125,12.636401176452637,3.0,0.20530029296875,0.0002562662760416667,1,0
0001500046_Raw00_f_00003.jpg,numeric,0001500046,00,4096,3000,1,90.00837923177083,49.21872596828181,5.071244379529378,81.60550689697266,11.574015617370605,3.0,0.20649617513020832,0.000154296875,1,0
0001500046_Raw01_f_00003.jpg,numeric,0001500046,01,4096,3000,1,125.31224129231771,15.95540909888372,4.46097455741481,50.154300689697266,11.807723045349121,4.0,1.9938151041666666e-05,1.3671875e-05,1,0
0001500046_Raw01_f_00010.jpg,numeric,0001500046,01,4096,3000,1,118.71363500976562,20.2214885338991,8.174090613621203,541.5802612304688,24.98834800720215,5.0,8.138020833333333e-08,0.0013380533854166668,1,0
0001500048_Raw02_f_00002.jpg,numeric,0001500048,02,4096,3000,1,90.8503017578125,34.217103526885786,15.456442693799515,1022.7931518554688,59.81227111816406,13.0,5.126953125e-06,0.00020467122395833334,0,1
0001500048_Raw11_f_00012.jpg,numeric,0001500048,11,4096,3000,1,1.5760243326822916,2.1093859385658615,0.279643657365101,1.990755558013916,1.1976783275604248,0.0,0.9969512532552083,0.0,0,1
0001500049_Raw00_f_00003.jpg,numeric,0001500049,00,4096,3000,1,60.476445963541664,32.22412940652002,2.872509912432344,33.63212585449219,10.102982521057129,3.0,0.23114021809895832,4.8828125e-07,1,0
0001500049_Raw01_f_00007.jpg,numeric,0001500049,01,4096,3000,1,85.18685319010417,10.773244383388038,3.0536529862831188,54.14973831176758,11.399285316467285,5.0,0.0,0.0,0,1
0001500049_Raw03_f_00003.jpg,numeric,0001500049,03,4096,3000,1,51.553002848307294,53.65748419495333,1.8692921642067972,58.084468841552734,9.114641189575195,2.0,0.5316026204427083,5.533854166666667e-06,0,1
0001500052_Raw01_f_00001.jpg,numeric,0001500052,01,4096,3000,1,41.4534130859375,38.423174937824506,3.208707446990126,51.205230712890625,8.546066284179688,1.0,0.41479264322916665,1.6276041666666666e-07,0,1
0001500058_Raw01_f_00002.jpg,numeric,0001500058,01,4096,3000,1,69.40177221679687,8.909238747452974,3.261859875908031,55.838985443115234,14.591254234313965,5.0,8.138020833333333e-08,0.0,0,1
0001500058_Raw02_f_00004.jpg,numeric,0001500058,02,4096,3000,1,69.2380643717448,13.92697519560678,3.856105854819198,58.042545318603516,15.511167526245117,5.0,0.0,3.255208333333333e-07,0,1
0001500059_Raw00_f_00003.jpg,numeric,0001500059,00,4096,3000,1,49.24354207356771,25.031696157123328,2.7666784595274363,29.01595115661621,10.184802055358887,3.0,0.20691178385416667,0.0,0,1
0001500061_Raw00_f_00008.jpg,numeric,0001500061,00,4096,3000,1,42.440989827473956,29.285164907935126,2.869553668021739,49.17531204223633,10.655322074890137,3.0,0.3326396484375,1.708984375e-05,0,1
0001500064_Raw00_f_00003.jpg,numeric,0001500064,00,4096,3000,1,50.2951923828125,25.311182462471713,2.7879050707415756,30.879667282104492,10.380552291870117,3.0,0.20631404622395833,0.0,0,1
0001500064_Raw00_f_00010.jpg,numeric,0001500064,00,4096,3000,1,33.8637705078125,30.094902170885984,2.5310793655678987,42.80091857910156,8.56698989868164,2.0,0.461402587890625,1.9368489583333335e-05,0,1
0001500064_Raw13_f_00002.jpg,numeric,0001500064,13,4096,3000,1,23.17851082356771,14.261774575605045,2.2094855688076764,23.293500900268555,7.075523376464844,2.0,0.2769815266927083,3.2552083333333335e-06,0,1
0001500073_Raw03_f_00009.jpg,numeric,0001500073,03,4096,3000,1,51.53286002604167,58.988486305149905,0.7155417799303452,124.22396850585938,12.351041793823242,1.0,0.5675565592447916,4.557291666666667e-06,0,1
0001500074_Raw03_f_00002.jpg,numeric,0001500074,03,4096,3000,1,50.914217366536455,58.73047980079947,0.7029042680207265,108.87297821044922,11.323113441467285,1.0,0.571201904296875,1.171875e-05,0,1
0001500074_Raw03_f_00011.jpg,numeric,0001500074,03,4096,3000,1,59.9415703125,60.15074089791383,2.3326124026752746,111.75642395019531,11.936405181884766,2.0,0.5051763509114583,8.707682291666666e-06,0,1
0001500078_Raw02_f_00003.jpg,numeric,0001500078,02,4096,3000,1,79.65281559244792,17.144772831626856,3.742418420974082,67.04277038574219,14.675597190856934,5.0,1.6276041666666666e-07,0.0,0,1
0001500081_Raw13_f_00000.jpg,numeric,0001500081,13,4096,3000,1,1.5082755533854166,4.426353007703963,0.3425145924376286,7.590102672576904,2.2339634895324707,0.0,0.9869052734375,1.953125e-06,0,1
0001500083_Raw00_f_00001.jpg,numeric,0001500083,00,4096,3000,1,60.33557853190104,31.531501110167838,4.0342062001146655,56.04907989501953,12.958945274353027,4.0,0.205761962890625,0.0,0,1
0001500085_Raw00_f_00008.jpg,numeric,0001500085,00,4096,3000,1,56.46441341145833,29.47346384180691,3.1990874933761253,39.47206115722656,10.752487182617188,3.0,0.21208260091145834,0.0,0,1
0001500085_Raw13_f_00009.jpg,numeric,0001500085,13,4096,3000,1,24.886829345703124,16.258070790356093,2.5244961545559708,18.582548141479492,7.073206901550293,2.0,0.3072265625,3.743489583333333e-06,0,1
0001500087_Raw02_f_00001.jpg,numeric,0001500087,02,4096,3000,1,90.4788955891927,39.90948690801978,6.321480948393464,218.785400390625,20.147750854492188,7.0,0.0898935546875,0.000265869140625,0,1
0001500087_Raw03_f_00001.jpg,numeric,0001500087,03,4096,3000,1,40.16101245117188,64.74198918989632,0.4536297362927806,158.9225311279297,11.901464462280273,0.0,0.7137105305989583,0.004598388671875,0,1
0001500088_Raw00_f_00010.jpg,numeric,0001500088,00,4096,3000,1,70.16277726236979,39.37277245763886,4.5915050883904485,107.76802825927734,13.517045974731445,4.0,0.21876700846354166,8.463541666666666e-06,0,1
0001500088_Raw01_f_00000.jpg,numeric,0001500088,01,4096,3000,1,33.82849560546875,59.38092901164165,0.14336093503560693,117.50006103515625,10.011467933654785,0.0,0.7482168782552083,0.0003212076822916667,0,1
0001500088_Raw13_f_00006.jpg,numeric,0001500088,13,4096,3000,1,39.165341796875,25.856204991633483,3.4153098188623177,52.95549011230469,9.72212028503418,3.0,0.27055948893229165,9.358723958333333e-06,0,1
0001500091_Raw03_f_00003.jpg,numeric,0001500091,03,4096,3000,1,39.55949666341146,57.61666882978895,0.4614945021704475,175.96116638183594,11.188732147216797,0.0,0.679623779296875,0.00015690104166666668,1,0
0001500092_Raw02_f_00012.jpg,numeric,0001500092,02,4096,3000,1,42.87218229166667,47.728534517594824,3.4237863744064043,223.2403564453125,12.844438552856445,0.0,0.5210685221354167,5.6477864583333334e-05,0,1
0001500101_Raw02_f_00005.jpg,numeric,0001500101,02,4096,3000,1,70.46999267578126,13.786522580639502,2.486134323697044,35.31723403930664,7.947536945343018,4.0,0.0,0.0,0,1
0001500101_Raw02_f_00008.jpg,numeric,0001500101,02,4096,3000,1,68.73207552083333,13.163554095109339,2.4003338333701167,33.008201599121094,7.708173751831055,4.0,0.0,0.0,0,1
0001500101_Raw13_f_00008.jpg,numeric,0001500101,13,4096,3000,1,20.50899072265625,12.804335231079929,1.6645805102677251,13.439213752746582,5.076262474060059,2.0,0.2938028971354167,1.6276041666666666e-07,0,1
0001500105_Raw02_f_00008.jpg,numeric,0001500105,02,4096,3000,1,57.830686930338544,9.399000848754325,1.9069897925053603,19.325624465942383,6.122341632843018,3.0,0.0,0.0,0,1
0001500116_Raw02_f_00010.jpg,numeric,0001500116,02,4096,3000,1,74.16073388671875,13.019545105508824,2.47421189463744,45.32891845703125,8.424278259277344,4.0,0.0,8.138020833333333e-08,0,1
0001500116_Raw13_f_00002.jpg,numeric,0001500116,13,4096,3000,1,23.555677001953125,14.338018616195908,1.9942871893970129,18.888071060180664,6.177254676818848,2.0,0.279421142578125,3.255208333333333e-07,0,1
0001500122_Raw01_f_00001.jpg,numeric,0001500122,01,4096,3000,1,73.68115478515625,10.104226414719175,2.5320478501177766,41.52732467651367,8.566635131835938,4.0,0.0,6.510416666666666e-07,0,1
0001500123_Raw03_f_00008.jpg,numeric,0001500123,03,4096,3000,1,32.64802042643229,33.14658418417129,7.2300523339114795,221.0713348388672,21.683395385742188,2.0,0.49137581380208334,3.824869791666666e-06,0,1
0001500124_Raw02_f_00007.jpg,numeric,0001500124,02,4096,3000,1,62.81013427734375,26.582921745245965,6.671478182384409,256.25823974609375,28.387624740600586,7.0,0.05033430989583333,0.00039794921875,0,1
0001500124_Raw03_f_00007.jpg,numeric,0001500124,03,4096,3000,1,41.57865714518229,41.772194996250974,8.062450822665912,184.29173278808594,26.020206451416016,2.0,0.50329150390625,1.7008463541666667e-05,0,1
0001500124_Raw13_f_00001.jpg,numeric,0001500124,13,4096,3000,1,12.926001546223958,12.058202692557547,2.544962818649962,46.56975555419922,9.12617015838623,2.0,0.564486328125,3.0110677083333334e-05,0,1
0001500127_Raw00_f_00008.jpg,numeric,0001500127,00,4096,3000,1,55.883312418619795,28.945286622366158,2.503485035877402,28.222850799560547,8.31795597076416,3.0,0.2143095703125,0.0,0,1
0001500128_Raw13_f_00001.jpg,numeric,0001500128,13,4096,3000,1,27.534112141927082,17.14747573521064,2.1464870315453313,21.42582130432129,7.272339344024658,2.0,0.27617236328125,8.138020833333334e-07,0,1
0001500133_Raw01_f_00006.jpg,numeric,0001500133,01,4096,3000,1,73.71095751953125,8.46991158149781,3.0096228574102146,51.972965240478516,11.200676918029785,5.0,0.0,0.0,0,1
0001500133_Raw13_f_00007.jpg,numeric,0001500133,13,4096,3000,1,22.873724527994792,16.85706398944853,2.13628164471381,17.93878173828125,6.562642574310303,2.0,0.35732804361979165,5.940755208333333e-06,0,1
0001500135_Raw13_f_00004.jpg,numeric,0001500135,13,4096,3000,1,25.90713037109375,16.21148272891124,1.832372190621502,12.311417579650879,5.082799911499023,2.0,0.29087858072916667,0.0,0,1
0001500136_Raw00_f_00007.jpg,numeric,0001500136,00,4096,3000,1,51.24128719075521,26.73688368818456,2.4153550098364884,19.51679039001465,7.1001105308532715,3.0,0.218289306640625,0.0,0,1
0001500139_Raw12_f_00001.jpg,numeric,0001500139,12,4096,3000,1,24.63366463216146,9.890887304471473,1.767789093231794,12.349261283874512,5.432372570037842,2.0,0.20717268880208334,1.6276041666666666e-07,0,1
0001500139_Raw13_f_00002.jpg,numeric,0001500139,13,4096,3000,1,29.003950927734376,17.994297172383835,2.1211537512849326,17.40903091430664,5.962564945220947,2.0,0.26901456705729165,5.289713541666667e-06,0,1
0001500141_Raw01_f_00010.jpg,numeric,0001500141,01,4096,3000,1,66.68666984049479,34.49160926623018,2.642994417370277,83.37554931640625,10.524469375610352,4.0,0.1984287109375,0.00011173502604166667,0,1
0001500141_Raw13_f_00006.jpg,numeric,0001500141,13,4096,3000,1,27.65052140299479,17.06325325183939,2.105299789917283,23.157285690307617,6.886566638946533,2.0,0.27196590169270835,2.5227864583333333e-06,0,1
0001500143_Raw00_f_00001.jpg,numeric,0001500143,00,4096,3000,1,55.82027758789062,32.171893699420266,2.9645097101520665,41.3114128112793,10.096839904785156,3.0,0.24890478515625,0.0,0,1
0001500144_Raw00_f_00010.jpg,numeric,0001500144,00,4096,3000,1,55.98899934895833,29.544328983400934,2.719113262541218,33.36289596557617,8.630776405334473,3.0,0.21978670247395835,0.0,0,1
0001500151_Raw02_f_00007.jpg,numeric,0001500151,02,4096,3000,1,30.95855859375,13.480517966350487,3.7808242577167874,78.57787322998047,13.306754112243652,4.0,0.071412109375,1.7659505208333333e-05,0,1
0001500151_Raw03_f_00003.jpg,numeric,0001500151,03,4096,3000,1,30.63765779622396,29.218222341588334,4.235039183364514,106.99224853515625,15.764984130859375,2.0,0.3824845377604167,5.7779947916666664e-06,0,1
0001500151_Raw03_f_00005.jpg,numeric,0001500151,03,4096,3000,1,30.132096598307292,29.51701516683483,4.283615604368693,106.1002197265625,15.826698303222656,2.0,0.38417626953125,1.3834635416666668e-06,0,1
0001500151_Raw03_f_00007.jpg,numeric,0001500151,03,4096,3000,1,31.283113199869792,29.58751044073789,3.9087523931720507,98.38705444335938,14.82517147064209,2.0,0.38288053385416665,6.510416666666666e-07,0,1
0001500152_Raw01_f_00003.jpg,numeric,0001500152,01,4096,3000,1,24.07549072265625,7.335168959015423,3.1028911042612046,39.88380432128906,10.832974433898926,3.0,0.06820548502604167,6.510416666666667e-06,0,1
0001500152_Raw02_f_00004.jpg,numeric,0001500152,02,4096,3000,1,28.460630615234376,12.659963100621399,3.6380373610354972,79.37653350830078,13.600976943969727,4.0,0.12985579427083332,2.2135416666666668e-05,0,1
0001500152_Raw02_f_00007.jpg,numeric,0001500152,02,4096,3000,1,28.62886873372396,12.240658445692533,3.4512795397557476,77.61000061035156,13.471550941467285,4.0,0.12725667317708333,1.2776692708333334e-05,0,1
0001500152_Raw03_f_00002.jpg,numeric,0001500152,03,4096,3000,1,31.320027994791666,29.426890530291644,3.9790156218801167,97.5295181274414,14.938924789428711,2.0,0.37964786783854165,1.3834635416666668e-06,0,1
0001500152_Raw03_f_00003.jpg,numeric,0001500152,03,4096,3000,1,29.94368269856771,29.205547752501893,4.6170508711783045,109.28421783447266,16.061763763427734,2.0,0.3825298665364583,9.765625e-07,0,1
0001500152_Raw03_f_00004.jpg,numeric,0001500152,03,4096,3000,1,29.74159130859375,29.55096574306742,4.337939675503132,98.04627990722656,15.505067825317383,2.0,0.3854405110677083,9.765625e-07,0,1
0001500152_Raw10_f_00006.jpg,numeric,0001500152,10,4096,3000,1,3.767697265625,3.2052185927581167,0.5023818503891715,3.111849069595337,1.751994013786316,1.0,0.999570556640625,0.0,0,1
0001500153_Raw00_f_00005.jpg,numeric,0001500153,00,4096,3000,1,24.559329182942708,12.594468383248465,3.1973665220482914,28.333209991455078,10.540614128112793,3.0,0.21559244791666668,3.255208333333333e-07,0,1
0001500153_Raw01_f_00007.jpg,numeric,0001500153,01,4096,3000,1,25.46422021484375,7.499080027062429,3.07129993040558,41.07320785522461,11.035897254943848,3.0,0.03943693033854167,3.336588541666667e-06,0,1
0001500153_Raw01_f_00009.jpg,numeric,0001500153,01,4096,3000,1,5.9682479654947915,14.058821985274708,0.3063348719933169,46.13785934448242,5.488835334777832,0.0,0.8147062174479167,6.551106770833333e-05,0,1
0001500153_Raw03_f_00007.jpg,numeric,0001500153,03,4096,3000,1,29.842965576171874,28.645544760740766,4.363621590284403,73.2394027709961,14.307242393493652,2.0,0.382778564453125,2.44140625e-07,0,1
0001500153_Raw03_f_00009.jpg,numeric,0001500153,03,4096,3000,1,7.655347493489583,22.805111456205704,0.33835075646793245,48.88660430908203,5.635264873504639,0.0,0.8867180989583333,6.551106770833333e-05,0,1
0001500154_Raw03_f_00008.jpg,numeric,0001500154,03,4096,3000,1,38.71098128255208,38.11925732557446,4.556957666003694,73.54146575927734,14.526860237121582,2.0,0.38252937825520833,9.033203125e-06,0,1
0001500155_Raw00_f_00007.jpg,numeric,0001500155,00,4096,3000,1,25.25652685546875,14.810206143625896,4.0235661474828746,42.441593170166016,13.029470443725586,3.0,0.28417057291666664,4.8828125e-07,0,1
0001500155_Raw01_f_00008.jpg,numeric,0001500155,01,4096,3000,1,28.99996240234375,17.310673992673355,4.31927166388646,117.30853271484375,15.589455604553223,4.0,0.14210880533854167,3.230794270833333e-05,0,1
0001500155_Raw02_f_00008.jpg,numeric,0001500155,02,4096,3000,1,37.03045125325521,23.018463951051036,5.377461164570484,313.5609436035156,22.516986846923828,6.0,0.12701700846354166,0.00026871744791666667,0,1
0001500155_Raw02_f_00009.jpg,numeric,0001500155,02,4096,3000,1,5.49807080078125,12.146557465280322,0.3599969990907325,11.039058685302734,3.3829076290130615,0.0,0.8184205729166667,1.2369791666666666e-05,0,1
0001500155_Raw03_f_00006.jpg,numeric,0001500155,03,4096,3000,1,33.28842594401042,30.595251595228685,4.070788081158976,75.18960571289062,14.051753997802734,2.0,0.3776118977864583,4.069010416666667e-07,0,1
0001500155_Raw03_f_00008.jpg,numeric,0001500155,03,4096,3000,1,38.13740893554687,38.71441604012712,7.596658434456463,315.0636291503906,23.9880313873291,3.0,0.4353649088541667,0.00010498046875,0,1
0001500155_Raw11_f_00008.jpg,numeric,0001500155,11,4096,3000,1,6.05336474609375,5.473192290108155,0.8029986472134782,38.240570068359375,4.008974075317383,1.0,0.972621337890625,3.3854166666666665e-05,0,1
0001500155_Raw12_f_00008.jpg,numeric,0001500155,12,4096,3000,1,14.07015478515625,7.7714462704341365,2.132767466182024,38.63212585449219,7.21104097366333,3.0,0.5977041829427083,8.138020833333333e-06,0,1
0001500160_Raw00_f_00011.jpg,numeric,0001500160,00,4096,3000,1,33.81102750651041,34.7319090982852,3.052741653013926,127.47077941894531,10.878087043762207,2.0,0.5125762532552083,0.00044287109375,0,1
0001500163_Raw01_f_00008.jpg,numeric,0001500163,01,4096,3000,1,12.33010107421875,17.32428429256313,0.9786800183909767,101.64530944824219,9.03271770477295,1.0,0.595530029296875,0.000351318359375,0,1
0001500163_Raw01_f_00009.jpg,numeric,0001500163,01,4096,3000,1,0.25024552408854167,0.745902640186501,0.338156235597291,1.8596770763397217,1.0023504495620728,0.0,0.999720947265625,0.0,0,1
0001500163_Raw03_f_00006.jpg,numeric,0001500163,03,4096,3000,1,31.1404619140625,28.300011093152822,4.429847431137262,158.7999267578125,18.553260803222656,3.0,0.385509033203125,3.255208333333333e-07,0,1
0001500163_Raw03_f_00007.jpg,numeric,0001500163,03,4096,3000,1,31.516712646484375,28.473988260714407,4.407291840325755,163.4613800048828,19.657663345336914,3.0,0.38411710611979166,5.696614583333334e-07,0,1
0001500163_Raw12_f_00008.jpg,numeric,0001500163,12,4096,3000,1,6.310714111328125,6.763017272134018,0.9146550680900221,9.832254409790039,3.2022547721862793,1.0,0.8805752766927083,6.917317708333333e-06,0,1
0001500164_Raw01_f_00003.jpg,numeric,0001500164,01,4096,3000,1,27.48964111328125,8.0491981042742,3.3497260594959775,46.511844635009766,11.041831016540527,3.0,0.02232470703125,1.1393229166666668e-06,0,1
0001500164_Raw02_f_00005.jpg,numeric,0001500164,02,4096,3000,1,32.53820296223958,13.281865206578006,3.5969760732544582,69.72917938232422,12.491856575012207,4.0,0.0644052734375,3.2552083333333335e-06,0,1
0001500164_Raw03_f_00001.jpg,numeric,0001500164,03,4096,3000,1,31.97075545247396,29.475315471577538,4.634459855764833,135.64031982421875,17.81038475036621,3.0,0.3830576985677083,4.8828125e-07,0,1
0001500164_Raw03_f_00002.jpg,numeric,0001500164,03,4096,3000,1,31.561217122395835,29.03637761144898,4.424405785118269,133.8146514892578,16.781919479370117,3.0,0.3839055989583333,1.6276041666666666e-07,0,1
0001500164_Raw03_f_00004.jpg,numeric,0001500164,03,4096,3000,1,32.285404134114586,29.50610812825139,4.8363926535317,106.24754333496094,15.293353080749512,2.0,0.385018798828125,1.6276041666666666e-07,0,1
0001500164_Raw03_f_00005.jpg,numeric,0001500164,03,4096,3000,1,31.425547526041665,28.558817846394604,4.5328535535879215,112.25669860839844,14.973004341125488,2.0,0.3855509440104167,5.696614583333334e-07,0,1
0001500164_Raw13_f_00002.jpg,numeric,0001500164,13,4096,3000,1,13.094021402994791,8.113154449951859,1.7899402992926778,13.502963066101074,5.139280796051025,2.0,0.5543806966145833,0.0,0,1
0001500165_Raw00_f_00003.jpg,numeric,0001500165,00,4096,3000,1,27.01759611002604,15.255572993264584,3.5596290682083187,49.21382141113281,11.619575500488281,3.0,0.21373527018229166,2.2786458333333335e-06,0,1
0001500165_Raw00_f_00005.jpg,numeric,0001500165,00,4096,3000,1,27.748880940755207,15.321839557457325,3.5274667528300654,47.51418685913086,11.643308639526367,3.0,0.21143001302083334,1.0579427083333333e-06,0,1
0001500166_Raw03_f_00008.jpg,numeric,0001500166,03,4096,3000,1,35.51948852539063,32.559693210897116,5.275181468935587,113.6114273071289,16.00374412536621,3.0,0.37307218424479166,2.44140625e-07,0,1
0001500168_Raw00_f_00008.jpg,numeric,0001500168,00,4096,3000,1,36.9043251953125,20.616280708484243,4.77101024567853,111.06623840332031,14.830130577087402,4.0,0.21699479166666666,3.076171875e-05,0,1
0001500168_Raw03_f_00005.jpg,numeric,0001500168,03,4096,3000,1,37.70700431315104,33.447434315171655,5.410747205506626,145.81112670898438,16.48579216003418,3.0,0.38599796549479165,7.32421875e-07,0,1
0001500168_Raw03_f_00007.jpg,numeric,0001500168,03,4096,3000,1,40.96254052734375,33.94961778572806,5.156921537646392,119.22271728515625,15.735235214233398,3.0,0.3814453125,8.138020833333333e-08,0,1
0001500168_Raw03_f_00008.jpg,numeric,0001500168,03,4096,3000,1,46.424037272135415,41.7323118953266,6.395331114557413,348.3151550292969,22.101903915405273,4.0,0.37217106119791665,0.000326416015625,0,1
0001500169_Raw13_f_00007.jpg,numeric,0001500169,13,4096,3000,1,26.234224853515624,16.428383050645948,2.3218364321699134,17.996686935424805,6.7415852546691895,2.0,0.2783802083333333,2.0345052083333333e-06,0,1
0001500170_Raw00_f_00005.jpg,numeric,0001500170,00,4096,3000,1,56.25825716145833,28.975894545240326,2.846594474484756,38.50904083251953,9.068526268005371,3.0,0.20993863932291668,0.0,0,1
0001500174_Raw00_f_00007.jpg,numeric,0001500174,00,4096,3000,1,28.35639208984375,14.13921015518233,3.141575324237253,11.130598068237305,7.230548858642578,2.0,0.21855501302083333,0.0,0,1
0001500174_Raw02_f_00003.jpg,numeric,0001500174,02,4096,3000,1,54.52586490885417,22.09048778700797,5.69097317209576,56.064483642578125,14.991600036621094,4.0,0.001118896484375,8.138020833333333e-08,1,0
0001500174_Raw03_f_00002.jpg,numeric,0001500174,03,4096,3000,1,70.47354085286459,58.35607095130007,8.229671673905786,444.3207092285156,30.08302116394043,4.0,0.31323055013020834,0.009480387369791666,0,1
0001500183_Raw00_f_00001.jpg,numeric,0001500183,00,4096,3000,1,36.36105305989583,30.18072283469466,5.606677086751774,242.61033630371094,18.55835723876953,4.0,0.39555037434895834,0.00026708984375,3,0
0001500186_Raw03_f_00010.jpg,numeric,0001500186,03,4096,3000,1,49.11903092447917,56.35023445335088,14.420104604188875,1847.7613525390625,40.129798889160156,4.0,0.4725264485677083,0.012111572265625,4,0
0001500189_Raw0_f_00006.jpg,numeric,0001500189,0,4096,3000,1,73.99407096354166,39.975169942313435,3.8918692578283647,177.8125457763672,13.819631576538086,5.0,0.1471328125,0.00023738606770833335,1,0
0001500191_Raw02_f_00007.jpg,numeric,0001500191,02,4096,3000,1,68.23722444661459,24.25884468989055,4.588174263254537,129.8023681640625,16.27681541442871,5.0,1.6276041666666666e-07,3.9306640625e-05,1,0
0001500191_Raw03_f_00008.jpg,numeric,0001500191,03,4096,3000,1,22.78640185546875,36.437389722790485,0.42846049650073514,43.59279251098633,7.792978286743164,0.0,0.730306640625,3.2552083333333335e-06,1,0
0001500198_Raw02_f_00007.jpg,numeric,0001500198,02,4096,3000,1,29.43545939127604,39.38922471485614,1.2340341650943722,230.50030517578125,15.176957130432129,1.0,0.5744873046875,0.0006866861979166667,10,0
0001500198_Raw03_f_00007.jpg,numeric,0001500198,03,4096,3000,1,16.99422078450521,39.809858521441065,0.42677899628860416,145.74522399902344,8.392518043518066,0.0,0.8469341634114583,0.0017910970052083333,3,0
0001500199_Raw01_f_00001.jpg,numeric,0001500199,01,4096,3000,1,51.02021647135417,44.29514042002173,3.7243835716044558,79.06351470947266,10.194806098937988,2.0,0.41328019205729166,7.161458333333333e-06,1,0
0001500201_Raw01_f_00006.jpg,numeric,0001500201,01,4096,3000,1,65.37025455729167,7.050418208472978,2.4236581973748237,36.76742172241211,9.225940704345703,4.0,0.0,0.0,1,0
0001500453_Raw13_f_00001.jpg,numeric,0001500453,13,4096,3000,1,33.35766316731771,24.904871514513893,3.7592266385993405,80.29773712158203,10.975987434387207,4.0,0.28805517578125,8.951822916666667e-07,1,0
0001500590_Raw00_f_00001.jpg,numeric,0001500590,00,4096,3000,1,30.021662760416667,25.08281627906113,3.816926137241273,87.65609741210938,13.944418907165527,3.0,0.3312313639322917,0.00027880859375,1,0
0001500698_Raw03_f_00010.jpg,numeric,0001500698,03,4096,3000,1,28.746756184895833,35.81940490114899,0.5647490562549621,57.76239013671875,7.562735080718994,1.0,0.61810107421875,3.743489583333333e-06,1,0
0001501098_Raw03_f_00008.jpg,numeric,0001501098,03,4096,3000,1,59.50957543945312,51.401090242037405,3.9134152651476146,369.2873840332031,18.907987594604492,3.0,0.416978515625,0.000188232421875,1,0
0001501270_Raw00_f_00008.jpg,numeric,0001501270,00,4096,3000,1,63.28397664388021,34.6513618799257,3.4027231489124583,24.976318359375,8.339397430419922,3.0,0.22106534830729166,1.8717447916666666e-06,0,1
0001501272_Raw02_f_00003.jpg,numeric,0001501272,02,4096,3000,1,70.63329557291667,37.50393972184833,3.0378144917693986,41.16025161743164,8.9605073928833,2.0,0.14570646158854167,2.6936848958333335e-05,0,1
0001501453_Raw00_f_00001.jpg,numeric,0001501453,00,4096,3000,1,34.290064534505206,30.039748916909286,2.898106095197736,39.18674850463867,8.841739654541016,3.0,0.441201416015625,1.1393229166666668e-06,0,1
0001501495_Raw01_f_00001.jpg,numeric,0001501495,01,4096,3000,1,67.4400479329427,12.326964423916776,2.984487707527634,74.81597137451172,10.899347305297852,6.0,5.859375e-06,0.0,1,0
0001501744_Raw02_f_00001.jpg,numeric,0001501744,02,4096,3000,1,89.10528922526042,29.306561014702346,4.57154149260429,549.4487915039062,22.105833053588867,7.0,0.00011393229166666667,0.0012763671875,0,1
0001501761_Raw00_f_00002.jpg,numeric,0001501761,00,4096,3000,1,65.53381404622395,33.5503323449699,3.250933348135304,67.53999328613281,10.982253074645996,4.0,0.210675048828125,2.7669270833333335e-06,1,0
0001501828_Raw00_f_00004.jpg,numeric,0001501828,00,4096,3000,1,66.18747395833333,38.15774703800328,7.075673080360737,534.9724731445312,25.56777572631836,7.0,0.21311051432291667,4.3701171875e-05,1,0
0001501989_Raw02_f_00006.jpg,numeric,0001501989,02,4096,3000,1,49.1958837890625,30.719840291723454,2.5556247852204748,44.409515380859375,8.37125015258789,2.0,0.23502107747395834,8.048502604166667e-05,1,0
0001502029_Raw01_f_00008.jpg,numeric,0001502029,01,4096,3000,1,37.76585888671875,40.69848912990877,2.525872294561645,59.6584587097168,7.293549537658691,1.0,0.524453857421875,5.7698567708333335e-05,1,0
0001502056_Raw13_f_00008.jpg,numeric,0001502056,13,4096,3000,1,18.32736808268229,11.364429568572291,2.0749316051050855,15.9354248046875,6.071052551269531,2.0,0.31641585286458335,0.0,1,0
0001502505_Raw01_f_00005.jpg,numeric,0001502505,01,4096,3000,1,45.824586181640626,9.818439190630825,2.470817690458589,41.39531707763672,8.346609115600586,4.0,6.803385416666667e-05,3.255208333333333e-07,1,0
0001502549_Raw01_f_00006.jpg,numeric,0001502549,01,4096,3000,1,52.39502262369792,6.442276830405484,1.4103590081861446,15.998128890991211,4.933958053588867,3.0,0.0,0.0,1,0
0001502581_Raw02_f_00009.jpg,numeric,0001502581,02,4096,3000,1,52.99968489583333,23.067775443204436,3.7965719595425735,112.61022186279297,12.400603294372559,5.0,0.096269775390625,5.696614583333334e-07,1,0
0001502877_Raw02_f_00002.jpg,numeric,0001502877,02,4096,3000,1,46.196930501302084,29.30443329366418,2.9234711143370467,144.78256225585938,12.119767189025879,4.0,0.23894832356770834,1.5462239583333333e-06,1,0
0001502888_Raw02_f_00003.jpg,numeric,0001502888,02,4096,3000,1,41.49982503255208,18.895862090311027,3.9332095640105544,134.1737823486328,13.361100196838379,6.0,0.09158113606770833,2.44140625e-07,0,1
0001502905_Raw03_f_00014.jpg,numeric,0001502905,03,4096,3000,1,38.53694970703125,44.42506995800724,0.5979194777211225,170.96478271484375,22.37167739868164,2.0,0.5750004069010417,1.6438802083333332e-05,1,0
0001502974_Raw02_f_00009.jpg,numeric,0001502974,02,4096,3000,1,45.27053076171875,25.755199574682077,1.3719241686643382,15.949599266052246,4.832418441772461,2.0,0.23065909830729167,8.138020833333333e-08,0,1
0001503024_Raw01_f_00011.jpg,numeric,0001503024,01,4096,3000,1,69.91809733072917,29.360678015584,3.192148064033508,101.10615539550781,12.750334739685059,4.0,0.13474918619791668,0.0002484537760416667,1,0
0001503160_Raw01_f_00006.jpg,numeric,0001503160,01,4096,3000,1,57.20489803059896,7.798148513031892,2.385961911733814,38.42435073852539,9.836204528808594,4.0,1.220703125e-06,1.6276041666666666e-07,1,0
0001503631_Raw02_f_00010.jpg,numeric,0001503631,02,4096,3000,1,84.499875,20.924129436913443,2.8773458687514566,36.93627166748047,8.632264137268066,3.0,0.0,8.138020833333334e-07,1,0
0001503645_Raw00_f_00000.jpg,numeric,0001503645,00,4096,3000,1,34.788135335286455,36.59995486287868,2.220036113505438,27.147653579711914,7.276941299438477,2.0,0.53428662109375,8.138020833333333e-08,1,0
0001504083_Raw00_f_00008.jpg,numeric,0001504083,00,4096,3000,1,49.61478889973959,24.330691631750426,2.455521296319467,16.799345016479492,7.768326282501221,2.0,0.21289453125,0.0,2,0
0001504212_Raw01_f_00014.jpg,numeric,0001504212,01,4096,3000,1,57.589940673828124,13.699976555282703,5.430667676972483,188.9110565185547,17.963577270507812,6.0,1.0172526041666666e-05,4.231770833333333e-06,1,0
0001505245_Raw00_f_00003.jpg,numeric,0001505245,00,4096,3000,1,52.03782690429688,27.166658523270268,2.4324086946087564,30.482023239135742,8.662147521972656,3.0,0.21026692708333333,0.0,1,0
0001506150_Raw02_f_00007.jpg,numeric,0001506150,02,4096,3000,1,61.97890185546875,25.12963798179674,6.735979691379325,830.4853515625,29.83466911315918,10.0,0.041749674479166665,0.000235107421875,1,0
0001506151_Raw02_f_00004.jpg,numeric,0001506151,02,4096,3000,1,57.925769612630205,27.245912472174382,3.4195065410965406,250.61029052734375,15.846778869628906,6.0,0.10050081380208334,6.355794270833334e-05,1,0
0001506159_Raw02_f_00012.jpg,numeric,0001506159,02,4096,3000,1,14.226430989583333,23.09121637692719,0.18503181241499936,79.87271881103516,8.006433486938477,0.0,0.6743299153645833,0.0003648274739583333,1,0
0001506161_Raw03_f_00002.jpg,numeric,0001506161,03,4096,3000,1,40.515440348307294,28.536008987924813,5.007713990215823,142.1022186279297,15.096076965332031,4.0,0.30364404296875,6.998697916666667e-06,1,0
0001506162_Raw03_f_00004.jpg,numeric,0001506162,03,4096,3000,1,43.04022517903646,31.147055642756474,4.022693544143906,130.0562744140625,13.620367050170898,4.0,0.3129892578125,4.7200520833333336e-06,1,0
0001506189_Raw01_f_00001.jpg,numeric,0001506189,01,4096,3000,1,76.35473421223958,18.23380970808619,5.364776462881053,238.6975555419922,20.161680221557617,9.0,1.3834635416666666e-05,3.4342447916666666e-05,1,0
0001506217_Raw02_f_00004.jpg,numeric,0001506217,02,4096,3000,1,63.62868709309896,17.07104384922381,2.4098420318223246,68.84854888916016,11.49845027923584,5.0,0.008876953125,6.510416666666666e-07,1,0
0001506220_Raw03_f_00007.jpg,numeric,0001506220,03,4096,3000,1,38.1890595703125,29.79018442136739,5.927385108624513,68.97599792480469,15.358757972717285,3.0,0.36518953450520836,1.953125e-06,1,0
0001506239_Raw02_f_00001.jpg,numeric,0001506239,02,4096,3000,1,49.866599283854164,20.55859756656274,6.322557349276318,367.8889465332031,22.114356994628906,7.0,0.054408528645833336,1.7252604166666667e-05,1,0
0001506247_Raw01_f_00004.jpg,numeric,0001506247,01,4096,3000,1,64.63639436848959,10.229686374838009,2.2883913830825238,60.773311614990234,8.933110237121582,5.0,5.452473958333333e-06,0.0,1,0
0001506254_Raw02_f_00003.jpg,numeric,0001506254,02,4096,3000,1,60.35099235026042,11.024760854372312,1.9765383568166346,43.42189025878906,7.43715238571167,4.0,2.4169921875e-05,0.0,1,0
0001506266_Raw01_f_00004.jpg,numeric,0001506266,01,4096,3000,1,63.599705729166665,21.807867091220828,4.40467263657461,256.1131591796875,17.289276123046875,11.0,2.44140625e-06,1.3427734375e-05,1,0
0001507084_Raw00_f_00002.jpg,numeric,0001507084,00,4096,3000,1,52.62204166666667,26.732487219139195,2.528030510535479,36.217227935791016,8.572555541992188,3.0,0.210527099609375,0.0,1,0
0001507084_Raw01_f_00000.jpg,numeric,0001507084,01,4096,3000,1,27.9767529296875,39.95197515500282,0.1497327404961193,48.61515808105469,6.162891387939453,0.0,0.664901611328125,3.255208333333333e-07,1,0
0001507084_Raw01_f_00001.jpg,numeric,0001507084,01,4096,3000,1,76.05522102864583,12.377760784213947,2.984883845132817,70.46467590332031,10.718831062316895,5.0,1.2288411458333334e-05,4.8828125e-07,1,0
0001507084_Raw03_f_00004.jpg,numeric,0001507084,03,4096,3000,1,36.15042765299479,47.18645120786454,0.4674340395723978,60.85441589355469,6.775264739990234,1.0,0.6342897135416666,9.928385416666666e-06,1,0
0001507157_Raw00_f_00003.jpg,numeric,0001507157,00,4096,3000,1,60.15812744140625,32.99330376559042,3.6091528982113172,371.9035339355469,21.67032241821289,4.0,0.212600341796875,5.126953125e-06,1,0
0001507157_Raw00_f_00004.jpg,numeric,0001507157,00,4096,3000,1,61.07400984700521,33.649885044518996,3.821049225965523,370.5137634277344,21.5853271484375,4.0,0.21384676106770834,5.452473958333333e-06,1,0
0001507157_Raw00_f_00005.jpg,numeric,0001507157,00,4096,3000,1,60.80344816080729,33.91853350521942,4.182529681674426,418.87078857421875,22.923601150512695,4.0,0.21632698567708333,7.080078125e-06,1,0
0001507157_Raw01_f_00001.jpg,numeric,0001507157,01,4096,3000,1,73.97290502929687,39.58560884418785,3.5615982204938907,49.47701644897461,10.908860206604004,3.0,0.20702034505208333,4.069010416666667e-07,2,0
0001507157_Raw01_f_00003.jpg,numeric,0001507157,01,4096,3000,1,85.86889339192709,10.851389368490576,2.766694236004157,36.7213134765625,8.531861305236816,4.0,1.46484375e-06,4.069010416666667e-07,3,0
0001507157_Raw01_f_00005.jpg,numeric,0001507157,01,4096,3000,1,86.53624763997396,11.214418764451493,2.564854776741704,30.881229400634766,8.104440689086914,3.0,0.0,6.510416666666666e-07,2,0
0001507176_Raw02_f_00001.jpg,numeric,0001507176,02,4096,3000,1,75.98395776367188,20.533689920822617,3.3587436144418215,144.14089965820312,12.672948837280273,5.0,8.7890625e-06,4.8746744791666665e-05,2,0
0001507176_Raw03_f_00001.jpg,numeric,0001507176,03,4096,3000,1,49.27961100260416,54.16008247473683,2.088479550986188,111.36467742919922,11.069357872009277,2.0,0.5422562662760416,8.10546875e-05,1,0
0001507251_Raw01_f_00003.jpg,numeric,0001507251,01,4096,3000,1,71.25553849283854,13.793355604018627,2.7219135277292503,83.42086791992188,10.518866539001465,6.0,0.0,1.6276041666666666e-07,1,0
0001507270_Raw03_f_00002.jpg,numeric,0001507270,03,4096,3000,1,38.594907552083335,42.77521277569262,2.277893959571817,165.55943298339844,13.062485694885254,2.0,0.5420305989583334,7.267252604166667e-05,1,0
0001507282_Raw03_f_00001.jpg,numeric,0001507282,03,4096,3000,1,35.21209375,42.49495000593406,0.5428378472755493,199.69207763671875,13.4630126953125,1.0,0.58029443359375,3.898111979166667e-05,1,0
0001507282_Raw03_f_00002.jpg,numeric,0001507282,03,4096,3000,1,35.7823330078125,42.711675200016586,0.5451052751846922,118.43827056884766,10.620967864990234,1.0,0.5790433756510417,2.8564453125e-05,1,0
0001507290_Raw03_f_00001.jpg,numeric,0001507290,03,4096,3000,1,45.28936905924479,46.588047072714986,4.245934893041307,179.01116943359375,14.167078018188477,2.0,0.498051513671875,2.5309244791666668e-05,1,0
0001507290_Raw03_f_00002.jpg,numeric,0001507290,03,4096,3000,1,45.69354890950521,46.213310754618824,3.7243632747093276,132.4447021484375,11.795047760009766,2.0,0.49448152669270834,2.4169921875e-05,1,0
0001507315_Raw02_f_00002.jpg,numeric,0001507315,02,4096,3000,1,61.40604516601562,18.29012515055666,4.938516661893775,290.6605529785156,19.637540817260742,8.0,0.0002568359375,2.6611328125e-05,1,0
0001507315_Raw02_f_00004.jpg,numeric,0001507315,02,4096,3000,1,60.82139542643229,18.330132999535206,4.779819287195128,270.17254638671875,18.956939697265625,8.0,0.000192138671875,1.220703125e-06,1,0
0001507356_Raw00_f_00011.jpg,numeric,0001507356,00,4096,3000,1,47.65568269856771,25.633758209344304,3.217119334244531,83.2586898803711,10.878768920898438,4.0,0.22193082682291668,8.951822916666667e-07,1,0
0001507356_Raw01_f_00003.jpg,numeric,0001507356,01,4096,3000,1,65.41284212239583,11.840840651977265,2.7350318044840423,82.03240966796875,10.439507484436035,5.0,4.475911458333333e-06,4.8828125e-07,1,0
0001507356_Raw03_f_00004.jpg,numeric,0001507356,03,4096,3000,1,46.610715087890625,47.16172082780853,3.5793984989738403,152.33164978027344,12.34743881225586,2.0,0.493428955078125,6.9580078125e-05,1,0
0001507564_Raw00_f_00004.jpg,numeric,0001507564,00,4096,3000,1,40.59797737630208,20.223875679603193,1.915800046954614,23.18305778503418,6.434615135192871,3.0,0.216679443359375,0.0,1,0
0001507564_Raw00_f_00008.jpg,numeric,0001507564,00,4096,3000,1,40.574578938802084,20.244908587693704,1.925420558939579,22.766090393066406,6.275303363800049,3.0,0.21691552734375,0.0,1,0
0001507603_Raw03_f_00001.jpg,numeric,0001507603,03,4096,3000,1,38.01786376953125,46.79045142224203,0.5833945768276158,90.81635284423828,9.535901069641113,1.0,0.5862097981770833,8.203125e-05,1,0
0001507726_Raw00_f_00005.jpg,numeric,0001507726,00,4096,3000,1,60.95026082356771,32.4173856187312,3.389753932005439,53.0680046081543,10.022982597351074,4.0,0.21256770833333333,1.6276041666666668e-06,2,0
0001508067_Raw02_f_00009.jpg,numeric,0001508067,02,4096,3000,1,48.89984431966146,38.90407471548386,6.670467012287551,530.340576171875,26.97459602355957,4.0,0.321908935546875,2.978515625e-05,1,0
0001508282_Raw00_f_00001.jpg,numeric,0001508282,00,4096,3000,1,35.194483154296876,34.33548744183559,2.6555859539898505,71.73851776123047,10.430782318115234,2.0,0.48565169270833336,5.37109375e-06,1,0
0001508329_Raw01_f_00001.jpg,numeric,0001508329,01,4096,3000,1,103.00865299479166,24.876581555577648,4.676061225496882,144.47052001953125,16.317014694213867,6.0,5.533854166666667e-06,5.1350911458333336e-05,1,0
0001508329_Raw01_f_00003.jpg,numeric,0001508329,01,4096,3000,1,95.15509790039063,12.698340115752556,3.571545373625073,76.25027465820312,12.425602912902832,5.0,4.8828125e-07,8.219401041666666e-06,1,0
0001508413_Raw01_f_00006.jpg,numeric,0001508413,01,4096,3000,1,97.5686444498698,17.323785441078186,4.988809623323448,210.4739227294922,17.763463973999023,8.0,0.0,0.000128662109375,1,0
0001508733_Raw00_f_00011.jpg,numeric,0001508733,00,4096,3000,1,41.017593505859374,22.905069343218315,3.839038438866015,83.89922332763672,13.048154830932617,4.0,0.216367919921875,1.46484375e-06,0,1
0001508733_Raw13_f_00014.jpg,numeric,0001508733,13,4096,3000,1,8.936097330729167,10.457554334225916,1.7281231522702267,20.012317657470703,4.853933811187744,1.0,0.7079859212239583,2.848307291666667e-06,0,1
0001508734_Raw00_f_00003.jpg,numeric,0001508734,00,4096,3000,1,43.222404378255206,24.55057208287761,3.7308720766310186,77.09772491455078,11.902807235717773,4.0,0.213861572265625,7.8125e-06,0,1
0001508734_Raw13_f_00013.jpg,numeric,0001508734,13,4096,3000,1,6.989361328125,10.741685735355997,0.3339314926920949,11.840593338012695,3.3765616416931152,0.0,0.781951416015625,6.266276041666667e-06,0,1
0001508737_Raw01_f_00003.jpg,numeric,0001508737,01,4096,3000,1,57.731796712239586,9.988310091342251,2.7235195979444686,87.13920593261719,12.550039291381836,6.0,7.674153645833334e-05,9.928385416666666e-06,0,1
0001508739_Raw01_f_00001.jpg,numeric,0001508739,01,4096,3000,1,64.2119805501302,11.845535562617947,2.2948404086740104,51.44061279296875,9.504015922546387,4.0,0.008496663411458332,2.44140625e-07,1,0
0001508739_Raw02_f_00002.jpg,numeric,0001508739,02,4096,3000,1,63.19939672851562,14.823980721705482,2.2898900414553394,48.07758712768555,8.025653839111328,4.0,7.731119791666667e-06,1.953125e-06,1,0
0001508740_Raw01_f_00002.jpg,numeric,0001508740,01,4096,3000,1,63.65861124674479,9.807189207320688,2.184162896805594,50.97763442993164,8.339316368103027,5.0,2.44140625e-06,4.638671875e-06,0,1
0001508740_Raw01_f_00003.jpg,numeric,0001508740,01,4096,3000,1,65.243806640625,10.253737562741733,2.18499974042482,48.29386901855469,8.239386558532715,4.0,9.847005208333333e-06,5.615234375e-06,0,1
0001508740_Raw01_f_00004.jpg,numeric,0001508740,01,4096,3000,1,63.531843912760415,9.918140338547131,2.18061968004356,48.939781188964844,8.322104454040527,5.0,4.069010416666667e-07,1.6276041666666666e-07,0,1
0001508741_Raw01_f_00005.jpg,numeric,0001508741,01,4096,3000,1,63.635771647135414,12.584641381842145,2.737932357486187,77.99866485595703,10.638333320617676,6.0,4.8828125e-07,9.765625e-07,0,1
0001508743_Raw02_f_00007.jpg,numeric,0001508743,02,4096,3000,1,44.40392333984375,24.730625510144893,4.033757307806903,170.71136474609375,14.605731964111328,4.0,0.184094970703125,4.8828125e-07,1,0
0001508745_Raw01_f_00002.jpg,numeric,0001508745,01,4096,3000,1,62.808869791666666,12.696806969933169,2.9567337123692816,101.99552917480469,11.903670310974121,6.0,1.07421875e-05,6.510416666666666e-07,1,0
0001508745_Raw02_f_00007.jpg,numeric,0001508745,02,4096,3000,1,44.97144197591146,25.017077385665583,3.2189353790235473,143.75106811523438,13.264046669006348,4.0,0.18444010416666667,8.951822916666667e-07,1,0
0001508746_Raw01_f_00002.jpg,numeric,0001508746,01,4096,3000,1,62.99379720052083,11.598088380024176,2.745786148481706,68.7689437866211,10.048073768615723,5.0,8.7890625e-06,1.953125e-06,1,0
0001508746_Raw01_f_00003.jpg,numeric,0001508746,01,4096,3000,1,61.79401863606771,11.889227851885106,2.768206751678961,79.98503875732422,10.46357250213623,5.0,8.382161458333333e-06,2.1321614583333333e-05,0,1
0001508746_Raw01_f_00004.jpg,numeric,0001508746,01,4096,3000,1,63.80348852539063,12.295769798443313,2.7862667022816363,83.12733459472656,10.88668441772461,6.0,3.173828125e-06,4.069010416666667e-07,0,1
0001508746_Raw02_f_00001.jpg,numeric,0001508746,02,4096,3000,1,37.24412353515625,31.44124549871998,2.6751514518765367,106.02947235107422,10.941177368164062,2.0,0.3779047037760417,2.685546875e-06,1,0
0001508746_Raw02_f_00008.jpg,numeric,0001508746,02,4096,3000,1,14.263051350911459,26.564058536369036,0.044150994357255134,39.69489669799805,4.22520637512207,0.0,0.7620425618489584,4.7200520833333336e-06,0,1
0001508759_Raw01_f_00007.jpg,numeric,0001508759,01,4096,3000,1,0.19003312174479167,0.5900426697223298,0.10551792752956929,0.5474739670753479,0.32350459694862366,0.0,0.999590576171875,0.0,0,1
0001508760_Raw02_f_00001.jpg,numeric,0001508760,02,4096,3000,1,46.20695621744792,27.228110836229472,4.98092004209361,235.617431640625,17.922714233398438,5.0,0.197541015625,3.173828125e-06,1,0
0001508762_Raw02_f_00008.jpg,numeric,0001508762,02,4096,3000,1,43.040268961588545,24.9423253100231,4.711650614641977,221.56056213378906,18.741405487060547,6.0,0.19397810872395832,8.138020833333333e-06,0,1
0001508766_Raw00_f_00011.jpg,numeric,0001508766,00,4096,3000,1,40.547802490234375,21.935540379001424,3.782872612147349,114.04196166992188,13.555303573608398,4.0,0.21814811197916667,0.0,0,1
0001508766_Raw02_f_00001.jpg,numeric,0001508766,02,4096,3000,1,40.379429850260415,23.630815482713533,4.6552628815152,214.89309692382812,16.95315170288086,5.0,0.19609651692708333,2.44140625e-07,1,0
0001508767_Raw00_f_00006.jpg,numeric,0001508767,00,4096,3000,1,40.414983235677084,21.644597473422856,3.670965210060032,96.7242431640625,12.411942481994629,4.0,0.21544677734375,0.0,0,1
0001508767_Raw00_f_00010.jpg,numeric,0001508767,00,4096,3000,1,41.07201847330729,22.02032365231977,3.3671767428038653,79.44624328613281,11.308334350585938,4.0,0.21749715169270833,0.0,0,1
0001508767_Raw00_f_00013.jpg,numeric,0001508767,00,4096,3000,1,41.47111971028646,22.302851283389085,2.9503024341161774,61.711219787597656,9.968561172485352,3.0,0.22524658203125,0.0,0,1
0001508767_Raw01_f_00004.jpg,numeric,0001508767,01,4096,3000,1,57.513823893229166,11.921002984446572,4.265953079121468,162.52218627929688,15.936639785766602,6.0,1.6520182291666667e-05,3.255208333333333e-07,0,1
0001508767_Raw01_f_00011.jpg,numeric,0001508767,01,4096,3000,1,60.187875651041665,10.97577085396301,3.219022562744146,101.00057220458984,12.06401538848877,5.0,1.0660807291666667e-05,5.696614583333334e-07,0,1
0001508767_Raw01_f_00013.jpg,numeric,0001508767,01,4096,3000,1,58.70902823893229,10.363567593717312,3.047369411941789,84.96688079833984,11.052282333374023,5.0,4.150390625e-05,4.069010416666667e-07,0,1
0001508767_Raw01_f_00014.jpg,numeric,0001508767,01,4096,3000,1,25.66362548828125,31.86120484477199,0.3115427465044993,68.32685852050781,6.959799289703369,0.0,0.5958343912760417,2.5553385416666668e-05,0,1
0001508771_Raw00_f_00001.jpg,numeric,0001508771,00,4096,3000,1,60.3099375,40.195406947686244,4.913574274074685,224.9649200439453,17.871938705444336,7.0,0.21386165364583334,0.0006998697916666667,0,1
0001508771_Raw13_f_00002.jpg,numeric,0001508771,13,4096,3000,1,22.58766902669271,15.75878551205441,3.075754261361026,41.155086517333984,8.717340469360352,3.0,0.35105338541666664,1.6276041666666666e-07,0,1
0001508772_Raw01_f_00002.jpg,numeric,0001508772,01,4096,3000,1,89.67936197916667,26.674417616733315,4.939354181001839,317.2265930175781,19.47305679321289,12.0,0.0,0.0013228352864583333,0,1
0001508772_Raw01_f_00003.jpg,numeric,0001508772,01,4096,3000,1,93.38703629557291,28.753389167462405,5.162887853217194,336.40740966796875,20.20318031311035,12.0,4.8828125e-07,0.001902099609375,0,1
0001508772_Raw02_f_00001.jpg,numeric,0001508772,02,4096,3000,1,85.11568994140625,45.73653522526245,6.98658999047112,411.6343688964844,22.270170211791992,11.0,0.12741422526041668,0.0033319498697916665,0,1
0001508776_Raw00_f_00001.jpg,numeric,0001508776,00,4096,3000,1,45.4412763671875,26.40413143507923,3.059650716751685,68.35362243652344,10.755088806152344,4.0,0.22374064127604168,2.44140625e-06,0,1
0001508776_Raw01_f_00005.jpg,numeric,0001508776,01,4096,3000,1,63.20897208658854,15.965372171685758,3.0016928133315917,116.4911880493164,11.87374210357666,7.0,1.9694010416666666e-05,9.684244791666667e-06,0,1
0001508776_Raw13_f_00002.jpg,numeric,0001508776,13,4096,3000,1,24.157160319010416,15.860175005972213,2.408495724984566,36.855613708496094,7.511098384857178,3.0,0.2998929036458333,8.138020833333333e-08,0,1
0001508777_Raw01_f_00002.jpg,numeric,0001508777,01,4096,3000,1,65.68044905598958,15.3899902519332,3.0675747745794824,99.75077056884766,11.422403335571289,7.0,1.0091145833333333e-05,4.39453125e-06,0,1
0001508777_Raw01_f_00003.jpg,numeric,0001508777,01,4096,3000,1,65.92426220703125,15.748759410391772,3.162388078847682,108.07213592529297,11.659920692443848,7.0,5.696614583333334e-07,1.5543619791666666e-05,0,1
0001508777_Raw12_f_00006.jpg,numeric,0001508777,12,4096,3000,1,22.180209716796874,10.548648969404423,1.4411785993878448,15.488556861877441,4.768783092498779,2.0,0.3023011881510417,0.0,0,1
0001508778_Raw01_f_00003.jpg,numeric,0001508778,01,4096,3000,1,63.09791918945312,14.892803819248176,2.957111063304872,97.92794799804688,11.44211483001709,7.0,5.322265625e-05,2.9296875e-06,0,1
0001508778_Raw02_f_00003.jpg,numeric,0001508778,02,4096,3000,1,64.82635034179688,19.6615547503371,3.53154429830331,128.23291015625,12.53300952911377,7.0,0.0005658365885416667,2.099609375e-05,0,1
0001508778_Raw02_f_00005.jpg,numeric,0001508778,02,4096,3000,1,67.02941788736979,20.40185734453564,3.4922520629619607,142.30113220214844,12.768516540527344,7.0,8.138020833333333e-08,2.8238932291666667e-05,0,1
0001508779_Raw01_f_00007.jpg,numeric,0001508779,01,4096,3000,1,63.69108056640625,15.960778881401621,3.12117263581471,115.01092529296875,12.173574447631836,7.0,4.557291666666667e-06,1.2858072916666667e-05,0,1
0001508779_Raw01_f_00010.jpg,numeric,0001508779,01,4096,3000,1,64.20533813476563,16.370049488351036,3.387702145726404,126.97341918945312,13.4780855178833,7.0,8.138020833333333e-08,1.1962890625e-05,0,1
0001508782_Raw00_f_00004.jpg,numeric,0001508782,00,4096,3000,1,51.938827718098956,30.065860214138585,3.4264582408825315,107.12195587158203,11.66659927368164,5.0,0.21666520182291665,2.83203125e-05,0,1
0001508782_Raw01_f_00004.jpg,numeric,0001508782,01,4096,3000,1,73.31931876627604,21.154679393666335,3.870490828753012,200.5198974609375,15.664814949035645,9.0,0.0,0.0001923828125,0,1
0001508782_Raw01_f_00006.jpg,numeric,0001508782,01,4096,3000,1,71.81267268880208,20.239847380541054,3.686432567900551,184.2583465576172,14.752555847167969,9.0,0.0,0.0001298828125,0,1
0001508782_Raw01_f_00007.jpg,numeric,0001508782,01,4096,3000,1,71.77646150716146,20.765655725426384,3.7193493686854477,195.29820251464844,15.752943992614746,9.0,5.37109375e-06,0.00016845703125,0,1
0001508782_Raw01_f_00008.jpg,numeric,0001508782,01,4096,3000,1,70.78580948893229,21.212120645635483,4.201462471831128,216.29185485839844,16.717988967895508,9.0,4.069010416666667e-07,0.0002610677083333333,0,1
0001508782_Raw01_f_00009.jpg,numeric,0001508782,01,4096,3000,1,68.51296297200521,18.989766242250454,3.6402259337962266,172.65541076660156,14.754544258117676,9.0,0.0,6.974283854166667e-05,0,1
0001508782_Raw01_f_00040.jpg,numeric,0001508782,01,4096,3000,1,62.21703076171875,18.538752030481632,4.032225690067676,187.2757110595703,16.091360092163086,9.0,0.00015763346354166668,3.898111979166667e-05,0,1
0001508782_Raw01_f_00041.jpg,numeric,0001508782,01,4096,3000,1,64.11604907226562,19.66921425476716,4.330535004718163,212.2973175048828,17.637319564819336,9.0,1.1393229166666667e-05,9.334309895833334e-05,0,1
0001508782_Raw02_f_00002.jpg,numeric,0001508782,02,4096,3000,1,67.36944099934895,21.87707850806112,3.7821121477451616,161.57327270507812,13.97203540802002,7.0,1.2288411458333334e-05,7.609049479166666e-05,0,1
0001508782_Raw02_f_00040.jpg,numeric,0001508782,02,4096,3000,1,63.936724365234376,21.880379387359817,4.0033404319021635,158.91436767578125,14.591001510620117,8.0,9.4970703125e-05,3.173828125e-05,0,1
0001508782_Raw03_f_00038.jpg,numeric,0001508782,03,4096,3000,1,48.68680834960937,44.63682794277455,4.712083765471583,205.74002075195312,13.977775573730469,4.0,0.42322713216145835,0.000505859375,0,1
0001508782_Raw03_f_00040.jpg,numeric,0001508782,03,4096,3000,1,50.75899047851563,44.96279622866303,4.870043894205598,204.263916015625,14.329387664794922,4.0,0.41034944661458334,0.00040535481770833336,0,1
0001508784_Raw01_f_00002.jpg,numeric,0001508784,01,4096,3000,1,70.78107267252604,17.00559648445423,4.201727631910272,153.7757568359375,16.755598068237305,8.0,2.44140625e-07,8.707682291666666e-06,0,1
0001508784_Raw01_f_00003.jpg,numeric,0001508784,01,4096,3000,1,71.80129516601562,17.25705013874517,4.081299984123595,154.3866424560547,16.49310874938965,8.0,1.5462239583333333e-06,1.0904947916666667e-05,0,1
0001508785_Raw01_f_00007.jpg,numeric,0001508785,01,4096,3000,1,71.2453505859375,18.45515312726115,3.7133398429019078,157.98712158203125,15.263855934143066,8.0,2.1809895833333334e-05,2.4007161458333332e-05,0,1
0001508785_Raw02_f_00007.jpg,numeric,0001508785,02,4096,3000,1,70.7271534016927,21.60061485181915,3.9749475227639985,147.46376037597656,14.486722946166992,7.0,0.00016023763020833333,1.123046875e-05,0,1
0001508785_Raw02_f_00015.jpg,numeric,0001508785,02,4096,3000,1,70.67841267903646,21.99483775408949,4.273518048360862,158.46229553222656,15.464188575744629,7.0,1.171875e-05,1.4973958333333333e-05,0,1
0001508786_Raw00_f_00010.jpg,numeric,0001508786,00,4096,3000,1,49.03857706705729,28.27450078323254,3.296440034828322,84.19400787353516,11.384676933288574,5.0,0.22001123046875,3.987630208333333e-06,0,1
0001508786_Raw01_f_00007.jpg,numeric,0001508786,01,4096,3000,1,63.14803759765625,16.419066424708905,3.436879051534437,128.90606689453125,14.243163108825684,7.0,0.0,6.184895833333333e-06,0,1
0001508788_Raw01_f_00002.jpg,numeric,0001508788,01,4096,3000,1,74.76294075520833,20.921242223076664,3.95363104407731,196.42587280273438,16.275550842285156,9.0,0.0,0.000184326171875,0,1
0001508788_Raw02_f_00005.jpg,numeric,0001508788,02,4096,3000,1,76.81638932291666,28.22334363295192,4.174428304587874,259.98883056640625,16.775022506713867,9.0,1.6276041666666666e-07,0.0009363606770833333,0,1
0001508789_Raw00_f_00001.jpg,numeric,0001508789,00,4096,3000,1,42.51669612630209,40.00285279193566,3.3126492324570496,88.69995880126953,11.206632614135742,3.0,0.4478518880208333,2.5960286458333334e-05,0,1
0001508789_Raw01_f_00007.jpg,numeric,0001508789,01,4096,3000,1,72.14362345377604,17.478376879875253,3.290206575102125,144.67445373535156,13.677520751953125,8.0,0.0,4.98046875e-05,0,1
0001508790_Raw01_f_00009.jpg,numeric,0001508790,01,4096,3000,1,66.20192594401041,17.250374618565342,3.3413472592047224,142.72523498535156,13.674217224121094,8.0,0.0,1.2451171875e-05,0,1
0001508790_Raw01_f_00014.jpg,numeric,0001508790,01,4096,3000,1,10.735358072916666,26.248145354906594,0.10071190246412404,60.99555587768555,4.428829193115234,0.0,0.8509391276041667,2.44140625e-05,0,1
0001508790_Raw13_f_00002.jpg,numeric,0001508790,13,4096,3000,1,27.99857918294271,17.54876450338346,2.0012562926961763,25.560274124145508,6.338681697845459,2.0,0.271164306640625,3.255208333333333e-07,0,1
0001508792_Raw01_f_00009.jpg,numeric,0001508792,01,4096,3000,1,71.46858968098958,16.878090893046636,3.5427468609327786,137.211669921875,13.872779846191406,8.0,0.0,8.463541666666666e-06,0,1
0001508792_Raw13_f_00004.jpg,numeric,0001508792,13,4096,3000,1,25.298720540364585,16.60162265450949,2.190824101922998,31.175762176513672,7.211187362670898,3.0,0.2843784993489583,8.138020833333333e-08,0,1
0001508794_Raw02_f_00003.jpg,numeric,0001508794,02,4096,3000,1,53.75059342447916,30.98127225344559,3.517793874635779,114.23928833007812,12.761980056762695,5.0,0.18747835286458334,7.486979166666666e-06,0,1
0001508794_Raw02_f_00006.jpg,numeric,0001508794,02,4096,3000,1,52.95302408854167,30.39831505589905,3.50041310063183,111.29308319091797,12.294365882873535,5.0,0.186952392578125,8.951822916666667e-06,0,1
0001508795_Raw00_f_00006.jpg,numeric,0001508795,00,4096,3000,1,52.279190673828126,30.51886245274297,3.810754290907586,112.22872161865234,12.782917976379395,5.0,0.220700439453125,2.1484375e-05,0,1
0001508795_Raw01_f_00005.jpg,numeric,0001508795,01,4096,3000,1,78.65120271809896,21.771954520057573,5.13437396040899,298.6759033203125,21.018535614013672,11.0,4.069010416666667e-07,0.0004547526041666667,0,1
0001508795_Raw01_f_00006.jpg,numeric,0001508795,01,4096,3000,1,78.07232486979167,20.7859246952072,4.8542958998074806,266.414794921875,20.10661506652832,10.0,2.44140625e-07,0.0002828776041666667,0,1
0001508795_Raw01_f_00007.jpg,numeric,0001508795,01,4096,3000,1,35.83250732421875,39.27511863253114,3.458477771415903,101.32723236083984,9.813178062438965,1.0,0.521093017578125,7.682291666666666e-05,0,1
0001508795_Raw02_f_00005.jpg,numeric,0001508795,02,4096,3000,1,68.29180802408854,30.24045952203388,5.407171303681336,278.8598327636719,19.934337615966797,9.0,0.07487361653645834,0.000323974609375,0,1
0001508795_Raw02_f_00006.jpg,numeric,0001508795,02,4096,3000,1,67.72565502929687,29.531786231184302,4.779115004980829,228.05230712890625,18.07632827758789,8.0,0.07181795247395834,0.00019156901041666666,0,1
0001508795_Raw02_f_00007.jpg,numeric,0001508795,02,4096,3000,1,31.119083821614584,37.80553328814425,2.315712383550288,105.66132354736328,9.40440845489502,0.0,0.5584823404947916,5.167643229166667e-05,0,1
0001508796_Raw00_f_00000.jpg,numeric,0001508796,00,4096,3000,1,19.622634033203123,33.50590677075639,0.4873364754697956,43.15518569946289,6.867275238037109,1.0,0.7588097330729167,1.953125e-06,0,1
0001508800_Raw01_f_00003.jpg,numeric,0001508800,01,4096,3000,1,76.30291479492188,19.361655544820085,4.2420774939382335,219.1981658935547,17.44930648803711,9.0,0.0,0.00014298502604166667,0,1
0001508801_Raw01_f_00003.jpg,numeric,0001508801,01,4096,3000,1,75.95571793619791,19.897951306156084,4.379853686681535,250.93373107910156,18.283573150634766,10.0,1.6276041666666666e-07,0.000232421875,0,1
0001508802_Raw01_f_00002.jpg,numeric,0001508802,01,4096,3000,1,69.51540665690104,18.7794960427403,4.217120375663183,250.1875,18.21506118774414,10.0,6.510416666666666e-07,0.000101806640625,0,1
0001508802_Raw01_f_00003.jpg,numeric,0001508802,01,4096,3000,1,64.93001839192708,16.720691696134693,4.062581363893559,217.0391845703125,17.59771156311035,9.0,1.3834635416666668e-06,3.279622395833333e-05,0,1
0001508804_Raw02_f_00002.jpg,numeric,0001508804,02,4096,3000,1,55.36532462565104,29.625737262460255,4.1527192835728775,164.84417724609375,15.092341423034668,7.0,0.149721923828125,4.549153645833333e-05,0,1
0001508805_Raw00_f_00007.jpg,numeric,0001508805,00,4096,3000,1,52.04612109375,30.18400124964322,3.3018377850160947,94.0628890991211,11.240650177001953,5.0,0.21646402994791666,2.294921875e-05,0,1
0001508805_Raw01_f_00006.jpg,numeric,0001508805,01,4096,3000,1,79.59700406901041,21.62837406787599,4.171945490540059,230.91372680664062,17.146076202392578,10.0,1.1393229166666668e-06,0.00018733723958333333,0,1
0001508805_Raw02_f_00006.jpg,numeric,0001508805,02,4096,3000,1,54.16990625,30.721443928549544,3.3857691759938846,122.17033386230469,12.296294212341309,6.0,0.18452449544270833,1.595052083333333e-05,0,1
0001508806_Raw01_f_00003.jpg,numeric,0001508806,01,4096,3000,1,67.8740967610677,17.299275226383045,3.770012594137536,181.31385803222656,16.211523056030273,9.0,1.7903645833333333e-06,7.023111979166667e-05,0,1
0001508812_Raw00_f_00008.jpg,numeric,0001508812,00,4096,3000,1,45.31657942708333,25.20105905316763,3.124025224974516,86.05644989013672,11.042736053466797,5.0,0.2188984375,1.953125e-06,0,1
0001508812_Raw02_f_00001.jpg,numeric,0001508812,02,4096,3000,1,51.64246500651041,32.97264333169563,3.8871381864168457,128.89804077148438,13.12234115600586,5.0,0.23079777018229167,4.475911458333333e-06,0,1
0001508812_Raw02_f_00008.jpg,numeric,0001508812,02,4096,3000,1,46.49874503580729,25.326674980096794,2.9878570852109627,104.72327423095703,11.473939895629883,5.0,0.17214444986979166,2.44140625e-07,0,1
0001508812_Raw02_f_00010.jpg,numeric,0001508812,02,4096,3000,1,9.059925211588542,23.16057410919092,0.044150994357255134,30.749013900756836,3.5972535610198975,0.0,0.8596139322916667,1.6276041666666666e-07,0,1
0001508813_Raw00_f_00004.jpg,numeric,0001508813,00,4096,3000,1,45.188480875651045,25.92362839926814,3.174185616353732,90.02107238769531,11.018156051635742,5.0,0.21604207356770833,8.382161458333333e-06,0,1
0001508813_Raw01_f_00011.jpg,numeric,0001508813,01,4096,3000,1,54.993766357421876,30.98449619070529,3.7448656933081885,141.67832946777344,13.98952579498291,6.0,0.192923583984375,4.7770182291666664e-05,0,1
0001508815_Raw01_f_00003.jpg,numeric,0001508815,01,4096,3000,1,93.19132063802083,24.878886544564693,4.657319402734796,310.70599365234375,18.904203414916992,11.0,0.0,0.0007801106770833333,0,1
0001508817_Raw00_f_00001.jpg,numeric,0001508817,00,4096,3000,1,66.25693619791667,41.514567483957286,5.0491101343868365,166.5194549560547,15.561291694641113,6.0,0.20988875325520834,0.00016097005208333333,0,1
0001508817_Raw02_f_00001.jpg,numeric,0001508817,02,4096,3000,1,72.91761254882813,46.03098645496174,6.177691786473337,284.99957275390625,18.368867874145508,8.0,0.19936783854166668,0.0011136881510416666,0,1
0001508819_Raw10_f_00001.jpg,numeric,0001508819,10,4096,3000,1,3.3803072916666665,3.255137064382328,0.43688670110186933,2.949192762374878,1.630785346031189,1.0,0.9992589518229167,0.0,0,1
0001508820_Raw02_f_00005.jpg,numeric,0001508820,02,4096,3000,1,73.1001131998698,21.92078797688511,4.034336966203428,188.76829528808594,15.245762825012207,8.0,0.0,3.922526041666667e-05,0,1
0001508821_Raw00_f_00010.jpg,numeric,0001508821,00,4096,3000,1,51.225552897135415,29.985098690328144,3.3077289586639504,77.85453033447266,10.349700927734375,5.0,0.22662394205729167,2.7669270833333335e-06,0,1
0001508822_Raw01_f_00008.jpg,numeric,0001508822,01,4096,3000,1,63.47673087565104,15.965420148370592,3.3263583162749963,129.1256103515625,13.470905303955078,8.0,8.138020833333333e-08,2.685546875e-06,0,1
0001508823_Raw00_f_00010.jpg,numeric,0001508823,00,4096,3000,1,25.411194498697917,30.258095717038792,1.103284601132204,59.57749557495117,8.67133617401123,2.0,0.6017157389322917,4.313151041666667e-06,0,1
0001508823_Raw01_f_00001.jpg,numeric,0001508823,01,4096,3000,1,41.35105265299479,41.84169685777361,4.787138398182398,168.11880493164062,14.2767972946167,2.0,0.471010498046875,3.767903645833333e-05,0,1
0001508823_Raw01_f_00007.jpg,numeric,0001508823,01,4096,3000,1,63.402593668619794,19.57832543363329,3.27695513415628,146.37161254882812,13.051894187927246,7.0,3.255208333333333e-07,5.322265625e-05,0,1
0001508823_Raw01_f_00010.jpg,numeric,0001508823,01,4096,3000,1,58.441288492838545,17.46306916695229,3.8233424759564647,151.6445770263672,15.432088851928711,7.0,0.0027610677083333333,1.4811197916666667e-05,0,1
0001508823_Raw02_f_00001.jpg,numeric,0001508823,02,4096,3000,1,39.377181396484374,39.31373518029426,3.700820060293993,145.052001953125,12.803935050964355,2.0,0.453445556640625,5.281575520833333e-05,0,1
0001508823_Raw02_f_00006.jpg,numeric,0001508823,02,4096,3000,1,66.9638623860677,25.335880097078974,3.890291310916328,160.82325744628906,14.29809284210205,7.0,1.8717447916666666e-06,2.4495442708333333e-05,0,1
0001508823_Raw02_f_00009.jpg,numeric,0001508823,02,4096,3000,1,64.33369954427083,23.867745545540277,4.112231986922167,152.42063903808594,15.007410049438477,7.0,1.2369791666666666e-05,2.1728515625e-05,0,1
0001508823_Raw02_f_00010.jpg,numeric,0001508823,02,4096,3000,1,60.836735595703125,21.74368332210586,4.0398429249837084,163.0910186767578,16.42271614074707,7.0,0.0028267415364583333,6.8359375e-06,0,1
0001508823_Raw02_f_00011.jpg,numeric,0001508823,02,4096,3000,1,62.435291910807294,21.637197367808643,5.0661318333248095,220.1378936767578,20.34331703186035,8.0,0.0029937337239583335,6.103515625e-06,0,1
0001508823_Raw13_f_00009.jpg,numeric,0001508823,13,4096,3000,1,13.772275146484375,15.532307235807682,0.975602966976187,35.51210021972656,6.100160121917725,2.0,0.6022943522135417,0.0,0,1
0001508836_Raw01_f_00001.jpg,numeric,0001508836,01,4096,3000,1,51.211295166015624,32.923859319262114,5.068063200489848,190.1358184814453,16.983064651489258,6.0,0.23971761067708333,2.783203125e-05,1,0
0001508838_Raw00_f_00000.jpg,numeric,0001508838,00,4096,3000,1,10.809836263020832,22.911615522242766,0.48176381958870484,23.733104705810547,4.9409589767456055,1.0,0.8496847330729167,9.765625e-07,0,1
0001508839_Raw00_f_00000.jpg,numeric,0001508839,00,4096,3000,1,6.17253955078125,16.88125591869511,0.45102153016180335,12.778426170349121,3.9371018409729004,1.0,0.9231454264322917,8.138020833333333e-08,0,1
0001508842_Raw00_f_00001.jpg,numeric,0001508842,00,4096,3000,1,61.06403295898438,32.45369502726527,4.631459714412554,75.90357971191406,15.992571830749512,4.0,0.22438972981770833,4.557291666666667e-06,0,1
0001508858_Raw01_f_00009.jpg,numeric,0001508858,01,4096,3000,1,62.27960465494792,11.490089626101165,3.3968826697452226,121.55197143554688,13.256248474121094,5.0,3.0436197916666665e-05,0.0001015625,0,1
0001508859_Raw02_f_00008.jpg,numeric,0001508859,02,4096,3000,1,66.48566715494792,21.48741524638537,3.960836397136875,102.39892578125,13.432784080505371,4.0,0.00020393880208333334,1.0009765625e-05,0,1
0001508867_Raw01_f_00007.jpg,numeric,0001508867,01,4096,3000,1,81.66681502278645,31.01464569550915,5.033326704775851,111.55416870117188,16.896793365478516,5.0,0.10139754231770834,6.0791015625e-05,0,1
0001508867_Raw02_f_00004.jpg,numeric,0001508867,02,4096,3000,1,86.22247094726562,30.07169831376084,4.814742806463576,112.75749969482422,16.452651977539062,5.0,0.0,1.46484375e-06,0,1
0001508873_Raw00_f_00008.jpg,numeric,0001508873,00,4096,3000,1,28.3820234375,45.51566722078058,1.0637822928943241,45.391910552978516,7.537605285644531,1.0,0.7293202311197917,6.429036458333333e-06,0,1
0001508878_Raw13_f_00010.jpg,numeric,0001508878,13,4096,3000,1,29.925200846354166,21.542412642422534,4.75327481636644,36.9564208984375,11.173938751220703,3.0,0.304337646484375,8.138020833333333e-08,0,1
0001508879_Raw03_f_00011.jpg,numeric,0001508879,03,4096,3000,1,44.04125773111979,56.179164109213175,0.5495954508222425,47.914520263671875,8.487334251403809,1.0,0.6247119140625,6.184895833333333e-06,0,1
0001508879_Raw13_f_00000.jpg,numeric,0001508879,13,4096,3000,1,18.16962736002604,32.434884700277856,0.32622245892053636,60.83050537109375,8.88959789276123,1.0,0.7619723307291667,2.44140625e-07,0,1
0001508879_Raw13_f_00005.jpg,numeric,0001508879,13,4096,3000,1,30.780081298828126,21.05385739952753,3.667686482378225,36.075767517089844,10.054713249206543,3.0,0.3115088704427083,8.138020833333333e-08,0,1
0001508880_Raw01_f_00008.jpg,numeric,0001508880,01,4096,3000,1,93.19359928385417,16.61903340361333,3.364858847180213,68.83789825439453,10.690340042114258,5.0,0.0,5.615234375e-06,0,1
0001508880_Raw03_f_00002.jpg,numeric,0001508880,03,4096,3000,1,42.16308048502604,54.94739062393904,0.43994855970177793,44.24204635620117,7.591183662414551,1.0,0.636797119140625,7.893880208333333e-06,0,1
0001508881_Raw00_f_00004.jpg,numeric,0001508881,00,4096,3000,1,50.090174641927085,27.602253117458627,3.0507327026129207,25.56670570373535,7.813680171966553,3.0,0.21668790690104167,2.44140625e-07,0,1
0001508881_Raw00_f_00007.jpg,numeric,0001508881,00,4096,3000,1,51.28093131510417,29.165777055120707,3.031440604365698,23.510936737060547,7.6283040046691895,3.0,0.21874039713541665,0.0,0,1
0001508881_Raw01_f_00001.jpg,numeric,0001508881,01,4096,3000,1,91.74412858072917,22.84457515037598,3.5666067835224444,63.83214569091797,11.323868751525879,5.0,0.0,2.3518880208333335e-05,0,1
0001508881_Raw01_f_00008.jpg,numeric,0001508881,01,4096,3000,1,92.72166927083333,18.52636064749737,3.126553279729704,62.147605895996094,10.334742546081543,5.0,0.0,1.3020833333333334e-05,0,1
0001508883_Raw00_f_00004.jpg,numeric,0001508883,00,4096,3000,1,63.166476236979165,36.06421918993544,4.286441302474786,45.760772705078125,10.786787033081055,3.0,0.21723616536458334,3.5807291666666666e-06,1,0
0001508884_Raw00_f_00009.jpg,numeric,0001508884,00,4096,3000,1,55.78807218424479,36.46935414286432,4.184082293915111,50.83779525756836,11.390970230102539,3.0,0.288349853515625,3.90625e-06,0,1
0001508886_Raw01_f_00010.jpg,numeric,0001508886,01,4096,3000,1,76.28595271809895,15.785671297061505,3.7112870691532143,76.86632537841797,13.020576477050781,5.0,0.00962255859375,6.0546875e-05,0,1
0001508887_Raw00_f_00001.jpg,numeric,0001508887,00,4096,3000,1,58.127237386067705,33.518733832891364,4.99429014427902,40.8941650390625,10.750202178955078,3.0,0.21768994140625,4.069010416666667e-06,0,1
0001508888_Raw01_f_00000.jpg,numeric,0001508888,01,4096,3000,1,15.628111246744792,41.864014923903596,0.06970631708883954,223.50437927246094,7.715968608856201,0.0,0.8733479817708333,0.0019031575520833334,0,1
0001508888_Raw02_f_00001.jpg,numeric,0001508888,02,4096,3000,1,82.04410555013021,29.26566289478421,4.374723542485904,69.0644302368164,12.786602973937988,5.0,8.138020833333334e-07,3.3528645833333334e-05,0,1
0001508888_Raw03_f_00001.jpg,numeric,0001508888,03,4096,3000,1,29.103923095703124,49.3685783538967,0.3584628848750604,40.92728042602539,7.4818267822265625,0.0,0.73814404296875,0.00036100260416666664,0,1
0001508888_Raw03_f_00012.jpg,numeric,0001508888,03,4096,3000,1,30.52054638671875,49.588150041700814,0.36141993478063295,44.662227630615234,7.402641296386719,0.0,0.730531494140625,1.220703125e-05,0,1
0001508888_Raw03_f_00013.jpg,numeric,0001508888,03,4096,3000,1,28.624252034505208,45.79362921626218,0.3515085677863999,34.747039794921875,6.803708553314209,0.0,0.7271429036458333,1.0579427083333333e-06,0,1
0001508890_Raw01_f_00001.jpg,numeric,0001508890,01,4096,3000,1,86.61437288411459,47.989051206555025,6.651009985636446,311.8297424316406,20.58194923400879,5.0,0.15109326171875,0.0024625651041666665,0,1
0001508892_Raw02_f_00001.jpg,numeric,0001508892,02,4096,3000,1,66.94161678059896,43.30298384829814,4.423373796337441,212.0159149169922,16.99196434020996,4.0,0.194642333984375,0.0017386067708333333,0,1
0001508892_Raw02_f_00004.jpg,numeric,0001508892,02,4096,3000,1,77.8316767578125,25.44628645986164,3.3480329245577805,45.689414978027344,9.872334480285645,4.0,0.0,4.069010416666667e-07,0,1
0001508896_Raw13_f_00004.jpg,numeric,0001508896,13,4096,3000,1,30.79154345703125,20.799007669197582,3.503801106096841,25.139184951782227,9.135211944580078,2.0,0.279546630859375,0.0,0,1
0001508901_Raw03_f_00003.jpg,numeric,0001508901,03,4096,3000,1,49.25666805013021,56.17792101657431,0.5917935214544462,32.6246452331543,7.955894470214844,1.0,0.5713998209635417,4.069010416666667e-07,0,1
0001508902_Raw01_f_00004.jpg,numeric,0001508902,01,4096,3000,1,82.98869840494791,10.62375072504809,2.807917235067083,40.75844192504883,9.084978103637695,4.0,5.696614583333334e-07,1.953125e-06,0,1
0001508902_Raw03_f_00004.jpg,numeric,0001508902,03,4096,3000,1,53.70996158854167,61.58705989017893,0.5773993762287677,44.03866195678711,8.928728103637695,1.0,0.5724915364583333,1.8717447916666666e-06,0,1
0001508902_Raw13_f_00002.jpg,numeric,0001508902,13,4096,3000,1,39.453154459635414,27.558848297056823,3.373057311323362,27.301990509033203,8.930767059326172,3.0,0.27940445963541666,0.0,0,1
0001508904_Raw03_f_00003.jpg,numeric,0001508904,03,4096,3000,1,51.60969539388021,58.92601372662944,0.629870864718528,43.522762298583984,8.923127174377441,1.0,0.5716891276041667,3.173828125e-06,0,1
0001508904_Raw13_f_00006.jpg,numeric,0001508904,13,4096,3000,1,41.36531282552083,28.721957544792733,3.223535154455427,23.13016128540039,7.1652326583862305,2.0,0.2768934733072917,8.138020833333333e-08,0,1
0001509551_Raw01_f_00000.jpg,numeric,0001509551,01,4096,3000,1,28.515561360677083,42.87037493881802,0.10071190246412404,107.80339813232422,8.626259803771973,0.0,0.6749408365885416,3.0192057291666665e-05,1,0
0001509560_Raw00_f_00003.jpg,numeric,0001509560,00,4096,3000,1,55.975260986328124,31.047320020339857,5.305219806488665,241.12625122070312,16.882112503051758,6.0,0.20918367513020833,1.0416666666666666e-05,1,0
0001509600_Raw13_f_00001.jpg,numeric,0001509600,13,4096,3000,1,17.168515869140624,12.662787288362368,3.765882119381543,53.024681091308594,10.797652244567871,2.0,0.43663427734375,2.4820963541666667e-05,1,0
0001509744_Raw13_f_00009.jpg,numeric,0001509744,13,4096,3000,1,4.499881917317708,7.692780716283085,0.26209374128655494,6.194239139556885,2.3094756603240967,0.0,0.8660257161458333,8.138020833333333e-08,1,0
0001510003_Raw01_f_00016.jpg,numeric,0001510003,01,4096,3000,1,54.89258292643229,10.21878159558259,3.2942419715960978,80.87471008300781,13.130377769470215,6.0,3.3610026041666665e-05,5.696614583333334e-07,1,0
0001510321_Raw01_f_00006.jpg,numeric,0001510321,01,4096,3000,1,74.33399926757812,18.08139200637898,10.627441694773529,596.4718627929688,44.77607727050781,12.0,2.197265625e-06,0.00011751302083333333,1,0
0001510322_Raw02_f_00005.jpg,numeric,0001510322,02,4096,3000,1,76.82433520507813,27.208567370967483,12.310357025923151,918.241943359375,47.75215148925781,10.0,2.6611328125e-05,0.00035709635416666664,1,0
0001510354_Raw00_f_00001.jpg,numeric,0001510354,00,4096,3000,1,53.01367911783854,26.07028697133584,2.085752881980844,15.637307167053223,6.491278171539307,2.0,0.20768636067708332,0.0,1,0
0001510988_Raw00_f_00001.jpg,numeric,0001510988,00,4096,3000,1,41.62415787760417,35.766025047690896,2.509287449810379,37.009117126464844,8.160344123840332,2.0,0.43123958333333334,1.5625e-05,1,0
0001511851_Raw00_f_00012.jpg,numeric,0001511851,00,4096,3000,1,45.71100830078125,23.418247747168927,2.2301412909691196,26.970111846923828,7.250238418579102,3.0,0.218669189453125,0.0,1,0
0001511954_Raw00_f_00009.jpg,numeric,0001511954,00,4096,3000,1,46.4408291015625,23.45325087982733,2.1029584333292792,20.754274368286133,6.624898433685303,3.0,0.215658203125,3.255208333333333e-07,1,0
0001512171_Raw02_f_00002.jpg,numeric,0001512171,02,4096,3000,1,104.2982724609375,37.74890798913763,7.490032252508156,1087.7452392578125,31.469104766845703,5.0,0.0005323893229166667,0.006602294921875,2,0
0001513024_Raw00_f_00001.jpg,numeric,0001513024,00,4096,3000,1,36.96190372721354,37.89134489769955,2.5180976224419656,46.4177360534668,8.71238899230957,2.0,0.5190611165364584,6.510416666666666e-07,1,0
0001513024_Raw02_f_00001.jpg,numeric,0001513024,02,4096,3000,1,44.75798038736979,44.45054100383699,2.427638335829284,52.790061950683594,8.979134559631348,1.0,0.45578011067708335,1.6276041666666668e-06,1,0
0001513181_Raw02_f_00007.jpg,numeric,0001513181,02,4096,3000,1,54.42460115559896,27.32206485493805,2.6265544147999638,106.71572875976562,10.895111083984375,4.0,0.143896484375,8.138020833333334e-07,1,0
0001513231_Raw02_f_00003.jpg,numeric,0001513231,02,4096,3000,1,51.179744791666664,31.17162382020732,2.835707735442535,187.3646697998047,14.332359313964844,4.0,0.211769775390625,6.7545572916666665e-06,1,0
0001513233_Raw02_f_00005.jpg,numeric,0001513233,02,4096,3000,1,49.762890380859375,29.9722691680802,2.679846122681779,163.57302856445312,12.8128662109375,4.0,0.21249186197916667,4.8828125e-07,1,0
0001513292_Raw00_f_00002.jpg,numeric,0001513292,00,4096,3000,1,44.06658829752604,23.040155401043446,4.835316140458424,177.29258728027344,16.443267822265625,6.0,0.20060514322916667,3.662109375e-06,1,0
0001513292_Raw02_f_00002.jpg,numeric,0001513292,02,4096,3000,1,56.29880851236979,18.122133811981612,5.123052954069742,321.61029052734375,20.824382781982422,9.0,0.000499755859375,1.7903645833333333e-05,2,0
0001513292_Raw03_f_00002.jpg,numeric,0001513292,03,4096,3000,1,25.769251220703126,38.139878208637946,0.3811966467638547,164.48350524902344,11.247174263000488,0.0,0.6829944661458334,1.0498046875e-05,2,0
0001513322_Raw02_f_00004.jpg,numeric,0001513322,02,4096,3000,1,101.82649194335937,36.452898040752686,9.523592230629824,766.29833984375,35.10973358154297,7.0,0.0,0.001445068359375,1,0
0001513323_Raw02_f_00005.jpg,numeric,0001513323,02,4096,3000,1,90.25919474283855,30.98797090732344,4.6629834444185185,542.394775390625,19.610017776489258,5.0,6.8359375e-06,0.003101643880208333,1,0
0001513324_Raw01_f_00007.jpg,numeric,0001513324,01,4096,3000,1,93.15936629231771,14.895350627118331,4.6035484383969525,211.12026977539062,19.065277099609375,6.0,3.255208333333333e-07,2.0263671875e-05,1,0
0001513324_Raw02_f_00006.jpg,numeric,0001513324,02,4096,3000,1,88.90419376627604,28.981056738798873,4.940049962499705,506.8623046875,23.558523178100586,5.0,1.66015625e-05,0.0008876953125,1,0
0001513327_Raw00_f_00001.jpg,numeric,0001513327,00,4096,3000,1,73.99281648763021,42.030309173663454,4.838253613261788,124.87611389160156,14.052270889282227,4.0,0.20665559895833333,0.00012736002604166665,1,0
0001513328_Raw02_f_00002.jpg,numeric,0001513328,02,4096,3000,1,88.03342944335938,25.864805860389218,3.948161325215068,302.4429931640625,16.799678802490234,5.0,2.4576822916666667e-05,0.00023323567708333334,2,0
0001513329_Raw02_f_00007.jpg,numeric,0001513329,02,4096,3000,1,88.29612898763021,25.109390772571334,3.9324714266802276,191.1189422607422,15.266048431396484,5.0,6.510416666666666e-07,4.8502604166666665e-05,1,0
0001513329_Raw03_f_00007.jpg,numeric,0001513329,03,4096,3000,1,51.953471435546874,56.48236079613762,2.3119078020640047,289.862060546875,17.539705276489258,2.0,0.5443414713541667,0.00041943359375,1,0
0001513347_Raw00_f_00004.jpg,numeric,0001513347,00,4096,3000,1,61.03824698893229,34.2355903810655,3.696493320919447,66.75487518310547,12.65401554107666,4.0,0.21571809895833333,2.44140625e-07,1,0
0001513348_Raw00_f_00003.jpg,numeric,0001513348,00,4096,3000,1,60.89255712890625,33.1295962044329,4.037443328940137,67.8883056640625,13.599751472473145,4.0,0.21271720377604167,4.069010416666667e-07,2,0
0001513348_Raw02_f_00003.jpg,numeric,0001513348,02,4096,3000,1,77.56891943359375,22.71445972531539,3.603811235932249,231.32664489746094,16.746305465698242,5.0,0.0003942057291666667,7.161458333333333e-06,1,0
0001513352_Raw02_f_00002.jpg,numeric,0001513352,02,4096,3000,1,83.46822607421875,24.218892412639043,3.5383631097923436,227.86520385742188,14.613480567932129,5.0,2.1321614583333333e-05,3.629557291666667e-05,1,0
0001513352_Raw03_f_00002.jpg,numeric,0001513352,03,4096,3000,1,43.47458976236979,56.07145378166695,0.5365574900300951,169.781494140625,11.899916648864746,1.0,0.62041650390625,6.0302734375e-05,1,0
0001513366_Raw02_f_00001.jpg,numeric,0001513366,02,4096,3000,1,59.484442057291666,22.635317869355674,2.3438483887714905,33.392696380615234,7.669174671173096,3.0,0.09585343424479166,4.069010416666667e-07,1,0
0001513419_Raw01_f_00003.jpg,numeric,0001513419,01,4096,3000,1,90.65678540039063,12.530688859462247,3.697385790326136,91.5080795288086,11.528636932373047,5.0,8.138020833333334e-07,2.2379557291666665e-05,1,0
0001513419_Raw01_f_00005.jpg,numeric,0001513419,01,4096,3000,1,91.98437996419271,12.386812921452794,3.1714331718011683,72.87804412841797,10.51761245727539,5.0,8.138020833333333e-08,1.8310546875e-05,1,0
0001513419_Raw01_f_00007.jpg,numeric,0001513419,01,4096,3000,1,90.47257535807292,11.84097983235835,2.9146324934908403,66.76302337646484,9.752483367919922,5.0,4.069010416666667e-07,9.033203125e-06,1,0
0001513419_Raw02_f_00005.jpg,numeric,0001513419,02,4096,3000,1,86.46014827473958,26.868243637599775,3.8393076526427796,266.4968566894531,14.90122127532959,5.0,8.382161458333333e-06,0.0003203125,1,0
0001513420_Raw00_f_00004.jpg,numeric,0001513420,00,4096,3000,1,58.19663720703125,33.653136450015985,6.104333269887663,204.35653686523438,21.04033660888672,4.0,0.21625056966145834,2.0914713541666667e-05,1,0
0001513420_Raw00_f_00013.jpg,numeric,0001513420,00,4096,3000,1,58.013010172526045,33.39062974169941,7.327510221920505,176.359619140625,21.4913272857666,4.0,0.221581787109375,1.171875e-05,1,0
0001513420_Raw01_f_00005.jpg,numeric,0001513420,01,4096,3000,1,88.54626619466146,13.366197718047164,5.491163453865925,163.18560791015625,17.916263580322266,6.0,1.6276041666666668e-06,2.3600260416666668e-06,2,0
0001513420_Raw02_f_00007.jpg,numeric,0001513420,02,4096,3000,1,85.16351708984375,24.974535008285503,3.7914850514559646,276.6425476074219,16.589052200317383,5.0,2.7669270833333335e-06,6.746419270833333e-05,1,0
0001513422_Raw03_f_00015.jpg,numeric,0001513422,03,4096,3000,1,47.264353271484374,52.6154921752453,2.8678691651480506,357.12384033203125,23.181461334228516,2.0,0.536874267578125,0.0003589680989583333,1,0
0001513424_Raw00_f_00001.jpg,numeric,0001513424,00,4096,3000,1,44.46988826497396,43.942865839545206,7.207130536947232,183.31544494628906,19.659832000732422,3.0,0.46355436197916666,7.893880208333333e-06,2,0
0001513428_Raw02_f_00014.jpg,numeric,0001513428,02,4096,3000,1,36.71666137695313,46.875579297490745,0.4212953478613285,132.73257446289062,8.7413330078125,0.0,0.5818507486979166,0.000101318359375,1,0
0001513462_Raw02_f_00002.jpg,numeric,0001513462,02,4096,3000,1,59.902010335286455,11.42645357508638,1.977100765407236,40.78217315673828,7.1364850997924805,3.0,6.7545572916666665e-06,1.6276041666666666e-07,1,0
0001513462_Raw03_f_00002.jpg,numeric,0001513462,03,4096,3000,1,41.829655192057295,41.473664783641425,1.250497648428499,78.62218475341797,10.463423728942871,2.0,0.5056378580729166,1.2532552083333334e-05,1,0
0001513466_Raw02_f_00002.jpg,numeric,0001513466,02,4096,3000,1,63.31651904296875,13.496323981289805,2.642759553821783,83.26787567138672,9.677738189697266,5.0,3.255208333333333e-07,4.069010416666667e-07,1,0
0001513508_Raw02_f_00002.jpg,numeric,0001513508,02,4096,3000,1,78.53951424153645,23.6185643892047,3.3969736673326576,147.28799438476562,12.555560111999512,6.0,1.1393229166666667e-05,7.731119791666667e-06,1,0
0001513536_Raw00_f_00001.jpg,numeric,0001513536,00,4096,3000,1,59.55113932291667,32.91352862240277,4.160245084106253,131.2767791748047,13.249899864196777,5.0,0.211621337890625,6.184895833333333e-06,3,0
0001513536_Raw01_f_00003.jpg,numeric,0001513536,01,4096,3000,1,78.52732511393229,16.8814416018953,3.720512875353811,175.08963012695312,14.203250885009766,8.0,1.8310546875e-05,6.998697916666667e-06,3,0
0001513536_Raw01_f_00006.jpg,numeric,0001513536,01,4096,3000,1,70.89381941731772,27.620984775782198,3.661768662966522,157.892578125,13.74869155883789,7.0,0.08989396158854167,1.7415364583333333e-05,2,0
0001513537_Raw01_f_00002.jpg,numeric,0001513537,01,4096,3000,1,73.66855493164063,14.45789442848895,3.1485127705462364,116.35670471191406,12.139335632324219,7.0,2.2135416666666668e-05,1.6276041666666668e-06,1,0
0001513539_Raw00_f_00001.jpg,numeric,0001513539,00,4096,3000,1,52.5941201171875,28.167769170042963,3.6368528370812,94.78248596191406,12.015433311462402,4.0,0.21339737955729166,1.1393229166666668e-06,2,0
0001513539_Raw00_f_00005.jpg,numeric,0001513539,00,4096,3000,1,51.79016137695312,27.205756386498848,2.973368688132757,48.5401725769043,8.981843948364258,4.0,0.21359912109375,8.138020833333333e-08,1,0
0001513539_Raw00_f_00007.jpg,numeric,0001513539,00,4096,3000,1,53.30058089192708,28.28865974676132,3.162770189876818,59.0540885925293,9.543477058410645,4.0,0.21475496419270834,3.255208333333333e-07,1,0
0001513539_Raw00_f_00009.jpg,numeric,0001513539,00,4096,3000,1,50.86888403320312,27.105510157857267,3.046020881384085,56.069923400878906,9.33282470703125,4.0,0.21931315104166665,8.138020833333333e-08,1,0
0001513551_Raw00_f_00003.jpg,numeric,0001513551,00,4096,3000,1,57.23638850911458,32.67638388798391,4.649258588268185,194.9620819091797,14.876265525817871,6.0,0.215244140625,6.184895833333334e-05,1,0
0001513551_Raw01_f_00001.jpg,numeric,0001513551,01,4096,3000,1,75.28223624674479,17.80055338621023,4.26315177624798,196.78500366210938,15.441323280334473,9.0,6.6162109375e-05,1.4322916666666666e-05,1,0
0001513551_Raw01_f_00003.jpg,numeric,0001513551,01,4096,3000,1,76.29379996744791,18.888775759975513,4.2465082322853185,230.67626953125,16.658435821533203,9.0,2.8645833333333333e-05,4.1259765625e-05,1,0
0001513551_Raw01_f_00005.jpg,numeric,0001513551,01,4096,3000,1,77.53334195963542,17.899598135471752,4.140064861749624,190.64047241210938,16.158212661743164,9.0,3.336588541666667e-06,2.9215494791666668e-05,1,0
0001513553_Raw01_f_00010.jpg,numeric,0001513553,01,4096,3000,1,52.251736328125,30.40181584734527,3.8868680150781945,127.77590942382812,14.670366287231445,5.0,0.21441145833333333,5.0130208333333335e-05,1,0
0001513616_Raw01_f_00002.jpg,numeric,0001513616,01,4096,3000,1,75.05996744791666,13.739380324861067,3.05583369279961,96.1388931274414,11.610177993774414,6.0,1.6357421875e-05,1.220703125e-06,1,0
0001513619_Raw01_f_00013.jpg,numeric,0001513619,01,4096,3000,1,79.25625268554687,16.715698344173838,3.394138487766153,138.23724365234375,12.913004875183105,8.0,6.510416666666667e-06,1.0660807291666667e-05,1,0
0001513691_Raw01_f_00002.jpg,numeric,0001513691,01,4096,3000,1,111.11924055989583,14.229980058669295,4.129039384354405,88.99424743652344,11.894622802734375,4.0,2.1647135416666668e-05,1.7333984375e-05,5,0
0001513691_Raw01_f_00004.jpg,numeric,0001513691,01,4096,3000,1,112.64511930338541,18.142458427943545,5.097311953484402,553.7426147460938,21.974899291992188,6.0,1.4567057291666667e-05,0.001374267578125,3,0
0001513691_Raw01_f_00012.jpg,numeric,0001513691,01,4096,3000,1,99.32643221028646,19.507612288813206,10.550963534594679,603.2442626953125,43.559974670410156,13.0,3.255208333333333e-07,7.234700520833333e-05,2,0
0001513691_Raw01_f_00013.jpg,numeric,0001513691,01,4096,3000,1,94.44227506510417,20.848567296739677,11.102256546738293,593.6326293945312,45.062015533447266,13.0,0.0,4.8014322916666664e-05,3,0
0001513696_Raw01_f_00006.jpg,numeric,0001513696,01,4096,3000,1,67.46884903971355,10.953970819777535,2.5787904081469266,58.72806930541992,9.682960510253906,5.0,0.0,4.069010416666667e-07,2,0
0001513813_Raw01_f_00002.jpg,numeric,0001513813,01,4096,3000,1,67.02011328125,15.38531649927098,4.526423841506007,206.0321807861328,17.51015853881836,8.0,4.248046875e-05,3.824869791666666e-06,2,0
0001517512_Raw02_f_00001.jpg,numeric,0001517512,02,4096,3000,1,57.54958536783854,35.100165891641076,2.9280831280754205,86.47314453125,10.775192260742188,4.0,0.19518684895833333,2.24609375e-05,1,0
0001517732_Raw00_f_00000.jpg,numeric,0001517732,00,4096,3000,1,57.162852701822914,39.20014381633653,4.091354515784379,81.45597076416016,11.985600471496582,4.0,0.30536653645833334,2.1240234375e-05,2,0
0001518218_Raw02_f_00005.jpg,numeric,0001518218,02,4096,3000,1,46.69179809570313,35.203678943816215,2.9965580306061765,317.1968078613281,15.232812881469727,4.0,0.28422111002604167,0.00027888997395833336,1,0
0001520437_Raw03_f_00015.jpg,numeric,0001520437,03,4096,3000,1,61.674059733072916,48.549861781709794,7.289478223554559,956.3551635742188,29.711307525634766,10.0,0.28718074544270833,0.009016520182291666,1,0
0001520526_Raw02_f_00012.jpg,numeric,0001520526,02,4096,3000,1,28.092059244791667,31.004796824638504,3.775916995647816,349.2154541015625,17.80510139465332,3.0,0.46077864583333333,0.00031526692708333336,1,0
0001523797_Raw13_f_00000.jpg,numeric,0001523797,13,4096,3000,1,16.355416341145833,27.076528745010766,0.49613940036494486,66.40625762939453,7.520535945892334,1.0,0.745043212890625,5.7047526041666665e-05,1,0
0001523868_Raw01_f_00010.jpg,numeric,0001523868,01,4096,3000,1,40.17233911132813,36.07630423434783,1.867542274025934,67.95552825927734,6.131104946136475,1.0,0.4371905924479167,0.00016731770833333334,2,0
0001524056_Raw10_f_00014.jpg,numeric,0001524056,10,4096,3000,1,41.560845947265626,35.65374088615328,6.499101636370984,138.78890991210938,15.976545333862305,3.0,0.423196533203125,9.619140625e-05,1,0
0001525650_Raw01_f_00002.jpg,numeric,0001525650,01,4096,3000,1,80.12245003255208,22.65504647952697,8.829807571775554,381.56109619140625,27.187341690063477,10.0,5.208333333333333e-06,0.00011043294270833333,1,0
0001527444_Raw00_f_00014.jpg,numeric,0001527444,00,4096,3000,1,34.375605712890625,26.317360367738196,1.7003794113902755,41.35963439941406,7.387084484100342,2.0,0.39456103515625,1.5218098958333333e-05,1,0
C1088360_V02_F00012_12b9dc2a-c6ad-421a-a1d5-d03176c95506.jpg,C,C1088360,02,4096,3000,1,78.20092781575521,18.19298040376673,4.0028251352206095,71.17677307128906,13.250905990600586,5.0,0.0,2.3600260416666668e-06,1,0
C1088360_V03_F00012_33be0c21-b551-4406-9173-dd7856fbd9df.jpg,C,C1088360,03,4096,3000,1,17.799550130208335,31.236142281992787,0.5135569464852934,24.16683006286621,5.457386493682861,1.0,0.83323828125,1.1393229166666668e-06,1,0
C1088367_V01_F00009_5f14fd12-bed7-4548-ae5b-80c01e760d96.jpg,C,C1088367,01,4096,3000,1,78.41474788411459,11.313020870831643,2.545316005988984,61.16135025024414,9.214022636413574,5.0,0.0,2.44140625e-07,2,0
C1088412_V13_F00010_cb5d4a23-28ee-454c-b20c-af21fcb49cc3.jpg,C,C1088412,13,4096,3000,1,85.920412109375,64.96390273408336,7.505766412418682,366.1244201660156,22.51532745361328,6.0,0.24354402669270833,0.004474283854166667,3,0
C1088455_V10_F00005_d4c37f04-0d89-4638-b248-b28075ff4638.jpg,C,C1088455,10,4096,3000,1,26.53514005533854,48.27212199353311,0.488073909452835,163.34681701660156,10.742801666259766,1.0,0.7942403157552084,0.00032820638020833334,2,0
C1088540_V13_F00002_5a06dc48-3e5f-4c0a-beeb-c539cdf09ebb.jpg,C,C1088540,13,4096,3000,1,106.86103247070312,86.8994321747465,7.827465881896844,394.6761779785156,26.786359786987305,4.0,0.24102132161458334,0.13928157552083334,4,0
C1088584_V00_F00001_20a0835c-3454-4125-8478-61bb573743b2.jpg,C,C1088584,00,4096,3000,1,65.24744563802084,31.69137609560854,4.166998848351642,54.20254135131836,12.515382766723633,4.0,0.18313273111979167,4.39453125e-06,2,0
C1088584_V00_F00002_719561fb-2b05-4c67-a86c-3c109eaaa675.jpg,C,C1088584,00,4096,3000,1,66.86390486653646,32.76242516871443,4.138011318559823,45.46681213378906,12.141557693481445,4.0,0.18355647786458335,0.0,1,0
C1088597_V02_F00005_f9cf0def-531a-4e89-a74c-24bc92c2e7d5.jpg,C,C1088597,02,4096,3000,1,89.96646207682292,34.33677054183848,3.4012978339854225,65.70734405517578,11.685689926147461,4.0,0.09627587890625,1.7008463541666667e-05,1,0
C1088597_V02_F00011_c27c9fc7-9061-4e1a-90e3-6580813a1de5.jpg,C,C1088597,02,4096,3000,1,88.24158349609375,32.61637560934194,2.939837861368606,51.33036422729492,10.248761177062988,4.0,0.09110310872395834,3.987630208333333e-06,1,0
C1088600_V01_F00005_f9960f16-299a-4ba0-a21e-380feae4eccc.jpg,C,C1088600,01,4096,3000,1,83.3217118326823,10.101841044881912,2.725077119961895,60.70121765136719,10.246689796447754,5.0,0.0,5.696614583333334e-06,3,0
C1088600_V01_F00013_ca104bf6-f49d-4a1c-a79a-4a687a2c677e.jpg,C,C1088600,01,4096,3000,1,85.99830322265625,9.650477308932302,2.6203625971444167,42.07286834716797,9.4600830078125,4.0,0.0,0.0,1,0
C1088614_V00_F00014_dc18b864-585f-4054-8b76-ccf91318e3bc.jpg,C,C1088614,00,4096,3000,1,69.33888842773437,34.829253030017576,3.4904316883050077,44.53780746459961,10.651268005371094,4.0,0.1953701171875,1.6276041666666666e-07,1,0
C1088663_V01_F00008_9f9920fa-1be8-4c8c-8d2b-434c38b11927.jpg,C,C1088663,01,4096,3000,1,74.4796962076823,12.032220139275049,2.6919082143907405,64.02088928222656,9.656706809997559,5.0,0.0,3.255208333333333e-07,1,0
C1088701_V01_F00007_8e455405-5ff1-466c-a9b4-a2a63de4d307.jpg,C,C1088701,01,4096,3000,1,80.97861539713541,9.329536136468784,2.460331717733692,44.398311614990234,9.069146156311035,4.0,0.0,8.138020833333333e-08,3,0
C1088705_V02_F00006_4b2ea227-30d3-45d2-9f7a-945c58f782d4.jpg,C,C1088705,02,4096,3000,1,86.54007690429688,30.075943229213923,3.3252744083988457,68.02730560302734,11.70423412322998,4.0,0.069123291015625,2.5797526041666668e-05,1,0
C1088719_V11_F00009_3f9bfcf7-8687-4cae-801b-712621711e87.jpg,C,C1088719,11,4096,3000,1,89.86760986328125,32.64562985006464,4.848996967004066,127.27142333984375,17.007421493530273,6.0,0.015784423828125,3.141276041666667e-05,1,0
C1088745_V00_F00001_0e9dc521-5c4c-4f42-bd6c-f1a9b19c3c29.jpg,C,C1088745,00,4096,3000,1,77.72486629231771,78.33642919022786,12.17806750895777,368.6083679199219,28.691476821899414,5.0,0.29724910481770833,0.08584537760416666,1,0
C1088745_V01_F00011_2cfbeb50-af09-4ac5-8417-c6fe03d59d89.jpg,C,C1088745,01,4096,3000,1,145.2227939453125,28.01996862358212,6.640454221595217,247.2600860595703,20.539976119995117,10.0,0.0,0.005756429036458333,1,0
C1088762_V13_F00001_65d8371e-6e29-49f3-adad-b9a14a945968.jpg,C,C1088762,13,4096,3000,1,45.34975252278646,69.64158715899374,3.134248433807064,106.23274993896484,11.861248970031738,2.0,0.6014945475260417,0.027949055989583332,5,0
C1088764_V11_F00006_8bcf4819-be97-4556-a375-d7e63bd395b4.jpg,C,C1088764,11,4096,3000,1,32.35598901367187,30.702270253091868,2.4571543110984253,47.462188720703125,9.355110168457031,2.0,0.417881103515625,3.336588541666667e-06,1,0
C1088771_V12_F00001_d40169ad-71e7-4149-a605-124ffb3436dd.jpg,C,C1088771,12,4096,3000,1,78.05184147135417,22.76560558854983,5.149520897240328,124.17304229736328,17.114620208740234,5.0,0.0,9.765625e-07,1,0
C1088772_V12_F00001_20cfafe8-a6ee-4938-b5f6-12a0a78751d7.jpg,C,C1088772,12,4096,3000,1,41.41124283854167,28.87069157969699,3.857086481769022,61.709983825683594,9.840131759643555,3.0,0.229295654296875,9.920247395833333e-05,3,0
C1088772_V13_F00001_099d7d3b-3266-4bbf-adf9-868ca24d81c3.jpg,C,C1088772,13,4096,3000,1,51.780309895833334,55.09553660155313,6.321121775450809,176.14923095703125,17.534807205200195,3.0,0.399725830078125,0.0020606282552083333,3,0
C1088784_V02_F00010_ef3e146f-9528-4710-adc3-de0f50b1efd6.jpg,C,C1088784,02,4096,3000,1,21.236738118489583,51.61627303865027,0.4688604660139607,75.60780334472656,7.824174404144287,1.0,0.872386962890625,0.011124348958333334,1,0
C1088785_V12_F00002_3e3711ca-73d7-489e-b7dd-ac738ca1db3c.jpg,C,C1088785,12,4096,3000,1,73.76988362630209,20.018885917106065,5.441203657462719,83.72564697265625,16.198951721191406,5.0,0.0,6.673177083333334e-06,3,0
C1088794_V02_F00008_c6c7a501-69c8-4223-81b6-380f7d9059f4.jpg,C,C1088794,02,4096,3000,1,107.82623421223958,98.24629132224791,6.572746361516479,220.52560424804688,18.294008255004883,2.0,0.3851336263020833,0.16646875,1,0
C1088795_V12_F00002_1aca29ac-2d26-4003-a252-c602f79484d9.jpg,C,C1088795,12,4096,3000,1,71.55591341145833,21.02199196440141,6.178539136625413,120.26748657226562,21.159423828125,6.0,2.6041666666666666e-06,6.429036458333333e-06,3,0
C1088795_V13_F00002_3864950e-b197-456a-9a4b-c1e80a4e666e.jpg,C,C1088795,13,4096,3000,1,74.12452962239583,54.122105823104384,8.304914908860495,271.70794677734375,28.562747955322266,4.0,0.240378662109375,0.0002294921875,2,0
C1088812_V00_F00001_25da1e02-080b-4f72-9291-84cca7659152.jpg,C,C1088812,00,4096,3000,1,66.55734749348959,47.91886883811663,6.738088383059723,138.2487030029297,15.283997535705566,4.0,0.19628727213541666,9.415690104166666e-05,2,0
C1088820_V12_F00010_1686ae4b-94e1-4f3c-87ef-0d20c390c895.jpg,C,C1088820,12,4096,3000,1,99.22976920572917,61.83598077929728,8.588525210546937,528.4649047851562,34.471580505371094,7.0,4.475911458333333e-06,0.06848697916666667,2,0
C1088854_V11_F00011_457ec4ff-807c-4e07-81be-0cab2c3a757d.jpg,C,C1088854,11,4096,3000,1,31.893794352213543,22.436185838060506,4.834050455294225,111.90750122070312,16.49863624572754,4.0,0.27592789713541666,4.98046875e-05,1,0
C1088941_V02_F00001_f7290014-ce89-4dc0-9d56-89d413789f16.jpg,C,C1088941,02,4096,3000,1,83.55114575195313,40.41530989920496,6.303125852096658,339.89752197265625,21.55344581604004,7.0,0.11067106119791667,0.0012587076822916667,4,0
C1088941_V12_F00003_3509a851-edb0-48e2-87d3-c98a7f1435e3.jpg,C,C1088941,12,4096,3000,1,60.783833251953126,13.651876339347103,3.8339539567797685,77.69670104980469,11.828618049621582,5.0,1.953125e-06,4.801432291666666e-06,6,0
C1088950_V02_F00001_65a2ecfb-6a9f-46c8-bb8f-6a5cd6d08a0c.jpg,C,C1088950,02,4096,3000,1,86.78526334635417,16.216446292485948,2.932437141022149,59.911983489990234,9.608945846557617,5.0,0.0,3.466796875e-05,1,0
C1089043_V13_F00001_2f23d5ed-f4da-4e7d-81d5-38a5a794f249.jpg,C,C1089043,13,4096,3000,1,75.87288330078125,57.98832926624868,7.446227018942618,310.11865234375,20.950803756713867,6.0,0.24496826171875,0.0032535807291666666,2,0
C1089062_V00_F00001_f1a96bb1-78f2-4345-bfe6-e9821ac5c02c.jpg,C,C1089062,00,4096,3000,1,56.371815592447916,26.110486310153476,1.83936176466514,18.368925094604492,6.284632682800293,3.0,0.18591984049479165,1.6276041666666666e-07,1,0
C1089079_V01_F00005_65b61bf1-28ee-42d0-8590-07ae82d355c8.jpg,C,C1089079,01,4096,3000,1,79.38627775065105,9.154913548867764,1.8221226446444647,22.035634994506836,6.027678966522217,3.0,0.0,0.0,1,0
C1089123_V00_F00002_7fbb4564-5b08-446f-bd91-d72cd2bce195.jpg,C,C1089123,00,4096,3000,1,42.50353068033854,22.115549374939594,4.962565160353522,74.12992858886719,12.314859390258789,4.0,0.18946248372395832,6.73828125e-05,1,0
C1089208_V01_F00002_997c72ad-009c-4039-83e0-fe194a8e3175.jpg,C,C1089208,01,4096,3000,1,79.52381526692709,13.853465566100573,3.334068250401793,110.82763671875,12.637792587280273,7.0,0.0,3.776041666666667e-05,2,0
C1089208_V12_F00002_41b9ab6d-61b1-414a-bd94-5ab691f88b05.jpg,C,C1089208,12,4096,3000,1,66.23351871744792,15.264345714633203,4.199822650987855,168.94139099121094,15.479841232299805,8.0,4.8828125e-07,5.126953125e-06,2,0
C1089211_V02_F00008_2a724abe-4b46-4e70-bfd8-012a499db3e3.jpg,C,C1089211,02,4096,3000,1,46.824982421875,34.207851761000086,2.306200498474678,46.0084228515625,7.786558151245117,3.0,0.36283194986979167,9.765625e-07,1,0
C1089267_V13_F00001_a2cb485b-4a21-4833-91a5-7c060a647724.jpg,C,C1089267,13,4096,3000,1,30.66591259765625,27.93015559390108,5.466267188525656,362.89654541015625,20.159177780151367,4.0,0.33246549479166665,0.002358235677083333,2,0
C1089313_V11_F00002_9f5447b4-e493-4d66-92e2-863dbe8d475b.jpg,C,C1089313,11,4096,3000,1,50.84829858398437,37.48270036654602,4.074020480960762,165.13174438476562,15.957074165344238,5.0,0.2909645182291667,0.00021630859375,4,0
C1089313_V12_F00004_dc12a567-ffc2-4880-8074-e7c8d13dec3d.jpg,C,C1089313,12,4096,3000,1,63.50720719401042,13.568024921479777,3.866117565844364,124.82744598388672,13.777971267700195,7.0,1.7333984375e-05,8.138020833333334e-07,4,0
C1089313_V13_F00002_8830b638-2025-4fdf-9e20-0fb199425ed4.jpg,C,C1089313,13,4096,3000,1,68.77515690104167,47.534381313359624,6.65391771564547,296.1181640625,19.33840560913086,6.0,0.24375911458333333,3.6376953125e-05,2,0
C1089314_V02_F00012_000ebb4a-fe69-40b5-9de1-3f5afa663ddd.jpg,C,C1089314,02,4096,3000,1,48.274480631510414,36.261881972824455,2.004834510859214,45.17168045043945,7.163202285766602,2.0,0.37841471354166667,2.685546875e-06,1,0
C1089315_V02_F00003_0610dc1f-6aff-4fc5-9420-792e1a8db51b.jpg,C,C1089315,02,4096,3000,1,46.335142822265624,35.17605834103263,1.8860410788602437,44.067115783691406,7.32030725479126,2.0,0.38403889973958333,2.2786458333333335e-06,2,0
C1089316_V13_F00007_b75bb509-3dd8-41e2-a33e-f714cf28acd1.jpg,C,C1089316,13,4096,3000,1,56.52824186197917,42.77397047142949,6.092447007206469,209.69862365722656,16.985342025756836,5.0,0.282743896484375,0.00013907877604166666,2,0
C1089333_V02_F00004_38fc346d-d092-4f16-acd4-c46dd1790e7e.jpg,C,C1089333,02,4096,3000,1,46.186787679036456,34.21693833334422,1.7539971317366148,27.1142635345459,6.177770614624023,2.0,0.3848021647135417,0.0,1,0
C1089343_V11_F00002_a731b7bc-af84-4d1c-bed6-16eaee09ee11.jpg,C,C1089343,11,4096,3000,1,50.01668627929688,35.8919520230073,4.117085890381403,217.411376953125,15.901622772216797,5.0,0.28706681315104166,1.416015625e-05,4,0
C1089343_V13_F00001_69fbc7de-64b5-48f3-ab41-577881f66f25.jpg,C,C1089343,13,4096,3000,1,70.19554231770833,50.80304726597885,7.107151921322274,431.3868408203125,22.25893211364746,7.0,0.23659847005208334,0.0035818684895833333,3,0
C1089345_V00_F00002_3714f1f7-8052-4141-9498-dc93832d938c.jpg,C,C1089345,00,4096,3000,1,57.971212890625,27.109718767277442,2.4646854547735524,37.45848846435547,8.534524917602539,4.0,0.19038395182291667,8.138020833333333e-08,1,0
C1089346_V01_F00006_75e4afe2-250b-4df1-8a2e-e7cbcf713c7f.jpg,C,C1089346,01,4096,3000,1,80.07515852864583,15.70763788151056,3.4855542919311455,96.42076873779297,12.13259506225586,6.0,0.0,4.557291666666667e-06,5,0
C1089346_V02_F00006_495cb023-2529-4f75-b11d-cf36621c6d15.jpg,C,C1089346,02,4096,3000,1,48.26377994791667,35.43643284129172,2.741828437972772,53.61583709716797,8.900079727172852,3.0,0.36197639973958334,3.662109375e-06,1,0
C1089366_V10_F00002_5744c38e-c227-4478-9944-c54625a5f629.jpg,C,C1089366,10,4096,3000,1,15.092301595052083,28.81377945254721,0.4915476659890286,263.074951171875,12.251443862915039,1.0,0.7912605794270834,0.0013768717447916667,4,0
C1089388_V13_F00007_c053052d-2db2-4e30-84be-7a579b13295e.jpg,C,C1089388,13,4096,3000,1,50.33573714192708,32.526262152720854,4.421011116438043,114.33710479736328,13.438660621643066,4.0,0.25757958984375,1.025390625e-05,1,0
C1089449_V00_F00002_b24387c5-fb68-42e0-93b5-0468c021fdd6.jpg,C,C1089449,00,4096,3000,1,72.94094547526042,37.47736681826534,4.110277221322036,107.94038391113281,12.909932136535645,5.0,0.18414518229166665,1.2044270833333333e-05,1,0
C1089449_V01_F00001_e6c72f1d-2e89-429e-87ba-c9f6e06ea5b6.jpg,C,C1089449,01,4096,3000,1,102.44817268880209,22.325146085780233,4.364856372146715,202.8529815673828,16.497806549072266,9.0,0.0,0.000287841796875,5,0
C1089489_V11_F00000_964b155d-f26f-41a2-a86d-b867f52f082e.jpg,C,C1089489,11,4096,3000,1,21.5710419921875,37.06588250104023,0.43604048889239777,95.2391586303711,8.756536483764648,1.0,0.7267020670572917,0.00012532552083333333,2,0
C1089489_V12_F00002_a12ae3e6-4a39-40b8-96aa-904edb312fce.jpg,C,C1089489,12,4096,3000,1,59.18928694661459,14.686454917695341,4.54351059616647,185.5918731689453,17.57469940185547,8.0,3.4423828125e-05,1.708984375e-06,1,0
C1089574_V00_F00014_d5327d56-0802-414b-b337-5f6a7da43849.jpg,C,C1089574,00,4096,3000,1,65.7294502766927,32.97690830435773,3.2435441544579895,61.518577575683594,10.457969665527344,4.0,0.1974990234375,8.138020833333333e-08,3,0
C1089625_V00_F00005_f19415e8-fe1d-48a1-89be-af98ddc94ca6.jpg,C,C1089625,00,4096,3000,1,65.26240405273437,31.209295586585963,3.3843200693331177,56.25743865966797,11.232109069824219,4.0,0.18809944661458333,0.0,1,0
C1090581_V01_F00012_8d021149-1b4a-4e12-a570-9748d0bf40d2.jpg,C,C1090581,01,4096,3000,1,12.138042643229166,27.384758880364156,0.4513573011859563,80.08553314208984,5.98922872543335,1.0,0.9049430338541666,5.948893229166667e-05,1,0
C1090665_V02_F00007_5e6ecf37-20a0-482e-8e69-6c50f3d21f83.jpg,C,C1090665,02,4096,3000,1,88.09322696940104,30.79163432956997,3.2987116825186575,64.23841857910156,11.111687660217285,5.0,0.07971809895833333,5.208333333333333e-06,1,0
C1090687_V03_F00006_fc9ffcbb-ac3c-45fd-8e65-318271c347fb.jpg,C,C1090687,03,4096,3000,1,42.450687093098956,63.03794608686494,0.7491820406002069,83.29973602294922,8.807591438293457,1.0,0.719649658203125,0.0013731282552083334,1,0
C1090689_V01_F00005_f0220962-dbb7-4c24-aaaa-8789a34d4da2.jpg,C,C1090689,01,4096,3000,1,121.516404296875,27.945901367862966,7.468439732236511,732.0885009765625,28.53407859802246,14.0,0.0,0.0034405924479166666,2,0
C1090717_V01_F00009_dd347726-3173-433f-8534-b170ca8f2e57.jpg,C,C1090717,01,4096,3000,1,94.85795068359376,26.83995773900944,8.42543467336175,949.2315063476562,35.62863540649414,18.0,0.0,0.0011583658854166666,1,0
C1090719_V03_F00005_888459da-67b3-4b18-ac1b-163941bac806.jpg,C,C1090719,03,4096,3000,1,71.63718115234374,75.63592591969683,3.6964622258054183,376.6074523925781,17.776443481445312,3.0,0.5285406087239584,0.008053466796875,1,0
C1090720_V02_F00009_8d0760e3-466a-4793-ab75-c305d9ea75ee.jpg,C,C1090720,02,4096,3000,1,108.24769653320313,33.66441330740424,4.474767816564178,195.27227783203125,14.868743896484375,8.0,0.0,0.0023681640625,3,0
C1090818_V00_F00001_705f0c18-5e24-4696-bbb1-6a2e6656a6ab.jpg,C,C1090818,00,4096,3000,1,92.7879090983073,104.2407987395541,1.5148530117385626,209.1738739013672,17.990503311157227,2.0,0.5218291829427083,0.18154793294270832,4,0
C1090855_V12_F00000_f9eee688-1a90-40d2-bbfb-13bc9f4e6d32.jpg,C,C1090855,12,4096,3000,1,41.528076171875,53.17069574535375,0.3642740096565771,95.23625946044922,11.704422950744629,1.0,0.5377251790364583,0.0006273600260416666,1,0
C1090871_V00_F00001_8b54e8f7-5b1b-4a42-8909-a9705c247865.jpg,C,C1090871,00,4096,3000,1,79.90442154947917,79.43611314014854,6.515759649169167,291.8837585449219,18.749723434448242,3.0,0.45531217447916666,0.019991780598958335,1,0
C1090871_V01_F00002_88df8331-33a0-4f48-b9ca-31d6b7361e46.jpg,C,C1090871,01,4096,3000,1,140.53739884440105,27.864094099724667,7.845440578720753,253.40029907226562,24.524457931518555,10.0,0.0,0.00806298828125,1,0
C1090908_V00_F00002_fbe8cdb5-2d0f-44ce-afb3-62a32bf0d8fa.jpg,C,C1090908,00,4096,3000,1,105.99968896484376,56.5944676560505,6.636192065017297,175.60487365722656,19.542335510253906,7.0,0.173218505859375,0.00063525390625,2,0
C1090908_V01_F00002_c4f3a7c3-2146-4359-9909-54802d3c0751.jpg,C,C1090908,01,4096,3000,1,139.96407828776043,26.474556799123505,7.302446897631008,253.10499572753906,22.371761322021484,10.0,0.0,0.0023546549479166665,5,0
C1091030_V01_F00004_2add246a-5d9d-400c-8430-c77e11a1a536.jpg,C,C1091030,01,4096,3000,1,76.4111465657552,19.8265304575104,6.30218187984876,479.88916015625,27.416906356811523,14.0,8.138020833333333e-08,9.619140625e-05,7,0
C1091030_V01_F00005_68c4a48b-9aab-4ee2-89cb-2e2fa657de90.jpg,C,C1091030,01,4096,3000,1,73.58041520182292,18.3038133468751,5.667428672657978,401.667236328125,24.73857879638672,13.0,4.069010416666667e-07,4.1015625e-05,4,0
C1091030_V01_F00007_3f69820b-ac2d-4bda-9120-7e1171bdc61c.jpg,C,C1091030,01,4096,3000,1,73.91070271809896,17.749788791730573,5.386796059282994,372.1123352050781,22.741281509399414,12.0,0.0,4.1015625e-05,7,0
C1091030_V01_F00008_674fd21b-0b45-456c-a20f-95631b8a7838.jpg,C,C1091030,01,4096,3000,1,72.8015331217448,16.959492044861484,5.187605108864167,346.44610595703125,22.119062423706055,12.0,0.0,1.8880208333333334e-05,6,0
C1091031_V01_F00002_b298fcda-d4d0-4391-a25b-9c13ee3df8c3.jpg,C,C1091031,01,4096,3000,1,76.3799658203125,17.786848566635552,6.148651614176119,421.23223876953125,26.113374710083008,13.0,4.069010416666667e-07,1.513671875e-05,2,0
C1091031_V01_F00009_97ed2369-f940-4c68-a928-7a1ce5581f4d.jpg,C,C1091031,01,4096,3000,1,80.56887874348958,16.220585904519087,6.304078752921242,393.6260070800781,25.450302124023438,11.0,0.0,1.0498046875e-05,3,0
C1091032_V01_F00004_c64269a8-1ca5-4ba7-9b52-b7095b973493.jpg,C,C1091032,01,4096,3000,1,77.23578409830729,16.08555653637438,6.3040109716195385,443.56512451171875,29.016551971435547,13.0,0.0,5.533854166666667e-06,2,0
C1091032_V01_F00006_33cb40b6-0123-4e44-9062-7f1ef244922e.jpg,C,C1091032,01,4096,3000,1,76.425439453125,16.533413353905416,6.473786612488675,495.3890686035156,29.372995376586914,14.0,0.0,7.080078125e-06,2,0
C1091032_V01_F00010_52ff0626-2fd1-48af-beaa-8801ae04e863.jpg,C,C1091032,01,4096,3000,1,74.95668937174479,16.139704281178165,6.311234689902929,483.5447082519531,29.07730484008789,13.0,2.197265625e-06,3.0924479166666666e-06,4,0
C1091130_V13_F00000_0e825ea0-74b2-493c-ad09-7e9effac11e0.jpg,C,C1091130,13,4096,3000,1,15.074421305338541,29.30893437570689,0.46476038083006554,53.40907287597656,6.4300994873046875,1.0,0.793720947265625,7.8369140625e-05,1,0
C1091135_V13_F00000_35a373fe-7fd4-4cf2-868c-a2c6e001918e.jpg,C,C1091135,13,4096,3000,1,10.262787434895833,19.086862460285687,0.47606722562361614,46.08394241333008,5.6128129959106445,1.0,0.8011729329427083,0.000119140625,2,0
C1091137_V13_F00000_0711bf0c-ae68-436a-adf0-92deb0cc42e4.jpg,C,C1091137,13,4096,3000,1,11.038871988932291,16.958173757258393,0.48842907152383963,106.5230484008789,6.019046306610107,1.0,0.7384099934895834,0.00038736979166666667,1,0
C1091230_V01_F00005_7f8c7414-4edb-4a74-ac18-41e40e886d5c.jpg,C,C1091230,01,4096,3000,1,43.35448746744792,10.804769519271982,3.585381908783639,67.29701232910156,11.57896900177002,5.0,0.0005253092447916667,8.138020833333333e-08,2,0
C1091238_V01_F00001_800d75f3-3434-4a54-8f45-ad792692a713.jpg,C,C1091238,01,4096,3000,1,60.66364388020833,42.33107786600359,3.5824216295598434,75.7770004272461,11.449562072753906,3.0,0.334134765625,4.036458333333333e-05,2,0
C1091255_V01_F00002_53e17faa-38cc-4f78-abdf-03d767dc6ba5.jpg,C,C1091255,01,4096,3000,1,84.68237923177084,17.378959241183118,3.6144504245424436,125.57086181640625,13.56975269317627,7.0,0.0,4.8828125e-06,1,0
C1091255_V12_F00002_67b05801-67a1-424b-a640-f1765c73a01d.jpg,C,C1091255,12,4096,3000,1,59.46470035807292,17.07510115507704,5.409797924953179,190.37094116210938,17.68989372253418,8.0,2.7099609375e-05,6.917317708333333e-06,3,0
C1091262_V01_F00001_c2d7e650-a563-4555-a853-65a0cdf20d3e.jpg,C,C1091262,01,4096,3000,1,95.28112736002605,15.243332282587254,3.1601975853302093,94.80181121826172,13.164875030517578,6.0,0.0,5.1839192708333336e-05,2,0
C1091283_V01_F00002_5f4c4c6e-d159-45e4-9cbb-213deb0a6fab.jpg,C,C1091283,01,4096,3000,1,47.20527693684896,7.01687674214706,1.8850129063409784,16.256114959716797,5.7527360916137695,3.0,0.0,1.6276041666666666e-07,2,0
C1091283_V01_F00003_39ca138d-254c-4e57-a88a-b07b7e7d1a55.jpg,C,C1091283,01,4096,3000,1,49.622448160807295,8.123907765287866,2.155390621706581,16.139625549316406,5.75823450088501,2.0,0.0,5.696614583333334e-07,2,0
C1091283_V01_F00005_d5ea6683-500c-4065-b49e-6272e1e49c98.jpg,C,C1091283,01,4096,3000,1,45.96371085611979,7.6553775273965945,1.91075154991484,14.837549209594727,5.424405097961426,2.0,0.0,4.069010416666667e-07,1,0
C1091283_V01_F00008_5c0749df-4e94-46b9-a317-36c7a67f24ea.jpg,C,C1091283,01,4096,3000,1,46.17699894205729,6.05818863054252,1.503583921087614,14.230754852294922,5.066550254821777,2.0,8.138020833333333e-08,8.138020833333333e-08,6,0
C1091305_V02_F00009_d17225cd-ce39-4be5-b0ae-279bd8882857.jpg,C,C1091305,02,4096,3000,1,44.625265950520834,38.35868923577752,8.504847314928092,578.5104370117188,26.599872589111328,5.0,0.36781608072916666,0.0007353515625,2,0
C1091356_V00_F00010_b8d7c29b-80e4-405d-beb9-d9eca7c36d25.jpg,C,C1091356,00,4096,3000,1,79.01951245117188,48.924393651330206,5.783907369952561,241.25930786132812,16.732582092285156,5.0,0.26319832356770834,0.00032283528645833334,2,0
C1091356_V01_F00010_e775d356-e9ce-4a9d-9a06-16126b1f08b0.jpg,C,C1091356,01,4096,3000,1,108.15419840494792,21.306454586148288,6.660536059323842,513.2761840820312,25.85421371459961,10.0,0.0,0.0007166341145833333,2,0
C1091356_V02_F00005_2eea346e-3cd6-4b19-b1f7-b109325e6dbc.jpg,C,C1091356,02,4096,3000,1,109.27247338867187,36.21905342392303,5.854785466636314,348.5108642578125,19.904708862304688,8.0,0.0,0.0023876953125,2,0
C1091358_V01_F00005_5e1dc73a-fbdb-4574-b205-9b8dad5621be.jpg,C,C1091358,01,4096,3000,1,106.13054256184896,19.94788562353997,6.668872692522582,424.3777160644531,23.121875762939453,8.0,0.0,0.0003690592447916667,5,0
C1091358_V01_F00010_8c455f36-16b7-41c8-8532-4777513b4100.jpg,C,C1091358,01,4096,3000,1,85.27635392252604,46.796372809740035,4.977916771856007,146.1897430419922,14.830862045288086,4.0,0.225455078125,0.00017000325520833334,3,0
C1091359_V01_F00008_3b15c718-5d11-47a7-a227-197bd1b9eea5.jpg,C,C1091359,01,4096,3000,1,108.60901944986979,23.0195802746829,8.638125714572034,741.323486328125,30.980247497558594,10.0,0.0,0.0004189453125,3,0
C1091360_V01_F00002_c2bccc57-8893-45d7-b624-993cfe9c2fcf.jpg,C,C1091360,01,4096,3000,1,113.6646455078125,23.13525592735481,7.060855107986464,418.1383361816406,25.7320499420166,8.0,8.138020833333333e-08,0.0005101725260416666,5,0
C1091360_V02_F00009_0d7f01f5-c1e6-4d36-bd68-53f0e7cfbfe3.jpg,C,C1091360,02,4096,3000,1,113.95890006510416,36.93503389417832,7.0535261003485825,704.5606689453125,26.303659439086914,5.0,0.0,0.004279215494791666,3,0
C1091361_V01_F00003_6bd1991c-92bc-45a8-807c-baab091a6253.jpg,C,C1091361,01,4096,3000,1,111.51315177408854,20.739000160309732,7.1917562230149485,442.5085144042969,23.746604919433594,6.0,0.0,0.0001689453125,1,0
C1091361_V01_F00004_eeae0291-c9f5-4653-a2f6-e49e026fbf9c.jpg,C,C1091361,01,4096,3000,1,114.0354112141927,32.767445782758024,9.036255081698638,962.0368041992188,33.433876037597656,11.0,0.017826171875,0.00880126953125,2,0
C1091440_V01_F00003_d554b55c-0854-46d6-bba3-f9a34d193353.jpg,C,C1091440,01,4096,3000,1,79.81000870768229,14.064537846728088,3.3083226569909154,39.18561553955078,9.780868530273438,4.0,0.0,6.103515625e-06,2,0
C1091465_V02_F00008_866a920f-073c-4bdb-88a4-dc8b6c8e0971.jpg,C,C1091465,02,4096,3000,1,75.65189583333333,30.502138094023124,3.5407047761933104,78.25686645507812,12.807374954223633,4.0,0.117277587890625,7.12890625e-05,3,0
C1091477_V12_F00003_977d6386-92dd-4336-9f9f-82d532fd19b4.jpg,C,C1091477,12,4096,3000,1,63.13932975260417,14.168264423609923,3.5718212109061334,68.15042877197266,10.880877494812012,5.0,8.951822916666667e-07,4.557291666666667e-06,1,0
C1091479_V12_F00002_e8f827ad-3513-4435-b4ea-ff02f9fd4c6d.jpg,C,C1091479,12,4096,3000,1,60.75692594401042,15.68766827796274,4.515647165473229,80.96356201171875,12.89100170135498,5.0,8.7890625e-06,1.708984375e-06,2,0
C1091479_V13_F00002_c1ddc76b-7661-4e09-a1ba-193285190d8d.jpg,C,C1091479,13,4096,3000,1,54.8481904296875,50.41947190372956,4.237846093583784,133.99024963378906,14.517123222351074,3.0,0.361024169921875,7.405598958333334e-05,1,0
C1091480_V01_F00007_daa45838-c0b4-47ed-8320-0a395f9d9fca.jpg,C,C1091480,01,4096,3000,1,103.19374161783854,13.604055764541775,3.0288364859842027,61.61540222167969,11.033844947814941,5.0,0.0,8.138020833333333e-08,1,0
C1091548_V12_F00000_10d8e201-f614-4a56-ac04-fc8dff6b264f.jpg,C,C1091548,12,4096,3000,1,24.425775716145832,35.002592350059395,0.38269953498552056,120.36965942382812,8.466094017028809,1.0,0.6667827962239583,0.00021712239583333333,1,0
C1091551_V12_F00006_c68e99f2-ce09-4135-a964-c085ef64881c.jpg,C,C1091551,12,4096,3000,1,60.84524064127604,13.829123797963584,3.782692710895387,70.27848815917969,10.927332878112793,5.0,1.0009765625e-05,6.591796875e-06,1,0
C1091580_V10_F00001_26ebb799-309d-4aab-8a1b-f606cb252214.jpg,C,C1091580,10,4096,3000,1,8.32437109375,17.059225600464686,0.45650761699284986,27.75127601623535,3.9042274951934814,1.0,0.9078623046875,1.9449869791666666e-05,1,0
C1091699_V01_F00001_aea9defc-4247-4007-98ee-aef31f2c0b0f.jpg,C,C1091699,01,4096,3000,1,82.03599332682292,11.5843300914046,2.4265677607945424,38.18423843383789,8.46726131439209,4.0,4.069010416666667e-07,6.510416666666666e-07,4,0
C1091702_V01_F00003_89932c5c-07c0-483e-b2fb-7ad77ca84069.jpg,C,C1091702,01,4096,3000,1,82.55217390950521,9.970180648665352,1.9670552809935744,24.86525535583496,6.565089702606201,3.0,0.0,0.0,1,0
C1091702_V01_F00004_ee59e66d-1d56-464c-878c-97db8ba4c52c.jpg,C,C1091702,01,4096,3000,1,82.79733935546875,9.512460549928159,1.9171261232236305,25.5926456451416,6.5976176261901855,3.0,0.0,8.138020833333333e-08,3,0
C1091702_V01_F00005_573cbcf4-4a3e-467e-934d-3f0d7a733093.jpg,C,C1091702,01,4096,3000,1,83.91469156901042,9.447466021951342,2.0168881247329633,27.56781005859375,6.873239040374756,3.0,0.0,0.0,1,0
C1091712_V01_F00003_a293827a-c51f-4c67-a6b4-e8ad51b7eb83.jpg,C,C1091712,01,4096,3000,1,100.75732006835938,18.095802333650898,4.172412493186089,158.4810791015625,15.717321395874023,8.0,0.0,4.0690104166666664e-05,1,0
C1091728_V02_F00006_9e9e1feb-3cca-480d-b797-dcdac22221e1.jpg,C,C1091728,02,4096,3000,1,73.38111653645834,26.601448644948952,2.2003262984955168,40.85930633544922,7.952287197113037,4.0,0.11043465169270833,0.0,1,0
C1092493_V01_F00001_2901632d-256f-40af-856b-4db305a6c482.jpg,C,C1092493,01,4096,3000,1,77.89872493489584,48.68577038509397,5.496370934590562,150.04498291015625,18.60341453552246,5.0,0.26551741536458334,4.720052083333333e-05,2,0
C1092494_V01_F00005_d0f414f7-0a52-4150-8a95-68636187dfa2.jpg,C,C1092494,01,4096,3000,1,90.317115234375,19.131157839971923,6.396581280229097,426.5464172363281,24.615224838256836,11.0,0.0,1.1555989583333333e-05,1,0
C1092494_V01_F00006_a2545a03-8454-4cac-adc1-8a86dcd0a64d.jpg,C,C1092494,01,4096,3000,1,90.84833610026041,19.845453884729945,6.476036007999239,463.2828063964844,25.498403549194336,12.0,0.0,2.6611328125e-05,2,0
C1092494_V01_F00007_3227d3cc-f209-46dd-9a10-aed0db876e9c.jpg,C,C1092494,01,4096,3000,1,89.91707991536458,19.5241926810176,6.27131832070372,435.8506164550781,24.532733917236328,11.0,0.0,1.8717447916666665e-05,2,0
C1093256_V01_F00002_28f5db85-418e-4d2a-b536-6cb6bbfe51f9.jpg,C,C1093256,01,4096,3000,1,46.655290445963544,13.461859556146905,4.204691461005856,207.99998474121094,17.13042449951172,8.0,0.00010628255208333334,3.0110677083333333e-06,2,0
C1093258_V01_F00009_384ae20f-1797-47fa-a64a-3eb51d0bf722.jpg,C,C1093258,01,4096,3000,1,96.66631298828125,12.786417722471082,3.517060752860621,69.06987762451172,12.490717887878418,5.0,0.0,1.0579427083333333e-06,4,0
C1094877_V01_F00006_84fccb13-03f9-4a3a-9f0f-c567249e1239.jpg,C,C1094877,01,4096,3000,1,92.36855493164063,16.128220786021316,3.578708471471203,129.4537353515625,13.3695068359375,7.0,0.0,0.00019588216145833334,2,0
C1095342_V01_F00008_16af8437-4b14-4d0e-b6db-303a79ecd31a.jpg,C,C1095342,01,4096,3000,1,80.76344140625,10.909250295845267,2.9469666559693595,67.36920166015625,10.756710052490234,5.0,0.0,3.255208333333333e-07,3,0
C1095343_V01_F00004_2afcb343-ef41-4d89-9cd0-ddf5fbee2edc.jpg,C,C1095343,01,4096,3000,1,83.82024552408855,10.292967886935662,2.6603946583378284,54.6710319519043,9.69430160522461,5.0,0.0,2.44140625e-07,2,0
C1095666_V01_F00011_5a85eeb3-8435-4aee-bc03-d36d42117310.jpg,C,C1095666,01,4096,3000,1,60.328049723307295,23.57042188676421,4.899003258070261,301.1772155761719,20.24938201904297,10.0,0.08570572916666666,0.000263916015625,6,0
C1096335_V01_F00009_af8242cf-eaf8-48c3-a928-1145814e9acc.jpg,C,C1096335,01,4096,3000,1,74.52034985351563,9.525237906347758,2.1363074092215273,37.82185745239258,7.711744785308838,4.0,0.0,0.0,2,0
C1097967_V01_F00007_6272fcb3-0248-4c54-adbe-bf881ced500e.jpg,C,C1097967,01,4096,3000,1,83.51330883789062,21.13989656659153,9.615227895639155,974.80322265625,42.57543182373047,19.0,0.0,3.4342447916666666e-05,3,0
C1097978_V01_F00001_03cfbf48-200a-424c-9ad1-b96d7c71d9ff.jpg,C,C1097978,01,4096,3000,1,49.266075439453125,35.34560247185146,6.106332349851092,340.08984375,19.876720428466797,7.0,0.32383203125,1.1881510416666666e-05,4,0
C1098590_V01_F00005_474bfc65-c87c-4e85-b26b-10acac56a069.jpg,C,C1098590,01,4096,3000,1,106.57992960611979,14.779320112570685,4.10560473622396,91.8168716430664,13.961264610290527,6.0,0.0,1.953125e-06,4,0
C1098590_V01_F00006_b4e40289-1047-4d67-b054-f6f27bba1d3a.jpg,C,C1098590,01,4096,3000,1,104.96177449544271,14.105509540832069,3.994802498746785,89.80205535888672,13.982397079467773,6.0,0.0,1.708984375e-06,3,0
C1098590_V01_F00007_9a62e988-3510-442a-8ec8-42f474c21531.jpg,C,C1098590,01,4096,3000,1,108.05470833333334,14.2911138836244,4.114268077374172,94.13109588623047,14.618093490600586,6.0,0.0,4.8828125e-06,1,0
C1098591_V01_F00010_1940c9e7-4b1b-4cc0-88ff-804a4748e9b5.jpg,C,C1098591,01,4096,3000,1,105.73343693033854,12.756833482248835,3.6296590946499903,64.37395477294922,12.909894943237305,5.0,0.0,1.6276041666666666e-07,4,0
C1098591_V01_F00012_0d163970-112d-4b8d-bb8c-3a90236732d0.jpg,C,C1098591,01,4096,3000,1,106.52141422526041,12.57232683099192,3.75240469499945,62.318626403808594,12.738085746765137,5.0,0.0,1.6276041666666666e-07,5,0
C1098641_V01_F00001_80f1af88-87cd-4641-9d97-e12c1a59a430.jpg,C,C1098641,01,4096,3000,1,61.51611547851562,42.79332853397374,4.161112204452224,109.8485336303711,14.03968620300293,4.0,0.32892740885416666,1.5299479166666666e-05,2,0
C1101762_V01_F00007_dd73d406-cc57-4aa1-89a0-07a01d74fc51.jpg,C,C1101762,01,4096,3000,1,67.64470450846355,19.447587060448402,7.724714707316286,610.308349609375,33.66145706176758,15.0,0.0,5.989583333333333e-05,2,0
C1103594_V02_F00001_d57fb1c9-ccb1-4170-b2e4-dc19f7c6fac6.jpg,C,C1103594,02,4096,3000,1,25.8838681640625,37.87183932792644,0.4997615040574171,87.16268920898438,7.577118396759033,1.0,0.7169740397135417,0.0005594889322916666,1,0
C1103665_V01_F00001_f7565d47-e361-4feb-b818-bb717d0d7141.jpg,C,C1103665,01,4096,3000,1,49.11921964518229,42.596373600566515,4.779646810405361,181.14825439453125,14.587623596191406,3.0,0.4329353841145833,6.453450520833333e-05,1,0
C1103665_V02_F00003_d056b7fd-a55e-4744-900f-ee7a22e30d1d.jpg,C,C1103665,02,4096,3000,1,79.42276538085937,30.4696181978196,5.207237294315014,321.9189453125,19.554397583007812,10.0,1.220703125e-06,0.0005255533854166667,2,0
C1103717_V02_F00004_2c5f82cc-ae85-4161-8883-e8a5986d6650.jpg,C,C1103717,02,4096,3000,1,85.71275390625,35.284238023482516,3.2726760465936393,60.374847412109375,10.325618743896484,4.0,0.09410660807291667,5.533854166666667e-06,1,0
C1103980_V13_F00000_40a308ab-85e7-47f7-a59e-5938cca56cff.jpg,C,C1103980,13,4096,3000,1,12.492752197265625,32.23573252678409,0.33801401763082667,108.31780242919922,8.352214813232422,0.0,0.8629805501302084,0.0008446451822916667,2,0
C1104076_V02_F00002_a35dfab5-a3f8-4a25-a5fd-c4a351a11101.jpg,C,C1104076,02,4096,3000,1,64.46393375651041,27.93656932129514,2.3469550062102096,34.8750114440918,8.009349822998047,3.0,0.147489013671875,1.5462239583333333e-06,1,0
C1104224_V02_F00006_808573dd-3b7a-4ddc-aa77-c98e6c849a2f.jpg,C,C1104224,02,4096,3000,1,77.56816389973959,30.375432634272563,8.83358150290183,534.572265625,33.094966888427734,11.0,1.4729817708333334e-05,0.0022320963541666667,1,0
C1104225_V00_F00003_23f7f13a-3bac-4823-a8d0-70d432751cf9.jpg,C,C1104225,00,4096,3000,1,64.15057958984374,33.246376801330214,3.454186875214101,70.62571716308594,11.208988189697266,4.0,0.21265226236979168,4.150390625e-06,1,0
C1104278_V01_F00006_6dc1704f-830a-4e64-b7eb-0b1e663e0e92.jpg,C,C1104278,01,4096,3000,1,66.07105322265625,10.398064791440666,2.1747195493978007,53.99489212036133,8.374232292175293,5.0,3.255208333333333e-07,6.103515625e-06,1,0
C1104278_V02_F00006_ce8c29a8-a645-436e-9814-08484c3b55b5.jpg,C,C1104278,02,4096,3000,1,47.05233097330729,29.967335806285067,1.8933632947809347,38.324974060058594,6.726813793182373,3.0,0.28337906901041665,4.475911458333333e-06,2,0
C1104325_V00_F00001_c7f6e684-6869-47df-af4e-c540249c2b6b.jpg,C,C1104325,00,4096,3000,1,52.89230078125,27.79874604613765,2.544110211335954,35.19264221191406,8.742311477661133,3.0,0.22690218098958334,1.6276041666666666e-07,1,0
C1104325_V00_F00003_368ef035-4cee-4c46-8cf4-0e39f8a1ca0b.jpg,C,C1104325,00,4096,3000,1,54.52316853841146,26.357558921015762,2.4383012672566498,31.11650848388672,7.571457862854004,3.0,0.19344254557291668,1.6276041666666666e-07,5,0
C1104402_V03_F00004_599d63ca-ad07-4c50-ba70-a383e20f91a8.jpg,C,C1104402,03,4096,3000,1,18.56145987955729,36.22634550642549,0.4997973013986531,60.1121711730957,7.076323986053467,1.0,0.853435546875,1.2532552083333334e-05,2,0
C1104478_V11_F00004_e444d087-bba1-4903-83ad-7151825e6af9.jpg,C,C1104478,11,4096,3000,1,68.33398380533855,30.209119315117164,5.027960081298651,112.49076843261719,15.42075252532959,5.0,0.0010257975260416668,2.9296875e-06,1,0
C1104611_V00_F00001_4f85eecf-5601-4c1e-99b7-2d0c6349629d.jpg,C,C1104611,00,4096,3000,1,97.67223771158854,83.54867701923352,7.813227877602499,253.65316772460938,17.918807983398438,4.0,0.37694482421875,0.05013338216145833,4,0
C1104611_V01_F00002_d6922eca-c557-4699-b56e-93735deeeb84.jpg,C,C1104611,01,4096,3000,1,145.29789111328125,29.022078038134246,5.195935098324244,266.9177551269531,18.011798858642578,10.0,0.0,0.013313151041666667,2,0
C1104613_V11_F00001_597ed6ee-4d46-4c41-bdbb-840bd1e2010c.jpg,C,C1104613,11,4096,3000,1,29.06512931315104,37.37967084001834,0.8253023535958451,45.57275390625,7.030681610107422,2.0,0.5685913899739583,0.0009241536458333334,2,0
C1104648_V01_F00002_aee9e4cb-decd-4c75-8765-a7307c08f574.jpg,C,C1104648,01,4096,3000,1,136.60964998372395,20.599714934050464,4.176884310974483,122.85563659667969,14.825844764709473,7.0,0.0,0.00046394856770833336,5,0
C1104691_V00_F00001_853c9ea5-bd5f-4c46-8209-14f3c99f78f7.jpg,C,C1104691,00,4096,3000,1,69.90220654296876,39.68502976746003,4.9594396990502965,63.406333923339844,12.576835632324219,4.0,0.21499430338541667,2.24609375e-05,1,0
C1104694_V02_F00001_3dc181a7-0a98-4ed7-8804-19819482588a.jpg,C,C1104694,02,4096,3000,1,44.84979500325521,54.79747766247307,0.7781828450965305,124.73359680175781,11.439385414123535,2.0,0.6037832845052084,0.002166178385416667,1,0
C1104694_V12_F00009_e932e8b9-ed12-4686-ba5d-19ede6b14abb.jpg,C,C1104694,12,4096,3000,1,89.15467659505208,29.352692152113132,6.748534152466524,136.6734619140625,18.697751998901367,6.0,0.0,3.61328125e-05,1,0
C1104733_V00_F00000_989a5d3d-d107-4c5e-905c-af7cda8ad91d.jpg,C,C1104733,00,4096,3000,1,27.267552978515624,44.78039734399245,0.4968417842739881,97.2477798461914,12.00863265991211,2.0,0.7658924967447917,0.0007650553385416667,1,0
C1104738_V01_F00001_e4b58cf9-dad9-4230-8bdb-e1da17e0faaf.jpg,C,C1104738,01,4096,3000,1,26.062870279947916,23.706658011605114,1.047024016584782,31.925865173339844,5.483757019042969,2.0,0.350390869140625,4.8828125e-07,1,0
C1104761_V01_F00006_e5cf70c1-bdaa-45eb-b3b0-3f38b5daa854.jpg,C,C1104761,01,4096,3000,1,76.0748232421875,15.133725319376076,7.619961863367601,416.40576171875,32.8095588684082,13.0,0.0,9.358723958333333e-06,1,0
C1104761_V01_F00008_d216d580-72ef-4657-8e77-c43015103867.jpg,C,C1104761,01,4096,3000,1,77.20079964192708,15.228562709991227,7.494134819165881,417.0806579589844,32.20410919189453,13.0,0.0,1.0986328125e-05,4,0
C1104873_V02_F00005_dab7e0bf-539a-4051-8618-876dd43f4641.jpg,C,C1104873,02,4096,3000,1,68.28757120768229,36.8173502678625,8.344574817898101,762.10888671875,30.125171661376953,14.0,0.095248779296875,0.000763427734375,1,0
C1109514_V02_F00006_6d2472d9-adfc-45ef-9c16-95daa040f141.jpg,C,C1109514,02,4096,3000,1,72.96953287760417,29.19462842850843,2.4300528329990083,94.0483627319336,10.940703392028809,5.0,0.10588134765625,3.90625e-06,1,0
C1109532_V00_F00000_425d51b0-8981-461f-a43f-f4c51598f9da.jpg,C,C1109532,00,4096,3000,1,19.791608479817707,30.619610680812027,0.4915952239596878,41.806060791015625,6.021622180938721,1.0,0.8019716796875,1.0416666666666666e-05,1,0
C1109549_V00_F00002_e0910348-13a7-4f89-8874-ea49728a9a26.jpg,C,C1109549,00,4096,3000,1,50.20578889973958,23.57833120735638,2.332503020013223,42.8564567565918,8.199345588684082,3.0,0.18482698567708333,5.696614583333334e-07,2,0
C1109549_V02_F00005_f64305b7-85eb-4a53-9522-bb3511d9b225.jpg,C,C1109549,02,4096,3000,1,58.75130362955729,25.613231262210956,2.070933124120262,47.14750671386719,8.090692520141602,3.0,0.12674129231770834,8.138020833333333e-08,3,0
C1109556_V11_F00003_885486e1-6abb-4445-8896-d963343b001d.jpg,C,C1109556,11,4096,3000,1,49.27215966796875,21.065997574816198,3.9085995686720105,106.88668823242188,12.656200408935547,5.0,0.06574609375,2.7669270833333335e-06,1,0
C1109564_V01_F00005_c7795e4e-1b3e-48e7-b326-d37398e899e2.jpg,C,C1109564,01,4096,3000,1,81.36409985351563,11.633151721511515,2.757677973590172,82.1009521484375,10.579678535461426,6.0,0.0,7.649739583333333e-06,1,0
C1109567_V02_F00005_fead8cfc-1c92-4e5e-ad71-383b536c2756.jpg,C,C1109567,02,4096,3000,1,78.56516194661458,23.636675366424644,3.235422900580186,85.5086441040039,11.270340919494629,5.0,0.05341357421875,1.1393229166666668e-06,1,0
C1109632_V13_F00001_99aefd6a-c2d3-4d7f-ad5a-8cee5a8119ea.jpg,C,C1109632,13,4096,3000,1,12.42243798828125,15.109888626230799,2.261722436316023,41.138824462890625,8.25234603881836,1.0,0.673761474609375,4.8828125e-06,4,0
C1109672_V10_F00000_aee158ae-b48a-4fba-b51f-6d3482a8a4b7.jpg,C,C1109672,10,4096,3000,1,29.428441975911458,38.46508236378257,3.106862680054368,144.04965209960938,16.46319580078125,2.0,0.625041259765625,2.6774088541666666e-05,1,0
C1109701_V01_F00009_2d722397-01f7-4e54-8bf9-07f5c59ed427.jpg,C,C1109701,01,4096,3000,1,75.1007930501302,17.46898541757675,6.116038484626708,422.3699951171875,24.471923828125,12.0,1.6276041666666666e-07,1.4241536458333334e-05,1,0
C1109701_V01_F00011_4d8e75d4-484d-4f1b-a42e-1ebf65638808.jpg,C,C1109701,01,4096,3000,1,74.49682731119792,17.31030560680466,5.973504806444222,396.7621154785156,23.802270889282227,11.0,8.138020833333333e-08,2.0751953125e-05,3,0
C1109701_V01_F00012_5d20753b-9078-472c-ab89-85ad0310551f.jpg,C,C1109701,01,4096,3000,1,12.353953043619791,24.507103170987353,0.387362195886491,69.75264739990234,6.015782356262207,1.0,0.8841236979166667,2.978515625e-05,1,0
C1109702_V01_F00001_e5773398-0046-4041-9eff-44f24d1cbdab.jpg,C,C1109702,01,4096,3000,1,75.77353629557291,17.77308733165542,6.724517022905954,438.6972351074219,26.224767684936523,12.0,1.1393229166666668e-06,1.1637369791666667e-05,4,0
C1109702_V01_F00003_4563735e-483f-41b1-99c5-e828f994f285.jpg,C,C1109702,01,4096,3000,1,76.46615397135416,16.763736509816763,6.303171014075322,391.46490478515625,24.068727493286133,11.0,1.6276041666666666e-07,1.1067708333333334e-05,1,0
C1109702_V01_F00004_e12f9990-944d-4656-b619-5128588d1c21.jpg,C,C1109702,01,4096,3000,1,78.28620939127605,16.032242789924958,6.249080714511723,359.3214111328125,23.395648956298828,10.0,0.0,7.8125e-06,3,0
C1109702_V01_F00006_05a8ed5a-a52a-4676-9c0d-3fb316772cfc.jpg,C,C1109702,01,4096,3000,1,74.90891365559897,16.573221723435072,6.30694858321834,387.6754150390625,23.85394859313965,11.0,0.0,8.870442708333334e-06,2,0
C1109702_V01_F00007_105a6ae0-9e6e-4f09-9ba2-90af1c6f7209.jpg,C,C1109702,01,4096,3000,1,75.34748640950521,16.35297605537704,6.3288987366820555,387.9933776855469,24.393739700317383,11.0,0.0,8.219401041666666e-06,1,0
C1109977_V11_F00001_cff13a64-17d0-4ef3-adc0-95637a2c7398.jpg,C,C1109977,11,4096,3000,1,19.318961751302083,20.522476496728117,3.4261366592618097,108.57775115966797,14.943377494812012,2.0,0.4791035970052083,3.6458333333333336e-05,1,0
C1109988_V02_F00012_8bc2ba23-b597-4ac1-b7e4-8c839f60e125.jpg,C,C1109988,02,4096,3000,1,103.56670947265626,36.34190790342605,4.18243059174716,298.6477355957031,17.273237228393555,5.0,0.03760416666666667,0.0007333984375,1,0
C1110103_V02_F00007_89a0dc57-84cc-4633-951a-756f215bd653.jpg,C,C1110103,02,4096,3000,1,97.01680688476563,25.76328326607004,3.2914151383944237,53.97050857543945,9.98917293548584,4.0,0.0,1.0904947916666667e-05,1,0
C1110182_V13_F00008_f651c16e-fd66-4545-b03b-6549fbc8c6a6.jpg,C,C1110182,13,4096,3000,1,22.55815804036458,18.14925800266472,2.2044198449661065,26.905630111694336,7.637391090393066,2.0,0.39608439127604167,6.510416666666667e-06,1,0
C1110259_V00_F00004_d03c919e-7457-42e5-a732-2d1f73477c23.jpg,C,C1110259,00,4096,3000,1,65.31246346028645,32.68872771157879,2.7472503018961034,26.873947143554688,7.352560997009277,3.0,0.179896240234375,2.6041666666666666e-06,2,0
C1110279_V03_F00001_e3a366b8-7da0-44d6-b9e6-cf892f204449.jpg,C,C1110279,03,4096,3000,1,39.2626259765625,42.62004271972366,1.642830914845094,34.04118728637695,6.476429462432861,2.0,0.58707861328125,2.6041666666666666e-06,2,0
C1110315_V01_F00002_cc4e7e48-b0b1-46fe-996a-75afff017949.jpg,C,C1110315,01,4096,3000,1,74.74566153971354,8.83909781850756,2.0880798740636406,26.817237854003906,7.1666717529296875,3.0,0.0,8.138020833333333e-08,1,0
C1110318_V02_F00001_f39e862b-34d0-4d55-a4f7-bf8ca22db7d5.jpg,C,C1110318,02,4096,3000,1,74.00914078776042,39.07157399950588,7.306483145946714,391.85174560546875,24.085386276245117,9.0,0.149598388671875,0.000939208984375,1,0
C1110379_V13_F00000_96579f1f-afe2-4704-895e-561d42755793.jpg,C,C1110379,13,4096,3000,1,5.6051495768229165,17.014862979725628,0.3467429308560181,30.11480140686035,4.081397533416748,0.0,0.9068631998697917,7.486979166666666e-06,1,0
C1110461_V02_F00005_b7e0cd45-a280-4ef0-b0b4-662db30716f5.jpg,C,C1110461,02,4096,3000,1,71.56810327148438,12.210990161611187,1.9691863440222328,33.02548599243164,6.663499355316162,4.0,0.0,1.6276041666666666e-07,1,0
C1110698_V11_F00001_2abda4eb-4789-401d-98af-7e3f577f8476.jpg,C,C1110698,11,4096,3000,1,17.425774739583332,12.204522709329469,2.8343552942312407,49.523170471191406,10.567512512207031,3.0,0.37108894856770835,5.696614583333334e-07,4,0
C1110746_V01_F00002_aeee404f-eb97-42ef-b9c1-5e6e631638a5.jpg,C,C1110746,01,4096,3000,1,83.2698173828125,18.94142252622308,4.717164056006347,191.03431701660156,15.720515251159668,8.0,8.138020833333333e-08,9.318033854166666e-05,3,0
C1110807_V01_F00004_0151808f-741c-4130-bf48-f31d4cb90000.jpg,C,C1110807,01,4096,3000,1,51.910221598307295,14.455241066199784,5.4382229968215965,254.3653106689453,20.89371681213379,10.0,0.00017317708333333334,5.208333333333333e-06,3,0
C1110808_V01_F00002_ab96413d-636d-4420-b77c-88ae973f2e82.jpg,C,C1110808,01,4096,3000,1,49.51110278320313,15.150979214618419,6.1926793634993045,315.8892822265625,24.564716339111328,11.0,0.000964111328125,3.173828125e-06,5,0
C1110808_V01_F00006_7c53c24f-e96c-40fa-9369-420e171dbf9f.jpg,C,C1110808,01,4096,3000,1,52.68093863932292,15.46698588355474,6.117631521636262,297.6640319824219,23.328201293945312,10.0,0.00031282552083333336,5.615234375e-06,5,0
C1111005_V02_F00003_62267d65-e517-4c4c-bfd4-e566e29bed26.jpg,C,C1111005,02,4096,3000,1,41.084091145833334,36.30192438871149,1.7124294457688838,23.749109268188477,5.605477333068848,2.0,0.49545979817708335,0.0,1,0
C1111104_V01_F00005_f5cb5003-1b0a-4258-a40e-b31a165b68ca.jpg,C,C1111104,01,4096,3000,1,74.67870589192708,12.757786030734849,2.861036633329273,88.98734283447266,10.581774711608887,6.0,0.0,0.0,1,0
C1111280_V02_F00007_b2550ea2-f928-4779-b018-2020e957195e.jpg,C,C1111280,02,4096,3000,1,74.78716389973958,36.73546626959331,6.247131438462828,141.3594512939453,16.487070083618164,6.0,0.10426546223958333,9.171549479166666e-05,1,0
C1111280_V02_F00010_a791641e-5b3b-40d6-b7f2-a8de25410b03.jpg,C,C1111280,02,4096,3000,1,76.12799251302083,36.43225924352186,6.809034091646145,148.5293426513672,17.07216453552246,6.0,0.09206103515625,0.00011637369791666667,1,0
C1111298_V00_F00012_490ae05c-6026-4540-900d-c5a76c31abbc.jpg,C,C1111298,00,4096,3000,1,57.366081380208335,43.31392698334611,4.809929203776518,175.4872283935547,13.904203414916992,3.0,0.3645570475260417,0.00013313802083333333,1,0
C1111298_V01_F00012_2c1d66e9-53e3-43d6-95e3-922745135228.jpg,C,C1111298,01,4096,3000,1,65.86931233723958,33.77688901852802,3.086197848978111,116.21053314208984,11.960179328918457,5.0,0.21016194661458334,9.195963541666667e-06,2,0
C1111299_V02_F00003_a5b3fe3a-f372-4308-a82b-4ee9e5184ac2.jpg,C,C1111299,02,4096,3000,1,60.386388671875,38.15892237671025,2.510036324990172,67.88179016113281,9.18057918548584,3.0,0.27275301106770833,1.3427734375e-05,1,0
C1111317_V13_F00000_5c77b1b6-7683-4402-976d-aa538bff7cb1.jpg,C,C1111317,13,4096,3000,1,7.5323291015625,19.76761275195422,0.347128109141403,93.20146942138672,6.549245357513428,0.0,0.882587158203125,3.1494140625e-05,2,0
C1111437_V02_F00009_74d54169-0ba9-46d4-9686-77324adfef1b.jpg,C,C1111437,02,4096,3000,1,61.350045735677085,20.487543742831747,3.2039355910103873,43.164371490478516,11.032447814941406,4.0,8.30078125e-06,7.32421875e-07,3,0
C1111437_V10_F00001_282afe7a-4f6f-4229-87ca-796d94ab70e1.jpg,C,C1111437,10,4096,3000,1,32.420383870442706,31.158973005731664,4.086152538794938,77.83231353759766,12.918872833251953,2.0,0.4761363118489583,4.532877604166667e-05,1,0
C1111452_V00_F00003_09162d72-d291-4692-a774-8a22975ef4e4.jpg,C,C1111452,00,4096,3000,1,61.02570597330729,33.92226135384442,6.024142472408009,196.69085693359375,20.670289993286133,7.0,0.190703369140625,1.6276041666666666e-07,1,0
C1111463_V01_F00009_432cc8bf-17b9-4017-9a5f-ca59013cce48.jpg,C,C1111463,01,4096,3000,1,96.02542879231771,21.889600475836836,5.4145837376094885,258.94134521484375,22.53237533569336,10.0,0.0,0.000294677734375,1,0
C1111487_V00_F00010_455d7460-550e-4cf8-a535-ca4f209823ca.jpg,C,C1111487,00,4096,3000,1,27.371553548177083,44.10803076693192,0.5095353045858071,500.50482177734375,14.712920188903809,1.0,0.763980224609375,0.0018683268229166667,1,0
C1111487_V10_F00004_11a18cc9-b873-4694-a80d-79342ded1737.jpg,C,C1111487,10,4096,3000,1,6.279634440104167,11.82052868233514,0.3318229470676849,23.36662483215332,4.459704875946045,0.0,0.8703435872395834,5.696614583333334e-07,2,0
C1111512_V13_F00000_eb917ed9-598b-4576-89fa-7db813716740.jpg,C,C1111512,13,4096,3000,1,7.256127848307291,15.07934086224509,0.39302013320021423,61.256103515625,6.4138665199279785,1.0,0.8339264322916666,3.271484375e-05,5,0
C1111523_V10_F00002_9ca148bf-3a3f-4b3b-a727-89a269b0f725.jpg,C,C1111523,10,4096,3000,1,7.042323893229167,18.744908541270984,0.30936139525831685,63.51374816894531,4.539942741394043,0.0,0.9242828776041667,0.00034602864583333333,3,0
C1111523_V10_F00009_1dc5ebfc-fb68-4356-8e07-c7a88834a822.jpg,C,C1111523,10,4096,3000,1,7.1917147623697915,17.84315763822715,0.3540006050392085,55.89371871948242,4.5306830406188965,0.0,0.9208605143229167,0.00012939453125,1,0
C1111523_V11_F00004_8c1c593c-6a29-4f2e-9b8e-5ad75e0e9505.jpg,C,C1111523,11,4096,3000,1,28.825043619791668,27.14204804843809,3.3297987670370444,150.70140075683594,12.986801147460938,3.0,0.3129004720052083,0.0002974446614583333,2,0
C1111523_V11_F00009_cdca61a3-bc92-42ba-814c-82ff877152e0.jpg,C,C1111523,11,4096,3000,1,27.442788330078123,24.713726435947816,2.8455178467680797,138.777587890625,13.392064094543457,3.0,0.270685546875,0.00012923177083333333,1,0
C1111524_V11_F00002_8d6372dc-84b9-45ab-903f-312a7be86c3c.jpg,C,C1111524,11,4096,3000,1,28.649818196614582,25.12480163199355,2.8626782704711746,111.33448791503906,12.798425674438477,3.0,0.24663590494791668,0.00013883463541666666,2,0
C1111538_V00_F00010_a2da7a69-dc50-4ee0-82b0-82ac15f60de9.jpg,C,C1111538,00,4096,3000,1,75.7671307779948,40.13735497662799,4.569826523962947,161.73435974121094,13.686925888061523,4.0,0.19492220052083334,8.382161458333333e-05,4,0
C1111776_V00_F00001_f61ca677-5702-4ecc-ac77-93cdab73c443.jpg,C,C1111776,00,4096,3000,1,81.76020768229166,44.149919918880805,4.510230316342277,87.18302917480469,12.042891502380371,5.0,0.184497314453125,4.036458333333333e-05,5,0
C1112690_V02_F00008_d5152128-3a0c-471c-91cc-f2f7366f1311.jpg,C,C1112690,02,4096,3000,1,102.35172794596355,33.80335601964635,6.800179117654482,646.1004638671875,26.642719268798828,9.0,0.001477783203125,0.0028728841145833333,3,0
C1112712_V01_F00006_8ac816e7-0044-4d63-8653-92d15405ec45.jpg,C,C1112712,01,4096,3000,1,76.20485205078126,23.47837682241718,9.962635686251172,912.0264282226562,41.91270446777344,17.0,1.6276041666666666e-07,0.00027840169270833335,1,0
C1112716_V01_F00001_79b33a34-174c-4dd3-b473-b03052d760ff.jpg,C,C1112716,01,4096,3000,1,99.26075667317708,53.58091058333335,5.659955304182127,172.32203674316406,17.352479934692383,6.0,0.21189404296875,0.0006153157552083333,1,0
C1112737_V03_F00004_7c5b70fa-aea1-490a-a923-f1e8ee4aecb4.jpg,C,C1112737,03,4096,3000,1,18.44431697591146,39.18154023518741,0.49986073314352847,75.36653900146484,6.438828945159912,1.0,0.87408447265625,0.0007955729166666667,1,0
C1112746_V01_F00003_be534aaf-8a79-4dbe-a08f-d7e47bb28f3a.jpg,C,C1112746,01,4096,3000,1,89.45647322591145,26.38311697429461,8.698191469524646,1108.6986083984375,36.06485366821289,19.0,0.0,0.0009527994791666667,2,0
C1112805_V02_F00013_3ab5fa1f-e609-44b6-acbc-3aab5a6a8e9e.jpg,C,C1112805,02,4096,3000,1,51.070135498046874,55.70406845016408,5.803522105801157,889.8531494140625,24.246356964111328,3.0,0.49986539713541667,0.004820475260416667,1,0
C1112806_V10_F00007_4c018885-f799-4290-a5dc-162235f4940a.jpg,C,C1112806,10,4096,3000,1,25.193279459635416,29.81000391340817,3.352599019752481,292.7265930175781,21.638980865478516,2.0,0.5498240559895833,3.4912109375e-05,1,0
C1112840_V01_F00002_d684e1da-2b4b-4172-9aab-4aeb87dba00c.jpg,C,C1112840,01,4096,3000,1,74.8362235514323,16.904433867702423,5.782602181443448,274.674072265625,22.67000961303711,11.0,2.5227864583333333e-06,2.3193359375e-05,2,0
C1112907_V00_F00006_36067822-fa64-41d5-b472-b39161889add.jpg,C,C1112907,00,4096,3000,1,79.6636748046875,43.56400017344246,4.898279445441204,200.07566833496094,15.333796501159668,6.0,0.19264453125,0.00018522135416666668,1,0
C1112907_V01_F00006_bc6b175e-2930-46db-ab67-951cf3937af5.jpg,C,C1112907,01,4096,3000,1,92.8835565592448,16.87580260217044,3.940845058754574,143.0707244873047,14.754775047302246,8.0,0.0,0.00012654622395833333,2,0
C1112907_V02_F00012_4067c79c-05d3-41d4-9542-edcac1162a97.jpg,C,C1112907,02,4096,3000,1,72.016677734375,42.45258037787452,3.810940244069215,123.98223876953125,12.352938652038574,5.0,0.22747281901041666,0.00015226236979166668,1,0
C1112961_V00_F00001_95665408-6c67-4bdb-a8dc-560a669dcf02.jpg,C,C1112961,00,4096,3000,1,78.91513517252604,46.228717429021124,5.398373689531169,108.64784240722656,17.08269500732422,4.0,0.22712109375,3.963216145833333e-05,1,0
C1112973_V02_F00002_f9cb6f71-6dfd-4c88-bcce-25bea4c7a58c.jpg,C,C1112973,02,4096,3000,1,65.58956762695313,25.73916415800953,4.876981606020773,294.61309814453125,19.70693588256836,9.0,0.00029679361979166667,0.00010587565104166666,1,0
C1112996_V02_F00007_36aa876f-fd14-42d3-8b1b-2498c14f9ff4.jpg,C,C1112996,02,4096,3000,1,76.86228898111979,25.260645457583653,2.5114695690110054,50.61691665649414,9.387187004089355,4.0,0.06377726236979167,0.0,2,0
C1113004_V02_F00007_ddf0f57f-1ebc-4ff9-910f-575748ddde3b.jpg,C,C1113004,02,4096,3000,1,76.34222819010417,14.38452021647181,2.024816137091012,29.478151321411133,6.766072750091553,3.0,0.0,3.255208333333333e-07,3,0
C1113006_V03_F00003_345f0da0-d0d0-4f86-b04a-2d851476d8af.jpg,C,C1113006,03,4096,3000,1,26.097283854166665,39.67173538046717,0.5367034929367076,37.464561462402344,6.968757629394531,1.0,0.7551905110677083,4.8828125e-07,1,0
C1113014_V01_F00011_572ceded-55b4-4cdb-97db-2588b5a8bb85.jpg,C,C1113014,01,4096,3000,1,70.90898909505208,8.82039663878224,2.0403725008607188,31.031023025512695,6.936121940612793,4.0,0.0,4.069010416666667e-07,2,0
C1113610_V01_F00011_145d8c36-bf40-4e33-8605-1aabc34396be.jpg,C,C1113610,01,4096,3000,1,96.65594612630208,16.93991435585836,3.21327221406104,93.53252410888672,10.903904914855957,6.0,0.0,8.487955729166667e-05,1,0
C1113907_V11_F00001_1888f57b-d6a9-4e0f-a9ee-136c853a521d.jpg,C,C1113907,11,4096,3000,1,9.3663544921875,13.727243415737483,0.4117017265882943,11.59039306640625,3.363699197769165,1.0,0.7006581217447917,3.0110677083333333e-06,1,0
C1113952_V00_F00010_044e9195-45b8-4b65-88f3-c90309c2d49e.jpg,C,C1113952,00,4096,3000,1,63.6750263671875,44.075961474832795,4.491540689335549,215.60202026367188,15.760278701782227,4.0,0.32561531575520836,0.000126220703125,7,0
C1114100_V01_F00011_9fe96cb1-1fde-45ef-9bed-ffad4ab3d971.jpg,C,C1114100,01,4096,3000,1,94.118578125,12.435867516257856,3.1502380819910996,62.47529220581055,10.697772979736328,5.0,0.0,3.173828125e-06,1,0
C1114173_V13_F00001_dafa55fa-87f8-48fc-8ac5-7455ebc8f86e.jpg,C,C1114173,13,4096,3000,1,64.41609456380208,74.38804844778471,5.18647434106004,378.3006591796875,26.401338577270508,3.0,0.43421126302083335,0.01901611328125,3,0
C1114209_V13_F00000_10b43632-b333-4997-945b-75306029b2f2.jpg,C,C1114209,13,4096,3000,1,9.217950602213541,35.42720654065075,0.4858272980340247,53.17321014404297,5.920054912567139,1.0,0.934076171875,0.00671435546875,2,0
C1114246_V11_F00002_d94c8456-711c-4076-ae2f-9305632056aa.jpg,C,C1114246,11,4096,3000,1,102.9094306640625,75.29093404483588,8.532979985487387,446.2333068847656,27.679882049560547,7.0,0.19582682291666667,0.058734537760416664,1,0
C1114270_V02_F00010_2ece5839-c3af-4854-881d-ce6d697d60ec.jpg,C,C1114270,02,4096,3000,1,61.25473356119792,36.49678041199943,2.322111168814671,39.436485290527344,7.687671661376953,3.0,0.27024519856770834,0.0,2,0
C1114275_V02_F00006_eecb0553-e805-4b2a-919d-fd3a6b1a1126.jpg,C,C1114275,02,4096,3000,1,68.04465128580729,42.574090349700676,2.923569048793981,78.17485809326172,10.471914291381836,4.0,0.2768125813802083,1.8717447916666666e-06,1,0
C1114284_V12_F00032_9cb42838-6e5d-47c7-9c88-adb801528b27.jpg,C,C1114284,12,4096,3000,1,89.17814428710938,16.925475259908577,4.549005038072146,121.81900787353516,16.078739166259766,6.0,0.0,5.37109375e-06,1,0
C1114284_V13_F00032_51a12ace-94a5-4d06-a7e6-b050170db0ac.jpg,C,C1114284,13,4096,3000,1,62.002377115885416,48.510028317623835,5.2315333372767725,78.4750747680664,12.36845874786377,3.0,0.28518977864583334,4.345703125e-05,1,0
C1114300_V01_F00002_67de1ca7-15c7-40b1-b528-c3aecb35682e.jpg,C,C1114300,01,4096,3000,1,95.00800089518229,17.399091133302715,3.8808569007826703,119.071044921875,13.711950302124023,7.0,0.0,2.5553385416666668e-05,2,0
C1114300_V13_F00002_e8450b5e-7184-423e-ad51-b6ffa6e4ca53.jpg,C,C1114300,13,4096,3000,1,81.11203369140625,65.07125672826275,7.240113570463597,219.16343688964844,20.254117965698242,4.0,0.25858943684895835,0.0009107259114583333,2,0
C1114301_V02_F00010_caa0bdc2-2453-4a31-97de-9c7dce3c2bf9.jpg,C,C1114301,02,4096,3000,1,48.500362711588544,47.19882339164759,3.1203636863757738,70.18824768066406,9.649809837341309,2.0,0.48609895833333333,4.0445963541666664e-05,2,0
C1114305_V00_F00004_771b915c-95ea-4717-b773-05882c2c9c13.jpg,C,C1114305,00,4096,3000,1,85.44199275716146,45.18563825158102,3.794779297907845,80.19308471679688,10.76160717010498,5.0,0.188135498046875,2.7180989583333335e-05,1,0
C1114317_V03_F00007_df201d21-20d0-4c3c-9be2-1ce3e2a3d96d.jpg,C,C1114317,03,4096,3000,1,8.22331298828125,18.366772232137933,0.4855739386065876,13.37768268585205,3.5766501426696777,1.0,0.95038525390625,8.951822916666667e-07,2,0
C1114335_V01_F00010_d23b134a-cd58-4cf3-b2d1-2465d70e756a.jpg,C,C1114335,01,4096,3000,1,100.06036490885417,15.993802407582109,3.3875758885491667,121.8897933959961,12.754873275756836,7.0,0.0,2.63671875e-05,1,0
C1114336_V01_F00012_5dde8587-bde1-4b71-95f3-9b998fc28280.jpg,C,C1114336,01,4096,3000,1,98.09079809570312,14.793575609782543,3.212662820072662,93.66480255126953,11.519063949584961,6.0,0.0,1.7740885416666668e-05,1,0
C1114336_V01_F00013_9c51f10d-4235-4568-9494-4545d824ed3f.jpg,C,C1114336,01,4096,3000,1,69.60487744140624,48.926199931987185,3.4342176246929093,99.69261169433594,11.087342262268066,4.0,0.338444091796875,4.39453125e-05,1,0
C1122549_V01_F00003_5187f101-3a86-47ec-82e1-3eab9a4573bf.jpg,C,C1122549,01,4096,3000,1,80.44732080078126,12.502668131894607,2.8189927938091155,49.367340087890625,9.430495262145996,5.0,0.0,2.44140625e-07,1,0
C1122549_V01_F00004_043c0266-fe55-4ddc-97e8-66c4d187d5ee.jpg,C,C1122549,01,4096,3000,1,77.14839762369792,10.935379651055955,2.6266115429558,45.718204498291016,9.03208065032959,4.0,0.0,3.255208333333333e-07,2,0
C1122549_V01_F00006_58bc1037-e904-42d1-8bdf-adef3c3aba0e.jpg,C,C1122549,01,4096,3000,1,76.53865201822917,10.628348285198728,2.543713399485489,41.6370849609375,8.951574325561523,4.0,8.138020833333333e-08,2.44140625e-07,2,0
C1122863_V00_F00008_240f763c-d124-4c81-9f38-c089a61fd889.jpg,C,C1122863,00,4096,3000,1,66.13687410481771,33.29840802236394,3.063094504025936,40.7928352355957,8.609844207763672,3.0,0.21336336263020833,0.0,1,0
C1122866_V00_F00001_59aa88ed-f671-4118-a777-ff7a22e7d696.jpg,C,C1122866,00,4096,3000,1,69.88147111002604,35.525811790301475,3.268955759297379,53.713314056396484,9.559537887573242,4.0,0.199829833984375,3.255208333333333e-07,1,0
C1122880_V00_F00005_1bd4152c-806e-44c6-a464-d620121486c4.jpg,C,C1122880,00,4096,3000,1,66.75526057942709,32.8929099450593,2.381609140030476,23.57601547241211,6.9188432693481445,3.0,0.21105745442708335,0.0,1,0
C1122880_V00_F00008_8ba32973-fed2-4c16-814d-601e84386948.jpg,C,C1122880,00,4096,3000,1,65.95332560221354,33.005478893839104,2.348377739328717,22.452816009521484,6.782027244567871,3.0,0.219769287109375,0.0,1,0
C1122884_V00_F00010_3b9c10b3-4fc0-46ea-b108-c37fe5b2a6a0.jpg,C,C1122884,00,4096,3000,1,67.03269547526041,32.836876446594616,2.4623548820733303,26.37057876586914,7.360729217529297,3.0,0.207891357421875,0.0,1,0
C1122885_V00_F00009_a2593b14-cf8f-4230-85c4-35fbdbfb6944.jpg,C,C1122885,00,4096,3000,1,66.98733927408854,33.080498750281045,2.417352561522642,26.155427932739258,7.1328253746032715,3.0,0.208930908203125,0.0,1,0
C1122886_V00_F00007_407c3adf-64d0-4f0c-8734-a2caa293dcf9.jpg,C,C1122886,00,4096,3000,1,67.8573671061198,33.28770494447182,2.4465134415438805,29.334077835083008,7.334463596343994,3.0,0.207750732421875,0.0,1,0
C1122924_V00_F00009_50caf2fb-a500-4a8a-a308-bba2cb03a277.jpg,C,C1122924,00,4096,3000,1,86.0472373860677,54.35994135046598,4.37905922565545,162.76268005371094,13.268364906311035,5.0,0.2829370930989583,0.00046956380208333333,1,0
C1122946_V00_F00009_cd4b0e6d-e9ff-4adc-98b4-fdc17e4f36d6.jpg,C,C1122946,00,4096,3000,1,57.586059163411456,28.95961080000178,2.5868663507578376,30.056177139282227,7.382320404052734,3.0,0.21998478190104168,0.0,1,0
C1122979_V00_F00001_d39b78ae-b922-41ac-b5ac-1f7203b22ba0.jpg,C,C1122979,00,4096,3000,1,64.6828134765625,33.56812527978281,2.36201979728148,28.66594886779785,7.2094268798828125,3.0,0.23341121419270833,3.255208333333333e-07,1,0
C1123762_V02_F00007_48c800c1-16ad-4f8e-ac06-1634363f2e7b.jpg,C,C1123762,02,4096,3000,1,88.15250545247396,15.730886689632065,2.456089949357987,55.569801330566406,8.318381309509277,5.0,0.0,4.8828125e-07,1,0
C1123764_V02_F00005_b1d24eb1-8e7d-4e4e-a0e2-1a471d4b4f58.jpg,C,C1123764,02,4096,3000,1,84.57757967122396,14.955726723593582,2.319704856502107,50.409969329833984,7.989836692810059,5.0,0.0,9.765625e-07,1,0
C1123764_V02_F00008_879129e4-22ec-473b-af11-142c8121083e.jpg,C,C1123764,02,4096,3000,1,84.93625268554688,15.508732755040619,2.4079391117636932,52.77167892456055,8.168962478637695,5.0,0.0,6.510416666666666e-07,1,0
C1123764_V02_F00011_d55b4792-b11f-4a38-bfd1-6bd9fb088f25.jpg,C,C1123764,02,4096,3000,1,83.45398177083334,14.649848243123309,2.240610304539667,47.11603546142578,7.721346855163574,4.0,0.0,8.138020833333334e-07,1,0
C1123765_V02_F00003_0def98d0-cb63-45d3-a683-d9ad8260bf10.jpg,C,C1123765,02,4096,3000,1,85.05941389973958,15.610288040579897,2.4306217651239717,55.606956481933594,8.401902198791504,5.0,0.0,4.8828125e-07,1,0
C1123765_V02_F00009_bd947d6c-9efe-4914-bd45-5f60dd7d87de.jpg,C,C1123765,02,4096,3000,1,84.25923876953125,14.809630430772032,2.237741288943321,47.88861846923828,7.913349628448486,4.0,0.0,8.951822916666667e-07,1,0
C1123766_V02_F00004_7eaeba98-7a23-422e-9aed-dbeeafe4fdd1.jpg,C,C1123766,02,4096,3000,1,83.65845882161459,14.60827543815877,2.316180933863257,45.23030090332031,7.719814300537109,4.0,0.0,4.8828125e-07,1,0
C1123767_V02_F00011_6841c6ad-35ac-4131-8128-1d738385ed40.jpg,C,C1123767,02,4096,3000,1,84.63759008789063,15.07272372891972,2.344701866347675,53.94894790649414,8.225408554077148,5.0,0.0,8.138020833333334e-07,1,0
C1123768_V02_F00003_6fdc3bf5-a385-4257-90bd-fc93bee90f97.jpg,C,C1123768,02,4096,3000,1,84.89151057942708,15.65361115070074,2.4413318313799124,60.0413818359375,8.7106351852417,5.0,0.0,1.3834635416666668e-06,1,0
C1123768_V02_F00006_7f9c5cde-259a-4f4a-a64c-e66a65062760.jpg,C,C1123768,02,4096,3000,1,86.05468920898437,15.544260596506772,2.462360067424161,61.247589111328125,8.784696578979492,5.0,0.0,1.0579427083333333e-06,1,0
C1123768_V02_F00009_4d79a9f3-2b26-4e96-9c70-12afc1e992ce.jpg,C,C1123768,02,4096,3000,1,85.76112711588542,15.481958942619766,2.5013217219812027,60.47603225708008,8.758098602294922,5.0,0.0,1.1393229166666668e-06,1,0
C1123769_V02_F00004_8e3e6fe4-035c-4835-b58b-cf4df312874a.jpg,C,C1123769,02,4096,3000,1,85.51253002929687,15.4732332538417,2.4841623218983915,62.0478401184082,8.803584098815918,5.0,0.0,1.5462239583333333e-06,1,0
C1123770_V02_F00005_4f27801c-c874-41bc-a299-c54fe323faa6.jpg,C,C1123770,02,4096,3000,1,85.05562166341146,15.318928653613217,2.4930836849545175,58.29144287109375,8.583301544189453,5.0,0.0,1.3020833333333333e-06,1,0
C1123772_V02_F00002_24b1a5ff-3505-4322-815f-56d2a31d5774.jpg,C,C1123772,02,4096,3000,1,85.71548876953125,16.112948474302215,2.649090797636784,57.52743148803711,8.74734115600586,5.0,0.0,3.0110677083333333e-06,1,0
C1123773_V02_F00002_e62b0165-5f5b-4724-8e36-52a7d9098297.jpg,C,C1123773,02,4096,3000,1,89.43741577148438,18.193394015919836,3.077043091725567,82.24038696289062,9.953505516052246,6.0,0.0,6.103515625e-06,1,0
C1123775_V02_F00004_cc657caa-1ee2-401e-92e3-0b96c8c80199.jpg,C,C1123775,02,4096,3000,1,88.23019938151042,17.28705224726587,2.827437204945892,80.65448760986328,9.890213966369629,6.0,0.0,4.638671875e-06,1,0
C1123776_V02_F00010_3be3efc4-7c69-414b-9b16-48b734774a82.jpg,C,C1123776,02,4096,3000,1,90.76127083333333,18.663898786768605,2.9687884622000618,94.74555969238281,10.461332321166992,6.0,0.0,5.533854166666667e-06,1,0
C1123778_V02_F00005_41d63a75-2b9e-43f3-b737-3e27bb6132fc.jpg,C,C1123778,02,4096,3000,1,88.24051424153646,16.428330958794184,2.6254647901557644,65.00308227539062,8.921757698059082,5.0,0.0,4.069010416666667e-07,1,0
C1123779_V02_F00003_67ac59ad-ef9a-4a51-bfa4-d2baa6307184.jpg,C,C1123779,02,4096,3000,1,85.87980932617188,15.741113572325402,2.5699528850205358,55.49564743041992,8.452868461608887,5.0,0.0,1.8717447916666666e-06,1,0
C1123785_V02_F00007_4d5ef61f-3769-4b2a-8b48-c42a7edd9417.jpg,C,C1123785,02,4096,3000,1,87.27612109375,17.840427393689392,2.890315684686133,83.85128784179688,9.868220329284668,6.0,0.0,2.848307291666667e-06,1,0
C1123787_V02_F00008_3ac1d1da-20ec-427c-a0bd-b4966e601071.jpg,C,C1123787,02,4096,3000,1,88.46482722981771,19.209415018258248,3.091436763875546,95.84201049804688,10.34550952911377,6.0,0.0,2.44140625e-06,1,0
C1123789_V02_F00007_d83099d0-8196-4e2c-ba20-6b6292d907b8.jpg,C,C1123789,02,4096,3000,1,87.31759505208333,19.311717977797475,3.112860936891696,111.0582275390625,11.197430610656738,7.0,0.0,8.870442708333334e-06,4,0
C1123790_V02_F00008_1afc3ccc-5f94-4f5f-b75b-648ccdf41e0a.jpg,C,C1123790,02,4096,3000,1,18.06425341796875,34.1214020836942,0.4557911810073376,32.3502082824707,5.107258319854736,1.0,0.8159842122395833,6.266276041666667e-06,1,0
C1123807_V02_F00007_503e89bc-c08d-4d04-b67d-9b3469116972.jpg,C,C1123807,02,4096,3000,1,86.24995475260417,17.17810146435943,3.165961228726383,108.12561798095703,11.147147178649902,6.0,0.0,1.8636067708333334e-05,1,0
C1123825_V02_F00005_6f80f5a6-c5da-4321-b728-d81ecab2cb43.jpg,C,C1123825,02,4096,3000,1,90.7537060546875,29.94324187774717,3.8648171858166043,210.85008239746094,15.166937828063965,9.0,0.064266357421875,5.696614583333334e-06,2,0
C1123840_V02_F00007_010d11e8-e988-4235-afbd-9c37188334e6.jpg,C,C1123840,02,4096,3000,1,64.76283699544271,38.41007743483164,2.587291625542786,78.56439208984375,9.472890853881836,4.0,0.255392578125,2.6041666666666666e-06,2,0
C1123842_V02_F00007_7ca39998-0a0b-4c17-b0d1-9eea63b430c7.jpg,C,C1123842,02,4096,3000,1,70.1658819173177,38.33563484701606,2.91416564461025,95.76504516601562,10.428326606750488,4.0,0.21802620442708334,1.8717447916666666e-06,2,0
C1124303_V00_F00006_289b7074-18d5-4fb6-aae1-346eb964d89f.jpg,C,C1124303,00,4096,3000,1,63.729287109375,31.293169625045877,2.547105553881008,24.660242080688477,6.6236138343811035,3.0,0.20591463216145833,4.069010416666667e-07,1,0
C1124305_V00_F00001_072d8033-3336-4b1f-872f-67db80447773.jpg,C,C1124305,00,4096,3000,1,57.511112711588545,28.012653138941378,2.152783010039915,20.798986434936523,6.124008655548096,2.0,0.212213134765625,5.574544270833333e-05,1,0
C1124305_V00_F00010_57ccc79f-a40f-4110-ba17-0d95fd488f33.jpg,C,C1124305,00,4096,3000,1,57.72811743164063,28.5358881664212,2.1782092884847657,19.779850006103516,6.103689670562744,2.0,0.2167158203125,0.0,1,0
C1124305_V01_F00004_f2c2acdf-0766-4b41-90c3-206191ab1687.jpg,C,C1124305,01,4096,3000,1,75.99021248372397,10.638117782600373,1.9309004455555123,26.246135711669922,6.523810386657715,3.0,0.0,0.0,1,0
C1124305_V01_F00010_995b4768-99f6-4280-8599-256147238089.jpg,C,C1124305,01,4096,3000,1,76.37311368815104,10.633633883008946,2.0236774227007612,28.114727020263672,6.773300647735596,3.0,0.0,0.0,1,0
C1124326_V00_F00004_d62933eb-391e-4581-a318-fbab39687b1d.jpg,C,C1124326,00,4096,3000,1,57.43390966796875,27.752811654980345,2.8345447201287746,25.87222671508789,7.346746921539307,3.0,0.20646866861979166,8.138020833333333e-08,1,0
C1124331_V01_F00007_1aee41ea-7729-4503-b84f-a68a5657a1b8.jpg,C,C1124331,01,4096,3000,1,82.57847989908853,11.727747535635551,2.7185996080104964,41.73692321777344,8.24569034576416,4.0,0.0,8.138020833333333e-08,1,0
C1124333_V00_F00007_3349d953-5b6b-4b16-931c-055b957478f3.jpg,C,C1124333,00,4096,3000,1,50.224790120442705,37.91455246331609,2.6148647788802553,31.710294723510742,7.332890033721924,2.0,0.40044002278645835,2.44140625e-07,1,0
C1124334_V00_F00002_b1c7bd9b-a7cd-416e-a074-361e2b254e41.jpg,C,C1124334,00,4096,3000,1,63.96720841471354,30.989728606793943,2.5865486109841234,32.29708480834961,7.693211078643799,3.0,0.20605436197916666,0.0,1,0
C1124350_V01_F00003_3b5a5f9f-150e-4152-9906-1e34a644ac6f.jpg,C,C1124350,01,4096,3000,1,78.48655485026042,8.579446755490254,1.8937035641321827,25.328702926635742,6.394205093383789,3.0,0.0,0.0,1,0
C1124353_V01_F00004_303ae0f1-36a8-45ad-981d-a1f3df64d575.jpg,C,C1124353,01,4096,3000,1,78.80469303385416,8.8478792285282,2.025705966399997,29.863916397094727,6.995635509490967,4.0,0.0,1.46484375e-06,1,0
C1124363_V01_F00007_9f1686cf-2363-4421-beb1-b1b64e986dc8.jpg,C,C1124363,01,4096,3000,1,79.83733382161458,8.847726082830844,2.0808871247698195,35.42129135131836,7.393466949462891,4.0,0.0,0.0,1,0
C1124368_V01_F00001_f137a985-b8c8-435d-b053-4692503a277e.jpg,C,C1124368,01,4096,3000,1,56.12545125325521,38.001807724365506,2.3199058517906974,36.95247268676758,7.19716215133667,3.0,0.33128914388020836,8.138020833333333e-08,1,0
C1124387_V01_F00003_b0f798c0-788b-44c7-9a60-c107585b79e0.jpg,C,C1124387,01,4096,3000,1,75.3622002766927,10.0614871953708,1.8802796084306588,26.095911026000977,6.215836048126221,3.0,0.0,0.0,1,0
C1124388_V00_F00003_6f2e484f-9e4b-451b-9245-e7078ada41d9.jpg,C,C1124388,00,4096,3000,1,58.214273518880205,28.338639728364324,2.117169509099401,23.11394500732422,6.2166619300842285,3.0,0.21136564127604165,0.0,1,0
C1124388_V01_F00003_17ed0299-a60e-45e2-9590-4d712d1b5abd.jpg,C,C1124388,01,4096,3000,1,75.38195735677084,10.42212568492879,1.896071089778628,30.05129623413086,6.538417816162109,4.0,0.0,0.0,1,0
C1124388_V01_F00009_a87164c1-35e9-4471-8f80-9f6e33d7bb6c.jpg,C,C1124388,01,4096,3000,1,76.03705314127605,10.354035217132118,1.918517118339557,30.218441009521484,6.5372185707092285,4.0,0.0,8.138020833333333e-08,1,0
C1124391_V00_F00003_37bea4e1-c500-4361-8a37-746ec7365272.jpg,C,C1124391,00,4096,3000,1,57.17194189453125,28.078212682723585,2.0689543688735554,20.12729263305664,5.934576988220215,2.0,0.216359130859375,0.0,2,0
C1124396_V00_F00001_e7d5fa88-104d-4929-b621-b36d4da0a276.jpg,C,C1124396,00,4096,3000,1,53.80823681640625,31.07639386036436,2.3416163899270157,30.068466186523438,7.296523571014404,3.0,0.27825406901041666,0.0,1,0
C1124396_V00_F00009_838cae75-91e5-40a0-b074-58f324aac3eb.jpg,C,C1124396,00,4096,3000,1,56.276818522135414,27.9988647217172,2.12917748473465,27.137754440307617,6.4366536140441895,3.0,0.21819474283854168,8.138020833333333e-08,1,0
C1124397_V00_F00008_74a8d280-3071-48f7-8d88-db7047898d77.jpg,C,C1124397,00,4096,3000,1,56.470892578125,29.389734080576577,2.33187682114436,25.445396423339844,6.697577953338623,3.0,0.23802213541666667,0.0,1,0
C1124399_V00_F00004_7cbcbb38-8c39-4d58-8079-290e06fda9fa.jpg,C,C1124399,00,4096,3000,1,71.09426017252603,37.12864827398569,3.7350010563028304,98.07552337646484,11.188446998596191,5.0,0.21240852864583334,2.44140625e-07,1,0
C1124416_V00_F00010_4ac934c7-a4e4-449c-98bd-fe94c7b5b374.jpg,C,C1124416,00,4096,3000,1,58.80835066731771,30.830357836060852,2.1442350633632463,22.168964385986328,6.528702259063721,2.0,0.24407478841145833,0.0,1,0
C1124419_V00_F00008_1996e979-3577-452b-b667-787159c02bb3.jpg,C,C1124419,00,4096,3000,1,59.47429231770833,28.61781912330472,2.027330647722469,18.897789001464844,6.168437480926514,2.0,0.20951416015625,0.0,1,0
C1124420_V00_F00007_76a4ef32-2fb2-4269-a2df-3ac3a46113f2.jpg,C,C1124420,00,4096,3000,1,58.97772973632812,28.150645947033386,2.117551390651615,20.744831085205078,6.4024128913879395,3.0,0.20597184244791666,0.0,1,0
C1124422_V00_F00013_05a25d09-8f53-4f88-a344-3153a797dbd9.jpg,C,C1124422,00,4096,3000,1,60.47019848632812,29.95576828323376,2.127173316743273,23.56317901611328,6.451072692871094,3.0,0.21984912109375,0.0,1,0
C1124437_V00_F00003_edb9741b-2c79-4634-a1bf-c42636f0ec3f.jpg,C,C1124437,00,4096,3000,1,56.86629817708333,27.514600009200535,2.0157069460136263,16.506690979003906,5.799360752105713,2.0,0.211225341796875,0.0,1,0
C1124440_V00_F00004_a5a1c356-96b3-47ad-9c49-c67f1e046331.jpg,C,C1124440,00,4096,3000,1,56.91529256184896,27.20631724625181,1.9748100103332762,20.180166244506836,6.116310119628906,3.0,0.20612060546875,0.0,1,0
C1124442_V00_F00008_4ffbc4e4-9378-466a-9940-2f77fc3ea978.jpg,C,C1124442,00,4096,3000,1,56.84827099609375,27.364375856891737,2.196509257784508,21.197284698486328,6.158998489379883,3.0,0.20823551432291668,0.0,1,0
C1124445_V00_F00012_83d7e7ca-9df4-492a-a4a4-1073b520d2ab.jpg,C,C1124445,00,4096,3000,1,54.93197892252604,27.699935653826312,2.030338046450515,25.592226028442383,6.422133922576904,3.0,0.22767976888020833,0.0,1,0
C1134060_V02_F00007_33728f63-8557-4db0-a857-3e6e41b612bf.jpg,C,C1134060,02,4096,3000,1,83.37590877278646,15.108463696238532,2.465138896353833,48.9411506652832,8.318419456481934,4.0,0.0,8.138020833333333e-08,1,0
C1134064_V02_F00008_048130dc-d632-4bfb-a828-0de39a2a887d.jpg,C,C1134064,02,4096,3000,1,89.01140266927084,17.209012196329127,2.5778627021987908,61.51404571533203,8.921906471252441,5.0,0.0,2.44140625e-07,1,0
C1134146_V01_F00007_2a93238f-9e75-4565-9050-be402c1b0f35.jpg,C,C1134146,01,4096,3000,1,78.90824593098958,13.597659201057795,2.5882096627812095,54.81509017944336,9.237424850463867,5.0,0.0,1.7903645833333333e-06,1,0
C1134177_V01_F00002_cd66da3b-1082-46b8-a76d-aa8fa63609f0.jpg,C,C1134177,01,4096,3000,1,96.70378076171875,19.971280953393585,5.277043880956651,94.49661254882812,14.58970832824707,6.0,0.0,2.9296875e-05,1,0
C1134181_V01_F00005_87fb53ef-0acc-46af-a185-f83152423da8.jpg,C,C1134181,01,4096,3000,1,99.53992626953125,17.746181137233478,3.835962581119717,90.13785552978516,13.267007827758789,6.0,0.0,1.708984375e-06,1,0
C1134395_V00_F00009_51cc2d4c-77e7-4f26-b505-c9c824f0dbc0.jpg,C,C1134395,00,4096,3000,1,79.07526407877604,44.441730371218746,6.0560784087206,282.42584228515625,18.797941207885742,7.0,0.20745458984375,0.0007694498697916667,1,0
C1134395_V01_F00002_86f15e58-54e7-4a7c-906f-9412e1454166.jpg,C,C1134395,01,4096,3000,1,81.85431648763021,17.357782110642823,4.9990801716461775,195.69503784179688,17.403560638427734,8.0,0.0,4.1097005208333334e-05,3,0
C1134396_V00_F00001_d8481c79-f56d-45ca-969f-43441d96d9b2.jpg,C,C1134396,00,4096,3000,1,71.66422176106771,50.53174937712853,7.438276187682998,287.6960754394531,20.010133743286133,5.0,0.31253727213541665,0.0005970865885416667,2,0
C1134785_V00_F00002_aaf86a49-b45f-4aa1-b4a0-ed624ce844d6.jpg,C,C1134785,00,4096,3000,1,53.669832845052085,25.54729693334138,2.208153048343693,21.654438018798828,6.901988506317139,3.0,0.194695556640625,3.255208333333333e-07,1,0
C1134908_V01_F00005_6aff6a27-a7e8-47f9-8a28-abb0c5233b6c.jpg,C,C1134908,01,4096,3000,1,61.904916910807295,8.876177526623964,1.8977367056444026,33.57356262207031,8.054439544677734,4.0,1.6276041666666666e-07,0.0,1,0
C1134948_V03_F00001_6964a135-6343-4276-989f-942c5f8884ce.jpg,C,C1134948,03,4096,3000,1,43.74148356119792,46.11927828896935,2.013680725414019,82.58323669433594,8.780954360961914,2.0,0.5319702962239583,0.0006477864583333333,1,0
C1135022_V11_F00003_e06ed0dd-21bd-4deb-89ff-3ef929d884a8.jpg,C,C1135022,11,4096,3000,1,81.01793912760417,28.563975441084853,6.037559475866054,300.64703369140625,21.148658752441406,9.0,3.41796875e-06,6.404622395833333e-05,1,0
C1135022_V12_F00003_0d6c3d59-7c23-4285-a318-1430e6d69189.jpg,C,C1135022,12,4096,3000,1,64.72846638997396,15.110407164307393,4.691817336538161,181.98495483398438,17.929946899414062,8.0,3.629557291666667e-05,8.544921875e-06,2,0
C1135077_V12_F00003_79d2dab9-0b00-40c9-9c48-6ccf271df251.jpg,C,C1135077,12,4096,3000,1,63.47937516276042,15.025685617033325,4.692255785347489,197.63282775878906,18.76091194152832,9.0,4.069010416666667e-07,7.242838541666667e-06,1,0
C1135081_V11_F00008_488b2b0f-af45-40c2-84f7-3956b8cad0aa.jpg,C,C1135081,11,4096,3000,1,45.810806315104166,47.47033065506178,3.527415578762395,175.37403869628906,13.997476577758789,2.0,0.4687504069010417,6.510416666666667e-05,6,0
C1135113_V12_F00003_f8b4d00b-ff44-4246-963a-26a8851c6cbe.jpg,C,C1135113,12,4096,3000,1,64.87925260416667,15.689992186087037,5.009810545080571,237.30467224121094,20.65924072265625,9.0,6.510416666666666e-07,1.07421875e-05,1,0
C1135113_V13_F00003_36e66cf8-c99e-493b-a018-d56f2d08e446.jpg,C,C1135113,13,4096,3000,1,46.9351044921875,32.88099364869723,4.9700198370131865,166.34066772460938,14.957639694213867,4.0,0.250987548828125,4.19921875e-05,1,0
C1135155_V01_F00013_0d5a57a7-f68a-4bb4-868d-3fdfb5219dac.jpg,C,C1135155,01,4096,3000,1,66.72749877929688,23.516356743918504,2.5187672455594994,42.672367095947266,9.25615406036377,3.0,0.11008292643229167,0.0,1,0
C1135169_V01_F00001_a66217ab-04a8-4098-86ea-8a65d8e8463c.jpg,C,C1135169,01,4096,3000,1,91.31154044596354,18.536708585682167,4.139347124903823,224.67562866210938,15.802716255187988,7.0,0.0,0.00016080729166666666,4,0
C1135169_V02_F00001_08cea1df-9fe7-4ab1-a91f-6dbf495b0440.jpg,C,C1135169,02,4096,3000,1,92.56741861979167,28.540127517595124,4.141809156991522,161.4373779296875,14.023773193359375,6.0,0.0,0.0007618815104166667,3,0
C1135170_V11_F00003_7f6e0c63-9fbd-40c3-b51b-12b04a289660.jpg,C,C1135170,11,4096,3000,1,82.0106963704427,29.543510532353636,6.0605092838073595,123.335205078125,17.988088607788086,5.0,1.1393229166666668e-06,8.951822916666667e-06,2,0
C1135170_V13_F00004_e595f884-d16f-4e1f-8a16-fb46e4aeb872.jpg,C,C1135170,13,4096,3000,1,50.69400968424479,40.104691234386074,4.322113795783443,44.30354309082031,10.35785961151123,2.0,0.27699405924479165,7.853190104166666e-05,1,0
C1135171_V13_F00002_f4c9ce8d-17de-4473-9465-287d2cdbf042.jpg,C,C1135171,13,4096,3000,1,50.04779809570312,39.20557742462375,4.650189324575976,45.76826095581055,11.34227180480957,3.0,0.27497493489583336,4.0283203125e-05,2,0
C1135238_V12_F00003_d31b4226-70b9-4b19-9532-b73fd6d3453b.jpg,C,C1135238,12,4096,3000,1,62.95319783528646,18.067658079019893,4.081033051712343,69.3457260131836,11.647006034851074,5.0,2.5227864583333333e-06,2.7669270833333335e-06,3,0
C1135241_V12_F00008_bab97759-2438-4077-8668-e1ddea693af3.jpg,C,C1135241,12,4096,3000,1,70.44502034505209,19.223306002775477,3.2175087745428823,70.35589599609375,10.951111793518066,4.0,4.8828125e-07,4.6630859375e-05,1,0
C1135246_V01_F00002_048e4f10-9075-416b-9ede-0c746a5d8323.jpg,C,C1135246,01,4096,3000,1,77.741009765625,17.42484505426861,3.663714144582963,127.81451416015625,13.733321189880371,7.0,8.138020833333333e-08,4.581705729166667e-05,3,0
C1135246_V01_F00002_ba2d618e-354e-4f35-8443-3d7f5087505b.jpg,C,C1135246,01,4096,3000,1,77.741009765625,17.42484505426861,3.663714144582963,127.81451416015625,13.733321189880371,7.0,8.138020833333333e-08,4.581705729166667e-05,1,0
C1135246_V02_F00002_d54a876e-7666-40f2-94dc-e67293c1b4c9.jpg,C,C1135246,02,4096,3000,1,58.93391772460937,39.67148363760214,3.3399713539991063,154.05087280273438,13.511391639709473,4.0,0.27506494140625,0.000800537109375,1,0
C1135246_V02_F00002_efb426cd-2c93-49f5-bf72-3d238f67e7c8.jpg,C,C1135246,02,4096,3000,1,58.93391772460937,39.67148363760214,3.3399713539991063,154.05087280273438,13.511391639709473,4.0,0.27506494140625,0.000800537109375,1,0
C1135542_V13_F00004_19aaa607-8c21-4dcf-bc87-b04162b3dff2.jpg,C,C1135542,13,4096,3000,1,40.21970947265625,31.754384543060556,5.932779147825769,114.19818878173828,15.110071182250977,3.0,0.2726411946614583,7.9345703125e-05,1,0
C1135685_V13_F00002_7d3c0694-3b2c-4dc4-91f5-1586d47a92c2.jpg,C,C1135685,13,4096,3000,1,44.02758585611979,36.75413356333192,5.893581286903448,137.8055877685547,16.026315689086914,3.0,0.2667804361979167,7.649739583333333e-06,4,0
C1135688_V13_F00005_61cb0e48-a4f8-469d-b1b4-302ae28f4800.jpg,C,C1135688,13,4096,3000,1,53.807325358072916,47.49569779569037,6.746568465443492,220.1322479248047,19.635473251342773,4.0,0.28578019205729166,5.126953125e-05,4,0
C1136577_V01_F00004_155266d9-556b-4ea9-a0d7-91fbc70f1fb0.jpg,C,C1136577,01,4096,3000,1,84.73458846028646,21.573048947947786,5.470666239373158,292.8399658203125,19.361177444458008,11.0,0.0,0.0002838541666666667,1,0
C1136577_V01_F00005_1cf157fe-2a23-4cb6-8e6a-a32bf0c0f192.jpg,C,C1136577,01,4096,3000,1,85.9778780110677,21.715217135231146,5.740130284874573,338.4414978027344,20.40082359313965,11.0,0.0,0.00019913736979166666,1,0
C1136758_V01_F00003_2794bec2-fb77-410a-b9df-4c89ba6a9b51.jpg,C,C1136758,01,4096,3000,1,67.54855647786458,10.682791955344141,2.6197067761868054,63.21113967895508,9.501888275146484,5.0,8.138020833333333e-08,8.138020833333333e-08,1,0
C1136758_V01_F00004_8aee0557-84a2-442e-90f1-4f6c375c9d5e.jpg,C,C1136758,01,4096,3000,1,67.9931709798177,14.592782924168548,4.102876399668732,162.69061279296875,15.131380081176758,7.0,0.0,5.452473958333333e-06,1,0
C1136884_V02_F00006_97b59a81-ed65-4ef5-954b-041f8fd2fb16.jpg,C,C1136884,02,4096,3000,1,101.17226692708333,17.815591390670214,4.70079192571443,138.44483947753906,17.859451293945312,5.0,0.0,1.6276041666666666e-07,1,0
C1137596_V03_F00007_8a916950-e830-4e35-a051-47fe6229800a.jpg,C,C1137596,03,4096,3000,1,50.32103426106771,47.28596587871816,2.411032070623387,55.43125534057617,8.064441680908203,2.0,0.5064190266927083,1.9938151041666666e-05,2,0
C1140022_V01_F00004_975b7dfa-141c-4ae7-a068-1dc250a8d14f.jpg,C,C1140022,01,4096,3000,1,111.1196651204427,14.340215494823848,3.9500340078965364,57.49357986450195,11.250825881958008,5.0,0.0,2.5227864583333333e-06,1,0
C1140024_V02_F00011_13e04b08-d35e-44ad-8212-bf7610bb58e4.jpg,C,C1140024,02,4096,3000,1,53.01896638997396,56.27286618618205,2.1867000319809433,33.671485900878906,7.56962251663208,2.0,0.5283733723958334,1.7659505208333333e-05,1,0
C1141611_V03_F00006_14786234-026d-4f17-99be-45bdba764a2e.jpg,C,C1141611,03,4096,3000,1,17.16788623046875,29.02053348674943,0.49896701550883504,79.63666534423828,9.363746643066406,1.0,0.819892578125,5.696614583333334e-07,9,0
C1141612_V03_F00011_1d6ef1d1-e784-43ef-879a-6e2662ccd03b.jpg,C,C1141612,03,4096,3000,1,22.653522054036458,38.96989553025618,0.5508172780750717,143.21063232421875,12.509130477905273,1.0,0.797075439453125,0.00024357096354166668,12,0
C1141634_V02_F00003_4e60892e-cbc9-4a98-8bd7-92b74781677d.jpg,C,C1141634,02,4096,3000,1,71.04955444335937,16.741533201119886,3.368409963978918,77.42803955078125,11.50539493560791,5.0,1.6276041666666666e-07,1.3020833333333333e-06,3,0
C1141681_V12_F00003_6f621d39-1cbb-4f00-850c-648987139a31.jpg,C,C1141681,12,4096,3000,1,77.5509209798177,67.17761363059871,3.940322770832495,110.85530090332031,12.9638671875,3.0,0.015638590494791667,0.059434814453125,2,0
C1141710_V12_F00005_bfaa27f4-dbcd-411a-8835-f270c4ff503e.jpg,C,C1141710,12,4096,3000,1,32.13014021809896,12.048184704997782,3.699350860572137,32.8068962097168,9.862747192382812,3.0,0.058649169921875,1.6276041666666668e-06,1,0
C1142083_V01_F00006_e08d31f4-8aa6-44a6-8ee4-965f4fac1f71.jpg,C,C1142083,01,4096,3000,1,61.086418294270835,8.253324928367167,1.8165567435228724,23.10560417175293,6.153183460235596,3.0,0.0,0.0,1,0
C1142091_V02_F00003_46ad1e57-22c3-428c-8c31-59db3eed275d.jpg,C,C1142091,02,4096,3000,1,86.27272786458333,21.731869026694177,3.6341242936702947,106.99578094482422,12.4894437789917,6.0,0.0,5.5419921875e-05,1,0
C1142123_V02_F00009_23993846-1de9-4354-8382-28b678c1c414.jpg,C,C1142123,02,4096,3000,1,82.56567244466146,18.055208166834305,3.107490569533212,100.46929168701172,10.627567291259766,6.0,0.0,2.848307291666667e-06,4,0
C1142123_V03_F00009_86927ee3-1747-479d-90b2-a79cb0477b61.jpg,C,C1142123,03,4096,3000,1,59.95392805989583,49.43828179625765,2.541498068811966,123.63341522216797,9.912314414978027,3.0,0.39601904296875,0.00027107747395833335,4,0
C1142127_V13_F00001_014ed88b-b50a-4bdb-8096-0fc7cfa9cafa.jpg,C,C1142127,13,4096,3000,1,46.7730224609375,44.40186243401887,5.054404710503215,119.83440399169922,14.979249954223633,3.0,0.36400675455729165,9.358723958333334e-05,2,0
C1142142_V00_F00001_369c14b9-8961-41b7-abd6-fa50665f1b1d.jpg,C,C1142142,00,4096,3000,1,78.09251513671875,49.164321971138456,5.72547148719573,171.52525329589844,16.498756408691406,5.0,0.26892146809895834,0.00014664713541666667,1,0
C1142142_V02_F00001_75d1702a-1c01-4c69-834b-4ec7078db1eb.jpg,C,C1142142,02,4096,3000,1,81.04448136393229,35.563578202552556,4.058182109702741,178.69546508789062,15.422150611877441,7.0,0.09527018229166667,0.00021598307291666668,1,0
C1142142_V11_F00001_b5750f60-ce9b-4d08-ae6e-e328666263a6.jpg,C,C1142142,11,4096,3000,1,53.01738875325521,30.19559206356802,5.154932708355808,136.3230743408203,15.644289016723633,5.0,0.11788704427083334,8.7890625e-06,3,0
C1142188_V02_F00001_d961ced8-e1c1-4b5e-bb2c-08b8f317a3e5.jpg,C,C1142188,02,4096,3000,1,67.16096809895834,45.05065519800816,3.815296087551001,106.9208755493164,12.049922943115234,4.0,0.26870564778645833,0.00037703450520833333,1,0
C1142204_V02_F00001_da6e0134-e55c-43bb-9373-1f06307cf570.jpg,C,C1142204,02,4096,3000,1,82.57490356445312,46.29381105534137,5.741998906654167,248.1613311767578,16.660768508911133,7.0,0.16433024088541667,0.0038839518229166667,2,0
C1142260_V01_F00006_820e4084-ea5b-41f0-b895-1e5ea3fab180.jpg,C,C1142260,01,4096,3000,1,48.47780875651042,10.111026392838717,3.6165934484977784,73.16468811035156,12.109200477600098,5.0,0.00012198893229166666,3.5807291666666666e-06,1,0
C1142260_V02_F00006_30a8fa1d-c1a3-4dd4-b253-fc8264ddbfcc.jpg,C,C1142260,02,4096,3000,1,56.83261824544271,27.808823873953017,4.320553420724674,158.59344482421875,14.541497230529785,5.0,0.07781095377604166,0.0001611328125,2,0
C1142288_V11_F00001_06663bd1-4307-4217-b716-7e85191a65a0.jpg,C,C1142288,11,4096,3000,1,22.870365152994793,23.94627248412405,1.1271181465728812,33.59724044799805,7.293933391571045,2.0,0.5385501302083333,9.765625e-07,1,0
C1142288_V12_F00000_fe644c5c-97b4-4017-8830-d158855418a6.jpg,C,C1142288,12,4096,3000,1,12.346956868489583,19.77838196281042,0.4096890926136636,32.937686920166016,5.396589756011963,1.0,0.7343318684895833,6.331380208333334e-05,1,0
C1142314_V00_F00000_ee1bb7ab-b9d8-447a-b62c-147830a3f22c.jpg,C,C1142314,00,4096,3000,1,34.77400081380208,43.64482284216337,0.9207199341535457,73.62736511230469,9.592687606811523,2.0,0.650143798828125,0.00011767578125,1,0
C1142337_V12_F00001_384f3f99-af00-48b1-b456-bc44a78ca7b1.jpg,C,C1142337,12,4096,3000,1,37.20267504882813,12.19999630676704,2.45695931054374,19.209386825561523,6.901338577270508,3.0,0.013569010416666666,0.0,2,0
C1142403_V00_F00001_0505953e-3e12-40fb-8f37-b624b33b8a36.jpg,C,C1142403,00,4096,3000,1,105.30997281901041,69.12279854835278,8.290038482194628,841.4968872070312,29.004121780395508,6.0,0.24934920247395834,0.013271402994791667,1,0
C1142406_V11_F00005_4190c03e-5611-4b9a-9639-48f9fed5c0e5.jpg,C,C1142406,11,4096,3000,1,57.75888728841146,29.329557839302357,5.3635533005126215,189.3734130859375,17.941822052001953,4.0,0.058310302734375,0.00011336263020833333,6,0
C1142453_V01_F00006_15c1a543-109b-41a1-a7da-6ada01aa6517.jpg,C,C1142453,01,4096,3000,1,67.61401822916666,8.87249131061617,2.9261389650625005,29.859134674072266,9.898637771606445,3.0,0.0,0.0,1,0
C1142493_V01_F00001_9ba704dc-3ad3-4a8d-9e68-588108429297.jpg,C,C1142493,01,4096,3000,1,76.94081420898438,10.811225360855712,2.4560343634366957,40.33942413330078,8.327077865600586,4.0,0.0,3.41796875e-06,1,0
C1142529_V02_F00002_4d39f71b-d497-413d-8373-16097e257062.jpg,C,C1142529,02,4096,3000,1,90.73944075520834,24.31690217602867,4.241326516934006,163.5028076171875,15.467266082763672,7.0,0.0,9.6923828125e-05,4,0
C1142529_V10_F00004_aa9b73be-a0c0-4308-a28f-86bfdd8ebec6.jpg,C,C1142529,10,4096,3000,1,28.264763671875,36.67836083600281,0.7389601483870566,39.664493560791016,6.7285990715026855,1.0,0.6653567708333333,8.138020833333333e-06,1,0
C1142804_V00_F00004_c8a41bb0-b6a6-4714-97d7-0c39ab4416b4.jpg,C,C1142804,00,4096,3000,1,56.19218562825521,29.79802791730461,3.533812207011427,82.24454498291016,11.115864753723145,5.0,0.19759912109375,5.289713541666667e-06,1,0
C1143856_V01_F00011_7d27801d-23cc-4a76-9f66-2ddf18d84749.jpg,C,C1143856,01,4096,3000,1,108.73463696289062,11.017510271039848,2.9802892781501624,33.86132049560547,9.908326148986816,4.0,0.0,0.0,2,0
C1143856_V01_F00012_c6fcc512-3537-41ee-88b6-03ca7fb15de9.jpg,C,C1143856,01,4096,3000,1,107.60072623697917,10.682956593656789,3.0522440835965616,35.44690704345703,9.89323902130127,4.0,0.0,1.6276041666666666e-07,1,0
C1144856_V01_F00004_a6352fa2-84fd-48c1-8ffa-3ba7e5c6d6dc.jpg,C,C1144856,01,4096,3000,1,63.3073076171875,11.818339696177793,2.8882518655969904,76.11870574951172,10.507299423217773,6.0,8.138020833333333e-08,1.5462239583333333e-06,1,0
C1144856_V01_F00005_0030fe19-1a39-421c-a6b0-922e2f1d60ac.jpg,C,C1144856,01,4096,3000,1,61.92029874674479,11.03506326495964,2.6474041203497034,67.74528503417969,9.818855285644531,5.0,0.0,9.765625e-07,1,0
C1144856_V01_F00006_86bceb68-ce78-4610-92a9-71a54176c354.jpg,C,C1144856,01,4096,3000,1,30.55738631184896,30.681052457880117,2.1565751188368134,40.88930130004883,7.110201835632324,2.0,0.5562368977864584,3.0924479166666666e-06,1,0
C1144856_V02_F00005_1adb5b8b-9226-4c5d-bffb-e5d508ec3ece.jpg,C,C1144856,02,4096,3000,1,73.06370686848959,26.127366383108722,4.249917139042503,157.0962371826172,12.850852966308594,6.0,1.6276041666666666e-07,9.847005208333333e-05,1,0
C1144856_V02_F00006_06df6a93-7509-4e81-8a70-15545a346dc0.jpg,C,C1144856,02,4096,3000,1,34.07625968424479,38.01169235255754,1.6269144052798872,64.38275146484375,7.665283203125,2.0,0.56027099609375,3.304036458333333e-05,1,0
C1145669_V12_F00008_849796c1-4bf8-486e-8030-569356807e3f.jpg,C,C1145669,12,4096,3000,1,52.27116682942708,10.90223843348302,3.0454668983631845,55.979740142822266,10.15983772277832,4.0,4.801432291666666e-06,1.708984375e-06,6,0
C1147618_V00_F00009_ccf52a4b-7d6c-4013-8f4d-5086dcf85980.jpg,C,C1147618,00,4096,3000,1,58.60742106119792,30.817912516497024,4.673399876771946,98.78456115722656,12.541807174682617,4.0,0.203978271484375,1.8636067708333334e-05,2,0
C1147623_V00_F00008_3cf45743-c63c-41e8-9ce5-88c2cf5c2219.jpg,C,C1147623,00,4096,3000,1,63.05053035481771,40.66908498226344,3.218556839160287,50.103206634521484,9.622446060180664,3.0,0.29734244791666664,1.220703125e-06,1,0
C1147631_V10_F00003_a9c61113-2514-4e10-ae68-931e8e7e3d73.jpg,C,C1147631,10,4096,3000,1,11.952801106770833,21.661623081317867,0.47948388150261445,25.477693557739258,4.492389678955078,1.0,0.85773974609375,8.138020833333333e-08,5,0
C1147631_V12_F00001_99407a13-0043-41b3-9de8-48968926f099.jpg,C,C1147631,12,4096,3000,1,35.36463020833333,21.474210589208184,4.041103044859273,53.64714431762695,11.427425384521484,3.0,0.21222249348958333,2.0345052083333333e-06,3,0
C1147634_V11_F00005_b71f7051-6f88-4848-9d83-b75ecbd0a470.jpg,C,C1147634,11,4096,3000,1,26.54868986002604,28.568969992852015,1.8450386427978769,52.978275299072266,9.337335586547852,2.0,0.5146068522135416,2.44140625e-06,1,0
C1147678_V12_F00001_54e83692-afaf-4d10-9734-52d7507e8893.jpg,C,C1147678,12,4096,3000,1,34.77585563151042,20.71720138267229,2.8034038637864507,32.07544708251953,8.088666915893555,3.0,0.17390755208333333,1.6276041666666666e-07,2,0
C1147704_V00_F00006_699caf78-f407-4c39-ae5a-d3f090a60948.jpg,C,C1147704,00,4096,3000,1,61.839329996744794,32.1110827913185,3.053652972648563,56.1934928894043,9.063138961791992,4.0,0.21215592447916667,3.824869791666666e-06,1,0
C1147716_V12_F00001_359455a5-d97f-4530-a6aa-5cf3425afd86.jpg,C,C1147716,12,4096,3000,1,34.73244295247396,20.423227585127123,3.1322066469117402,30.132535934448242,7.9484734535217285,3.0,0.20475276692708333,2.44140625e-07,2,0
C1147781_V12_F00000_e084530c-b376-4f8a-a7bc-6afdf93a61f2.jpg,C,C1147781,12,4096,3000,1,41.162233805338545,14.210222658183078,3.43496242835979,53.1093864440918,12.27663803100586,4.0,0.00584130859375,8.138020833333333e-08,3,0
C1147805_V02_F00001_3317250b-90ba-47ab-a80e-2cc338c890a4.jpg,C,C1147805,02,4096,3000,1,58.314178792317705,64.00312222764079,2.3729913534245948,162.22674560546875,12.629101753234863,2.0,0.536050537109375,0.005472819010416667,1,0
C1147853_V13_F00005_88828bfd-44c4-4f59-b521-1d6ec7b418f5.jpg,C,C1147853,13,4096,3000,1,27.040912109375,17.992328579779315,2.0672454696686016,22.17923927307129,6.878977298736572,2.0,0.3003931477864583,1.7903645833333333e-06,2,0
C1147862_V01_F00003_c5d621fb-ae95-4102-94d3-e143bd15b84e.jpg,C,C1147862,01,4096,3000,1,72.19879060872395,6.978647256561505,1.6463845169368603,16.534046173095703,5.769520282745361,3.0,0.0,0.0,2,0
C1147862_V01_F00005_954d6ecc-1616-4a1d-8bdf-705d49eb8e3f.jpg,C,C1147862,01,4096,3000,1,72.61996028645834,7.114662136013258,1.7828087703640416,16.544706344604492,5.7788801193237305,3.0,0.0,0.0,2,0
C1147863_V01_F00008_88283117-571f-4546-b2a3-d3fa7663dd2c.jpg,C,C1147863,01,4096,3000,1,85.03049137369791,13.869218259617266,3.629321758333233,116.16323852539062,13.75647258758545,6.0,0.0,4.8828125e-06,4,0
C1147885_V11_F00001_8775e4f9-4e56-44ff-8f8e-bc57b74bb47a.jpg,C,C1147885,11,4096,3000,1,12.711723551432291,21.16830075441048,0.49438119190634205,112.91592407226562,8.919889450073242,2.0,0.73619189453125,0.00017521158854166667,1,0
C1147910_V00_F00005_bd6fe391-8cb0-4eea-9286-0064add74d53.jpg,C,C1147910,00,4096,3000,1,51.14069344075521,27.695818960477354,7.1640328134488875,382.08038330078125,23.7800235748291,9.0,0.20560457356770834,9.27734375e-06,1,0
C1147936_V02_F00000_89790228-e859-4f58-97fd-d129628acf0c.jpg,C,C1147936,02,4096,3000,1,20.694767740885418,32.16791813229312,0.47601304441746073,71.28132629394531,7.0359907150268555,1.0,0.7432935384114583,0.00012605794270833333,2,0
C1148158_V01_F00000_00727c9a-def1-4882-9e19-f0eecb9489b3.jpg,C,C1148158,01,4096,3000,1,24.43034187825521,31.159808085634527,0.4578849098387079,65.52167510986328,8.443273544311523,2.0,0.6695553385416667,8.854166666666667e-05,1,0
C1148389_V10_F00007_b1cc5989-2f58-4979-bb9c-49581340ba19.jpg,C,C1148389,10,4096,3000,1,20.12867488606771,30.577271435938396,0.6402473777398142,204.0265655517578,13.459582328796387,2.0,0.7055008951822916,0.00013582356770833334,7,0
C1148414_V01_F00003_b9fd37a3-bf37-4711-8903-054880d359e6.jpg,C,C1148414,01,4096,3000,1,63.59565445963542,8.00828106127546,2.942652332093584,42.902034759521484,11.194901466369629,4.0,0.0,0.0,2,0
C1148414_V01_F00007_2be71d90-48c2-46be-8b22-e03d20222a3f.jpg,C,C1148414,01,4096,3000,1,65.46142008463542,11.432544379869357,3.978600874986946,121.64288330078125,15.518149375915527,5.0,0.0,3.255208333333333e-07,1,0
C1148414_V01_F00012_51809df6-f892-4535-96f1-7abb5335eb83.jpg,C,C1148414,01,4096,3000,1,62.687751871744794,10.536530670200854,3.6654855253886818,124.73982238769531,14.898277282714844,5.0,0.0,1.6276041666666666e-07,1,0
C1148416_V01_F00003_f578bb36-872d-4f27-a332-0f89c0af4240.jpg,C,C1148416,01,4096,3000,1,66.74629150390625,10.675419646820853,4.177302112516483,153.5809326171875,15.944293975830078,5.0,8.138020833333333e-08,1.6276041666666666e-07,1,0
C1148416_V01_F00007_cef3e4b6-034a-476b-b82e-66d6fa2ca5c1.jpg,C,C1148416,01,4096,3000,1,65.60465559895833,9.971971691001118,3.7636179799351277,141.12278747558594,15.260778427124023,5.0,0.0,0.0,1,0
C1148510_V10_F00002_9c9dbd28-81e9-4b1d-92e1-07604acd7e5c.jpg,C,C1148510,10,4096,3000,1,8.071477213541666,14.930256079749693,0.48988749477569327,21.09027099609375,4.147624969482422,1.0,0.907487060546875,9.602864583333333e-06,4,0
C1148510_V10_F00008_cecdd310-0e21-4053-b9db-5d23cd1ac5c9.jpg,C,C1148510,10,4096,3000,1,10.048392333984374,18.184272794876776,0.47564934201763664,29.690357208251953,4.89825963973999,1.0,0.8783057454427083,8.951822916666667e-07,4,0
C1148512_V10_F00002_9d15ea21-8f51-483d-a1c6-1d8bdb8562b1.jpg,C,C1148512,10,4096,3000,1,8.265122721354167,13.870386619762408,0.49930456100871373,23.897768020629883,4.826480865478516,1.0,0.8661858723958333,1.0579427083333333e-06,5,0
C1148873_V01_F00003_dd3fe065-aece-4bec-ad03-66cbef2ba401.jpg,C,C1148873,01,4096,3000,1,60.218365071614585,8.248322566379217,2.345824219197919,29.309465408325195,8.474434852600098,4.0,0.0,8.138020833333333e-08,1,0
C1148873_V01_F00005_5bbafc71-ec02-4fa1-a30b-5ec13d035ade.jpg,C,C1148873,01,4096,3000,1,59.934341227213544,8.151417592422254,2.4737934484901873,32.22572326660156,8.878039360046387,4.0,0.0,0.0,1,0
C1148873_V01_F00006_cafc21a2-631a-41f4-a777-45a56d89e37d.jpg,C,C1148873,01,4096,3000,1,61.01279410807292,8.163115946857571,2.3569616321182387,31.58960723876953,8.708041191101074,4.0,0.0,4.069010416666667e-07,1,0
C1148873_V01_F00007_78e83f97-f8d9-443c-a61d-b6d3a5a4927e.jpg,C,C1148873,01,4096,3000,1,61.38069148763021,8.187056545145351,2.4126393470534238,29.72223472595215,8.46127986907959,4.0,0.0,0.0,2,0
C1149026_V02_F00001_5fe2a532-fa1d-4aae-baa6-3ffb78b382a4.jpg,C,C1149026,02,4096,3000,1,58.48740112304687,45.69494382750138,4.981307753508654,222.46836853027344,15.890521049499512,4.0,0.32546207682291667,0.0008041178385416667,1,0
C1149225_V12_F00003_db9b3cb9-44d8-4041-8477-0d7edfbd93e4.jpg,C,C1149225,12,4096,3000,1,30.02066902669271,8.101796080387642,2.4916286348628294,34.46558380126953,8.20605754852295,3.0,0.02833349609375,3.4993489583333333e-06,1,0
C1149586_V01_F00010_f65bea2f-17d1-46f2-be11-9fdfda676ca0.jpg,C,C1149586,01,4096,3000,1,47.49395296223958,7.123736711088301,1.7821452193109963,28.47488021850586,6.742818832397461,3.0,5.37109375e-06,0.0,2,0
C1149608_V00_F00007_740c47c4-df65-49de-84e3-064943f859b0.jpg,C,C1149608,00,4096,3000,1,87.92116219075521,52.435970687934244,5.543747952424987,182.3148956298828,15.487747192382812,6.0,0.24063557942708333,0.000552734375,1,0
C1150180_V02_F00003_2704399c-11aa-4aa5-b46c-16f8a3c4ee80.jpg,C,C1150180,02,4096,3000,1,60.745680989583335,35.782731270264314,2.8194784740482177,56.30152130126953,9.171547889709473,3.0,0.1870810546875,4.679361979166667e-05,1,0
C1150978_V01_F00008_933751fb-c480-4f29-9856-4646c0c36c36.jpg,C,C1150978,01,4096,3000,1,74.81699487304688,11.068400457928716,2.6633578600129217,52.44709777832031,9.174363136291504,5.0,0.0,6.510416666666666e-07,1,0
C1154655_V10_F00003_f266db0c-1311-42bc-9c21-7ff06b8a3ab7.jpg,C,C1154655,10,4096,3000,1,16.931226236979168,14.41162590585285,3.423385463291506,51.36099624633789,10.432090759277344,2.0,0.470028076171875,1.3834635416666668e-06,7,0
C1154683_V00_F00003_3c8ea282-c1d8-4217-8062-e286b11599e4.jpg,C,C1154683,00,4096,3000,1,68.84281722005208,35.20840326450019,4.02730095787342,78.1293716430664,10.843356132507324,4.0,0.20106640625,9.765625e-07,1,0
C1154959_V12_F00002_7e771b1c-ea0a-4df8-9956-236798417159.jpg,C,C1154959,12,4096,3000,1,22.537383382161458,6.489595421846316,2.0487807280370567,21.050678253173828,6.522343635559082,3.0,0.13135563151041665,4.069010416666667e-07,1,0
C1155074_V01_F00001_96eb5d73-d38d-458a-995b-75b9706dce02.jpg,C,C1155074,01,4096,3000,1,78.4771298014323,33.73734223818564,4.212013840184327,90.17106628417969,14.295502662658691,4.0,0.14245027669270832,1.3020833333333333e-06,1,0
C1155091_V01_F00004_b00688cb-05c7-4907-a3e7-a76a706d825f.jpg,C,C1155091,01,4096,3000,1,70.05215641276041,9.178960995450621,2.158953751089363,35.477928161621094,7.970795154571533,4.0,0.0,0.0,2,0
C1155119_V02_F00001_1479d175-5783-41ae-8510-4db347483d74.jpg,C,C1155119,02,4096,3000,1,69.89019913736979,18.617875354592247,2.66745532722509,31.36332893371582,9.142901420593262,3.0,5.696614583333334e-07,1.3834635416666668e-06,3,0
C1155156_V01_F00002_9fe396b3-c05d-4a64-88bc-ba3dd5e26e16.jpg,C,C1155156,01,4096,3000,1,63.893839680989586,10.52851915043092,2.2707490418962166,50.50166320800781,8.626240730285645,4.0,0.0,0.0,4,0
C1155606_V10_F00008_cb86112f-321a-4721-b019-c4f5f56cfe3c.jpg,C,C1155606,10,4096,3000,1,8.458774658203126,16.284163052612133,0.44079529434255316,32.51325607299805,4.429601669311523,1.0,0.8853639322916667,8.463541666666666e-06,3,0
C1155608_V11_F00003_04ded480-25b8-4f03-a646-c6c00992d429.jpg,C,C1155608,11,4096,3000,1,56.73818082682292,35.82810623642818,5.313667547180689,426.5620422363281,23.102365493774414,8.0,0.159730712890625,0.00097216796875,3,0
C1155608_V11_F00006_5848ff4c-e681-464c-9c6d-24bc3c24c082.jpg,C,C1155608,11,4096,3000,1,57.55536303710937,36.223666212207064,6.044476790787207,554.8076171875,25.168560028076172,9.0,0.15195166015625,0.0009635416666666667,4,0
C1155709_V02_F00003_6dfbabde-3649-4550-8a73-63b905f6b223.jpg,C,C1155709,02,4096,3000,1,70.58660042317709,18.55657273866884,3.033700249105126,67.00365447998047,10.155290603637695,5.0,0.0,2.5227864583333333e-06,2,0
C1155710_V02_F00006_d02a5c5a-957a-43b0-b503-99e468eeb7fd.jpg,C,C1155710,02,4096,3000,1,73.91774877929687,19.87798376909295,3.6862261666914224,82.28236389160156,11.13467025756836,5.0,0.0,1.171875e-05,1,0
C1155713_V01_F00002_27c04011-143f-4013-af01-f95b4a95fe69.jpg,C,C1155713,01,4096,3000,1,73.94125333658855,11.836098943540609,2.672857166230461,53.33141326904297,8.664918899536133,5.0,0.0,1.220703125e-06,3,0
C1155754_V02_F00005_864b4573-172d-41b4-8cd5-e8c418219164.jpg,C,C1155754,02,4096,3000,1,81.52989729817709,22.067934688263602,3.048794609517036,74.49564361572266,9.69671630859375,5.0,0.0,1.9124348958333335e-05,2,0
C1155765_V01_F00008_41128c5d-e627-4960-8aaf-428d5f78539a.jpg,C,C1155765,01,4096,3000,1,74.19841455078125,12.577719564869335,2.9230268615463135,69.33041381835938,10.637901306152344,5.0,0.0,7.32421875e-07,2,0
C1156267_V10_F00003_7b6ad1d6-c623-470e-bb4f-c26fea04ae68.jpg,C,C1156267,10,4096,3000,1,8.0986484375,13.26122922100077,0.49523848014176297,43.39583969116211,5.247339248657227,1.0,0.8678993326822917,1.2613932291666667e-05,1,0
C1156267_V11_F00003_b68bec78-6426-47af-8b00-f336007cc5df.jpg,C,C1156267,11,4096,3000,1,48.51637093098958,27.5610496900964,6.161659975867393,176.97988891601562,19.618799209594727,5.0,0.14173966471354166,0.00013175455729166666,3,0
C1156428_V01_F00005_de3141d4-015e-4c0c-85a5-90b057ac4606.jpg,C,C1156428,01,4096,3000,1,69.01226790364584,8.616087100326636,1.8183613608169764,28.97320556640625,6.201546669006348,4.0,0.0,0.0,1,0
C1156428_V02_F00005_9cdbfbd6-44f3-4a23-9470-921b1add6183.jpg,C,C1156428,02,4096,3000,1,71.58408894856771,11.10454101108903,1.7939583527421923,28.6284236907959,5.943836688995361,3.0,0.0,0.0,2,0
C1156454_V01_F00006_0832288d-331b-405e-821e-eacbade74075.jpg,C,C1156454,01,4096,3000,1,63.82388427734375,11.023890177199332,3.472443143066115,45.0878791809082,11.04700756072998,4.0,8.138020833333333e-08,1.6276041666666666e-07,4,0
C1156454_V01_F00006_bd358053-0fc6-4600-a2a8-43e0b768eb17.jpg,C,C1156454,01,4096,3000,1,63.82388427734375,11.023890177199332,3.472443143066115,45.0878791809082,11.04700756072998,4.0,8.138020833333333e-08,1.6276041666666666e-07,4,0
C1156454_V02_F00006_d6015ac5-e0f6-4b53-84ec-327b22e81cf9.jpg,C,C1156454,02,4096,3000,1,65.55100244140625,17.135418634083425,3.0301283966645123,60.54865646362305,10.596587181091309,4.0,1.1393229166666668e-06,1.0091145833333333e-05,4,0
C1156455_V01_F00005_f50766c4-1b39-4348-b525-bc6e05909cd8.jpg,C,C1156455,01,4096,3000,1,59.50205037434896,10.163911414538193,3.5429304400428467,44.16693878173828,10.305368423461914,4.0,0.0,1.6276041666666666e-07,1,0
C1156619_V11_F00010_20467f58-c259-40db-b294-61d3a78a3e15.jpg,C,C1156619,11,4096,3000,1,55.431310872395834,45.36028937605016,6.926710484239367,842.948486328125,38.106319427490234,6.0,0.17324072265625,0.004206298828125,5,0
C1156620_V11_F00007_adac4b0d-d5c1-48c4-82ce-053031ff929c.jpg,C,C1156620,11,4096,3000,1,67.6831485188802,48.62357991257499,9.02538487815088,608.8880615234375,30.401288986206055,5.0,0.18089363606770834,0.0035625,9,0
C1156621_V10_F00002_fe84d579-254e-4d2b-95ad-88c2e1d945b1.jpg,C,C1156621,10,4096,3000,1,9.373505696614583,20.54540910895258,0.47497950561862123,49.79017639160156,5.61932373046875,1.0,0.9085420735677083,7.185872395833333e-05,15,0
C1156621_V10_F00005_77eeabb6-df25-4fe5-ac9d-df2605644cf2.jpg,C,C1156621,10,4096,3000,1,11.120977945963542,24.607865238027415,0.49005708102101475,142.595458984375,7.43496561050415,1.0,0.895379638671875,0.0003836263020833333,7,0
C1156621_V10_F00008_fe5950c5-068c-4794-9792-09738516dfc7.jpg,C,C1156621,10,4096,3000,1,12.270752848307291,26.08134389975216,0.4994561030745018,121.39768981933594,6.970865249633789,1.0,0.8836167805989583,0.0002925618489583333,8,0
C1156621_V10_F00011_04030549-bb6e-40a6-ae7c-bb2a1593e6ab.jpg,C,C1156621,10,4096,3000,1,8.701111979166667,22.62597763341218,0.4609269530194332,87.12400817871094,4.584217548370361,1.0,0.9397967936197916,0.00046183268229166665,6,0
C1156621_V11_F00001_1a152819-8ad0-4c6d-9d2e-344a80776783.jpg,C,C1156621,11,4096,3000,1,37.16243147786459,45.47638460710095,4.657545491497263,296.2241516113281,21.041969299316406,3.0,0.486666015625,0.00098486328125,6,0
C1156621_V11_F00003_c30e2e80-2dde-4a7f-8576-d3aeb166b474.jpg,C,C1156621,11,4096,3000,1,64.83311279296875,47.60961927032264,10.704806964529663,485.935791015625,31.575157165527344,5.0,0.17721256510416666,0.002283447265625,5,0
C1156621_V11_F00004_f60fc63b-c524-4cb9-83b2-4422c5838ac4.jpg,C,C1156621,11,4096,3000,1,63.999513671875,46.31908586028825,11.000564301244626,621.6182861328125,35.57119369506836,6.0,0.172965576171875,0.0026713053385416666,5,0
C1156621_V11_F00005_505062e1-b808-4a28-a683-ca9be957ccf3.jpg,C,C1156621,11,4096,3000,1,68.91914803059896,51.09646063292741,13.08495379986649,881.0987548828125,40.20335388183594,7.0,0.16935408528645834,0.00486328125,8,0
C1156621_V11_F00007_a8540c88-bad3-4c23-a023-f237d6b0fa44.jpg,C,C1156621,11,4096,3000,1,66.4827871907552,46.11647097432161,10.65160111662441,769.6719970703125,38.79768371582031,7.0,0.162083251953125,0.00307080078125,9,0
C1156622_V10_F00001_75bad260-8f11-4937-aefc-1a6db1be907b.jpg,C,C1156622,10,4096,3000,1,10.432177083333332,26.526464652730258,0.4726592765097577,114.29273223876953,5.537784576416016,1.0,0.9240579427083333,0.00070166015625,4,0
C1156622_V10_F00002_5c9df06d-8d45-4866-be74-f667ae43455e.jpg,C,C1156622,10,4096,3000,1,14.818887858072916,31.505649245724967,0.4962436660282943,172.9939727783203,7.41159200668335,1.0,0.8696194661458333,0.000916015625,5,0
C1156622_V10_F00005_26a6cb11-4d9e-433d-94a5-4d3184bcf36b.jpg,C,C1156622,10,4096,3000,1,14.920368082682291,30.718600639969374,0.4969723622699133,229.77012634277344,9.309769630432129,1.0,0.8591216634114583,0.0007696940104166667,10,0
C1156622_V11_F00003_8d0a7cb5-4424-4c12-ab16-61383ce43b1b.jpg,C,C1156622,11,4096,3000,1,76.64621826171874,53.52066809971397,7.926059975136553,709.281982421875,31.483505249023438,6.0,0.14073388671875,0.006573811848958333,5,0
C1156622_V11_F00004_88e7b881-9823-41a2-a81c-2bcf87d0ec47.jpg,C,C1156622,11,4096,3000,1,72.64282218424479,51.213171673876076,7.727569274772532,839.5258178710938,36.201194763183594,7.0,0.13686905924479167,0.006997395833333334,5,0
C1156772_V12_F00007_86455210-4da2-43b5-8a52-93bd9c8a4332.jpg,C,C1156772,12,4096,3000,1,43.14669230143229,17.800346818172276,3.158613743257631,55.81861877441406,10.365031242370605,4.0,0.10730533854166667,8.138020833333334e-07,2,0
C1156773_V02_F00007_bd31837a-0ab3-4d96-995d-88f9f375b041.jpg,C,C1156773,02,4096,3000,1,60.312282958984376,29.084663649605606,2.6884848669315,46.465980529785156,10.068686485290527,3.0,0.16456697591145833,2.6041666666666666e-06,1,0
C1156774_V01_F00009_ed75c365-3183-4760-969f-b089263d69ae.jpg,C,C1156774,01,4096,3000,1,73.38678531901041,9.786988730916235,2.4629613294469683,63.68748092651367,9.721292495727539,5.0,3.662109375e-06,2.44140625e-07,1,0
C1156783_V00_F00004_548a06fa-6317-448b-99b5-bf72adee0ad6.jpg,C,C1156783,00,4096,3000,1,52.59745548502604,25.374745114048284,2.765662744427022,44.0263557434082,9.238655090332031,4.0,0.20702327473958335,0.0,1,0
C1156785_V12_F00002_936143eb-ffbf-4609-b75c-2778f476c44c.jpg,C,C1156785,12,4096,3000,1,42.474472005208334,9.869764270689641,3.683541280083153,75.83304595947266,12.674178123474121,5.0,0.00022965494791666666,3.662109375e-06,2,0
C1156785_V12_F00003_52278f94-7810-4314-8a77-6276b3559eaa.jpg,C,C1156785,12,4096,3000,1,42.94014892578125,9.375703413400545,3.02207645836084,56.36834716796875,10.618311882019043,5.0,0.00011458333333333333,1.220703125e-06,1,0
C1156819_V11_F00009_d10d695d-35f0-4a75-b371-f0b8ae0dec5d.jpg,C,C1156819,11,4096,3000,1,15.235692952473958,17.863836886698685,0.49362456599639015,18.242671966552734,4.668521881103516,1.0,0.6232534993489584,5.696614583333334e-07,1,0
C1156834_V00_F00002_65ea1587-94ce-4381-8727-721ffa1be441.jpg,C,C1156834,00,4096,3000,1,56.30851220703125,27.98348665367197,4.348161277119067,71.48924255371094,13.567599296569824,4.0,0.20478719075520832,1.6276041666666668e-06,1,0
C1156870_V00_F00002_6ea33b3c-125c-487c-b788-f484685ed78a.jpg,C,C1156870,00,4096,3000,1,69.45265755208334,35.588318454028354,2.8476759388454718,23.509679794311523,7.152180194854736,3.0,0.20495515950520835,1.6276041666666666e-07,2,0
C1157069_V01_F00011_40e37665-f4e1-40ab-9912-0fcbc188c03e.jpg,C,C1157069,01,4096,3000,1,43.93528922526042,8.439557572191243,3.138789319010921,53.19540023803711,10.129838943481445,5.0,2.1484375e-05,8.138020833333334e-07,1,0
C1157076_V00_F00004_d7f79994-6fbb-4d47-a04d-232790c5530b.jpg,C,C1157076,00,4096,3000,1,54.61967130533854,26.023605787307996,1.9805090464615835,22.162708282470703,5.951340675354004,3.0,0.21122721354166665,8.138020833333333e-08,1,0
C1157125_V10_F00008_a9609d51-9761-4fa9-9841-9343ce1b57fe.jpg,C,C1157125,10,4096,3000,1,16.843339192708335,16.716446211079585,1.7632912064592179,47.217308044433594,7.990670680999756,2.0,0.5388109537760417,4.150390625e-06,1,0
C1157130_V13_F00001_0f2b2696-11bb-420a-b9a8-148caac10257.jpg,C,C1157130,13,4096,3000,1,13.45149267578125,12.834215631940785,1.5002528762820053,6.703036308288574,3.641944646835327,1.0,0.5863330078125,0.0,1,0
C1157137_V02_F00010_c72dc62a-7a5b-4c4c-805d-3ef6a47c60f6.jpg,C,C1157137,02,4096,3000,1,17.426119466145835,29.65064507317269,0.48195705755877905,32.7919807434082,5.464353561401367,1.0,0.79606298828125,1.1393229166666667e-05,3,0
C1157149_V00_F00007_d766e2f4-73cb-446b-841d-1c871e180724.jpg,C,C1157149,00,4096,3000,1,66.85190698242188,35.109752909502895,3.245717998145467,84.16485595703125,9.968756675720215,4.0,0.20931901041666667,8.0322265625e-05,1,0
C1157208_V03_F00005_860015ba-cded-4c11-ba45-05cf5c8fe41d.jpg,C,C1157208,03,4096,3000,1,8.675342366536459,19.782741592554327,0.4956456009325565,14.783038139343262,3.8997180461883545,1.0,0.93838818359375,2.2786458333333335e-06,2,0
C1157323_V01_F00006_b0bf10b9-6175-4cd3-9a5f-356f5ebd7f7b.jpg,C,C1157323,01,4096,3000,1,77.31090315755209,20.04162200275624,7.750667750947349,651.06298828125,29.939823150634766,12.0,0.0,4.036458333333333e-05,1,0
C1157603_V10_F00002_9b7d74d5-573c-4da1-ad02-7c7ce3bbb7c0.jpg,C,C1157603,10,4096,3000,1,21.952473225911458,25.47050515574215,0.9437649602676974,75.43974304199219,10.619770050048828,2.0,0.6102268880208334,1.6276041666666666e-07,2,0
C1157603_V10_F00003_2b2c5948-92f6-494f-a3c7-633d4754233c.jpg,C,C1157603,10,4096,3000,1,20.029413655598958,22.52782212112635,0.9397419989281405,65.23704528808594,10.175739288330078,2.0,0.60275732421875,1.6276041666666666e-07,5,0
C1157603_V10_F00004_b01eb530-9b5b-4fdc-ad9f-a5b432fa630d.jpg,C,C1157603,10,4096,3000,1,18.4678564453125,20.171063161308997,0.951033569339744,44.56269836425781,8.3204345703125,2.0,0.5965376790364584,1.6276041666666666e-07,6,0
C1158017_V00_F00014_d0a0f9e4-e890-42dc-841f-28f95ba99fde.jpg,C,C1158017,00,4096,3000,1,42.528616373697915,23.4365933807211,3.340064674807536,155.75453186035156,13.380854606628418,5.0,0.22542643229166667,4.475911458333333e-06,1,0
C1159261_V01_F00019_ecf2dd64-387f-4141-bcc7-49511f0996c0.jpg,C,C1159261,01,4096,3000,1,51.080229573567706,16.04714481118608,6.42767555071878,127.89111328125,21.143056869506836,6.0,4.801432291666666e-06,1.220703125e-06,3,0
C1159566_V01_F00002_b6bc262c-beb7-4126-9e13-9fc9a53c7572.jpg,C,C1159566,01,4096,3000,1,42.81630525716146,8.930686804753849,2.4914687334158954,49.635009765625,9.019373893737793,4.0,1.3916015625e-05,8.138020833333333e-08,1,0
C1159659_V01_F00006_47eb3bad-c2c8-43c8-8eb0-338f8d5a448f.jpg,C,C1159659,01,4096,3000,1,53.001008219401044,13.527532539137567,5.240719221247728,176.72227478027344,21.61733055114746,8.0,8.951822916666667e-07,2.44140625e-07,1,0
C1160247_V10_F00004_17bd3276-8671-4c99-a7b8-fa877ac3991d.jpg,C,C1160247,10,4096,3000,1,32.74872721354166,28.39339849851334,5.142514421459138,61.44352722167969,11.087057113647461,3.0,0.44506290690104167,7.32421875e-07,2,0
C1160247_V10_F00005_635d83e0-efb5-49fb-b1b8-e6045bce5df6.jpg,C,C1160247,10,4096,3000,1,29.97908154296875,26.049995106244108,3.5796241263030972,51.112693786621094,9.26608943939209,3.0,0.448547119140625,4.069010416666667e-07,3,0
C1160358_V12_F00001_dadf79e7-3bc4-4155-86a7-c626c102b811.jpg,C,C1160358,12,4096,3000,1,36.895015462239584,32.60402957992147,4.84210638869766,45.68048858642578,10.319554328918457,2.0,0.33831640625,1.6276041666666666e-07,4,0
C1160625_V00_F00001_83902bcf-7d0b-461f-897a-f4cf375457cf.jpg,C,C1160625,00,4096,3000,1,40.72313720703125,17.694254465841237,1.9201651416386225,22.279077529907227,6.759475231170654,3.0,0.19600333658854166,0.0,1,0
C1160900_V01_F00004_39d8aab4-77f5-419c-ae73-0f2280efd2db.jpg,C,C1160900,01,4096,3000,1,68.8082978515625,7.7189963561281685,1.788406433210874,25.277835845947266,6.510997295379639,3.0,0.0,0.0,1,0
C1160988_V03_F00003_a2377648-5e2f-4114-8a5b-de55b7481f55.jpg,C,C1160988,03,4096,3000,1,58.99673811848958,36.82499664231464,2.2861648162497477,45.273040771484375,8.787947654724121,3.0,0.267466796875,8.219401041666666e-06,1,0
C1161035_V01_F00002_b1850b8e-1b6b-4d54-87f5-6ffddf439148.jpg,C,C1161035,01,4096,3000,1,62.42803694661458,7.625704033664796,1.9398124584378926,26.924142837524414,6.973696708679199,3.0,0.0,0.0,1,0
C1161080_V03_F00001_3b9692ef-7911-41a0-becf-4dd460b6fc91.jpg,C,C1161080,03,4096,3000,1,36.694129638671875,41.795387544153016,1.0021002847280822,50.870548248291016,7.695132732391357,2.0,0.6060646158854167,5.6233723958333334e-05,1,0
C1161084_V00_F00019_d648ba38-b528-4294-85df-f01269e3e7b1.jpg,C,C1161084,00,4096,3000,1,47.72806689453125,29.464053409819073,3.1766245003608238,67.57962799072266,10.611251831054688,3.0,0.30311702473958335,2.1565755208333333e-05,1,0
C1161090_V00_F00005_2c30b343-0162-43a2-ae5c-8f161a775b47.jpg,C,C1161090,00,4096,3000,1,50.830201416015626,26.75662757230607,4.120285742721576,124.62593841552734,12.89006233215332,5.0,0.21020182291666667,2.8727213541666667e-05,1,0
C1161108_V01_F00004_4bc1d490-9e8a-4619-a2a0-cef9e90347e3.jpg,C,C1161108,01,4096,3000,1,69.44041682942708,9.57218024166163,2.0369905933962436,39.73590087890625,7.524256706237793,4.0,0.0,1.3020833333333333e-06,1,0
C1161113_V02_F00003_cc979d5d-c123-4c48-82a3-e53ad858bc52.jpg,C,C1161113,02,4096,3000,1,74.14158805338542,25.85541400978544,3.4743568413067956,153.03921508789062,12.875850677490234,6.0,8.138020833333333e-08,0.00038045247395833334,1,0
C1161128_V01_F00007_18507148-9a5d-40f4-9583-bbbfdc4fb811.jpg,C,C1161128,01,4096,3000,1,89.57310042317708,15.889109115667551,3.8102267903212343,82.61515808105469,12.068708419799805,6.0,0.0,6.266276041666667e-06,1,0
C1161129_V00_F00002_c483aaf8-268e-4129-9ffe-7d967d16ccd5.jpg,C,C1161129,00,4096,3000,1,93.07468440755208,54.030408742544275,5.307958419246072,143.61993408203125,14.50854206085205,6.0,0.23050797526041666,0.0006665852864583333,2,0
C1161129_V01_F00002_05b4ecbe-0575-4436-92c5-d01c1470b5da.jpg,C,C1161129,01,4096,3000,1,128.01604614257812,26.279444332512227,5.373090557540216,250.6693572998047,17.12079620361328,10.0,0.0,0.0033460286458333335,2,0
C1161130_V01_F00002_8b4861b7-07af-49f8-82b5-ad0db3475556.jpg,C,C1161130,01,4096,3000,1,96.2789540201823,18.469353231556177,4.178364794678545,110.2774887084961,13.933850288391113,7.0,0.0,9.537760416666667e-05,2,0
C1161172_V12_F00008_5c0c16bb-5c27-414e-bed6-f1af5164c503.jpg,C,C1161172,12,4096,3000,1,58.01819962565104,15.26396831063532,3.4771022465132244,31.3422794342041,8.814642906188965,3.0,2.44140625e-06,8.138020833333333e-08,1,0
C1161271_V03_F00006_7155803a-e5e7-48a0-8865-3f3b1c1b94f0.jpg,C,C1161271,03,4096,3000,1,38.500485026041666,43.99329857220811,0.9946321204106512,91.77384185791016,9.7676362991333,2.0,0.6042830403645834,3.2145182291666664e-05,1,0
C1161279_V02_F00004_bd1f379e-1b76-4c60-b520-0d58c383a3fc.jpg,C,C1161279,02,4096,3000,1,68.40748559570312,20.213841697290558,3.640231233646545,76.28015899658203,11.618324279785156,4.0,3.2552083333333335e-06,1.708984375e-06,1,0
C1161290_V02_F00008_b094e7eb-9bc8-4057-87e2-bfaa51ddae9e.jpg,C,C1161290,02,4096,3000,1,70.24106380208333,20.91866301803429,3.505844386907565,110.1759262084961,11.80561351776123,5.0,0.0,3.9306640625e-05,1,0
C1161325_V01_F00003_9575544c-ae50-414e-972d-5ae048957900.jpg,C,C1161325,01,4096,3000,1,62.435426920572915,9.040907263407703,1.8610417827989472,25.233461380004883,6.525679588317871,3.0,0.0,8.138020833333333e-08,1,0
C1161408_V01_F00011_d4cfb5ca-2ae8-4559-b201-6924a66bb4ae.jpg,C,C1161408,01,4096,3000,1,52.45636385091146,23.172867870834388,1.7921713026447155,43.240535736083984,7.799537181854248,3.0,0.16896101888020834,5.696614583333334e-07,1,0
C1234652_V02_F00002_3c7d7188-6ae7-48a0-8b9b-ca89e45eab99.jpg,C,C1234652,02,4096,3000,1,39.099622233072914,13.399146071662193,2.556416694432567,30.193429946899414,7.603452682495117,3.0,0.006046630859375,3.173828125e-06,9,0
C1234696_V03_F00005_eeb4af39-fdf7-48ae-ba87-2241cc66ede9.jpg,C,C1234696,03,4096,3000,1,57.16135774739583,48.348902201068114,5.3054926190787945,249.89959716796875,16.55501937866211,3.0,0.420693359375,0.002324462890625,2,0
C1234696_V03_F00009_7b94e951-a860-4ba8-a719-7b5485a19a90.jpg,C,C1234696,03,4096,3000,1,57.96750594075521,47.892878380021095,4.264753615517611,154.40248107910156,13.31811237335205,3.0,0.41618212890625,0.0013150227864583332,2,0
C1235173_V01_F00006_3f8b77f3-f0ab-463c-ab9b-f5098a3324f8.jpg,C,C1235173,01,4096,3000,1,55.81151497395833,11.899869110763007,4.663896846022487,149.9995574951172,16.418045043945312,6.0,0.0,5.126953125e-06,1,0
C1235173_V01_F00009_ec7e7013-3d8a-41f0-aa0e-41ba4c93659b.jpg,C,C1235173,01,4096,3000,1,55.66343741861979,11.967322823169132,4.703938001426286,119.5210189819336,15.046390533447266,5.0,0.0,5.940755208333333e-06,2,0
C1235412_V00_F00003_2872c12a-89c7-4070-a4d6-c88bcf885fbd.jpg,C,C1235412,00,4096,3000,1,37.055024088541664,15.737103258359312,1.5413433005816648,16.299007415771484,5.006475448608398,2.0,0.20704638671875,0.0,1,0
C1235531_V01_F00008_a2da0b35-bb19-4cf0-9cfd-aa9618d6cf0c.jpg,C,C1235531,01,4096,3000,1,46.01621435546875,6.44922389788425,2.3012090293926053,35.73301696777344,8.6702241897583,4.0,0.0,0.0,1,0
C1235531_V01_F00009_0b8093fa-3356-49fd-96f8-2efe3cebae56.jpg,C,C1235531,01,4096,3000,1,45.39863191731771,6.499467756661787,2.2609439174685306,34.88907241821289,8.637928009033203,4.0,0.0,8.138020833333333e-08,1,0
C1235531_V01_F00014_7dc9b55e-3bbc-45e9-aead-44cd8d350701.jpg,C,C1235531,01,4096,3000,1,45.389615234375,6.669938116719047,2.4139993258410817,38.4722900390625,8.767258644104004,4.0,0.0,0.0,4,0
C1235531_V01_F00015_79073c0f-2b49-4564-b989-fedf0d9f0e62.jpg,C,C1235531,01,4096,3000,1,45.21891512044271,6.6268443591407795,2.4705502691909054,35.75931930541992,8.865473747253418,4.0,0.0,0.0,3,0
C1235531_V01_F00017_13592e79-fe81-4893-8959-365a0e967a06.jpg,C,C1235531,01,4096,3000,1,50.20327840169271,7.568393015003669,2.190476850723389,46.648719787597656,8.79200553894043,5.0,0.0,8.138020833333333e-08,4,0
C1235699_V03_F00001_9ad344da-1546-408b-87ed-2ad8bec1737c.jpg,C,C1235699,03,4096,3000,1,50.90004012044271,40.675559561441915,6.970605556284674,67.643798828125,17.01226234436035,3.0,0.34500341796875,0.00036800130208333335,3,0
C1235699_V03_F00003_ac9b828b-16d6-495d-9361-0fc0bc243ef3.jpg,C,C1235699,03,4096,3000,1,51.361107503255205,41.22288098914147,6.695625732702915,57.945213317871094,15.900849342346191,3.0,0.35771940104166666,0.0002119140625,5,0
C1235699_V03_F00006_4ea0c7a3-6ace-45f0-a6e7-e404f29c27ba.jpg,C,C1235699,03,4096,3000,1,43.85633846028646,35.497972900302784,4.9460269310994125,47.12980651855469,14.13177490234375,3.0,0.370605712890625,6.34765625e-06,5,0
C1236206_V11_F00007_b578bbbb-6fce-40b9-b9ab-a609149c8e63.jpg,C,C1236206,11,4096,3000,1,69.68039135742187,17.081969079032483,5.099303583895402,130.62498474121094,17.107406616210938,6.0,0.0023663736979166665,4.231770833333333e-06,3,0
C1236680_V01_F00005_e6be607a-8ea9-4f22-9dab-91401b293257.jpg,C,C1236680,01,4096,3000,1,52.723504964192706,7.813470593274842,2.2647168608172508,32.14146423339844,8.066459655761719,4.0,0.0,1.6276041666666666e-07,1,0
C1236682_V01_F00004_a0f2312d-2207-4795-914b-2e2039ac359c.jpg,C,C1236682,01,4096,3000,1,56.68597241210937,7.896457984567398,2.538075828944201,28.525541305541992,8.122457504272461,4.0,0.0,8.138020833333333e-08,2,0
C1236763_V00_F00005_24438f22-c9b5-4df8-b1f5-ab319bf9fe74.jpg,C,C1236763,00,4096,3000,1,26.031752848307292,31.11797036124156,0.623227066144465,53.12055206298828,6.6444244384765625,1.0,0.7055634765625,3.849283854166667e-05,3,0
C1236831_V12_F00001_daee3974-1117-4b41-9e30-ab0e0d6c2194.jpg,C,C1236831,12,4096,3000,1,123.57663338216146,36.96133648476613,9.728584173997202,771.7039184570312,33.45754623413086,16.0,0.0,0.0033131510416666665,2,0
C1236852_V01_F00011_6c40fd8e-0259-4eff-a195-de8eebb3dfdf.jpg,C,C1236852,01,4096,3000,1,22.8521572265625,25.712578101486052,0.5008067793599309,23.336851119995117,4.684056282043457,1.0,0.663789794921875,3.173828125e-06,1,0
C1236881_V13_F00000_78120b69-1247-4dcd-9b3d-9fb3932a5c15.jpg,C,C1236881,13,4096,3000,1,34.00431193033854,75.1799175964496,0.5113663718408488,358.87799072265625,15.175273895263672,2.0,0.82202099609375,0.08114119466145833,4,0
C1236952_V01_F00007_436eb1b9-3df1-4ad2-9a0a-898be01e4191.jpg,C,C1236952,01,4096,3000,1,92.19710465494792,10.709245901057688,3.3752671399615757,81.17974090576172,13.66553783416748,5.0,0.0,3.255208333333333e-07,1,0
C1237025_V02_F00002_b7444489-4d1e-417c-b218-fd2a3f911020.jpg,C,C1237025,02,4096,3000,1,50.59917537434896,18.0803227161066,4.065052818464624,63.92182922363281,13.86998462677002,4.0,0.000482177734375,3.0110677083333333e-06,1,0
C1237026_V02_F00001_8ecb6f76-9365-4a34-bf38-136c400f315c.jpg,C,C1237026,02,4096,3000,1,40.21717268880208,30.84398852841419,3.8807427657269518,52.18312072753906,12.608744621276855,3.0,0.30821785481770836,8.870442708333334e-06,1,0
C1237122_V00_F00002_f7c8338a-bb48-41b9-809a-233115b17a6b.jpg,C,C1237122,00,4096,3000,1,48.6595576171875,22.531680305203896,2.401666722492881,27.733741760253906,7.500208377838135,3.0,0.21120109049479166,0.0,5,0
C1237206_V12_F00003_8137fd13-448a-4481-b144-db71bd8df6c9.jpg,C,C1237206,12,4096,3000,1,70.40443798828124,14.810168814830947,4.7513166766488535,95.73761749267578,17.651771545410156,6.0,0.0,9.114583333333334e-06,7,0
C1237309_V01_F00003_fd17bf29-987b-4667-8229-3b4204eff3de.jpg,C,C1237309,01,4096,3000,1,80.77693229166667,8.639294761413232,2.152082995055975,27.98329734802246,7.371953964233398,3.0,0.0,8.138020833333333e-08,1,0
C1237353_V01_F00002_8af949c2-cbf2-480d-a251-f05f7386c099.jpg,C,C1237353,01,4096,3000,1,46.74377913411458,9.57032902832149,3.0506542549855817,80.25093841552734,12.922335624694824,6.0,3.255208333333333e-07,0.0,1,0
C1237354_V01_F00002_94eee226-7f34-49e5-93aa-185b95fb1129.jpg,C,C1237354,01,4096,3000,1,47.95845581054687,8.820615634087408,2.425578020259132,59.509361267089844,10.104806900024414,5.0,0.0,2.44140625e-07,1,0
C1237354_V01_F00003_589ba6e2-50c7-4bf6-abd1-09e54489e0c1.jpg,C,C1237354,01,4096,3000,1,49.069509602864585,9.101462729625133,2.492251639493631,66.0315170288086,10.523202896118164,5.0,0.0,0.0,1,0
C1237354_V01_F00008_cf217963-b78b-4cda-a5e8-80ba37258255.jpg,C,C1237354,01,4096,3000,1,42.21686979166667,8.43412141345499,4.31984464133739,44.52396774291992,11.213254928588867,4.0,8.951822916666667e-07,8.138020833333333e-08,1,0
C1237355_V02_F00009_d6ecd033-8515-403f-8def-b025e932ae4d.jpg,C,C1237355,02,4096,3000,1,13.009570475260416,22.267739381502427,0.4599018153399263,38.15498352050781,5.546762943267822,1.0,0.8418158365885416,1.2044270833333333e-05,9,0
C1237356_V10_F00002_9f333c29-2d50-4fdc-b3ad-986d174eb091.jpg,C,C1237356,10,4096,3000,1,34.842282796223955,23.31932411097325,3.972217258861731,56.52171325683594,11.285552978515625,3.0,0.32771915690104164,4.069010416666667e-06,2,0
C1237406_V02_F00003_1001c03a-52b9-4450-8269-4e46f678e2fc.jpg,C,C1237406,02,4096,3000,1,68.10928076171875,15.330025327122673,2.8224220597775473,49.42765808105469,9.094704627990723,4.0,0.0,1.3020833333333333e-06,1,0
C1237420_V12_F00005_d47bd8dc-dd05-4234-bbfa-fe7ebbb9cec9.jpg,C,C1237420,12,4096,3000,1,108.37567008463542,29.263557723332816,7.772273829468364,320.8982849121094,27.664825439453125,10.0,0.0,3.116861979166667e-05,1,0
C1237421_V10_F00000_8aa2a520-9914-409b-8c6b-c49c621870be.jpg,C,C1237421,10,4096,3000,1,15.924492106119791,21.255261752210135,0.501228248277228,30.183382034301758,5.631876468658447,2.0,0.8105372721354167,5.696614583333334e-07,1,0
C1237507_V01_F00003_7cf2689f-c0f0-44a8-b425-00f7d1ffb4df.jpg,C,C1237507,01,4096,3000,1,36.198103352864585,5.379688666290937,2.024699533002625,22.707252502441406,8.163286209106445,3.0,1.8717447916666666e-06,1.6276041666666666e-07,1,0
C1237507_V01_F00004_afc33390-f5a1-473e-86b2-cc3de96d38a6.jpg,C,C1237507,01,4096,3000,1,34.9700322265625,5.358035702943158,1.876487878511654,20.57398223876953,7.525399208068848,3.0,6.7545572916666665e-06,8.138020833333333e-08,3,0
C1237507_V02_F00002_b75d3cce-7341-45ea-8e41-acbb5168cb4e.jpg,C,C1237507,02,4096,3000,1,42.542841715494795,12.498437690291151,2.0816863289951844,24.786901473999023,7.97080135345459,3.0,0.0049077962239583335,1.708984375e-06,1,0
C1237507_V02_F00003_fa0ee19c-329e-49c0-a295-9869fbf204df.jpg,C,C1237507,02,4096,3000,1,41.95036401367187,12.806586671086222,2.2712186920973725,27.581363677978516,8.408246994018555,3.0,0.003709554036458333,7.32421875e-07,1,0
C1237561_V01_F00032_2c6705ce-1b20-4afd-8846-58e3265346b8.jpg,C,C1237561,01,4096,3000,1,42.080976888020835,8.122440644748393,2.930178237306304,38.90088653564453,10.83609676361084,4.0,1.46484375e-06,7.32421875e-07,1,0
C1237682_V00_F00001_cff9b591-b6aa-4981-b5f3-bd245f442b3f.jpg,C,C1237682,00,4096,3000,1,47.04157739257813,21.463660796348616,1.9275864210101492,17.626893997192383,5.592936038970947,2.0,0.210916259765625,0.0,1,0
C1237889_V01_F00009_8d72dc62-68a5-4954-8434-c87cdc0a1d2c.jpg,C,C1237889,01,4096,3000,1,42.963761311848955,31.380570616696666,2.851874788539835,47.748085021972656,8.900660514831543,3.0,0.38409147135416666,1.5462239583333333e-06,2,0
C1237900_V01_F00003_aefd7c4b-0cdc-4c79-bf30-4a0795d34c29.jpg,C,C1237900,01,4096,3000,1,64.73542008463542,10.788787947913905,3.375816359130554,76.09070587158203,12.32716178894043,6.0,0.0,1.0579427083333333e-06,1,0
C1237900_V01_F00004_b77039af-78d5-4d13-a748-679ad5f69aa1.jpg,C,C1237900,01,4096,3000,1,64.7239306640625,10.340319440515913,3.088361330800158,65.93431091308594,11.164109230041504,5.0,0.0,7.32421875e-07,2,0
C1237900_V01_F00005_b377b0df-058a-4ffb-b5ac-41a61226ac04.jpg,C,C1237900,01,4096,3000,1,63.06944083658854,10.138697572581043,3.061989583267926,66.0921630859375,11.1371431350708,5.0,0.0,6.510416666666666e-07,3,0
C1238058_V12_F00001_a5ef8e03-5145-4492-85d8-90da9d4d349c.jpg,C,C1238058,12,4096,3000,1,155.64232853190103,82.8847826095178,9.21005435163429,339.32861328125,27.194955825805664,4.0,0.122076416015625,0.27463460286458335,5,0
C1238149_V01_F00007_b85d9b39-7ce2-4c58-b01e-efb9d14314e8.jpg,C,C1238149,01,4096,3000,1,58.82275504557292,8.207037811707515,2.4155394558736485,36.80720138549805,8.927825927734375,4.0,0.0,1.6276041666666666e-07,1,0
C1238149_V01_F00008_f47d7171-9383-4c9e-8501-f0bf5cbdccf5.jpg,C,C1238149,01,4096,3000,1,58.72671459960937,8.100053624482397,2.262441499376301,33.917110443115234,8.370387077331543,4.0,0.0,8.138020833333333e-08,1,0
C1238149_V02_F00007_68ed5e8d-c7c7-4763-b849-d6e361d7c125.jpg,C,C1238149,02,4096,3000,1,62.817545572916664,17.02226028316044,2.9675384272185275,64.68727111816406,11.212034225463867,4.0,0.0,2.2786458333333335e-06,3,0
C1238505_V13_F00007_c43744bc-5727-40c4-a87c-4e7a20c23e28.jpg,C,C1238505,13,4096,3000,1,98.35452807617187,75.92482470750063,6.907309855131629,132.83059692382812,15.704256057739258,3.0,0.33939322916666664,0.0006524251302083334,6,0
C1238506_V10_F00003_5a130be8-044b-42c5-bcab-7c043ff11bae.jpg,C,C1238506,10,4096,3000,1,39.3715615234375,22.250377922303752,2.5290263100916164,28.97233009338379,7.75664758682251,3.0,0.23019710286458334,0.0,4,0
C1238700_V13_F00009_5a66c1e8-59bf-4fe3-81b2-ca1b4d6049b9.jpg,C,C1238700,13,4096,3000,1,70.98331420898438,66.50203015423293,8.17656578116665,297.2946472167969,21.359495162963867,3.0,0.445156494140625,0.0013170572916666667,2,0
C1238772_V13_F00002_0d445476-b5b2-4e87-835a-d171fa5d135d.jpg,C,C1238772,13,4096,3000,1,122.10702099609375,77.88743543466897,11.13336924307626,863.4492797851562,33.37548065185547,12.0,0.22405232747395834,0.03331380208333334,2,0
C1238817_V13_F00001_861ab7df-7524-4bbc-9809-f3de3b07c463.jpg,C,C1238817,13,4096,3000,1,72.06301009114583,87.11734586350372,5.448780745822567,452.02203369140625,26.761146545410156,3.0,0.558561279296875,0.04687003580729167,1,0
C1238823_V00_F00000_7b7e0210-7d9b-4132-aacd-79a1718898a6.jpg,C,C1238823,00,4096,3000,1,15.889454427083333,20.654273127522746,0.4967545433438214,10.300541877746582,3.4732508659362793,1.0,0.8069034830729167,0.0,1,0
C1238861_V03_F00007_cb83f6c9-032f-496a-8908-56d1da582c03.jpg,C,C1238861,03,4096,3000,1,64.25634871419271,42.091649043571294,3.664951123511241,72.38155364990234,11.002734184265137,3.0,0.31832609049479166,0.00010221354166666667,2,0
C1238898_V11_F00002_b6acc7d8-e1f3-4fdd-9655-b39a81f2f595.jpg,C,C1238898,11,4096,3000,1,43.468552734375,25.616284665049267,4.794086221200007,128.74551391601562,15.370957374572754,5.0,0.225109375,2.44140625e-06,2,0
C1238898_V13_F00001_6d090fdb-8b9b-424c-81cd-9ef5a945d043.jpg,C,C1238898,13,4096,3000,1,78.9965595703125,50.57229302032901,11.5094071269034,605.9757690429688,33.182212829589844,10.0,0.22808203125,0.001003173828125,4,0
C1238918_V12_F00002_930784eb-e695-499a-91ec-4d74b8a15273.jpg,C,C1238918,12,4096,3000,1,63.85800244140625,20.53407265384169,7.53224177536069,256.45062255859375,26.285327911376953,10.0,6.241861979166666e-05,1.7333984375e-05,1,0
C1238919_V13_F00010_7adb0de0-3d7b-4622-87a7-f5df80c8bc27.jpg,C,C1238919,13,4096,3000,1,94.44899235026041,57.167875850356744,7.259439219190871,311.9617004394531,25.312898635864258,7.0,0.23459423828125,0.00019295247395833333,2,0
C1238920_V00_F00010_51df833f-9f27-4741-8557-c2d25c5acf3c.jpg,C,C1238920,00,4096,3000,1,18.208011393229167,23.062617292579464,0.5112234989967832,30.008459091186523,5.300192356109619,1.0,0.7674454752604166,1.220703125e-06,2,0
C1238928_V02_F00008_618c8961-53fc-4df3-bb88-ac7eddb39db3.jpg,C,C1238928,02,4096,3000,1,49.79059090169271,55.253181102397754,2.118943346575268,190.58314514160156,12.978670120239258,2.0,0.5440089518229166,0.00037662760416666666,1,0
C1239076_V13_F00002_7b6ab72a-3ba6-4f7d-9cba-e4ef09c967c5.jpg,C,C1239076,13,4096,3000,1,108.29574210611979,66.16577456557525,10.392884350392686,401.5862121582031,30.022171020507812,8.0,0.2294833984375,0.0007740071614583333,1,0
C1239135_V13_F00007_1efe6c65-98eb-49cb-be69-8f1bc4aa520a.jpg,C,C1239135,13,4096,3000,1,93.34979646809896,66.85866945102174,7.740653494836268,234.0784149169922,20.448444366455078,5.0,0.3086324869791667,0.00010074869791666667,1,0
C1239138_V10_F00005_40c856eb-97fe-4354-b2ad-f0db5de0a6c5.jpg,C,C1239138,10,4096,3000,1,15.4457939453125,18.599388790059507,0.5056250760443467,22.584245681762695,4.406045436859131,1.0,0.780635986328125,0.0,2,0
C1239162_V13_F00012_2fda64da-493d-43bb-8d06-a6bc09e75faf.jpg,C,C1239162,13,4096,3000,1,66.59097493489584,61.67736166788599,6.927483377025149,158.76589965820312,16.74917984008789,3.0,0.4559191080729167,7.194010416666667e-05,1,0
C1239224_V02_F00012_87e82fe0-6497-4b63-9768-24897ba6a8a8.jpg,C,C1239224,02,4096,3000,1,35.76937622070312,39.70790018583034,1.7842064315353445,99.8783950805664,9.371685981750488,2.0,0.5426840006510417,0.0002887369791666667,2,0
C1239262_V02_F00006_01b45a67-fa9c-4e55-b9fb-bb079e45cb6a.jpg,C,C1239262,02,4096,3000,1,73.07219026692708,13.165830333482521,2.2929352148428572,43.3748893737793,7.942409038543701,4.0,0.0,3.0110677083333333e-06,2,0
C1239336_V13_F00003_bb20af57-1798-49bd-871b-31d94b4659d1.jpg,C,C1239336,13,4096,3000,1,123.76992862955728,76.2596775494606,9.992647906679258,479.3031311035156,30.116853713989258,10.0,0.22190584309895833,0.022909098307291667,2,0
C1239470_V00_F00006_1e9bd53c-e626-4c26-8af5-5ebee6cf4c2f.jpg,C,C1239470,00,4096,3000,1,57.2259833984375,28.743524296623942,2.6109728563884804,20.24420738220215,7.2170729637146,2.0,0.221495361328125,2.44140625e-07,3,0
C1239470_V01_F00006_7e091af5-a5e7-4805-84b4-f30c9fb36532.jpg,C,C1239470,01,4096,3000,1,72.77548030598959,7.2755894879993726,1.7926868663063753,19.151050567626953,6.343588352203369,3.0,0.0,0.0,3,0
C1239514_V10_F00000_cfa1a927-ec28-4905-98ec-94a18cae9086.jpg,C,C1239514,10,4096,3000,1,15.556890462239583,20.08774449683433,0.5003535624832505,38.38151931762695,6.37776517868042,2.0,0.7870730794270834,1.0660807291666667e-05,1,0
C1239524_V10_F00001_5e953016-789d-44ee-be8c-cd67ca2a407c.jpg,C,C1239524,10,4096,3000,1,27.741122233072918,30.005096214989912,0.9568020939700578,71.62405395507812,9.679638862609863,2.0,0.6214659830729167,4.9886067708333335e-05,1,0
C1239530_V01_F00004_4a4519b6-0d0b-4580-a29f-03e959997739.jpg,C,C1239530,01,4096,3000,1,93.53818408203125,15.307305357717963,2.8966658730415995,70.99949645996094,10.066815376281738,5.0,0.0,5.696614583333334e-06,4,0
C1239530_V02_F00003_bc3e3134-3a3f-4a7f-a8db-9b3d7e4574c7.jpg,C,C1239530,02,4096,3000,1,95.7153768717448,28.537150006814795,3.5362668845141276,75.38871002197266,10.471073150634766,5.0,0.0,9.521484375e-05,2,0
C1239530_V02_F00004_32a37536-0ffc-43ef-b36e-540f2c039a19.jpg,C,C1239530,02,4096,3000,1,90.0219628092448,24.289375074545724,3.272618482283594,65.46892547607422,9.521066665649414,5.0,0.0,2.1809895833333334e-05,1,0
C1239540_V12_F00001_3e2835c5-a56d-4fcb-a9ba-5cee00c42e1e.jpg,C,C1239540,12,4096,3000,1,64.80388720703125,49.57883112770894,8.848023817387752,432.8990478515625,28.5128116607666,5.0,0.3635691731770833,0.0005043131510416666,1,0
C1239631_V02_F00008_ee193aed-3897-496b-a984-b6590d46fdf7.jpg,C,C1239631,02,4096,3000,1,72.93829280598959,16.896872866448266,3.4665128212105127,69.9698715209961,12.288727760314941,5.0,0.0,4.2887369791666666e-05,2,0
C1239638_V03_F00007_526234b4-6138-4250-a542-153f4df9702f.jpg,C,C1239638,03,4096,3000,1,30.62484912109375,36.0544965474587,1.3708436373627841,42.92080307006836,7.820160388946533,2.0,0.661133056640625,4.0690104166666664e-05,1,0
C1240253_V03_F00005_2e717029-fc29-42aa-86f7-fdd0ef000641.jpg,C,C1240253,03,4096,3000,1,23.93990584309896,41.279100707409896,0.5014641262283908,43.82041549682617,6.579862117767334,1.0,0.7977709147135417,0.00016731770833333334,1,0
C1240292_V02_F00004_f870af20-027b-49d5-a6e0-4cc9901a6327.jpg,C,C1240292,02,4096,3000,1,85.69153035481771,28.3760206895305,4.161760515691434,177.44822692871094,17.620174407958984,8.0,0.0,0.0008754069010416666,1,0
C1240417_V02_F00003_755afce5-1d7e-4873-aab5-ef9cb8e8d5f5.jpg,C,C1240417,02,4096,3000,1,61.66923974609375,10.77155157826084,1.8005856951373942,26.671958923339844,6.147094249725342,3.0,0.0,0.0,1,0
C1240478_V10_F00001_e7a1c47d-855f-4edd-87aa-afb60e7a618e.jpg,C,C1240478,10,4096,3000,1,18.395557861328125,24.037525785241037,0.49980110033835934,52.22943115234375,7.299927711486816,2.0,0.7609317220052083,5.452473958333333e-06,2,0
C1240516_V01_F00009_c32f62b8-3cae-4be8-80dc-b42d8b8746d0.jpg,C,C1240516,01,4096,3000,1,60.89138460286458,7.888120460206213,2.0449225966822633,32.7728271484375,7.569545745849609,4.0,0.0,0.0,1,0
C1240588_V01_F00016_2b54ba42-dce5-4fc3-87a9-b95f78307ca0.jpg,C,C1240588,01,4096,3000,1,83.74156477864584,11.312413463902864,2.6221515913370776,57.25213623046875,9.451889038085938,5.0,0.0,0.0,1,0
C1240595_V02_F00003_40564689-5d9d-4c69-8147-d2725a62f4cd.jpg,C,C1240595,02,4096,3000,1,63.797317220052086,21.08938324622932,4.130607576443951,88.0658950805664,14.7500638961792,5.0,1.0172526041666666e-05,2.587890625e-05,1,0
C1240626_V01_F00009_dba80c58-fa79-4316-8290-f8f3169d6105.jpg,C,C1240626,01,4096,3000,1,63.676758219401044,11.18902206193405,3.249651435978182,42.694576263427734,9.424745559692383,3.0,2.44140625e-07,1.5462239583333333e-06,1,0
C1240669_V00_F00007_d21e2458-ea5f-43d1-9358-0e6e8273d1b2.jpg,C,C1240669,00,4096,3000,1,58.13997566731771,33.15626851131562,5.700490989107132,157.2963409423828,14.952940940856934,5.0,0.21882421875,0.000174560546875,1,0
C1240674_V00_F00006_cddcb8a4-83f9-466c-b454-601c5e77706c.jpg,C,C1240674,00,4096,3000,1,55.94610872395833,31.287839591081376,5.014010094172914,138.964599609375,14.583495140075684,5.0,0.215419189453125,0.00011067708333333333,1,0
C1240694_V00_F00010_b63daa33-79d4-4fd6-a9bc-29802069e6ec.jpg,C,C1240694,00,4096,3000,1,53.60868082682292,30.113381025686778,4.432376448468878,157.9254150390625,13.97756290435791,5.0,0.22723860677083332,9.912109375e-05,1,0
C1240696_V02_F00012_13204a35-2774-481d-8c8c-e867ea9fb270.jpg,C,C1240696,02,4096,3000,1,32.95204638671875,34.27876113717373,2.1833737727597224,79.0898666381836,9.223631858825684,2.0,0.5222749837239583,9.114583333333334e-05,1,0
C1240770_V02_F00007_1481b2de-d4db-43f1-ac46-0b72b6587011.jpg,C,C1240770,02,4096,3000,1,105.65259879557291,23.749676219027318,4.636306803048427,53.706764221191406,13.498747825622559,4.0,0.0,8.138020833333333e-08,2,0
C1240770_V03_F00007_faf5772c-639d-464e-b154-941db477b935.jpg,C,C1240770,03,4096,3000,1,91.14878694661458,53.61529612881922,5.533967869825561,53.64488983154297,12.63295841217041,4.0,0.24684847005208332,2.44140625e-07,1,0
C1240796_V10_F00004_49ff0aac-762b-451f-9317-e1316f584a87.jpg,C,C1240796,10,4096,3000,1,42.826980143229164,32.61787972571239,4.851730862173991,82.61774444580078,15.081037521362305,3.0,0.3750216471354167,6.34765625e-06,1,0
C1240815_V01_F00002_108ec51d-e149-4eb2-8ae3-7eb11016fb03.jpg,C,C1240815,01,4096,3000,1,92.98801782226562,15.658877515660665,4.26526027183295,112.03252410888672,16.509389877319336,7.0,0.0,3.5807291666666666e-06,2,0
C1240869_V00_F00004_81449a86-62e1-4c17-bc52-bf0bd69e7418.jpg,C,C1240869,00,4096,3000,1,60.271364420572915,31.210216072028484,2.924247819685122,51.25370788574219,8.550809860229492,4.0,0.21595572916666667,5.696614583333334e-07,1,0
C1241598_V00_F00001_2683f340-29d0-40d4-979e-99037f7a19f1.jpg,C,C1241598,00,4096,3000,1,60.11231795247396,29.78807453110476,2.7292250562649656,29.286781311035156,7.636202335357666,3.0,0.211792236328125,0.0,1,0
C1241612_V03_F00005_b37f3c1e-df81-47f6-b1b7-671166ec1704.jpg,C,C1241612,03,4096,3000,1,64.37097062174479,42.23236754177854,2.9670645420042514,52.95051956176758,9.757233619689941,3.0,0.3251840006510417,3.255208333333333e-07,1,0
C1241615_V01_F00009_8c0bb97c-3082-4ff9-a267-d597efc4a78e.jpg,C,C1241615,01,4096,3000,1,102.880017578125,18.3599108003292,3.89128010732849,149.62603759765625,14.350236892700195,8.0,0.0,0.00018684895833333333,1,0
C1241616_V01_F00002_c2596933-309f-4b26-8542-536bfdf8d4c8.jpg,C,C1241616,01,4096,3000,1,105.94582543945313,18.577381851808425,4.153610960971756,131.7135772705078,13.7207612991333,7.0,0.0,0.000218505859375,3,0
C1241616_V01_F00004_39e33ca9-34d9-4192-8bda-a315aba95454.jpg,C,C1241616,01,4096,3000,1,106.12884814453125,17.968907971535305,4.002547511405245,127.3592300415039,14.492279052734375,7.0,0.0,0.00019807942708333334,2,0
C1241616_V01_F00005_d0f56a5d-63b8-4b4f-aca9-649512aa4f84.jpg,C,C1241616,01,4096,3000,1,104.2273828938802,16.410928293244208,3.5441972548656566,109.51360321044922,12.702974319458008,7.0,0.0,9.269205729166666e-05,1,0
C1241638_V10_F00002_e5efc98e-f5df-4861-8b6f-54f9683260f9.jpg,C,C1241638,10,4096,3000,1,40.58950634765625,30.707681980110323,3.411218409422702,71.37985229492188,9.633794784545898,3.0,0.38845060221354166,8.138020833333334e-07,1,0
C1241789_V00_F00002_0eccdbd1-8366-40bc-8c1f-59c10d8bc4eb.jpg,C,C1241789,00,4096,3000,1,51.879180908203125,24.777109232585822,2.1371163105519275,27.110336303710938,6.300300598144531,3.0,0.21171232096354167,0.0,5,0
C1241842_V03_F00004_841ba04e-a024-4e25-bd10-1802794f8a98.jpg,C,C1241842,03,4096,3000,1,47.25789794921875,40.79620676446699,2.28854361258402,31.598031997680664,6.92832088470459,2.0,0.47694059244791664,5.696614583333334e-07,1,0
C1241843_V10_F00003_95e0157c-bdd1-4eac-a896-ea8fdefd468c.jpg,C,C1241843,10,4096,3000,1,40.32693497721354,29.201901383794798,3.3566511490795405,68.6970443725586,9.763055801391602,3.0,0.365314208984375,2.0345052083333333e-06,1,0
C1241843_V11_F00003_bfa07219-b3a9-44fd-8cd5-7e94958dcbc8.jpg,C,C1241843,11,4096,3000,1,70.08477001953125,18.53392448591981,4.101173054024795,155.96377563476562,16.020898818969727,7.0,2.0345052083333333e-06,1.8717447916666666e-06,2,0
C1241845_V03_F00009_1743b092-b2ff-4e00-93da-109d2374ae9e.jpg,C,C1241845,03,4096,3000,1,63.308990478515625,43.79390390532628,3.687967639449119,75.47380065917969,11.154264450073242,3.0,0.338365478515625,5.6315104166666665e-05,1,0
C1241902_V11_F00009_7f28881b-d4fe-4ee1-a964-f1319147437e.jpg,C,C1241902,11,4096,3000,1,71.17902392578125,28.010275279525175,4.830780084442846,120.50386810302734,16.290233612060547,6.0,0.036027018229166666,0.0,18,0
C1241983_V10_F00001_63053087-4f72-434a-ad0b-99451912a91f.jpg,C,C1241983,10,4096,3000,1,13.465106119791667,19.876115998094996,0.49181430716210445,16.016361236572266,4.3588547706604,1.0,0.8725960286458333,1.6276041666666666e-07,3,0
C1241983_V10_F00009_e501374c-1310-4539-8a29-0927821d8b76.jpg,C,C1241983,10,4096,3000,1,15.925437906901042,22.549098260018667,0.49264292820395844,33.64009475708008,5.896495342254639,1.0,0.8288701985677084,7.649739583333333e-06,5,0
C1241983_V11_F00009_339fa553-d9be-41b2-9c9d-e4f73362750e.jpg,C,C1241983,11,4096,3000,1,56.559899251302085,22.7180412752592,4.483181153587882,71.18846893310547,12.878910064697266,5.0,0.10599772135416667,4.8828125e-07,2,0
C1242045_V01_F00003_1d51e781-80ac-46ef-805a-50627f1fb788.jpg,C,C1242045,01,4096,3000,1,95.36497371419271,13.298139169432272,3.6372245341436464,90.6217269897461,12.692761421203613,6.0,0.0,1.3020833333333333e-06,3,0
C1242045_V01_F00011_c6a32e7b-7958-423e-a0d8-0dc7b47bc54e.jpg,C,C1242045,01,4096,3000,1,92.79430216471354,13.156818537504178,3.3610018928846586,82.5108871459961,11.746082305908203,6.0,0.0,1.953125e-06,3,0
C1242045_V02_F00006_a4722193-294a-42c9-bf5c-2eeda5b27a36.jpg,C,C1242045,02,4096,3000,1,90.11215494791666,23.49041185462037,3.7766863603358214,110.72437286376953,11.799481391906738,5.0,0.0,6.697591145833333e-05,1,0
C1242047_V01_F00004_f7b26b39-cc7f-4b7c-9564-9f55fed8716c.jpg,C,C1242047,01,4096,3000,1,90.55603873697916,11.65533484560108,2.993359763470672,63.06517791748047,10.4536714553833,5.0,0.0,5.696614583333334e-07,2,0
C1242047_V01_F00012_4445a984-66e4-485f-8cac-3532c2771271.jpg,C,C1242047,01,4096,3000,1,38.282423014322916,44.05133635472156,0.5053688183532312,51.49007797241211,7.6350297927856445,2.0,0.6153944498697916,8.683268229166667e-05,2,0
C1242048_V01_F00002_3c6284d6-0ac5-4bcd-a15d-c101d42d5f17.jpg,C,C1242048,01,4096,3000,1,89.15140991210937,12.255243533492452,3.3015956939853215,67.11259460449219,11.312272071838379,5.0,0.0,4.39453125e-06,2,0
C1242365_V02_F00007_9093f8f6-131b-4978-af0d-1e5f14a8ed13.jpg,C,C1242365,02,4096,3000,1,71.36447884114584,46.23979552295926,3.3419521236478147,113.47891998291016,11.834665298461914,4.0,0.29261865234375,4.8828125e-07,2,0
C1242365_V02_F00008_702617eb-c199-471f-aa11-c09d26b57a73.jpg,C,C1242365,02,4096,3000,1,68.90054907226562,44.52631461200987,3.0691536056101367,113.51962280273438,11.662256240844727,4.0,0.2909790852864583,1.220703125e-06,3,0
C1242371_V13_F00002_a2897d66-1ee4-46e3-ae84-1665fa3bdd4d.jpg,C,C1242371,13,4096,3000,1,97.28161075846354,63.012463371849435,14.00314395764138,428.2582092285156,36.39433288574219,8.0,0.22834554036458332,0.000859375,1,0
C1242374_V11_F00011_e30596f2-dd55-4199-ba63-95736af682f9.jpg,C,C1242374,11,4096,3000,1,16.487275227864583,23.608776737830688,0.48541864811794755,23.68287467956543,5.68247127532959,1.0,0.807969970703125,1.220703125e-06,1,0
C1242442_V11_F00013_fa100843-7624-46e0-bdc3-47d2c1fe146b.jpg,C,C1242442,11,4096,3000,1,40.01517252604167,12.645452908737964,3.4914624859709087,66.04246520996094,11.795613288879395,4.0,0.03663077799479167,1.0579427083333333e-06,1,0
C1242444_V13_F00127_a9d22a65-cf83-4d26-a584-5c78370f0c52.jpg,C,C1242444,13,4096,3000,1,71.5547530110677,43.51353627720187,7.764764321943682,339.59735107421875,25.46494483947754,6.0,0.2291201171875,0.0009483235677083333,3,0
C1242476_V11_F00000_934242e0-ad61-4ba6-891a-a1468da7d33f.jpg,C,C1242476,11,4096,3000,1,8.475576171875,15.36563537514242,0.4464055033505513,108.0613021850586,5.478176593780518,1.0,0.9469938151041667,0.0002216796875,2,0
C1242524_V03_F00005_15a1408f-0e93-4a6f-89f2-5ee12fe8358b.jpg,C,C1242524,03,4096,3000,1,7.164081380208334,14.162646451642106,0.45781271438996163,7.737755298614502,2.905721664428711,1.0,0.9451923014322917,1.220703125e-06,3,0
C1242553_V00_F00028_0410fae2-2b10-4316-8186-010e806e6a50.jpg,C,C1242553,00,4096,3000,1,50.64843204752604,25.018490515353836,4.012255199342161,42.12845230102539,10.650042533874512,3.0,0.21091552734375,2.848307291666667e-06,4,0
C1242553_V03_F00026_41695794-9d52-429b-a85b-5188a7b8b6d4.jpg,C,C1242553,03,4096,3000,1,41.61814298502604,41.84068122905806,2.0477974523646685,51.48103713989258,9.571661949157715,2.0,0.5549410807291667,2.3111979166666666e-05,2,0
C1242593_V13_F00006_1d60a0d0-2d7e-4e2b-b241-e40185d7390d.jpg,C,C1242593,13,4096,3000,1,71.92628361002605,41.25332349567452,5.297128794822186,99.74159240722656,14.543010711669922,4.0,0.224018310546875,2.4495442708333333e-05,1,0
C1242624_V03_F00007_483a86c7-7718-416b-bfc8-54e65271267f.jpg,C,C1242624,03,4096,3000,1,20.421721435546875,36.10952835012068,0.5208250210855061,23.933738708496094,5.463705539703369,1.0,0.8274960123697916,5.696614583333334e-07,1,0
C1242625_V02_F00001_cca4a9b0-275b-4aab-abd6-659c2912d016.jpg,C,C1242625,02,4096,3000,1,79.48440812174479,17.536846344549613,3.5762657206864423,83.61827850341797,12.331878662109375,5.0,0.0005817057291666667,7.32421875e-07,2,0
C1242625_V12_F00008_18136d68-7f03-40fe-80f5-4774ca35f3d9.jpg,C,C1242625,12,4096,3000,1,75.26717740885417,23.417623937135538,8.5667490878431,232.8487548828125,29.795364379882812,9.0,2.44140625e-07,1.1393229166666668e-06,1,0
C1242660_V02_F00004_7d7f97fb-4c5e-4cd5-979a-cb9e9daf410f.jpg,C,C1242660,02,4096,3000,1,82.88754720052083,19.81213397662487,3.6799357433238136,72.0540542602539,12.91476821899414,4.0,0.0,6.510416666666666e-07,2,0
C1242661_V01_F00005_f20a616a-26c1-4be1-b316-f040fd42bd2a.jpg,C,C1242661,01,4096,3000,1,85.45997216796874,10.25637662833196,2.8636343138145,52.24230194091797,10.664690017700195,4.0,0.0,4.069010416666667e-07,1,0
C1242661_V01_F00006_a1a58e36-7a2b-414e-95c1-a518329209ec.jpg,C,C1242661,01,4096,3000,1,85.29734334309896,10.046084765422256,2.597452205607488,38.628326416015625,9.119305610656738,4.0,0.0,0.0,1,0
C1242662_V01_F00002_4ef2bb70-4b77-400a-a4e7-1d605d73280f.jpg,C,C1242662,01,4096,3000,1,84.5954188639323,10.767492160568581,3.0601474035616807,78.29484558105469,11.334283828735352,5.0,0.0,2.44140625e-07,4,0
C1242706_V01_F00001_aaf3c629-3701-48a1-bc8e-ba308876893d.jpg,C,C1242706,01,4096,3000,1,58.44037662760417,22.070194864762016,2.163091036533027,43.23942947387695,8.730818748474121,3.0,0.119731201171875,2.197265625e-05,3,0
C1242749_V02_F00003_a9d32fcb-f553-47c0-95c5-f282ee6167f7.jpg,C,C1242749,02,4096,3000,1,55.91500561523438,28.550444024536272,3.7878273233884263,123.14250183105469,12.7977294921875,5.0,0.15516748046875,5.143229166666667e-05,2,0
C1242814_V00_F00001_edf2f164-f144-4f00-96b7-92a8e93395e7.jpg,C,C1242814,00,4096,3000,1,60.99667228190104,32.21920138521284,4.511534392892619,94.14653015136719,13.71308708190918,4.0,0.208169677734375,0.000126708984375,1,0
C1242831_V01_F00011_9002dc23-a545-487f-a664-dcf35972f0db.jpg,C,C1242831,01,4096,3000,1,24.101367838541666,29.520068293973164,0.5023072785291709,146.19020080566406,10.261941909790039,2.0,0.6402670084635417,0.0002571614583333333,1,0
C1243059_V00_F00001_726d4e50-6f6d-4b3d-9865-c48056f8fee0.jpg,C,C1243059,00,4096,3000,1,54.923656982421875,69.71147161471796,0.8131441786344881,160.35728454589844,13.873603820800781,2.0,0.6428203125,0.00035677083333333334,2,0
C1243083_V03_F00008_aad60518-0934-46ff-955b-c5b08d4cab17.jpg,C,C1243083,03,4096,3000,1,79.276240234375,64.43672574016205,6.583582996417004,216.1909637451172,20.332809448242188,3.0,0.39196858723958333,0.000109619140625,3,0
C1243084_V03_F00002_46993a01-d55c-4423-96d5-46b3319cef92.jpg,C,C1243084,03,4096,3000,1,89.84249194335938,65.9517762355511,3.7200431584558826,56.06767654418945,10.658312797546387,3.0,0.36025455729166667,5.289713541666667e-06,3,0
C1243108_V10_F00001_95a66819-7acd-4441-9f19-4c0c214385ed.jpg,C,C1243108,10,4096,3000,1,21.45275390625,23.625301810668283,0.6367208046962318,65.08952331542969,9.703861236572266,2.0,0.659100830078125,3.662109375e-06,1,0
C1243161_V00_F00007_650101f1-7e8b-4c7d-9a48-bad663fb74bb.jpg,C,C1243161,00,4096,3000,1,53.434790364583336,26.57326170443331,2.7225880015376767,22.776765823364258,7.144887924194336,3.0,0.22274080403645832,0.0,1,0
C1243226_V03_F00000_3ecaf361-c967-4625-a402-7c860a7f6272.jpg,C,C1243226,03,4096,3000,1,28.032201904296876,52.15085722132974,0.5068701901607338,95.2854995727539,8.984367370605469,1.0,0.8109996744791667,0.00075537109375,2,0
C1243226_V11_F00002_b133680d-766e-49e4-9bdc-dd55e4b95377.jpg,C,C1243226,11,4096,3000,1,75.57321394856771,22.686181777825414,5.604807874033625,178.21841430664062,25.300796508789062,8.0,8.138020833333333e-08,8.138020833333333e-08,1,0
C1243229_V02_F00006_e3b92db7-1033-452c-bb27-57cda92a3b49.jpg,C,C1243229,02,4096,3000,1,82.6471084798177,17.67997911492035,2.821556557259057,55.313941955566406,9.645551681518555,5.0,0.0,8.463541666666666e-06,1,0
C1243240_V00_F00009_d5efc5e4-8625-41a5-88a2-80489089a461.jpg,C,C1243240,00,4096,3000,1,59.572929280598956,30.07896483954741,2.5162334718691426,30.0804500579834,7.467682361602783,3.0,0.22540576171875,0.0,1,0
C1243241_V03_F00003_191443e7-9af9-4049-b31a-41c4a8f260a2.jpg,C,C1243241,03,4096,3000,1,72.88899104817709,57.62357838082468,4.849717487362052,143.52490234375,13.051530838012695,4.0,0.392262451171875,0.0006177571614583334,2,0
C1243243_V12_F00006_b19515f5-96b7-452c-9f0a-565527f2f959.jpg,C,C1243243,12,4096,3000,1,88.13065600585938,23.198881876784537,5.20109170288161,262.4801940917969,19.811603546142578,9.0,0.0,1.5787760416666666e-05,2,0
C1243244_V02_F00008_bf11c2bc-90bc-413d-a294-0cae59fe87c0.jpg,C,C1243244,02,4096,3000,1,88.73296655273438,23.62323398912262,4.492539033208972,125.95460510253906,13.651609420776367,6.0,0.0,6.306966145833334e-05,1,0
C1243244_V03_F00008_4bd05503-a160-4194-9fb3-cdcf5ab3581a.jpg,C,C1243244,03,4096,3000,1,76.90821647135417,58.222232760628714,5.476100334904649,91.74962615966797,13.19858455657959,3.0,0.3584532877604167,0.00014851888020833332,2,0
C1243260_V01_F00002_d57cc624-89fe-43f9-b42c-1ae392ecc876.jpg,C,C1243260,01,4096,3000,1,91.72985139973959,18.11745590233629,4.432289928498518,175.98968505859375,15.657386779785156,8.0,0.0,3.824869791666667e-05,1,0
C1243679_V13_F00009_a6807496-335c-4d58-bba2-69d33a4f3ac7.jpg,C,C1243679,13,4096,3000,1,106.33444921875,67.76569082770051,7.903205951669177,223.34915161132812,21.625232696533203,6.0,0.24655354817708333,0.0009937337239583333,7,0
C1244133_V10_F00004_e4af47b0-16e0-4a64-8aa0-00c498f8fb13.jpg,C,C1244133,10,4096,3000,1,14.837149739583333,17.74953691006752,0.5060549173191917,30.631061553955078,5.169088840484619,2.0,0.7744191080729167,0.0,1,0
C1244133_V12_F00002_90224405-9c1a-4c1f-ac17-3dfc04ad1f53.jpg,C,C1244133,12,4096,3000,1,62.533507568359376,19.64013861677385,5.349677447041947,306.6955871582031,22.446773529052734,10.0,7.731119791666667e-06,1.7659505208333333e-05,4,0
C1244133_V12_F00003_e0bd28c6-3298-4384-b2e6-4ec008b6224c.jpg,C,C1244133,12,4096,3000,1,75.89743009440105,21.568541292208646,6.355030761555902,441.36346435546875,26.63006019592285,13.0,1.6276041666666666e-07,2.6041666666666666e-06,1,0
C1244136_V12_F00006_f60fe3c3-51d0-435a-8d05-476ac991a184.jpg,C,C1244136,12,4096,3000,1,85.11060107421875,21.21554102483837,4.730388858269759,185.19398498535156,18.013980865478516,8.0,0.0,1.220703125e-06,2,0
C1244136_V13_F00006_06218987-f2e2-4e99-83a1-2142926170e1.jpg,C,C1244136,13,4096,3000,1,83.27238126627604,57.64592476509729,7.028284015473626,255.60733032226562,19.219131469726562,6.0,0.2903798828125,0.0002479654947916667,3,0
C1244155_V02_F00182_2082f6a8-0ce7-45a1-b54b-5b74e9a6c030.jpg,C,C1244155,02,4096,3000,1,55.40454516601562,29.959208164384254,2.127753887224877,199.65487670898438,13.682575225830078,4.0,0.11093025716145834,0.0009447428385416667,4,0
C1244214_V13_F00004_ef9b8c94-fa17-4fac-b7c6-0d32994469e4.jpg,C,C1244214,13,4096,3000,1,109.43777897135416,67.23070178978095,11.343517463318792,347.0392150878906,30.185548782348633,8.0,0.23384383138020834,0.0004857584635416667,1,0
C1244224_V03_F00006_463710cc-24e6-4562-9441-ecd5e046d2f7.jpg,C,C1244224,03,4096,3000,1,60.30635823567708,38.174621497795144,2.9414186181841533,49.974937438964844,11.165562629699707,3.0,0.29456526692708335,1.6276041666666666e-07,1,0
C1244230_V01_F00005_a1fe7b57-b63a-4f6c-b83f-9c1807ea26b9.jpg,C,C1244230,01,4096,3000,1,82.36477856445312,12.470479274950188,2.8990857324419403,66.43817901611328,10.661275863647461,5.0,0.0,8.138020833333333e-08,1,0
C1244230_V02_F00004_7d08448f-dbc7-49b6-afa2-e56e7ace9cd6.jpg,C,C1244230,02,4096,3000,1,83.14765161132813,21.210754742023724,3.636117940369134,72.17826080322266,11.710101127624512,5.0,0.0,3.5807291666666666e-06,1,0
C1244230_V02_F00004_affd3903-b01c-4729-a234-8af1208bdc29.jpg,C,C1244230,02,4096,3000,1,83.14765161132813,21.210754742023724,3.636117940369134,72.17826080322266,11.710101127624512,5.0,0.0,3.5807291666666666e-06,1,0
C1244230_V12_F00004_cbcef519-914a-41d9-bc15-93a98ee9236a.jpg,C,C1244230,12,4096,3000,1,85.04194832356771,21.951243951653368,8.535487567619505,185.99017333984375,27.63892936706543,7.0,0.0,3.90625e-06,3,0
C1244239_V03_F00014_dbf96c05-0e51-431a-9dd8-5e9f3fb03ad3.jpg,C,C1244239,03,4096,3000,1,70.71797029622395,33.79942022872018,3.169671385163822,38.80617141723633,8.793972969055176,3.0,0.177095947265625,9.765625e-07,1,0
C1244252_V03_F00011_bd4f9434-9e68-42dc-bc59-d85f8498113c.jpg,C,C1244252,03,4096,3000,1,73.16699462890625,45.667202299750784,3.7048008138415764,51.146453857421875,10.35245132446289,3.0,0.28825569661458333,1.953125e-06,2,0
C1245975_V00_F00006_e7f47ff5-0ed4-487e-a465-59fcd29e2d56.jpg,C,C1245975,00,4096,3000,1,53.63371622721354,27.964045973421907,2.416277183055671,25.83542251586914,6.693719387054443,3.0,0.23383308919270834,4.069010416666667e-07,1,0
C1245975_V01_F00006_0c7ea4e7-6e2b-4975-b325-7a721cc1dc73.jpg,C,C1245975,01,4096,3000,1,66.44385465494791,9.224230206122433,1.9878899257952658,32.064212799072266,7.005218982696533,4.0,3.255208333333333e-07,0.0,1,0
C1248761_V01_F00008_0d848986-941b-4c35-becb-ea8c13e2aa16.jpg,C,C1248761,01,4096,3000,1,69.52011344401042,14.667473250568467,3.8345257863669415,120.53729248046875,14.547472953796387,7.0,8.138020833333333e-08,1.9856770833333332e-05,2,0
C1248761_V01_F00009_eff4dc54-2294-4296-9ddc-8f6d5af56672.jpg,C,C1248761,01,4096,3000,1,67.35497241210938,14.226958901215518,3.8773591609675107,120.4969711303711,14.405803680419922,7.0,8.138020833333333e-08,1.66015625e-05,2,0
C1248915_V00_F00021_73f278f6-f2af-4041-a16b-00ba9c586770.jpg,C,C1248915,00,4096,3000,1,60.51425691731771,35.62462557865296,6.2774196881674715,132.34803771972656,14.734261512756348,5.0,0.220325439453125,1.1149088541666667e-05,1,0
C1249070_V01_F00002_1509f16b-0cbd-4b4f-9428-06f673ae779b.jpg,C,C1249070,01,4096,3000,1,51.56894352213542,16.248400723998365,4.633942717429198,254.3305206298828,18.74552345275879,9.0,2.9541015625e-05,2.5309244791666668e-05,1,0
C1249118_V01_F00005_664b40e2-81dc-4c4a-a795-e82730bf36aa.jpg,C,C1249118,01,4096,3000,1,52.33710831705729,17.734910481751,6.340506875590508,380.5227966308594,24.308448791503906,10.0,5.940755208333333e-06,0.00010563151041666666,1,0
C1249118_V01_F00006_82a97400-0132-4dd3-bc36-52b0fd8a1725.jpg,C,C1249118,01,4096,3000,1,52.294479248046876,18.531781707603745,6.470689347423685,435.58026123046875,25.892642974853516,11.0,3.743489583333333e-06,0.00014046223958333334,1,0
C1249118_V01_F00008_dc397da4-def0-4899-939e-92c0b7326ece.jpg,C,C1249118,01,4096,3000,1,50.96366609700521,15.280462032784994,5.088582553089636,255.58724975585938,19.206218719482422,7.0,1.3834635416666668e-06,5.2001953125e-05,1,0
C1249118_V01_F00009_8f3c7d65-9e1e-4f4e-b8a6-51abc2560199.jpg,C,C1249118,01,4096,3000,1,50.68719091796875,16.57551982131143,5.637772396053242,326.9148864746094,21.62502670288086,9.0,3.173828125e-06,9.602864583333333e-05,1,0
C1249118_V01_F00010_558a576b-de61-40cf-85dd-8da271c6b4b6.jpg,C,C1249118,01,4096,3000,1,51.07895751953125,17.409485970161942,5.580182041043063,348.4956970214844,22.78527069091797,10.0,3.2552083333333335e-06,9.293619791666666e-05,1,0
C1249118_V01_F00011_63976a6d-180e-44e2-8ced-2e4594a2fae3.jpg,C,C1249118,01,4096,3000,1,51.22372086588542,15.747875804885402,5.182990967734785,246.9950408935547,19.34566307067871,8.0,4.964192708333333e-06,3.8330078125e-05,1,0
C1249118_V01_F00012_0ce9c6bc-0063-4ddc-b8c0-45f8560920cf.jpg,C,C1249118,01,4096,3000,1,49.7959296875,14.221024909644642,4.479892614113901,187.28573608398438,17.169858932495117,7.0,4.39453125e-06,2.8157552083333332e-05,1,0
C1249118_V01_F00013_1d7355fb-157b-49e5-8420-fc5b1873dadc.jpg,C,C1249118,01,4096,3000,1,49.24725227864583,14.124453169799564,4.618749565319218,192.01898193359375,17.222625732421875,7.0,2.44140625e-06,3.7109375e-05,1,0
C1249120_V02_F00014_d73d75d5-45e3-4d67-a5ac-82094c14c17f.jpg,C,C1249120,02,4096,3000,1,42.81865673828125,13.692884751268926,2.926508744404434,66.68563079833984,10.217036247253418,4.0,0.0016787109375,3.987630208333333e-06,1,0
C1249120_V02_F00016_e1302822-acc3-4f05-b68f-2dcc5c5cecbe.jpg,C,C1249120,02,4096,3000,1,39.21282291666667,19.458848046031342,3.2222598203449744,81.06975555419922,11.668596267700195,4.0,0.12082014973958333,4.8665364583333334e-05,1,0
C1249138_V03_F00006_e5894ec9-c7f4-43ab-9dcc-b1e95ebf6117.jpg,C,C1249138,03,4096,3000,1,55.484355224609374,58.79183771024489,2.7672450199776346,113.66220092773438,11.065628051757812,2.0,0.5439148763020833,0.0008555501302083333,2,0
C1249145_V10_F00001_34135d81-0f3c-4aeb-8221-de41e5e89834.jpg,C,C1249145,10,4096,3000,1,31.535455078125,34.3673508075788,1.3393982266834623,91.37571716308594,12.463930130004883,2.0,0.59448681640625,1.1555989583333333e-05,4,0
C1249280_V11_F00002_592b16f8-587d-4961-8783-c239b376aae4.jpg,C,C1249280,11,4096,3000,1,67.99937825520833,17.458950644905496,5.244089869144798,95.93839263916016,18.136234283447266,6.0,4.801432291666666e-06,3.255208333333333e-07,1,0
C1249307_V03_F00004_2abb4fd5-57bf-4565-bbbb-9d3dd1c31814.jpg,C,C1249307,03,4096,3000,1,37.290357096354164,48.14624795121671,1.1900899532063034,35.7774772644043,6.689615726470947,2.0,0.6547122395833334,6.429036458333333e-06,2,0
C1249308_V10_F00005_7a2117b6-53c8-45a8-91f6-82b38ebf196b.jpg,C,C1249308,10,4096,3000,1,25.848810791015627,24.100817725057517,1.5805513894613632,21.65687370300293,6.779120922088623,2.0,0.5627730305989583,3.255208333333333e-07,2,0
C1249432_V01_F00008_9f313a4d-8c55-4f1a-845d-33c2ca9d80a1.jpg,C,C1249432,01,4096,3000,1,90.13317374674479,18.252745566804055,3.5391411513245865,118.66976165771484,12.490447044372559,7.0,0.0,3.084309895833333e-05,2,0
C1249517_V00_F00005_ade590e9-0ed5-4c05-aa04-e2936c2ffe15.jpg,C,C1249517,00,4096,3000,1,89.34266764322916,49.228763944382756,4.705980801929224,60.42616653442383,11.744155883789062,4.0,0.217727294921875,4.8828125e-06,1,0
C1249593_V02_F00007_0986df63-b5c6-402b-ac4c-2e36fcabea7d.jpg,C,C1249593,02,4096,3000,1,31.702634847005207,41.75539666956647,0.5442421749148318,62.43280792236328,8.197059631347656,1.0,0.6382628580729167,7.210286458333333e-05,3,0
C1249617_V01_F00002_67b2a1ae-5b19-4381-b256-29e8756484f5.jpg,C,C1249617,01,4096,3000,1,51.34825895182291,14.276507476796539,3.640442866744598,105.81075286865234,14.058148384094238,6.0,6.258138020833334e-05,2.3600260416666668e-06,1,0
C1249617_V01_F00003_c416ca93-8603-4c19-91a6-16a62d7cd3fc.jpg,C,C1249617,01,4096,3000,1,51.208830647786456,13.840695846727252,3.5812647361478196,123.42063903808594,14.123056411743164,7.0,3.116861979166667e-05,2.2786458333333335e-06,1,0
C1249618_V01_F00007_982d0ebf-da01-419c-abd6-d0f359818ade.jpg,C,C1249618,01,4096,3000,1,58.29622045898437,14.928454077742533,3.314374239544862,118.00022888183594,12.655092239379883,6.0,1.220703125e-06,8.138020833333334e-07,1,0
C1249861_V11_F00001_abb3cc81-29b1-45e7-93f0-000eb9d2536a.jpg,C,C1249861,11,4096,3000,1,19.84755118815104,20.793706839851012,0.5442860672833649,155.88218688964844,11.91203498840332,2.0,0.59682373046875,0.00034456380208333333,1,0
C1249924_V00_F00002_2a8d18d8-85ab-459e-b556-35050d7c693b.jpg,C,C1249924,00,4096,3000,1,53.10453271484375,30.511042674620594,4.563286889919378,84.7080078125,12.835471153259277,4.0,0.23128597005208335,8.138020833333333e-08,1,0
C1250378_V11_F00001_e0656ac0-0266-4a24-9296-60f6583deecf.jpg,C,C1250378,11,4096,3000,1,37.833927083333336,36.12172022121142,4.964258411632397,146.0814208984375,16.370067596435547,3.0,0.490048828125,6.795247395833333e-05,5,0
C1250388_V11_F00001_7d24bdc2-b581-443f-b86e-8bfb82cbb451.jpg,C,C1250388,11,4096,3000,1,43.38779353841146,31.32083327251141,6.944616278178499,244.07269287109375,21.555870056152344,5.0,0.25324951171875,0.00010489908854166666,3,0
C1250402_V10_F00000_7234fa66-6dc0-44b5-8674-d7292006bfb6.jpg,C,C1250402,10,4096,3000,1,6.112555745442708,5.978911363303152,0.45197659715349603,7.549880027770996,2.4946372509002686,1.0,0.9846355794270834,6.510416666666666e-07,2,0
C1250402_V11_F00000_3c3b80af-c3b0-4d04-aaa6-e53919d56ce0.jpg,C,C1250402,11,4096,3000,1,16.985550455729168,23.71625248021833,0.4937071558134135,107.97716522216797,8.408795356750488,1.0,0.7645589192708333,0.00020109049479166666,2,0
C1250521_V00_F00007_a28fa2c5-96b4-490e-b3e1-f42359289eac.jpg,C,C1250521,00,4096,3000,1,49.35699202473958,24.61012142495527,1.9509850327686584,15.3674898147583,5.872772693634033,2.0,0.21953523763020832,0.0,1,0
C1250679_V00_F00004_189fab34-237b-46e8-b86b-97bf40a8e6e8.jpg,C,C1250679,00,4096,3000,1,58.2941455078125,30.7750758068966,3.1243492685380296,29.373966217041016,8.259096145629883,3.0,0.23208846028645833,0.0,1,0
C1250928_V02_F00001_fbeba495-b979-4093-acfd-431db8206e7f.jpg,C,C1250928,02,4096,3000,1,39.189306477864584,46.42237184503712,1.0577648691357822,58.23780059814453,8.730203628540039,2.0,0.571466064453125,0.0007633463541666666,3,0
C1250928_V02_F00003_e30c89ea-f333-49be-a240-7357e38116b2.jpg,C,C1250928,02,4096,3000,1,43.63665348307292,38.84825397483486,1.865666271784392,44.75822448730469,7.706913471221924,2.0,0.4482862141927083,4.622395833333333e-05,1,0
C1250930_V00_F00007_4e2d70ee-8462-4655-9dae-cd3c30abd657.jpg,C,C1250930,00,4096,3000,1,62.39282080078125,34.458215942210884,3.0946134898226982,44.508277893066406,8.875760078430176,3.0,0.24449812825520834,0.0,1,0
C1250935_V01_F00007_6bc3ecba-fd6d-4e43-837a-c0b94ceaf9b7.jpg,C,C1250935,01,4096,3000,1,63.038559407552086,14.753531439282648,4.694405795488725,161.24383544921875,18.0295467376709,7.0,0.0,8.707682291666666e-06,1,0
C1250974_V01_F00003_5907d59b-51c1-4994-b0ad-ce1d42c602fd.jpg,C,C1250974,01,4096,3000,1,92.07457739257812,16.90054193475545,5.095241407633078,115.4363784790039,17.627567291259766,6.0,0.0,7.649739583333333e-06,1,0
C1251012_V00_F00002_c5bf4ae8-ef3c-4098-bec2-353e0022efdf.jpg,C,C1251012,00,4096,3000,1,66.65198250325521,35.75006198480869,3.572952934572391,44.44011306762695,9.215712547302246,3.0,0.22171573893229166,1.0579427083333333e-06,1,0
C1251012_V01_F00002_3a377f61-986d-4476-9842-4dda58928cf8.jpg,C,C1251012,01,4096,3000,1,71.94319612630208,11.529461259452411,2.0762834664893117,30.822004318237305,7.008418560028076,3.0,0.0,8.138020833333333e-08,3,0
C1251135_V01_F00000_57414d8b-22ef-4cbc-8d2b-37ca98630d77.jpg,C,C1251135,01,4096,3000,1,37.53024495442708,32.206064215018486,2.3643573089348795,45.863677978515625,7.993338108062744,2.0,0.41825553385416664,7.486979166666666e-06,1,0
C1251144_V01_F00007_0afe0b37-9c7a-405f-97d9-077d9e723bba.jpg,C,C1251144,01,4096,3000,1,46.8546572265625,11.198806509737196,2.7210089686937655,45.883052825927734,9.765667915344238,4.0,5.696614583333334e-07,4.069010416666667e-07,3,0
C1251170_V02_F00008_7f182772-fea2-4f64-a614-0e88da044be5.jpg,C,C1251170,02,4096,3000,1,41.677634602864586,17.572342863382858,3.909658081474978,150.98458862304688,14.045751571655273,6.0,0.006557373046875,9.358723958333333e-06,3,0
C1251194_V10_F00001_0133d47b-5567-4b71-8c11-3f85b48e9be2.jpg,C,C1251194,10,4096,3000,1,16.847046549479167,23.13933985855322,0.4998763594315604,37.90327835083008,8.336677551269531,1.0,0.7978977864583333,3.662109375e-06,1,0
C1251379_V10_F00003_a107afa0-5157-4657-b545-e02715a83b40.jpg,C,C1251379,10,4096,3000,1,44.57592569986979,27.73750025997682,3.28854018118658,33.07268142700195,8.503390312194824,3.0,0.30584513346354164,1.3020833333333333e-06,4,0
C1251379_V12_F00006_401b1c90-ed63-4ab1-aa90-85e060235198.jpg,C,C1251379,12,4096,3000,1,75.08265494791667,19.266162638536336,4.144458729634826,72.19813537597656,12.526644706726074,4.0,0.0,4.638671875e-06,1,0
C1251381_V01_F00003_3e951950-f59a-421b-8531-636ae2d7e4ab.jpg,C,C1251381,01,4096,3000,1,76.00180501302083,18.297869195263704,3.3290614241612744,92.87297821044922,12.087218284606934,6.0,0.0,2.44140625e-07,2,0
C1251381_V03_F00004_8bf9d3ae-f5d9-4049-8255-5d92eb54cef8.jpg,C,C1251381,03,4096,3000,1,25.215715169270833,43.759024307443674,0.49889005868842456,50.632389068603516,7.7844038009643555,1.0,0.7777674967447916,9.236653645833334e-05,2,0
C1251586_V01_F00005_ef59af8c-31bf-4417-b605-6480c4f6d6a8.jpg,C,C1251586,01,4096,3000,1,68.96778247070313,13.188663722457303,2.3449669872074583,50.83332824707031,8.4633207321167,5.0,0.0,3.0110677083333333e-06,4,0
C1251587_V01_F00016_43f1c330-7b2d-4a67-8ade-6273807f66f0.jpg,C,C1251587,01,4096,3000,1,51.62396329752604,30.90378824764522,2.1190255089330616,44.6055793762207,8.109334945678711,3.0,0.2614736328125,3.9306640625e-05,1,0
C1251588_V01_F00001_7464e1c6-ae1c-4513-916b-9360c814d004.jpg,C,C1251588,01,4096,3000,1,73.5783018391927,14.456729680229879,2.5580763083532645,58.07530212402344,9.306922912597656,5.0,0.0,4.069010416666667e-07,2,0
C1251618_V10_F00004_19cb8b6a-98b5-4f29-b59b-5e63331d45c2.jpg,C,C1251618,10,4096,3000,1,18.570328450520833,30.17378925994515,0.5041497205208065,19.811172485351562,4.7700324058532715,1.0,0.843235595703125,1.6276041666666668e-06,1,0
C1251739_V01_F00004_bcd1d92f-a68c-4a56-a526-39adb4464384.jpg,C,C1251739,01,4096,3000,1,68.08718253580729,12.13531996263074,2.7656284117555647,56.37571716308594,10.431349754333496,5.0,0.0,8.951822916666667e-07,1,0
C1256060_V00_F00000_cc79e521-e53d-45e3-a2b5-8e8c2945aad6.jpg,C,C1256060,00,4096,3000,1,16.783408203125,31.925078661826955,0.4890572128671604,32.33173370361328,7.009466171264648,1.0,0.850037109375,3.5074869791666666e-05,1,0
C1256351_V11_F00007_79519529-e44c-44b2-ae5e-a0b7c61827cb.jpg,C,C1256351,11,4096,3000,1,44.622521647135414,15.257706882272899,2.272257698906113,60.117515563964844,10.807573318481445,3.0,0.092519775390625,6.998697916666667e-06,2,0
C1256597_V02_F00006_95d9659e-4a7b-4ab7-8624-babde680f22e.jpg,C,C1256597,02,4096,3000,1,51.7714833984375,29.097522206448037,3.5311557106200944,181.8148193359375,15.782125473022461,5.0,0.18890047200520832,6.925455729166667e-05,1,0
C1256620_V02_F00001_4dbdacff-72df-446e-9989-77cbec0abe9b.jpg,C,C1256620,02,4096,3000,1,65.79218237304687,37.07615922545648,3.3855525752234943,129.59654235839844,13.252652168273926,5.0,0.1933671875,0.00011238606770833333,2,0
C1256736_V01_F00004_8237edda-acbd-45b2-9b22-048bbb7237b2.jpg,C,C1256736,01,4096,3000,1,80.30888509114584,12.262643247993125,2.62981544735974,37.662235260009766,8.358805656433105,4.0,0.0,1.6276041666666666e-07,2,0
C1256753_V01_F00008_8e4f112e-e95e-4ade-9ab8-d51c65f9bb7b.jpg,C,C1256753,01,4096,3000,1,76.75337272135417,14.397523376607491,2.8511443844528253,67.25308227539062,9.582201957702637,5.0,0.0,7.161458333333333e-06,1,0
C1256945_V10_F00003_218205fd-92a6-4846-aa47-5059587d1368.jpg,C,C1256945,10,4096,3000,1,19.327405517578125,20.643368313281986,0.6027922037187369,13.226750373840332,4.933740139007568,1.0,0.688971923828125,2.44140625e-07,6,0
C1257376_V13_F00001_b7684f28-3d7b-46e6-b56d-93894ec29b39.jpg,C,C1257376,13,4096,3000,1,45.09490877278646,47.97047175985728,4.981237373788743,360.00830078125,21.260988235473633,3.0,0.5168763020833333,0.000890869140625,1,0
C1257584_V13_F00002_0aac026a-1261-469f-b106-902e7c2190ff.jpg,C,C1257584,13,4096,3000,1,52.905656087239585,34.133050267266455,7.045848538897886,214.5525360107422,20.791709899902344,6.0,0.28415568033854166,5.436197916666667e-05,6,0
C1257666_V00_F00001_2ea4e66f-5c12-49e9-9f2f-4506dbfc820d.jpg,C,C1257666,00,4096,3000,1,57.08873836263021,64.35904204589168,2.851049071681741,86.38331604003906,11.355379104614258,2.0,0.5754520670572917,0.000745361328125,2,0
C1257726_V02_F00009_4ba6ac73-165d-4714-bca3-9055e8867d42.jpg,C,C1257726,02,4096,3000,1,55.077163411458336,21.481500983691966,1.9613985648938197,26.135726928710938,7.036799430847168,3.0,0.11527685546875,1.6276041666666666e-07,1,0
C1257757_V00_F00000_3c88ae30-003b-4bde-9181-61d39154cfe4.jpg,C,C1257757,00,4096,3000,1,21.898064697265625,39.988191611085824,0.4845339524687473,84.4469985961914,7.846118450164795,1.0,0.83417431640625,0.0003609212239583333,1,0
C1257757_V13_F00001_9f4628db-e253-477b-a109-8b3b8a0e0ccc.jpg,C,C1257757,13,4096,3000,1,61.98523421223958,40.7989707516426,7.809179577342173,143.80776977539062,21.318742752075195,5.0,0.2596897786458333,2.3030598958333335e-05,7,0
C1257760_V01_F00006_de3ccf1c-4221-455d-8c25-9536be6a5c46.jpg,C,C1257760,01,4096,3000,1,71.64768538411458,11.213008137639376,2.3287862925361154,54.16249465942383,8.410017013549805,5.0,8.138020833333333e-08,2.44140625e-07,1,0
C1257774_V01_F00001_82037f34-fcdd-4e25-b94d-797c556ae62d.jpg,C,C1257774,01,4096,3000,1,71.4947811686198,12.71935436128601,2.5307527208145055,50.425384521484375,8.46020221710205,5.0,0.0,0.0,1,0
C1257849_V01_F00002_b852a031-cc34-4945-b70a-780f5648bfd9.jpg,C,C1257849,01,4096,3000,1,81.14521126302084,16.47864551252237,3.6624940107736066,140.3309783935547,12.948990821838379,8.0,0.0,8.463541666666666e-06,1,0
C1257850_V00_F00002_0e7a4aab-7af7-4393-9c54-a85b9c6bcba6.jpg,C,C1257850,00,4096,3000,1,66.1733329264323,34.70352986242334,3.2483591156675713,44.964988708496094,8.385790824890137,3.0,0.21100439453125,1.6276041666666666e-07,2,0
C1257852_V11_F00003_606a4236-e611-4e4a-b0e1-d946bfd5aa98.jpg,C,C1257852,11,4096,3000,1,33.15670751953125,24.51807541754462,2.259438575478231,29.348752975463867,6.700906276702881,2.0,0.3261800944010417,8.138020833333333e-08,2,0
C1257873_V03_F00002_7f5c94c3-e906-43a5-a7a6-a9310cddd427.jpg,C,C1257873,03,4096,3000,1,29.437735188802083,43.82967063206934,0.6296164139250995,37.79816436767578,7.690572738647461,2.0,0.7198811848958333,2.0345052083333333e-06,3,0
C1257884_V01_F00003_8239c9e6-f24c-4d16-9f75-c7f1ce0b14ba.jpg,C,C1257884,01,4096,3000,1,74.436751953125,14.565748939379503,3.0054299914509013,63.15706253051758,9.947823524475098,5.0,0.0,9.114583333333334e-06,1,0
C1257884_V01_F00004_3a029933-74bd-4500-b9c3-2b6643487a2a.jpg,C,C1257884,01,4096,3000,1,73.32854329427083,13.692064036222549,2.8367102609961785,61.72941589355469,9.837133407592773,5.0,0.0,3.41796875e-06,2,0
C1257894_V03_F00006_2a4feeaa-2dee-4568-bc7b-1ee5eae7a240.jpg,C,C1257894,03,4096,3000,1,11.690215494791667,24.158268856299483,0.4757548246216978,16.147499084472656,4.713654041290283,1.0,0.8680330403645833,0.0,2,0
C1258139_V01_F00002_304e238e-366c-4e23-ad65-567d0bcaea50.jpg,C,C1258139,01,4096,3000,1,72.50555314127604,12.249530267986614,2.506069872041178,54.082942962646484,9.077057838439941,5.0,0.0,2.44140625e-07,1,0
C1258185_V01_F00008_de8b3ab9-6a4d-4218-a902-91004a82de34.jpg,C,C1258185,01,4096,3000,1,68.36477010091146,10.670922678197975,2.2411979503678086,41.83641052246094,8.449109077453613,4.0,0.0,0.0,5,0
C1258500_V11_F00009_2c146bff-2c8b-4427-9ac7-7a37e231cc00.jpg,C,C1258500,11,4096,3000,1,17.10679890950521,9.80197716516643,0.77197786077764,9.288211822509766,3.58383846282959,2.0,0.38277872721354167,0.0,2,0
C1258538_V10_F00005_b2c54a7c-b1b1-4b63-9c55-023c104c94ab.jpg,C,C1258538,10,4096,3000,1,7.77638671875,6.398683631117079,0.48052199711246446,7.729296684265137,3.0060019493103027,1.0,0.931305908203125,0.0,2,0
C1258538_V11_F00005_d5fd0502-5beb-4b8f-9b7e-8687c29a2f6a.jpg,C,C1258538,11,4096,3000,1,27.98323095703125,14.064468637100722,2.200130457135732,37.61653518676758,8.149752616882324,3.0,0.21941569010416667,0.0,2,0
C1258543_V01_F00003_3852eb00-1543-4c29-b20f-7860a01ddb28.jpg,C,C1258543,01,4096,3000,1,96.7532646484375,17.792985845526363,3.905048341371713,175.4336395263672,14.887165069580078,9.0,0.0,3.173828125e-06,1,0
C1258543_V02_F00003_cc86c991-b1fd-44c0-8e1f-65756ecbb850.jpg,C,C1258543,02,4096,3000,1,68.77904956054688,37.27772147307652,2.8922498455612002,123.72740936279297,12.326714515686035,5.0,0.20839029947916668,7.649739583333333e-06,2,0
C1258546_V13_F00004_00630467-631c-421c-b18a-2d99745fc57c.jpg,C,C1258546,13,4096,3000,1,43.18736767578125,25.601255213696707,3.08328096744333,52.089744567871094,10.251786231994629,3.0,0.2723359375,1.0579427083333333e-06,1,0
C1258547_V01_F00001_eb7b6c32-32d3-49c4-b511-f83456c698f9.jpg,C,C1258547,01,4096,3000,1,112.62947867838541,33.287385576138284,5.700102398989571,369.36572265625,20.359554290771484,10.0,0.0,0.005681966145833333,2,0
C1258547_V02_F00001_48211591-3a78-499b-a756-b00aa97a289a.jpg,C,C1258547,02,4096,3000,1,55.169921712239585,49.53110467562527,3.317402523571632,124.56149291992188,11.466567993164062,3.0,0.4157473958333333,0.0004658203125,2,0
C1258580_V02_F00000_6ef2bf39-929c-43f4-b1cb-389703008c11.jpg,C,C1258580,02,4096,3000,1,17.569902180989583,36.65366431870732,0.4658385822144657,57.2740364074707,6.037672519683838,1.0,0.8335674641927083,0.000535888671875,2,0
C1258593_V01_F00002_002d4222-b685-4520-a849-cf422a3adffb.jpg,C,C1258593,01,4096,3000,1,47.28499479166667,10.306384059542177,3.246049367621531,55.81914138793945,11.271036148071289,4.0,2.44140625e-07,0.0,1,0
C1258596_V01_F00009_20030fac-a982-4195-86ab-2b84e0b0ea74.jpg,C,C1258596,01,4096,3000,1,76.92030305989583,13.109962037137477,2.6678606109316707,77.10132598876953,10.0491304397583,6.0,0.0,0.0,2,0
C1258729_V02_F00008_6ae2abe0-b3af-42e3-94ea-16e74f823ff3.jpg,C,C1258729,02,4096,3000,1,76.6903642578125,16.299463637412018,2.0868649643078183,23.923742294311523,6.454732418060303,3.0,0.0,8.138020833333333e-08,1,0
C1258754_V02_F00001_398e7b3c-8bb9-45e2-b60a-f183c95e3ec9.jpg,C,C1258754,02,4096,3000,1,86.04103141276042,22.14838611510772,3.7590248541268383,72.93260192871094,11.042243957519531,5.0,0.0,1.6682942708333332e-05,2,0
C1258804_V01_F00006_fc175aed-28be-40d5-b314-9bbad4be0055.jpg,C,C1258804,01,4096,3000,1,83.66640388997396,11.246845782324536,2.350860534757266,43.33262252807617,8.311817169189453,4.0,0.0,1.6276041666666666e-07,1,0
C1258823_V03_F00003_454745a5-8714-4988-890e-2cf48d486c53.jpg,C,C1258823,03,4096,3000,1,81.84768953450521,57.2158129708447,4.4763082643624355,129.06802368164062,14.966364860534668,4.0,0.32252473958333333,0.00015519205729166668,5,0
C1258831_V02_F00005_90275143-752d-496b-87ae-34bb60e4364b.jpg,C,C1258831,02,4096,3000,1,82.95244637044271,16.171257797098132,2.998222230325282,57.15811538696289,10.767166137695312,5.0,0.0,1.6276041666666666e-07,1,0
C1258849_V01_F00007_6af5a07a-40bb-4171-b1bd-4f235a29e39b.jpg,C,C1258849,01,4096,3000,1,93.35257307942709,13.067712794494401,2.5594759509755054,46.816837310791016,9.037898063659668,4.0,0.0,2.44140625e-07,1,0
C1258849_V03_F00010_12023250-75a1-4bd0-a493-e61a62f4ccf8.jpg,C,C1258849,03,4096,3000,1,44.66737841796875,47.51325853808181,2.1133546918445028,28.62782096862793,7.633282661437988,2.0,0.5694720865885416,5.5094401041666664e-05,1,0
C1258908_V02_F00002_3705805d-2938-48e2-8864-db9c5a6d0215.jpg,C,C1258908,02,4096,3000,1,78.21814754231771,20.783027346755944,3.4769020647024607,78.62615203857422,10.936291694641113,5.0,0.0,8.219401041666666e-06,4,0
C1258908_V02_F00009_43ba7288-2be4-450c-b57f-a6371be0dcec.jpg,C,C1258908,02,4096,3000,1,80.688390625,19.264028624581975,3.109484862927256,72.48934173583984,10.2699556350708,5.0,0.0,1.3020833333333333e-06,1,0
C1258908_V03_F00002_bff87363-5cdf-4d83-9440-4d556f8b5341.jpg,C,C1258908,03,4096,3000,1,51.28764916992188,48.15690705900396,3.5402979139591455,58.27626037597656,9.369327545166016,2.0,0.49005647786458334,1.46484375e-06,2,0
C1258924_V03_F00002_6e1d650c-0e66-4250-ad82-8b84faea0e98.jpg,C,C1258924,03,4096,3000,1,57.87029093424479,55.048197872874155,4.377554301289745,90.73212432861328,12.63701057434082,3.0,0.4868863118489583,3.955078125e-05,1,0
C1258965_V13_F00005_e07b418c-1182-49c8-a3c3-547a211996b5.jpg,C,C1258965,13,4096,3000,1,45.55351342773437,28.99171144097213,4.161627298513485,67.17505645751953,12.31739616394043,3.0,0.2979083658854167,5.126953125e-06,1,0
C1259064_V03_F00009_7d62071c-57cd-4523-90ff-94afdb88284a.jpg,C,C1259064,03,4096,3000,1,50.95883447265625,41.50918927380889,3.912127213557436,76.37738037109375,11.242141723632812,3.0,0.40517277018229164,2.848307291666667e-06,3,0
C1259064_V03_F00010_36420944-3cb0-40cd-b3d7-bfc09eeff22f.jpg,C,C1259064,03,4096,3000,1,9.909308919270833,24.351223644798015,0.45569634631906375,29.164072036743164,4.130990982055664,1.0,0.9070680338541667,3.1005859375e-05,1,0
C1259074_V13_F00000_fcc0ed67-92b5-428d-81e5-e5286303eafb.jpg,C,C1259074,13,4096,3000,1,22.11637508138021,28.479688849667884,0.5656167559116885,93.64826202392578,10.144983291625977,2.0,0.702619384765625,1.1067708333333334e-05,2,0
C1259102_V00_F00007_2318cb01-50b0-4933-81e1-f2e086842694.jpg,C,C1259102,00,4096,3000,1,62.220902425130205,33.241778170992674,3.629628233667006,37.48789978027344,10.07944393157959,3.0,0.22559423828125,2.44140625e-07,1,0
C1259115_V01_F00006_9ee46764-e302-4a02-9180-300fe97acb00.jpg,C,C1259115,01,4096,3000,1,62.47782153320313,9.282277009521748,1.8939853032232565,31.616939544677734,7.177115440368652,4.0,0.0,0.0,1,0
C1259206_V00_F00005_d420eb63-2706-466d-8de0-bc5028464ac7.jpg,C,C1259206,00,4096,3000,1,74.01029020182291,40.33464784525267,3.933334023847171,75.42838287353516,10.377144813537598,4.0,0.21717765299479166,7.731119791666667e-06,1,0
C1259235_V01_F00001_f1aef762-ff28-44fe-bc7f-c12b6abc2906.jpg,C,C1259235,01,4096,3000,1,73.75894498697917,14.398044082623743,2.546721146483576,57.45264434814453,9.053030967712402,5.0,1.6276041666666666e-07,1.46484375e-06,4,0
C1259293_V02_F00003_a141cf75-18c9-46d9-b72c-5e551ad90cf2.jpg,C,C1259293,02,4096,3000,1,73.57512036132813,17.5049015223999,2.449324284784545,42.522315979003906,8.11374568939209,4.0,0.0,0.0,1,0
C1259294_V03_F00012_5b21750c-730e-4928-b247-408a92ae626a.jpg,C,C1259294,03,4096,3000,1,35.67178776041667,41.21702074020449,1.4484422277343223,28.01966094970703,6.387757301330566,2.0,0.6208631998697917,3.255208333333333e-07,1,0
C1259429_V03_F00000_fb81ed08-8aa0-4cb4-9dac-397bfc1d3d36.jpg,C,C1259429,03,4096,3000,1,19.801459635416666,35.69972836028826,0.49955873048872357,21.999391555786133,5.379307746887207,1.0,0.8125152994791667,1.3590494791666667e-05,2,0
C1259685_V02_F00005_796d14ed-9849-485e-b515-a2aa3ec55b99.jpg,C,C1259685,02,4096,3000,1,80.6756328125,16.96619933033725,2.96575252206072,58.34931182861328,10.409602165222168,4.0,0.0,3.2552083333333335e-06,1,0
C1259697_V01_F00000_27cf75e2-d75d-4e1f-b7cd-7f4b54b6b066.jpg,C,C1259697,01,4096,3000,1,19.602090413411457,26.59341294480077,0.4631967391740555,37.625091552734375,7.3505353927612305,1.0,0.6926722819010417,2.8727213541666667e-05,2,0
C1259734_V13_F00001_95904598-996e-43b3-a049-e65381caa214.jpg,C,C1259734,13,4096,3000,1,19.983092610677083,23.289083042165345,1.4392364122901187,79.12550354003906,7.9024271965026855,2.0,0.6580235188802084,0.00031599934895833333,1,0
C1259745_V03_F00001_2f58fba2-7f8c-40ab-9351-2ee351a23f00.jpg,C,C1259745,03,4096,3000,1,7.7721142578125,18.54042718821713,0.4697064627895269,13.292630195617676,3.355032444000244,1.0,0.92129931640625,1.46484375e-06,2,0
C1259763_V03_F00000_3d46802a-0280-4561-98dd-d5c4c84baaeb.jpg,C,C1259763,03,4096,3000,1,5.147094319661458,12.938635771756239,0.4030362810302617,6.438526153564453,2.330230236053467,1.0,0.9515902506510416,8.138020833333333e-08,2,0
C1259793_V00_F00001_9f18b31e-9e4a-4fff-93e8-861feec3b72e.jpg,C,C1259793,00,4096,3000,1,47.437996337890624,23.527408584447446,2.9111741516100427,37.016605377197266,8.357922554016113,3.0,0.20946744791666666,4.8828125e-07,1,0
C1259898_V00_F00005_0c327b61-09cd-4211-8ea7-eb2fc18934bd.jpg,C,C1259898,00,4096,3000,1,60.03040665690104,31.94598996839613,3.6359352195775445,75.38914489746094,10.841036796569824,4.0,0.21511905924479166,1.7333984375e-05,1,0
C1259914_V01_F00002_c0e150ce-7904-466c-9303-a5055776146f.jpg,C,C1259914,01,4096,3000,1,69.458666015625,11.917203656862261,2.7457107778976133,53.02425003051758,9.474507331848145,5.0,0.0,0.0,1,0
C1259928_V03_F00001_d8cf2fbd-c999-4c2d-b175-e3638a73e03c.jpg,C,C1259928,03,4096,3000,1,56.80629239908854,43.67948602699148,4.6077236331669535,119.67782592773438,13.942353248596191,4.0,0.36325797526041664,2.0100911458333332e-05,5,0
C1260050_V03_F00001_b3f5781c-32d6-465a-9c31-f7a076daed50.jpg,C,C1260050,03,4096,3000,1,11.718126057942708,23.48965717294045,0.4910307487203148,22.6091251373291,4.412927150726318,1.0,0.862522216796875,3.4993489583333333e-06,1,0
C1260079_V03_F00011_efc29883-15e5-4c8e-84fa-ed53d24eef8a.jpg,C,C1260079,03,4096,3000,1,21.766747884114583,30.875953134430492,0.6045975707351117,17.902034759521484,4.576170444488525,1.0,0.7235771484375,8.138020833333333e-08,1,0
C1260080_V00_F00002_b3217d1a-21a8-44aa-bba0-675f1d22b820.jpg,C,C1260080,00,4096,3000,1,53.165980875651044,25.936418374296537,2.523610564217916,42.58974075317383,7.511038303375244,3.0,0.21435579427083334,0.0,1,0
C1260088_V10_F00001_33d35a42-b436-4d74-bedc-e99e33ebe8f2.jpg,C,C1260088,10,4096,3000,1,8.13532177734375,7.067757862304722,0.48276362180045723,12.83636474609375,3.142225503921509,1.0,0.8692548828125,3.41796875e-06,2,0
C1260107_V13_F00002_5195b250-c218-49c7-8bf8-c8bcee56513a.jpg,C,C1260107,13,4096,3000,1,33.31587247721354,18.36727173394519,1.8948784235431666,27.406150817871094,6.511116981506348,3.0,0.2629314778645833,8.951822916666667e-07,1,0
C1260173_V13_F00000_be495a82-b30f-4920-a26c-057840c5da27.jpg,C,C1260173,13,4096,3000,1,7.822130777994792,13.33528413836507,0.49750922219953536,71.05756378173828,4.832120418548584,1.0,0.9305367838541667,0.00029248046875,1,0
C1260330_V00_F00001_dab3910e-6027-47c9-8f81-4f12816b8abe.jpg,C,C1260330,00,4096,3000,1,64.06002400716146,36.87713087592427,4.865354208012992,210.519287109375,15.621992111206055,6.0,0.215486083984375,7.861328125e-05,1,0
C1260482_V13_F00001_25186c6b-54fa-4bcb-9f5e-d925f5039c36.jpg,C,C1260482,13,4096,3000,1,40.29933919270833,37.82864212161414,4.944654037801013,114.20746612548828,14.883329391479492,3.0,0.469316162109375,4.2399088541666666e-05,2,0
C1260507_V01_F00006_d283d8fd-4fd6-4e99-9b67-035419e9c504.jpg,C,C1260507,01,4096,3000,1,96.63504370117188,16.889246210169716,4.283873016885282,78.64097595214844,14.251561164855957,6.0,0.0,8.138020833333333e-08,1,0
C1260556_V03_F00003_d0b806f8-74ab-4181-961f-7de55031665f.jpg,C,C1260556,03,4096,3000,1,70.86176342773437,40.58656318224434,2.924956370742371,44.45078659057617,9.172185897827148,3.0,0.2614613444010417,8.138020833333333e-08,1,0
C1260599_V13_F00009_5734b38d-664e-4ca1-bb56-466f12b4409d.jpg,C,C1260599,13,4096,3000,1,111.03261490885417,72.45080518942387,10.657419301503058,472.4866638183594,34.86255645751953,7.0,0.23339689127604166,0.014286702473958333,1,0
C1260601_V10_F00002_c5f3f208-d8be-4a22-96a6-ee651bac3906.jpg,C,C1260601,10,4096,3000,1,20.712753987630208,24.046892311665157,0.49495433887617934,18.909263610839844,5.765191555023193,2.0,0.7093700358072916,1.6276041666666666e-07,3,0
C1260688_V00_F00002_ba878ee2-3e33-4abc-9cd9-695dd10e4d78.jpg,C,C1260688,00,4096,3000,1,69.20565665690104,35.73962397023972,3.058057608663657,36.86723709106445,8.077641487121582,3.0,0.218140869140625,0.0,1,0
C1260691_V01_F00004_f314dabc-bf69-49cd-b49e-1a457fc78293.jpg,C,C1260691,01,4096,3000,1,55.364109700520835,11.139046338228662,3.1828242079558215,72.382080078125,11.95953369140625,5.0,8.138020833333333e-08,2.9296875e-06,1,0
C1260691_V01_F00005_20409b08-9f5d-4f5f-9434-a10c69a1df90.jpg,C,C1260691,01,4096,3000,1,53.26410538736979,10.852912355506946,3.596090128741385,64.32051849365234,11.850086212158203,5.0,0.0,3.4993489583333333e-06,1,0
C1260695_V11_F00010_fb0f6e43-e613-47a9-9b2a-fcc2a676909f.jpg,C,C1260695,11,4096,3000,1,63.07814078776042,28.10882216093553,4.265533783242797,79.53653717041016,14.418931007385254,5.0,0.14160489908854168,1.3834635416666668e-06,1,0
C1260709_V01_F00003_b8a5a04e-6dd9-4e04-86d7-ddc8704f3d59.jpg,C,C1260709,01,4096,3000,1,107.39233862304687,17.84850145650206,3.4968502681701237,106.47850036621094,12.230329513549805,7.0,0.0,3.133138020833333e-05,2,0
C1260738_V13_F00005_4be3d879-ea59-4cd9-88c6-3555cca91250.jpg,C,C1260738,13,4096,3000,1,122.16266609700521,79.55189451346615,9.528199203905796,654.8372802734375,33.70074462890625,10.0,0.22665047200520833,0.061484619140625,1,0
C1260756_V02_F00002_75d52127-fed1-4cee-bf3a-93c4319eb74d.jpg,C,C1260756,02,4096,3000,1,74.67685530598958,16.505460468983944,2.369871279432436,34.366058349609375,8.315857887268066,4.0,0.020445556640625,2.3600260416666668e-06,7,0
C1260979_V12_F00001_bdce7b4a-865d-4164-a50b-99b3ff12d32b.jpg,C,C1260979,12,4096,3000,1,47.658509033203124,28.482325375100817,5.639014438647809,283.60040283203125,21.654617309570312,4.0,0.178392333984375,0.0007779134114583333,1,0
C1260992_V01_F00011_2b1c5456-9b41-4827-a286-096eae9da2d9.jpg,C,C1260992,01,4096,3000,1,70.718947265625,12.77081406871495,4.020302048780006,107.26465606689453,16.12058448791504,5.0,0.0,6.103515625e-06,1,0
C1260997_V01_F00006_d52c50bf-1651-436e-af6d-0a4869ff5c42.jpg,C,C1260997,01,4096,3000,1,89.94730257161459,15.00680694616023,2.873478182475286,55.80097579956055,9.825028419494629,5.0,0.0,2.44140625e-07,1,0
C1260997_V01_F00008_a239d699-7307-4409-8395-5cdc878e8383.jpg,C,C1260997,01,4096,3000,1,91.93836263020833,14.741453147714429,3.0394106728450745,60.22288513183594,10.35763168334961,5.0,0.0,8.138020833333333e-08,1,0
C1261042_V00_F00006_187554e2-e05a-499f-8850-1ca12a6e646a.jpg,C,C1261042,00,4096,3000,1,56.228882242838544,35.80294519061119,5.8937254939123465,156.50279235839844,18.83353614807129,4.0,0.28644270833333335,0.000102783203125,1,0
C1261068_V03_F00006_d3cd5a5f-3d15-4929-85d9-3d7242cc4f22.jpg,C,C1261068,03,4096,3000,1,59.63520125325521,37.06541114088707,3.1498599812734263,61.48551559448242,10.694377899169922,3.0,0.28850089518229166,1.0579427083333333e-06,1,0
C1261072_V03_F00008_3dcdcf10-9ad0-4e2e-897d-d4a10c443315.jpg,C,C1261072,03,4096,3000,1,7.158571044921875,20.124496912361927,0.46783289989684673,9.186409950256348,2.874342441558838,1.0,0.946718505859375,8.138020833333334e-07,1,0
C1261076_V10_F00004_bd87d211-99e7-4b36-b59c-142fd4773d1a.jpg,C,C1261076,10,4096,3000,1,19.32497941080729,21.719052593524548,0.5070414625164339,31.7387752532959,7.080005645751953,2.0,0.7035204264322916,6.103515625e-06,3,0
C1261174_V11_F00001_869e7606-d4db-4136-86de-e62486abdfaa.jpg,C,C1261174,11,4096,3000,1,42.52223250325521,31.743036602387903,4.901593363214115,109.08716583251953,13.717507362365723,3.0,0.355888671875,6.608072916666667e-05,2,0
C1261175_V01_F00007_519d0b8a-555a-4367-b838-33da6b00c034.jpg,C,C1261175,01,4096,3000,1,61.84669913736979,10.357357335617921,2.717028180996726,49.25743103027344,10.18428897857666,5.0,8.138020833333333e-08,8.138020833333333e-08,1,0
C1261175_V02_F00007_10bebcf1-c523-4a02-af3c-9772e61e9047.jpg,C,C1261175,02,4096,3000,1,62.82512752278646,16.661674322078817,2.922576735157831,44.38581085205078,10.526280403137207,4.0,2.44140625e-07,8.138020833333333e-08,1,0
C1261230_V02_F00003_84a579ad-cb2f-4005-b371-78f03d855e5d.jpg,C,C1261230,02,4096,3000,1,35.06124796549479,14.518695990801357,2.635967029912919,68.98068237304688,11.557372093200684,4.0,0.03344254557291667,4.9560546875e-05,2,0
C1261230_V03_F00003_74b0f9f0-8fa8-478a-a945-756a2f00b0bf.jpg,C,C1261230,03,4096,3000,1,8.838684733072917,16.78147772507715,0.48052364271197945,26.740734100341797,5.026584148406982,1.0,0.8600818684895833,8.138020833333333e-08,2,0
C1261307_V01_F00007_4c9841b7-8888-492d-8beb-347e822342b0.jpg,C,C1261307,01,4096,3000,1,61.15452351888021,11.279504546916485,3.9467744941746528,82.80927276611328,15.37285327911377,5.0,0.0,1.3753255208333333e-05,2,0
C1261307_V01_F00008_0b71ff73-79a6-4b27-857f-746fdabd050b.jpg,C,C1261307,01,4096,3000,1,63.101429036458335,11.590447807558164,4.2952214607139805,86.03118896484375,16.181995391845703,5.0,0.0,1.1067708333333334e-05,2,0
C1261307_V01_F00009_2f1fe4ff-495f-4075-abf0-f83664d66bc3.jpg,C,C1261307,01,4096,3000,1,64.89525480143229,12.476406296351218,4.290872553708063,86.24041748046875,16.097070693969727,5.0,0.0,7.161458333333333e-06,1,0
C1261366_V03_F00001_476dd62e-9f2c-4b39-8b7b-602ace1e2188.jpg,C,C1261366,03,4096,3000,1,9.424139811197916,22.96951856248127,0.47790429389168554,28.779489517211914,4.829825401306152,1.0,0.9157959798177083,2.6041666666666666e-06,1,0
C1261396_V03_F00009_27e132cd-f056-44d3-a8dc-289cfc6d3883.jpg,C,C1261396,03,4096,3000,1,57.26860986328125,51.02537793557151,5.1110708198612045,125.32199096679688,14.662785530090332,3.0,0.429985595703125,0.00044970703125,1,0
C1261431_V02_F00000_79b92d99-558e-4b1a-9f0a-f01459671d99.jpg,C,C1261431,02,4096,3000,1,29.96717635091146,45.939215961438435,0.479660659447933,64.88380432128906,8.399277687072754,1.0,0.7044410807291667,0.000137939453125,5,0
C1261463_V03_F00001_4ffeb467-7d3d-4ea2-9cab-6b63c62d592e.jpg,C,C1261463,03,4096,3000,1,9.569694498697917,22.380959018686415,0.4907544415722571,19.748750686645508,4.124314308166504,1.0,0.9107999674479167,0.0,3,0
C1261503_V02_F00003_f93cba78-9fad-49a9-b051-bc09bcf732a6.jpg,C,C1261503,02,4096,3000,1,67.84131616210938,26.62484954823755,3.0789502272740448,63.10334396362305,11.35129165649414,4.0,0.032704996744791666,1.220703125e-06,1,0
C1261503_V03_F00003_de6446d2-c17d-4a0d-8176-92060e1a024d.jpg,C,C1261503,03,4096,3000,1,10.852848470052084,24.47101486647426,0.49306056662460984,16.51424789428711,3.948859453201294,1.0,0.8982508138020834,0.0,1,0
C1261567_V03_F00005_8970954b-6357-4d07-b10b-1640756c5aec.jpg,C,C1261567,03,4096,3000,1,6.867572021484375,14.200151676600148,0.4622257051890104,9.332847595214844,3.3529365062713623,1.0,0.917341064453125,0.0,1,0
C1261585_V01_F00002_4c5238c8-3fd8-4e0d-a296-e043becfba36.jpg,C,C1261585,01,4096,3000,1,74.87111018880208,18.19074269170128,4.693884638172095,82.70832061767578,13.941994667053223,6.0,0.0,1.3834635416666668e-06,1,0
C1261585_V01_F00004_06749858-30be-4979-8d51-a1ac778a2a0c.jpg,C,C1261585,01,4096,3000,1,71.78880647786458,17.05825548161815,4.706589398548656,67.11231994628906,11.897846221923828,5.0,0.0,1.6276041666666666e-07,1,0
C1261672_V01_F00009_aa2fe8d4-8d23-400f-ab0c-fff1b0b62b2c.jpg,C,C1261672,01,4096,3000,1,68.76725520833334,22.511548048046468,8.795813478384527,659.769287109375,33.86991882324219,15.0,6.803385416666667e-05,0.000130126953125,1,0
C1261672_V01_F00010_0456fb1d-60f5-4bfd-803d-01c139a510db.jpg,C,C1261672,01,4096,3000,1,13.4500966796875,26.49305848717688,0.5128298877135276,137.60809326171875,9.263843536376953,1.0,0.8389283040364583,0.00017716471354166667,1,0
C1261674_V01_F00011_ec6754ab-d3cd-4726-9b6f-1b8724f9c892.jpg,C,C1261674,01,4096,3000,1,60.010724365234374,11.49763603608711,4.454487164623316,129.70262145996094,16.1831111907959,6.0,8.138020833333333e-08,3.0924479166666666e-06,1,0
C1261674_V01_F00012_1a86123c-1f88-4d29-b97c-048bbfeb1a9a.jpg,C,C1261674,01,4096,3000,1,61.44158072916667,12.893330124545557,4.515520462620252,140.87472534179688,16.621000289916992,5.0,1.6276041666666666e-07,1.1637369791666667e-05,1,0
C1261674_V01_F00013_d45d6b0b-fabd-4a31-a472-6688f063beba.jpg,C,C1261674,01,4096,3000,1,60.699139567057294,11.988839978299827,4.277102386616255,117.7564468383789,15.179750442504883,5.0,7.32421875e-07,4.801432291666666e-06,1,0
C1261850_V00_F00014_71d6687e-2ffc-40bf-bcfd-885a07181214.jpg,C,C1261850,00,4096,3000,1,63.19343977864583,35.736669551258416,3.874589050986761,73.27957916259766,10.33508014678955,4.0,0.22525537109375,7.242838541666667e-05,1,0
C1261952_V01_F00006_2537fcb4-cf2f-4bf8-b520-1b72cf7b25e6.jpg,C,C1261952,01,4096,3000,1,64.28056770833334,15.791944020726172,3.2707241612701297,41.653717041015625,10.638171195983887,4.0,8.138020833333333e-08,8.138020833333333e-08,1,0
C1261962_V03_F00011_9938d772-1454-4aff-b516-bc0b315c3132.jpg,C,C1261962,03,4096,3000,1,38.47427433268229,43.70584270993538,1.6794067418214063,29.626718521118164,7.574306488037109,2.0,0.6029986165364584,5.859375e-06,2,0
C1261963_V01_F00001_e5dfd10b-1d97-4ff8-be0e-c8f8a0a92be0.jpg,C,C1261963,01,4096,3000,1,71.74473274739583,25.251378322468586,3.569110638382378,44.78963088989258,11.256120681762695,4.0,0.072898193359375,1.416015625e-05,4,0
C1261972_V02_F00004_3786ee37-bc0b-43b1-9dfd-4435aab50d62.jpg,C,C1261972,02,4096,3000,1,76.46012923177084,15.644491015176047,1.9581665177395569,18.9649600982666,5.886795997619629,3.0,0.0,1.6276041666666666e-07,1,0
C1261975_V01_F00001_69a7fc78-2b71-4be7-ae04-92536dde2605.jpg,C,C1261975,01,4096,3000,1,135.9063623860677,33.46013933228503,6.24506144817529,75.77958679199219,14.466605186462402,5.0,0.0,0.007549397786458334,1,0
C1261992_V01_F00003_6ef6c319-2695-4af8-a663-eca4efa501f9.jpg,C,C1261992,01,4096,3000,1,80.14048185221354,18.48211431623959,4.7271247899257185,41.89310836791992,14.325063705444336,4.0,0.0,2.7669270833333335e-06,9,0
C1261997_V02_F00004_0da73a27-2db0-4107-82bc-8161f7677103.jpg,C,C1261997,02,4096,3000,1,105.0329823404948,33.9514840089982,6.862740524039651,192.00985717773438,20.273099899291992,7.0,0.0,0.0012955729166666667,2,0
C1262000_V02_F00003_cd49b0a0-9f1f-41ee-a109-9e1b363fb45a.jpg,C,C1262000,02,4096,3000,1,92.25428255208334,26.765253820268427,3.6849933078326496,52.5429573059082,10.96074390411377,4.0,0.0,1.953125e-06,3,0
C1262000_V02_F00010_0693e775-3d7b-4d94-afb1-c560f32e6025.jpg,C,C1262000,02,4096,3000,1,96.76068147786458,29.010820158699033,4.078773955664108,50.44967269897461,11.036967277526855,4.0,0.0,9.765625e-07,1,0
C1262044_V02_F00011_2fd7d085-d174-4a5b-aca2-04d3130c4105.jpg,C,C1262044,02,4096,3000,1,91.94578767903646,25.186338348267203,3.5119836020496047,69.42672729492188,10.912215232849121,4.0,0.0,5.696614583333334e-07,3,0
C1262049_V00_F00003_2ddf5e8f-1e1f-4969-a7a0-4a66a6fb2e5d.jpg,C,C1262049,00,4096,3000,1,78.41880891927083,42.14917975443831,3.840191432791783,41.7474365234375,9.67182445526123,3.0,0.21490169270833334,4.8828125e-07,3,0
C1262054_V13_F00005_300aca4a-4f91-44ce-bc1e-10934c2f1087.jpg,C,C1262054,13,4096,3000,1,78.02939607747396,48.608774580243136,8.63444611010518,234.05885314941406,26.230161666870117,6.0,0.23912337239583334,2.6123046875e-05,3,0
C1262104_V00_F00004_2670814e-471a-454f-baf7-c347a8b94a55.jpg,C,C1262104,00,4096,3000,1,82.48974169921875,45.989111409520795,5.215906829728952,93.37439727783203,13.659034729003906,4.0,0.22047591145833334,3.5970052083333336e-05,1,0
C1262131_V00_F00005_58240c4b-7399-4209-b4ad-aa1acbc0a86a.jpg,C,C1262131,00,4096,3000,1,66.8977891438802,38.347067301169155,5.229243792972025,183.4958953857422,16.430070877075195,5.0,0.21698291015625,0.000373291015625,2,0
C1262244_V02_F00001_657c03ab-3ade-4df7-925a-8eadf348d651.jpg,C,C1262244,02,4096,3000,1,86.91225130208333,34.65810096880195,8.934034581424491,504.82684326171875,30.769020080566406,10.0,0.017436767578125,0.0013370768229166666,2,0
C1262244_V03_F00001_ffafb366-b039-4003-9702-f2145e48d251.jpg,C,C1262244,03,4096,3000,1,24.7512705078125,46.60073528373526,0.5307721107468608,106.26541900634766,9.751143455505371,1.0,0.80057958984375,0.0006092936197916667,2,0
C1262283_V02_F00008_e52ddf1f-6bb6-4d8f-83cb-88a2edc0bb98.jpg,C,C1262283,02,4096,3000,1,91.60235913085937,28.161338523800303,4.1605722466248425,150.4927215576172,14.195730209350586,5.0,0.0,0.00016569010416666666,1,0
C1262391_V02_F00008_0ae6ee3f-0a39-40d5-9383-19742efd883a.jpg,C,C1262391,02,4096,3000,1,60.21204060872396,22.740899034430985,3.307261711677209,75.86974334716797,10.11572551727295,4.0,2.1321614583333333e-05,6.461588541666667e-05,1,0
C1262407_V02_F00019_264a898b-2277-4302-8aff-ff8dec23df58.jpg,C,C1262407,02,4096,3000,1,54.938537434895835,28.098690330638192,6.656882281006126,648.2920532226562,28.899761199951172,12.0,0.0005508626302083334,0.00105224609375,2,0
C1262466_V00_F00003_43421b61-d21d-4da5-a7f4-36a4df45ef20.jpg,C,C1262466,00,4096,3000,1,72.73239908854167,40.455232786430386,6.532097083826849,96.99762725830078,19.23915672302246,5.0,0.21092952473958335,5.37109375e-06,1,0
C1262469_V00_F00000_ce31e9e7-a206-47a2-86b3-8f27147e580c.jpg,C,C1262469,00,4096,3000,1,19.515007486979165,39.81371323336949,0.4938809589798349,70.66222381591797,9.930721282958984,1.0,0.856624755859375,0.0007027180989583334,1,0
C1262469_V00_F00001_2da1a850-6fdd-4c4d-b6ab-acb0f3dd1242.jpg,C,C1262469,00,4096,3000,1,68.5010068359375,39.74305234989557,7.016637985424959,148.63026428222656,21.520404815673828,5.0,0.20897713216145833,0.00045694986979166665,3,0
C1262484_V02_F00009_9ee6e1f6-3972-4789-a0e4-0133ed8b801a.jpg,C,C1262484,02,4096,3000,1,73.78587093098959,20.38407194297006,2.3490090748602555,24.481046676635742,7.2476372718811035,3.0,0.015001871744791668,4.069010416666667e-07,1,0
C1262531_V00_F00004_49eb12e2-fec3-4194-850d-2c08124bc760.jpg,C,C1262531,00,4096,3000,1,53.538385579427086,30.124597826744104,4.893119694545751,183.915771484375,16.43270492553711,5.0,0.21374723307291665,0.00013826497395833334,1,0
C1262539_V01_F00007_d6019b4f-5802-48f9-94d0-f90df9a36aef.jpg,C,C1262539,01,4096,3000,1,74.1221368001302,11.344901664787336,2.3753394844554414,53.14899444580078,9.339211463928223,5.0,0.0,0.0,1,0
C1262596_V12_F00004_6e4012d7-c8c3-4e46-9145-50e7b6cc9e33.jpg,C,C1262596,12,4096,3000,1,62.57099861653646,19.506754703261645,4.452356260627426,103.9517822265625,15.672321319580078,6.0,1.6194661458333332e-05,1.46484375e-06,1,0
C1262608_V11_F00002_d95374a3-5f07-4270-8d39-2f4675abe3bc.jpg,C,C1262608,11,4096,3000,1,43.08122395833333,10.24291617986847,2.2989693422225876,45.533912658691406,9.190908432006836,4.0,0.0014417317708333333,0.0,1,0
C1262639_V01_F00008_a983882f-c258-4924-a722-761850a6a4d0.jpg,C,C1262639,01,4096,3000,1,69.04266455078125,10.214664936680919,2.1114528093248612,42.515113830566406,7.529562473297119,4.0,0.0,0.0,2,0
C1262639_V02_F00008_cbcb82a1-681f-4692-93b6-5a2ae8e2262c.jpg,C,C1262639,02,4096,3000,1,68.48750138346354,16.16884352732585,2.2428949240114813,43.78444290161133,8.392121315002441,4.0,0.024908121744791668,8.138020833333333e-08,2,0
C1262690_V02_F00009_5b60de1e-0f87-463f-ae1f-473ed8913ea2.jpg,C,C1262690,02,4096,3000,1,68.42901391601562,17.15048775820589,2.3301155258956907,49.239559173583984,8.874449729919434,4.0,0.014512613932291666,5.696614583333334e-07,1,0
C1262775_V00_F00000_ba88a758-e40b-46d4-a72c-e39dd8e1c574.jpg,C,C1262775,00,4096,3000,1,42.087210367838544,55.48321008615463,0.8937965782621652,126.07301330566406,10.894669532775879,2.0,0.6569960123697917,0.00058740234375,2,0
C1262783_V00_F00002_7815444a-eb46-446a-a3ae-44100def5734.jpg,C,C1262783,00,4096,3000,1,71.05297867838541,38.22050648258966,3.772190657704969,78.93302917480469,10.391060829162598,4.0,0.21266487630208333,2.5227864583333333e-05,1,0
C1262847_V03_F00001_d923e1f8-c5bf-4d1b-afa4-f038b0d6b3c8.jpg,C,C1262847,03,4096,3000,1,25.789920166015627,35.52328130704527,0.605324498717299,150.3826904296875,9.972219467163086,2.0,0.69423291015625,0.00055517578125,2,0
C1262953_V13_F00003_eaf8cdb8-1332-4843-94c1-b0e8d89f3b52.jpg,C,C1262953,13,4096,3000,1,65.16232153320313,43.506414627216756,7.572646542881902,168.3798370361328,21.49277114868164,5.0,0.28006673177083335,2.8889973958333333e-05,3,0
C1262982_V12_F00002_d2c28aba-db48-4ff3-bc3d-65d0630335b0.jpg,C,C1262982,12,4096,3000,1,52.30979654947917,15.491569039941865,4.208521065301692,62.98373031616211,15.19435977935791,5.0,0.0003212076822916667,1.6276041666666668e-06,2,0
C1262982_V13_F00002_1ccc3570-d687-4b97-9df4-336d628b1235.jpg,C,C1262982,13,4096,3000,1,68.03339607747395,43.38480809104951,7.413583075836896,194.11187744140625,22.342771530151367,5.0,0.2675509440104167,1.5787760416666666e-05,8,0
C1263142_V01_F00001_25742919-b706-4e1a-8e59-c6c46d659d2d.jpg,C,C1263142,01,4096,3000,1,39.23797664388021,40.122924819104284,5.877069921263914,258.44757080078125,16.63730812072754,3.0,0.4932598470052083,0.0005790201822916666,2,0
C1263178_V11_F00001_affed22c-94db-4573-850d-aeeeb7efe92e.jpg,C,C1263178,11,4096,3000,1,23.14897696940104,22.03947503719911,0.5109592071237242,149.0477294921875,11.083819389343262,2.0,0.5435442708333333,0.0004297688802083333,1,0
C1263228_V03_F00000_f99167a6-2713-47e1-a825-740c1fb9f2c1.jpg,C,C1263228,03,4096,3000,1,5.3337783203125,18.054366750585864,0.4803681720317643,30.987934112548828,3.4783132076263428,1.0,0.9738627115885417,0.000233154296875,2,0
C1263232_V10_F00000_54ef7f5a-da6d-4ef4-9070-58b30d209a77.jpg,C,C1263232,10,4096,3000,1,7.747243245442708,8.733863683765241,0.46803996072599785,14.37209415435791,3.15842866897583,1.0,0.9539615071614583,2.7669270833333335e-06,1,0
C1263498_V10_F00001_70cf32cb-6f84-4e6c-8abf-ff6bbfc2bc2d.jpg,C,C1263498,10,4096,3000,1,17.871367594401043,24.452155262516715,0.496151055220927,26.467636108398438,5.226419448852539,1.0,0.7945149739583334,4.557291666666667e-06,1,0
C1264124_V02_F00007_cf79b162-03a6-4f9f-a6b0-f5829abc6b71.jpg,C,C1264124,02,4096,3000,1,26.816970377604168,31.602497490717646,1.0838951610292047,17.90904426574707,5.184972286224365,1.0,0.5923070475260417,4.8828125e-07,3,0
C1264298_V01_F00008_97caa284-4ba2-45c0-8377-9766ad55c2f9.jpg,C,C1264298,01,4096,3000,1,47.75084098307292,41.547647583457504,4.1011264469971564,237.5274658203125,15.122832298278809,4.0,0.404743896484375,0.000466064453125,1,0
C1264398_V01_F00014_4ae40bc9-67f1-4db3-8dab-7f5def2c101e.jpg,C,C1264398,01,4096,3000,1,93.19395092773438,16.374058725149254,3.303984062955169,79.8224868774414,11.732251167297363,6.0,0.0,0.0,3,0
C1264398_V01_F00026_e8df472c-15f4-4925-aa9e-405f03971352.jpg,C,C1264398,01,4096,3000,1,94.59722680664062,17.502108998889483,2.897051945964816,43.659950256347656,9.491463661193848,4.0,0.0,1.6276041666666666e-07,5,0
C1264398_V01_F00028_ac5bc3a8-2a42-4432-abd4-61cc3ec15953.jpg,C,C1264398,01,4096,3000,1,92.91990934244792,17.244013341768913,2.7340573350691226,35.68294143676758,8.6531982421875,4.0,0.0,0.0,3,0
C1264398_V01_F00029_ff4d947c-8dfc-43d7-997c-5e9ffcf8c3d4.jpg,C,C1264398,01,4096,3000,1,94.6185790201823,17.430790498652076,2.6811890538996783,35.74687576293945,8.583151817321777,4.0,0.0,0.0,3,0
C1264398_V01_F00032_f50b8213-dda3-4254-8348-8b930041190f.jpg,C,C1264398,01,4096,3000,1,96.08019555664063,18.53333129044866,2.8927987087110356,40.55789566040039,9.303972244262695,4.0,0.0,2.44140625e-07,1,0
C1264502_V11_F00002_3d9c0ce6-34b3-4ce2-abab-d2e6e3dd646c.jpg,C,C1264502,11,4096,3000,1,48.25997184244792,13.405513137499659,3.439988683721694,67.9073257446289,12.118663787841797,5.0,0.0005674641927083333,2.44140625e-07,2,0
C1264502_V12_F00003_22655db0-966e-4378-863e-502d25cb50ec.jpg,C,C1264502,12,4096,3000,1,70.88944124348959,19.927015102505248,3.8692954485378257,81.18438720703125,11.995936393737793,5.0,8.138020833333334e-07,4.231770833333333e-06,2,0
C1264877_V00_F00001_3e4ab89c-87b2-44bb-84a7-706355c344ac.jpg,C,C1264877,00,4096,3000,1,64.70726603190104,35.17404519909989,4.7824388447825665,58.34249496459961,11.823731422424316,3.0,0.20771712239583334,2.8238932291666667e-05,4,0
C1264884_V01_F00005_01b68913-1709-4491-9238-8f8f996a2123.jpg,C,C1264884,01,4096,3000,1,86.95614957682292,18.1418254607037,3.1864531736074166,50.27486801147461,9.424208641052246,4.0,0.0,5.208333333333333e-06,1,0
C1264937_V12_F00006_dbb0918d-09ca-4f36-ab2b-a97327e2386d.jpg,C,C1264937,12,4096,3000,1,49.59839575195313,41.996468999729856,6.894842115943368,146.14939880371094,19.456241607666016,3.0,0.4065472005208333,5.900065104166667e-05,9,0
C1265029_V01_F00005_f1268278-684d-45f5-b694-29c3515b9333.jpg,C,C1265029,01,4096,3000,1,89.23745540364584,12.127784897759822,2.728403793756409,46.34995651245117,9.245709419250488,4.0,0.0,1.3020833333333333e-06,1,0
C1265029_V01_F00008_98363a41-36ed-4460-aaf0-2d0f3e0cf800.jpg,C,C1265029,01,4096,3000,1,90.91038859049479,15.367797468841571,3.042865822325849,53.81938171386719,10.436663627624512,5.0,0.0,8.138020833333333e-08,1,0
C1265111_V10_F00000_1566f424-f469-44d2-b1ce-36ef48bb0060.jpg,C,C1265111,10,4096,3000,1,7.504449625651041,10.218010456434792,0.443871022229431,14.200337409973145,3.315366268157959,1.0,0.9731002604166666,5.126953125e-06,1,0
C1265128_V12_F00002_e8669fbf-0aa5-44d2-96d9-a25821dbca5b.jpg,C,C1265128,12,4096,3000,1,119.3188631998698,34.42987961343048,6.940078347039218,308.2769470214844,22.828739166259766,9.0,0.0,0.00010758463541666666,1,0
C1265194_V01_F00005_4a645f9d-67f6-4467-a1aa-a6c5e761cd98.jpg,C,C1265194,01,4096,3000,1,73.24154215494792,10.85897908442007,1.9146240724218084,29.096940994262695,6.416532039642334,4.0,0.0,0.0,1,0
C1265199_V00_F00001_d0a0e4d0-cc65-4e54-a64d-afa41dfcf910.jpg,C,C1265199,00,4096,3000,1,57.561092447916664,28.600663516520083,2.7569083192002752,26.149169921875,7.502619743347168,3.0,0.21527604166666667,3.824869791666666e-06,1,0
C1265199_V01_F00001_11d2615a-efb0-41d9-83af-4e0b27f9da3d.jpg,C,C1265199,01,4096,3000,1,67.85582495117187,10.772268417530821,2.0192434963824057,25.597183227539062,6.430685997009277,3.0,0.0,8.138020833333333e-08,1,0
C1265201_V13_F00003_69bead18-0521-4b4c-9915-dccb8288fc81.jpg,C,C1265201,13,4096,3000,1,120.42138541666667,89.45203111915534,8.386545317886636,376.1719665527344,25.700895309448242,6.0,0.29124967447916666,0.07333854166666667,1,0
C1265203_V10_F00003_47139c96-60f0-4678-8786-df3bf1ed910d.jpg,C,C1265203,10,4096,3000,1,22.816183756510416,31.501717773104623,0.5107275991009537,21.933591842651367,5.298106670379639,1.0,0.777825439453125,9.358723958333333e-06,1,0
C1265203_V11_F00003_18e8add4-97dd-43a2-8cb5-adcb01c88b25.jpg,C,C1265203,11,4096,3000,1,79.37260913085937,25.313874035187172,4.089799216746015,108.03059387207031,14.887749671936035,5.0,0.05333211263020833,6.184895833333333e-06,1,0
C1265224_V13_F00003_92fbdca6-2d8a-4ae1-9852-66fcb1419a52.jpg,C,C1265224,13,4096,3000,1,130.76012247721354,83.95080633702517,11.567374094768216,945.0408325195312,40.35763931274414,12.0,0.21571744791666667,0.095993408203125,1,0
C1265380_V10_F00000_7be60d3b-a83a-4efa-9ec3-0c907a7fa267.jpg,C,C1265380,10,4096,3000,1,9.357573567708334,15.80865276189848,0.4975406242808653,19.195335388183594,4.070832252502441,1.0,0.9580625813802083,1.7903645833333333e-05,1,0
C1265403_V00_F00002_8b5d6869-f8ce-4d1e-92fd-32d38a5f0296.jpg,C,C1265403,00,4096,3000,1,61.123531901041666,30.318000652001945,2.729945484788913,34.01241683959961,8.017723083496094,3.0,0.21600447591145833,8.138020833333333e-08,1,0
C1265423_V12_F00003_8fc9dfb2-9e75-470e-917a-5a4e5a7da814.jpg,C,C1265423,12,4096,3000,1,138.03366048177082,40.196495596606525,7.1577020359022505,160.2489013671875,21.368816375732422,6.0,0.0,7.877604166666666e-05,2,0
C1265425_V01_F00006_3d0f3925-a58a-43a1-97f1-0fd43421331d.jpg,C,C1265425,01,4096,3000,1,100.9971729329427,20.921944487356843,6.427437180432674,318.79888916015625,27.75629997253418,11.0,0.0,9.814453125e-05,1,0
C1265510_V01_F00008_d0b9abdf-b0db-4fe0-9651-516d705184b7.jpg,C,C1265510,01,4096,3000,1,82.31878043619791,11.382766763676482,2.457400243826121,54.88858413696289,9.261898040771484,5.0,0.0,0.0,1,0
C1265609_V10_F00001_99d79b4d-672a-48ae-b4e8-47f19e8d8ca7.jpg,C,C1265609,10,4096,3000,1,13.205609456380209,21.032405410981628,0.49488404339441094,54.808746337890625,7.069564342498779,1.0,0.8929583333333333,3.2633463541666664e-05,1,0
C1265736_V00_F00006_e86e4ea4-5794-4440-b4ac-39e2bc5e5e3f.jpg,C,C1265736,00,4096,3000,1,75.15588191731771,40.885078579519764,5.487866758913505,104.9926528930664,14.462791442871094,4.0,0.21553743489583332,6.15234375e-05,1,0
C1265771_V02_F00011_123b96c0-64fe-4ad6-92cd-dfb1474d852c.jpg,C,C1265771,02,4096,3000,1,71.80900992838542,31.27537125557515,3.522716431421407,104.6399154663086,12.23145866394043,5.0,0.09349259440104167,1.6845703125e-05,1,0
C1265818_V10_F00001_a40e9860-4187-4acb-ad66-0d141f0d4f9a.jpg,C,C1265818,10,4096,3000,1,36.62321451822917,36.73159840127006,1.8248603068965772,118.98904418945312,14.43797779083252,2.0,0.569417724609375,3.125e-05,1,0
C1265818_V13_F00001_3713e5aa-55d0-45d7-a935-9ddeb55359fd.jpg,C,C1265818,13,4096,3000,1,106.67626489257813,88.5203458031956,15.302512529717067,798.3510131835938,42.94062042236328,6.0,0.355183837890625,0.063330078125,2,0
C1266019_V02_F00000_2b91989d-31cb-4198-bce5-54bbc72e9078.jpg,C,C1266019,02,4096,3000,1,28.024557779947916,43.634955353693556,0.4803828125430174,58.86465072631836,9.300384521484375,1.0,0.72074755859375,1.5380859375e-05,1,0
C1266042_V13_F00000_edc3a2cb-4e52-404c-b538-7d614673c6a4.jpg,C,C1266042,13,4096,3000,1,34.61582364908854,48.79090354065298,0.6079215197699243,903.6740112304688,27.987512588500977,2.0,0.6371918131510417,0.007853759765625,1,0
C1266122_V01_F00010_49af1b95-c687-4fba-9d80-82e18a6f7a4c.jpg,C,C1266122,01,4096,3000,1,53.511440673828126,10.875961679356276,2.8901652940128932,38.53559875488281,10.136125564575195,4.0,0.0,0.0,1,0
C1266122_V01_F00011_a73c3276-76df-492e-bc96-d0143abd05d9.jpg,C,C1266122,01,4096,3000,1,56.330202555338545,11.077817559188341,2.596261795739423,36.71684646606445,9.454118728637695,4.0,0.0,1.6276041666666666e-07,1,0
C1266152_V00_F00001_cfc32365-695d-4419-b9a7-56c7c7dfbc03.jpg,C,C1266152,00,4096,3000,1,42.49473356119792,42.75714766405941,4.929819200904336,196.9550018310547,16.672998428344727,3.0,0.5349612630208334,0.00015437825520833333,1,0
C1266292_V12_F00003_99366444-5565-49c3-ac1e-ed08e38fc2ac.jpg,C,C1266292,12,4096,3000,1,89.78794311523437,24.754459047487643,8.86175370235614,261.23101806640625,30.054553985595703,8.0,0.0,3.0436197916666665e-05,1,0
C1266296_V01_F00004_a80f21ee-4a8a-4405-9107-d4f1e5650a85.jpg,C,C1266296,01,4096,3000,1,79.26484830729167,9.71327730107147,1.9821930646800237,21.949951171875,6.840807914733887,3.0,0.0,2.44140625e-07,1,0
C1266313_V02_F00008_f0be224b-32f0-4375-bef9-47a0299ad91a.jpg,C,C1266313,02,4096,3000,1,83.60243212890624,14.123623510183402,2.686361079708175,34.62821578979492,8.119749069213867,4.0,0.0,2.44140625e-07,1,0
C1266382_V01_F00000_72949299-9b48-4fe4-9b3d-9a21d4a0cd39.jpg,C,C1266382,01,4096,3000,1,18.34522810872396,25.636119314997035,0.48506650476503044,61.11440658569336,9.725593566894531,2.0,0.7053548990885417,0.00010856119791666666,1,0
C1266442_V01_F00002_358ce17c-bb27-436c-8c7a-7658eee2f888.jpg,C,C1266442,01,4096,3000,1,89.89132438151042,14.376728219049872,3.020477694189595,76.92739868164062,10.740081787109375,6.0,0.0,1.6276041666666666e-07,2,0
C1266470_V01_F00006_1b081354-ee7c-400d-80cb-9199f373f4d8.jpg,C,C1266470,01,4096,3000,1,78.44030094401042,18.17111229645624,7.970856662615776,386.0489501953125,33.78941345214844,11.0,0.0,3.41796875e-06,8,0
C1266470_V02_F00001_cd072ed2-2046-4936-a254-ce5adfd1874a.jpg,C,C1266470,02,4096,3000,1,62.04493896484375,45.48926360195373,6.245937906623103,285.76025390625,22.693838119506836,5.0,0.27670166015625,0.0009052734375,8,0
C1266470_V02_F00004_6110a13d-03cf-415c-aa9b-81e2ddc15a35.jpg,C,C1266470,02,4096,3000,1,75.37418839518229,24.14068167579626,5.928513171769705,203.0007781982422,22.278520584106445,7.0,8.138020833333333e-08,3.662109375e-06,9,0
C1266542_V01_F00008_80e13bc3-f5b7-4a03-be12-0f33313aeda9.jpg,C,C1266542,01,4096,3000,1,59.67420361328125,17.064124215148748,5.708168554197933,231.57879638671875,23.286888122558594,9.0,0.0,2.5227864583333333e-06,1,0
C1266542_V01_F00009_37643df6-c9e9-4a32-9624-6c9d19dd17b8.jpg,C,C1266542,01,4096,3000,1,57.06769270833333,16.15481630653099,5.4007697715247645,196.81918334960938,21.27583885192871,8.0,1.6276041666666666e-07,5.126953125e-06,1,0
C1266542_V01_F00010_0570746c-a5db-4fcd-9de9-7d79f8a7fbc7.jpg,C,C1266542,01,4096,3000,1,57.21921101888021,16.23428521477926,5.556545446810155,220.35133361816406,22.569143295288086,9.0,8.951822916666667e-07,1.220703125e-06,1,0
C1266543_V01_F00003_92f989be-707c-4e08-8229-e13a6851f7b7.jpg,C,C1266543,01,4096,3000,1,52.80544295247396,14.57540330010106,4.463408004114557,158.70347595214844,19.411195755004883,8.0,0.0,1.3020833333333333e-06,2,0
C1266548_V00_F00002_cbe95448-5b8f-425a-97dc-f7dd7678a670.jpg,C,C1266548,00,4096,3000,1,54.39561433919271,32.22033745110755,6.167008606821064,142.17999267578125,15.929088592529297,5.0,0.22159407552083332,8.463541666666667e-05,1,0
C1266548_V01_F00002_221346fb-8682-4fc1-9d45-c69dd9d4c9b0.jpg,C,C1266548,01,4096,3000,1,47.150993815104165,12.115917863661766,3.9718877689802516,83.04255676269531,12.565216064453125,5.0,6.510416666666666e-07,4.2643229166666666e-05,1,0
C1266633_V01_F00013_4cb26666-dd74-48a2-b0be-1d04500bc805.jpg,C,C1266633,01,4096,3000,1,47.657102376302085,33.395066462363125,3.126990065246445,67.86629486083984,10.602816581726074,3.0,0.32251676432291665,4.703776041666667e-05,1,0
C1266642_V01_F00011_81b6d415-7994-46d4-a1c4-222ed9b11a31.jpg,C,C1266642,01,4096,3000,1,80.37714794921875,16.01362998196036,4.24617211309028,93.06084442138672,14.327186584472656,6.0,0.0,3.336588541666667e-06,1,0
C1266643_V01_F00001_fa89d778-7782-41a9-bd3a-b5ca2869f4b4.jpg,C,C1266643,01,4096,3000,1,72.47482934570313,42.676373983576404,5.691115106996378,139.4506378173828,16.80368995666504,5.0,0.22808056640625,2.5716145833333334e-05,1,0
C1266663_V03_F00001_4f45cd0a-dbaf-42fc-873d-34ad81163a62.jpg,C,C1266663,03,4096,3000,1,80.11445361328126,57.98723097823133,6.989653327151855,181.3451385498047,19.44629669189453,5.0,0.333762451171875,0.0009042154947916667,1,0
C1266716_V00_F00008_12add84a-20bf-4d30-aee0-80883dd58bce.jpg,C,C1266716,00,4096,3000,1,42.97716585286458,52.693080366501434,2.5865995756297773,148.5875701904297,11.050118446350098,2.0,0.617121826171875,0.0008614908854166667,1,0
C1266734_V02_F00009_ec807507-ed3d-49f1-96da-8aa416e2d158.jpg,C,C1266734,02,4096,3000,1,66.7299463704427,16.38924748914575,2.3694238786541337,42.750675201416016,8.604646682739258,4.0,0.0,4.8828125e-07,1,0
C1266736_V02_F00008_5f848b4e-a3cc-4a05-b9d1-d9e09ccceafb.jpg,C,C1266736,02,4096,3000,1,67.03202669270833,17.433660681184648,2.636683361835905,43.90626907348633,8.788695335388184,4.0,0.0,3.255208333333333e-07,1,0
C1266800_V00_F00003_7a260541-0f50-4a5d-bb39-b376ff33b6cb.jpg,C,C1266800,00,4096,3000,1,70.06563256835938,36.93784729196513,4.858309183219317,72.82412719726562,15.657154083251953,4.0,0.21393766276041667,5.696614583333334e-07,1,0
C1266830_V10_F00001_0c6b2c18-0d46-4b3a-a70a-716a55aa8549.jpg,C,C1266830,10,4096,3000,1,28.004841959635417,30.04065007984163,1.0004896949686835,70.61286163330078,11.586312294006348,2.0,0.6223634440104167,1.4322916666666666e-05,1,0
C1266831_V13_F00007_fe0a8a73-e479-4e2d-9d43-2576c84f59b7.jpg,C,C1266831,13,4096,3000,1,93.27611083984375,62.332331342129564,10.610932245492847,254.7447052001953,29.917945861816406,5.0,0.26544392903645836,0.00035872395833333334,1,0
C1266840_V01_F00006_5776faea-3476-4ad7-8294-73cfdde0145d.jpg,C,C1266840,01,4096,3000,1,37.14857356770833,8.933040952222985,1.9917782883564898,19.0465030670166,6.040415287017822,3.0,0.00031982421875,0.0,1,0
C1266876_V00_F00005_5fc65f29-22b8-46b4-b802-33825b41ab40.jpg,C,C1266876,00,4096,3000,1,70.1400361328125,36.6813697751246,2.8998223714838915,32.7723274230957,7.636738300323486,3.0,0.22191634114583333,0.0,1,0
C1266888_V00_F00010_9bdb89a6-4b68-46d3-83d9-ab5321dbc1fa.jpg,C,C1266888,00,4096,3000,1,69.69793131510417,37.319785063842836,3.0187698348982215,25.55647850036621,6.922621250152588,3.0,0.22771500651041668,0.0,1,0
C1266899_V13_F00006_ca875c85-5e31-405f-a274-bbdefeca27e5.jpg,C,C1266899,13,4096,3000,1,77.70910384114583,44.646250579252886,4.267750973993369,108.18506622314453,14.04235553741455,4.0,0.22815861002604168,3.108723958333333e-05,1,0
C1266903_V13_F00005_37c77e52-0283-433f-8b15-4d4790e7b0a5.jpg,C,C1266903,13,4096,3000,1,86.65079931640625,51.24145124454326,4.970799762017334,88.27424621582031,13.820775985717773,4.0,0.23630045572916666,2.4495442708333333e-05,1,0
C1266913_V01_F00008_55b73738-e26c-49d7-8065-fbad25a4fec3.jpg,C,C1266913,01,4096,3000,1,38.919704020182294,10.114311225649375,2.3534832331949627,22.187755584716797,7.319463729858398,3.0,0.00022355143229166666,0.0,1,0
C1266941_V02_F00001_cfdfcfd6-4ddc-45d4-a045-16eb67d0de89.jpg,C,C1266941,02,4096,3000,1,81.92303385416666,21.588609253948857,3.6771942601596885,114.11857604980469,11.663830757141113,6.0,0.0,1.1800130208333333e-05,4,0
C1266943_V03_F00011_eddfe8a6-95e6-4540-836c-ab590ae93e17.jpg,C,C1266943,03,4096,3000,1,28.959239664713543,40.82537427115118,0.8023558379941602,24.635000228881836,5.753717422485352,1.0,0.71123681640625,5.696614583333334e-07,1,0
C1266959_V00_F00014_d780bf82-95fc-44ec-8c73-4b5d5f1cae16.jpg,C,C1266959,00,4096,3000,1,62.90521240234375,78.20642143097454,2.8281154327688682,75.72210693359375,12.368856430053711,2.0,0.6107076009114584,0.021583251953125,1,0
C1266980_V10_F00001_e7aa1a86-a2ff-4327-835c-e04ddfa7a4d7.jpg,C,C1266980,10,4096,3000,1,33.87217610677083,31.49871658602367,3.948464709804937,191.30618286132812,17.817707061767578,3.0,0.5187296549479167,5.281575520833333e-05,1,0
C1267018_V03_F00008_aeb3e4f6-0354-40f1-83de-f7bf4b10019e.jpg,C,C1267018,03,4096,3000,1,46.22605558268229,40.618182096519405,3.900169643385836,285.3311767578125,16.283931732177734,3.0,0.4334195149739583,0.000677490234375,2,0
C1267020_V02_F00007_951412ef-d2dc-4535-870a-f52ad8453257.jpg,C,C1267020,02,4096,3000,1,96.80398649088542,23.46059180688982,3.1548464107919196,40.5637321472168,7.917293548583984,4.0,0.0,1.3834635416666668e-06,1,0
C1267020_V02_F00008_f477b9e8-4980-4b1a-b742-8cb09b3de3a4.jpg,C,C1267020,02,4096,3000,1,95.08245865885416,22.81434802481641,3.1667639020273484,39.14555358886719,7.959513187408447,4.0,0.0,1.708984375e-06,3,0
C1267166_V00_F00006_566b6636-7391-480e-9ce9-f43418498149.jpg,C,C1267166,00,4096,3000,1,58.918254150390624,29.826619467017444,4.4321148163315005,75.25492858886719,13.020488739013672,4.0,0.212487548828125,3.255208333333333e-07,1,0
C1267178_V00_F00001_c887f2f6-a22e-46c2-83aa-3d351dbad6e8.jpg,C,C1267178,00,4096,3000,1,68.81703434244791,35.90844733449784,4.26890640825766,94.09183502197266,12.150931358337402,4.0,0.20621980794270833,5.940755208333333e-06,5,0
C1267178_V01_F00004_4b0a778d-7ec9-4612-8b0c-b5c75458cb8b.jpg,C,C1267178,01,4096,3000,1,74.5136835123698,14.360023559474993,3.5299002463995954,100.0351333618164,12.773003578186035,6.0,0.0,1.1393229166666668e-06,1,0
C1267184_V02_F00011_daa724ab-e115-42ba-ba56-28392110aa10.jpg,C,C1267184,02,4096,3000,1,74.26122127278646,37.454086048188486,2.9436169330957904,56.106834411621094,9.389243125915527,4.0,0.16489973958333334,3.3772786458333334e-05,1,0
C1267209_V00_F00004_40539414-2553-41e1-8d5b-013abd7ce19b.jpg,C,C1267209,00,4096,3000,1,65.2776572265625,35.51122029466319,3.368837372643564,35.748355865478516,7.8002800941467285,3.0,0.225043701171875,0.0,1,0
C1267247_V02_F00002_72354ca5-c1a0-480f-8c7a-def5cf9f17d3.jpg,C,C1267247,02,4096,3000,1,39.67821232096354,12.923190618643376,2.216455802314054,46.00510025024414,8.834794044494629,3.0,0.0035557454427083334,8.951822916666667e-07,2,0
C1267248_V01_F00006_4f250fb3-f9a8-4a0f-b8b5-a1218617fa7e.jpg,C,C1267248,01,4096,3000,1,40.54980940755208,9.630165448656223,2.3103740665994836,36.639564514160156,8.787610054016113,3.0,4.5654296875e-05,8.138020833333333e-08,1,0
C1267249_V01_F00001_73b5a791-4a40-479a-9711-377e14f36d32.jpg,C,C1267249,01,4096,3000,1,42.93949674479167,16.268633862575765,2.9399822986438724,45.33293151855469,9.627703666687012,3.0,0.07118001302083334,2.6041666666666666e-06,1,0
C1267249_V01_F00008_12a43c39-1966-4a33-b267-dc21e9a6d928.jpg,C,C1267249,01,4096,3000,1,42.721438232421875,10.541337440030395,2.1065648970066757,30.557981491088867,7.957341194152832,3.0,1.9287109375e-05,3.255208333333333e-07,1,0
C1267251_V01_F00008_3f2cbf39-1848-4cee-a4e1-65b9090a86b5.jpg,C,C1267251,01,4096,3000,1,42.58470865885417,11.241722804115634,2.3004440979071026,26.04515838623047,7.486477851867676,3.0,6.241861979166666e-05,2.44140625e-07,2,0
C1267251_V01_F00032_b81fd13b-d9c2-446c-88e0-256ac6ce76ad.jpg,C,C1267251,01,4096,3000,1,43.218085774739585,11.266189282611348,2.375234864588497,28.239971160888672,7.617151737213135,3.0,2.83203125e-05,2.44140625e-07,1,0
C1267251_V01_F00033_aaab1d84-ccc3-4031-a09c-68e6eb40cdee.jpg,C,C1267251,01,4096,3000,1,42.285849772135414,11.413962469568954,2.2365618038507344,25.447509765625,7.354581832885742,3.0,9.415690104166666e-05,1.6276041666666666e-07,1,0
C1267271_V01_F00006_25e320f0-0477-4cb8-8cc2-87f8ae42ef49.jpg,C,C1267271,01,4096,3000,1,41.484481201171874,10.275952910697509,2.16534077378183,29.094711303710938,7.573484897613525,3.0,3.206380208333333e-05,8.138020833333333e-08,1,0
C1267272_V01_F00004_2bd97466-5baa-4204-99ad-51bade406278.jpg,C,C1267272,01,4096,3000,1,42.11742301432292,10.495959683647767,2.1673592776134862,25.64813995361328,6.908854961395264,3.0,2.880859375e-05,0.0,1,0
C1267290_V01_F00004_21108fb1-84f2-4dff-a521-40d8067d4429.jpg,C,C1267290,01,4096,3000,1,43.672683512369794,12.017107193513288,2.758869572930605,49.81801986694336,10.237553596496582,4.0,8.040364583333333e-05,6.510416666666666e-07,1,0
C1267292_V01_F00003_de6f2daa-8b99-410d-994d-71fc4844562c.jpg,C,C1267292,01,4096,3000,1,78.19151888020833,15.944601197111513,3.2114681866353796,83.1373519897461,11.820290565490723,6.0,0.0,9.765625e-07,3,0
C1267321_V13_F00000_35fbdbb4-1fee-4099-b5c3-c0a94bf1aedc.jpg,C,C1267321,13,4096,3000,1,40.99800642903646,81.47702138446876,0.5091280808079099,164.96351623535156,10.77944278717041,1.0,0.7946482747395833,0.08709659830729166,3,0
C1267324_V11_F00008_fd0add87-dde7-49d2-8c4b-2fda3892b117.jpg,C,C1267324,11,4096,3000,1,66.51418920898438,24.003400831253618,3.7496163903808837,72.76602935791016,13.309202194213867,4.0,0.09796142578125,1.2858072916666667e-05,1,0
C1267329_V00_F00001_428c7ee9-787c-40d5-9855-2218b22674c2.jpg,C,C1267329,00,4096,3000,1,71.59008325195313,62.46966139890768,6.194634597666154,159.90809631347656,14.193083763122559,3.0,0.421437255859375,0.0012577311197916666,1,0
C1267335_V13_F00003_8ba01bd8-5ba1-4661-a7da-6b91efa1e02a.jpg,C,C1267335,13,4096,3000,1,135.95509147135417,84.77891448236812,8.981759765866245,456.8076171875,26.562213897705078,9.0,0.22152001953125,0.08167936197916667,1,0
C1267341_V02_F00007_ebe5370a-68fa-4feb-bf30-e8d33a4d53db.jpg,C,C1267341,02,4096,3000,1,39.956425862630205,11.74019118269124,2.14994425512357,36.20138168334961,8.601194381713867,3.0,0.0023587239583333333,1.3020833333333333e-06,2,0
C1267342_V01_F00008_1de4a9f2-979f-4822-9ab8-2cd7fc3bcbab.jpg,C,C1267342,01,4096,3000,1,38.023279541015626,10.627889097393034,2.4370544722147507,33.648338317871094,8.755971908569336,3.0,0.0010525716145833334,0.0,1,0
C1267342_V01_F00009_7247e54f-bcc5-4a98-aeab-ba93a1ab2466.jpg,C,C1267342,01,4096,3000,1,38.796412434895835,10.961475041188356,2.656184773883746,44.169921875,9.875996589660645,4.0,0.0008072102864583333,2.44140625e-07,1,0
C1267416_V11_F00001_d4271fa3-e87f-48da-b838-e589433adbd1.jpg,C,C1267416,11,4096,3000,1,69.93678214518229,37.81441381611101,5.451617770150534,143.5127716064453,17.261829376220703,5.0,0.20915144856770834,7.242838541666667e-06,1,0
C1267417_V12_F00010_91f25bae-2a7d-45f5-90f2-916767013d82.jpg,C,C1267417,12,4096,3000,1,77.14434724934895,17.16083350528799,2.5726125248159377,30.91998863220215,8.167242050170898,3.0,0.0,1.220703125e-06,1,0
C1267431_V12_F00002_40d1f111-f27b-430a-9d65-9c6c460361ea.jpg,C,C1267431,12,4096,3000,1,115.15253499348958,35.638926547415295,7.599664622049401,295.56207275390625,24.39482307434082,9.0,0.0,9.334309895833334e-05,2,0
C1267433_V12_F00011_1aa4efb8-4334-459e-9b4b-b26726a97604.jpg,C,C1267433,12,4096,3000,1,80.54380192057292,19.24736734598083,3.686791288246238,76.59476470947266,12.328795433044434,5.0,0.0,3.90625e-06,1,0
C1267433_V13_F00011_ef754cb2-4765-40f9-8ad2-db3bd575dce3.jpg,C,C1267433,13,4096,3000,1,94.15450626627604,57.09658907656052,5.852872402857439,174.6767120361328,17.89139175415039,5.0,0.23233365885416668,0.0010472819010416666,1,0
C1267444_V13_F00011_97887f60-086c-40c7-9fcc-6a5e1033dea4.jpg,C,C1267444,13,4096,3000,1,127.2831298828125,80.84012399500668,12.29002966191991,554.6709594726562,36.98766326904297,7.0,0.232357177734375,0.04146484375,1,0
C1267445_V03_F00003_d702ebb9-ce25-462e-ae7e-94a59af555be.jpg,C,C1267445,03,4096,3000,1,51.014525634765626,42.87377572268183,5.66145206131497,88.41506958007812,15.064448356628418,3.0,0.41259684244791667,6.184895833333333e-06,2,0
C1267453_V00_F00001_b2b91085-da8a-4c89-a605-1f9745e49149.jpg,C,C1267453,00,4096,3000,1,62.015135172526044,37.66640064406589,3.0392173599047525,30.418262481689453,7.985743522644043,2.0,0.27477327473958335,2.197265625e-05,3,0
C1267468_V03_F00011_2006b648-dea1-44af-9600-64b457faaad9.jpg,C,C1267468,03,4096,3000,1,50.258688232421875,50.38706099067459,7.315111202556139,270.05010986328125,19.399024963378906,3.0,0.5045045572916667,0.0007942708333333334,1,0
C1267468_V03_F00011_7fa4524f-bdd7-4a5a-8792-8525e462cec9.jpg,C,C1267468,03,4096,3000,1,50.258688232421875,50.38706099067459,7.315111202556139,270.05010986328125,19.399024963378906,3.0,0.5045045572916667,0.0007942708333333334,1,0
C1267556_V13_F00004_3517847c-8ad9-49dc-a042-f50cae031e13.jpg,C,C1267556,13,4096,3000,1,73.40637776692708,44.588321212211035,8.287245658803682,214.64488220214844,22.989309310913086,6.0,0.23042830403645834,0.0005234375,2,0
C1267564_V03_F00010_c6e94d8c-7db7-45b4-ae50-434961e18b67.jpg,C,C1267564,03,4096,3000,1,59.09981925455729,49.20442327432562,5.546558188353185,103.0499267578125,14.576641082763672,3.0,0.4200961100260417,0.00045841471354166665,3,0
C1267662_V11_F00000_6de30ab9-f677-4bd1-94a8-d75e8c5be948.jpg,C,C1267662,11,4096,3000,1,11.504829264322916,18.76886164458076,0.47196463626053387,37.2306022644043,5.04722261428833,1.0,0.8994574381510416,0.000470947265625,3,0
C1267763_V02_F00008_a5f6ef17-b002-4974-a61a-1d6ad6b1eeb6.jpg,C,C1267763,02,4096,3000,1,72.98545255533854,34.840572793430475,5.422133050733118,57.85703659057617,13.065908432006836,4.0,0.10967740885416667,2.8401692708333333e-05,1,0
C1268003_V00_F00004_f66f241a-d03b-47da-9a08-cb376131dc39.jpg,C,C1268003,00,4096,3000,1,60.18813818359375,31.44884785282232,5.425907745675961,88.01077270507812,15.051572799682617,4.0,0.19820638020833334,2.783203125e-05,1,0
C1268045_V13_F00000_6f43454f-5887-4257-afc4-bafa9986316d.jpg,C,C1268045,13,4096,3000,1,23.048261474609376,37.25572966778957,0.5095176160259236,82.85684204101562,9.839881896972656,2.0,0.7760349934895834,0.000214111328125,1,0
C1268118_V13_F00009_a2489f81-2893-4a43-a6f0-033ed821fdb6.jpg,C,C1268118,13,4096,3000,1,66.21441935221354,44.28137655837435,10.444137179942313,357.19580078125,28.170625686645508,7.0,0.24253645833333334,0.00130810546875,1,0
C1268119_V02_F00003_64ff857a-10cb-437c-ab23-2f765a4f6cbc.jpg,C,C1268119,02,4096,3000,1,75.41152766927084,20.370798297998473,2.719421542710715,67.03350830078125,8.691140174865723,5.0,0.0,3.6458333333333336e-05,2,0
C1268243_V02_F00002_991ae682-198c-4bb3-9fcf-b2ffb2d3bb80.jpg,C,C1268243,02,4096,3000,1,76.41979923502605,31.775609662638242,8.575560666776559,560.3484497070312,28.607189178466797,10.0,4.8828125e-07,0.0016658528645833333,1,0
C1268273_V02_F00009_e38be029-0550-4691-9f2c-ce5d54675c45.jpg,C,C1268273,02,4096,3000,1,73.25897469075521,29.723635147642135,2.895893604574458,48.51713562011719,9.973748207092285,3.0,0.099685302734375,3.5807291666666666e-06,1,0
C1268276_V03_F00002_937b46b3-37b0-4a97-866d-2a35a0d51f38.jpg,C,C1268276,03,4096,3000,1,18.843945149739582,27.486532895832976,0.586243936980545,27.306198120117188,6.365975856781006,1.0,0.7218736165364583,6.673177083333334e-06,2,0
C1268397_V01_F00001_9ad25bc8-f173-47e6-af5f-d2ce6f4befc8.jpg,C,C1268397,01,4096,3000,1,66.85703588867187,16.229015993191727,3.552412252609135,55.41055679321289,11.082170486450195,4.0,0.0,3.0924479166666666e-06,1,0
C1268397_V01_F00003_e1dc33a8-e49e-4d1e-a3a1-01a37fd5b839.jpg,C,C1268397,01,4096,3000,1,60.67038720703125,14.05001286802282,2.853467223503481,41.467735290527344,9.188457489013672,4.0,0.0,1.3020833333333333e-06,1,0
C1268404_V00_F00000_216ed0f8-dfbf-41c8-b9a2-b7e676cf4b1d.jpg,C,C1268404,00,4096,3000,1,49.09079947916667,56.448913513324506,3.539209136238189,104.41016387939453,11.586247444152832,2.0,0.5808229166666666,0.00032283528645833334,2,0
C1268520_V02_F00007_92af7c57-a453-4f28-a06e-5b9fe3b9ffb0.jpg,C,C1268520,02,4096,3000,1,77.88824291992188,22.90697508416913,3.8582021386428256,59.48976516723633,12.965790748596191,4.0,0.0,8.138020833333333e-08,1,0
C1268570_V13_F00010_970abf2b-fa53-4381-8951-0ed0c5109381.jpg,C,C1268570,13,4096,3000,1,55.28370255533854,32.08192785877256,4.612977095887537,78.73853302001953,12.280562400817871,3.0,0.250263916015625,8.601888020833333e-05,1,0
C1268610_V03_F00005_c71ea0a8-082d-492a-b60d-5eb2a187328e.jpg,C,C1268610,03,4096,3000,1,71.10404622395833,57.40107437232184,3.9595534786486155,65.10575866699219,10.333800315856934,3.0,0.40322159830729165,9.114583333333334e-06,1,0
C1268611_V01_F00009_1300f496-4810-4b0a-8111-59fc0648012d.jpg,C,C1268611,01,4096,3000,1,91.67881298828125,14.644638641983768,2.96581171718004,58.893943786621094,9.748127937316895,5.0,0.0,8.138020833333334e-07,1,0
C1268661_V13_F00004_5f1e06d9-843e-4815-bea1-44550d87e1ac.jpg,C,C1268661,13,4096,3000,1,78.50830249023437,51.23048920643231,5.891847723749866,152.16610717773438,14.947179794311523,5.0,0.25422859700520833,0.0008521321614583334,1,0
C1268737_V00_F00002_008599ae-e199-4f20-a4f8-4a15144e6dc2.jpg,C,C1268737,00,4096,3000,1,75.98443611653646,40.47770376578072,4.27942013815014,39.93830108642578,10.149866104125977,3.0,0.199552490234375,3.987630208333333e-05,1,0
C1268800_V01_F00005_57192bb9-9bf8-4529-aa71-0344094bb477.jpg,C,C1268800,01,4096,3000,1,63.86919921875,11.734035241559297,2.260337194097018,34.18208312988281,8.456886291503906,3.0,0.0,0.0,2,0
C1269171_V00_F00005_d1325c63-907f-4a9f-af03-aced386f40cf.jpg,C,C1269171,00,4096,3000,1,61.67854182942708,31.96989764195407,5.1737919443195635,134.26441955566406,15.769097328186035,5.0,0.204919189453125,3.4016927083333334e-05,1,0
C1269421_V00_F00003_4c4e1635-7896-453e-93d4-5eebd52c7eea.jpg,C,C1269421,00,4096,3000,1,63.776111409505205,35.920319379955814,3.4826367626710875,77.27389526367188,11.205118179321289,4.0,0.2518902994791667,7.32421875e-07,2,0
C1269421_V01_F00003_91349264-2e8e-44b2-ab4b-5cc67bbbf780.jpg,C,C1269421,01,4096,3000,1,78.4615077311198,13.873549360594842,3.276259538493037,103.54844665527344,12.727860450744629,7.0,8.138020833333333e-08,1.5462239583333333e-06,1,0
C1269465_V01_F00012_316e50ec-9579-48e2-b71d-0de36af0b5ed.jpg,C,C1269465,01,4096,3000,1,49.81594091796875,21.090046195394002,2.172179923507057,60.7829475402832,8.82848072052002,4.0,0.148857177734375,4.069010416666667e-07,1,0
C1269501_V12_F00002_502a430d-bfd0-454f-8e64-9ec79e1f2bca.jpg,C,C1269501,12,4096,3000,1,98.43534415690104,27.393674948910903,6.327733819319304,273.5922546386719,22.944841384887695,9.0,0.0,4.2561848958333335e-05,3,0
C1269699_V13_F00009_2b0fa62e-be2c-4bc8-b49a-11fc19f747e3.jpg,C,C1269699,13,4096,3000,1,20.019411783854167,35.9027282184474,0.5149577820004898,56.70345687866211,7.411469459533691,1.0,0.817223876953125,9.47265625e-05,1,0
C1269777_V02_F00010_4e23a86f-2a65-4e16-a0d4-08b7db417c28.jpg,C,C1269777,02,4096,3000,1,78.7666337890625,24.19792860365712,3.1528149197881126,79.90535736083984,9.998687744140625,5.0,0.0,0.00013264973958333333,1,0
C1269807_V02_F00005_7f04a465-26b9-40b4-a89b-eaf02bed6f2a.jpg,C,C1269807,02,4096,3000,1,60.29813053385417,14.931661696436034,2.325196866032937,32.858909606933594,8.394899368286133,3.0,0.0,0.0,1,0
C1269807_V02_F00008_c21bf6a0-647a-4180-89ba-bda5e16c9289.jpg,C,C1269807,02,4096,3000,1,59.41926733398437,14.335850089776102,2.39332185455552,32.679813385009766,8.615229606628418,3.0,0.0,0.0,1,0
C1269807_V02_F00009_d2c85d60-ddb7-4766-a69b-593cc91a5ec0.jpg,C,C1269807,02,4096,3000,1,57.56884855143229,13.847101260823033,2.545295565404516,31.883012771606445,8.552048683166504,3.0,0.0,0.0,1,0
C1269807_V02_F00011_b0518a69-efd6-48ca-9365-8d33f35e41d9.jpg,C,C1269807,02,4096,3000,1,57.83056274414062,14.005485570255853,2.4805775519477344,31.71299171447754,8.326837539672852,3.0,0.0,0.0,1,0
C1269821_V13_F00004_ed828d95-175f-490a-8516-57ae3c28f610.jpg,C,C1269821,13,4096,3000,1,73.3478594563802,43.782096603235445,7.776040185310731,254.849609375,24.06995391845703,5.0,0.223501220703125,0.000888427734375,1,0
C1269840_V13_F00010_c310eaef-8316-49e0-949c-d2cf60a2a1b7.jpg,C,C1269840,13,4096,3000,1,76.05911645507813,66.91847825807834,13.765145766442267,651.6937255859375,37.879127502441406,4.0,0.3893470052083333,0.00276611328125,1,0
C1269901_V03_F00007_6eb8c02c-1fbe-4ec6-a6a3-4b03dab0a8e4.jpg,C,C1269901,03,4096,3000,1,32.260484130859375,34.79860772263148,1.3881910912383093,28.831541061401367,6.81790828704834,2.0,0.580849365234375,8.138020833333333e-08,1,0
C1269906_V00_F00003_b6ce78fe-030f-4959-906f-db53bd630b33.jpg,C,C1269906,00,4096,3000,1,52.150001220703125,25.27776382422801,3.1680998764482915,25.221046447753906,8.523601531982422,3.0,0.20155419921875,2.44140625e-07,1,0
C1269934_V00_F00003_8d1e87d4-7ccc-483f-a7d2-00a9ec7ea219.jpg,C,C1269934,00,4096,3000,1,52.307049153645835,25.746690171779747,2.6939376335635283,25.731372833251953,7.63148832321167,3.0,0.203710693359375,0.0,1,0
C1269988_V03_F00006_7dc46f38-daeb-4e4a-8c93-055bcc223f35.jpg,C,C1269988,03,4096,3000,1,67.48733268229167,48.93227025810244,4.298219695087814,55.85006332397461,11.883663177490234,3.0,0.336655029296875,1.3020833333333333e-06,5,0
C1270076_V13_F00003_bd4df53f-bbb7-4aba-b740-7c8650a3352c.jpg,C,C1270076,13,4096,3000,1,96.27031013997396,59.35803605296928,8.48322265018274,162.45370483398438,23.024200439453125,5.0,0.227240478515625,8.3984375e-05,10,0
C1270077_V11_F00009_20434c12-37b6-415e-b5fb-bcb41ddb9b9e.jpg,C,C1270077,11,4096,3000,1,33.826793294270836,34.34693952371048,1.4541174824564675,36.66813278198242,8.587244033813477,2.0,0.6009154459635416,1.3020833333333334e-05,4,0
C1270084_V01_F00002_5dff3ca9-a9b6-4eae-baba-87497b36af2f.jpg,C,C1270084,01,4096,3000,1,84.69142106119791,13.534728734005386,2.3173738288632246,41.75399398803711,8.19522476196289,3.0,0.0,2.0345052083333332e-05,9,0
C1270160_V13_F00012_aaa4f253-9237-4da4-b2a2-68a25cfc9457.jpg,C,C1270160,13,4096,3000,1,90.98069620768229,65.60185596851657,8.14854680274647,1201.0667724609375,33.27876663208008,8.0,0.2528816731770833,0.022756998697916666,1,0
C1270166_V03_F00003_d0a6511c-fc09-47bf-9d3d-162fdc9afb8b.jpg,C,C1270166,03,4096,3000,1,40.631835205078126,37.18820868126627,2.8544761863044474,64.35429382324219,11.213820457458496,2.0,0.46939005533854167,8.626302083333334e-06,2,0
C1270186_V03_F00011_aa53c4c5-4a4c-4801-9f45-640c2bbfb2e8.jpg,C,C1270186,03,4096,3000,1,13.071846516927083,26.396001583600622,0.4855287660276395,27.205270767211914,5.435109615325928,1.0,0.8616099446614583,5.997721354166667e-05,2,0
C1270219_V02_F00001_a748af48-fac8-47b3-bff7-5fc85718f442.jpg,C,C1270219,02,4096,3000,1,30.883005615234374,28.13798625062506,1.0861750108952064,19.955228805541992,4.660628795623779,1.0,0.46629231770833335,3.255208333333333e-07,2,0
C1270236_V03_F00000_e679f7e3-19ae-47cd-b15c-92803813654e.jpg,C,C1270236,03,4096,3000,1,44.61289249674479,41.520532529040544,3.8915230429789505,67.4788589477539,12.949262619018555,2.0,0.453570068359375,1.8636067708333334e-05,8,0
C1270236_V03_F00003_9a7d488a-8152-4abb-95fc-1e8626a276f5.jpg,C,C1270236,03,4096,3000,1,41.99697355143229,38.54603589020628,3.8595851421001823,71.00101470947266,12.355578422546387,2.0,0.466511962890625,2.7913411458333332e-05,5,0
C1270241_V10_F00000_1c972860-1e0c-4989-8308-856755fe3282.jpg,C,C1270241,10,4096,3000,1,26.76925341796875,21.053142858288307,2.8912591426528316,101.38533020019531,12.017621994018555,2.0,0.458626708984375,1.1881510416666666e-05,1,0
C1270257_V03_F00003_08f4af6d-e70d-479f-b591-925d147db32c.jpg,C,C1270257,03,4096,3000,1,43.774204345703126,39.8127965954608,3.4909143359814627,50.656944274902344,10.953620910644531,2.0,0.46658447265625,1.5462239583333335e-05,9,0
C1270268_V03_F00000_2078f1ec-be23-446d-8d72-f0d9f1950e61.jpg,C,C1270268,03,4096,3000,1,44.82129248046875,42.28776178201706,3.641339754986883,85.63610076904297,14.605785369873047,2.0,0.445706787109375,2.2705078125e-05,1,0
C1270268_V03_F00003_a1a233a6-c9d0-40fe-a687-18505a015145.jpg,C,C1270268,03,4096,3000,1,47.79581778971354,45.02217169694556,6.474870651535423,147.99087524414062,17.335147857666016,3.0,0.4602720540364583,0.000123046875,5,0
C1270274_V03_F00007_8cff950b-cd51-4961-9584-0bd8655b7097.jpg,C,C1270274,03,4096,3000,1,43.37346883138021,40.80163654255631,3.497048641208663,74.55453491210938,12.99003791809082,2.0,0.46552099609375,2.3763020833333332e-05,9,0
C1270280_V03_F00007_6f99666a-f8b4-412c-9905-ff9d89fa64d2.jpg,C,C1270280,03,4096,3000,1,40.88665576171875,37.14270602373957,2.3231418371386954,51.81733703613281,9.653359413146973,2.0,0.469169189453125,4.231770833333333e-06,4,0
C1270280_V03_F00009_b1fbf14f-82fa-4637-8285-3f6d9787fd80.jpg,C,C1270280,03,4096,3000,1,39.80024715169271,36.3260999380128,2.825546912196158,42.44393539428711,10.091797828674316,2.0,0.46747810872395834,6.103515625e-06,10,0
C1270288_V13_F00001_23a70c47-c586-4564-9802-a657301139df.jpg,C,C1270288,13,4096,3000,1,62.46323095703125,50.46523663200182,7.146534663908991,474.7333679199219,26.080978393554688,4.0,0.31804988606770834,0.009267171223958334,1,0
C1270290_V03_F00004_b0f118d6-38ce-4450-ac48-d21a4a7e3efb.jpg,C,C1270290,03,4096,3000,1,46.05607755533854,42.95625534153659,4.642655769630124,175.53485107421875,18.285802841186523,3.0,0.45389241536458336,0.00014925130208333332,2,0
C1270307_V03_F00001_4db93be7-7d6c-497d-bedd-16fb16ccd3c0.jpg,C,C1270307,03,4096,3000,1,53.12358308919271,49.63475548681933,2.731103013021803,59.99017333984375,11.62563419342041,2.0,0.44619539388020835,3.816731770833333e-05,2,0
C1270307_V03_F00006_99f03dd5-526c-4072-a75f-5ada0ca8ece5.jpg,C,C1270307,03,4096,3000,1,44.96518041992187,41.535149482046286,2.9253829444285797,57.95826721191406,11.291299819946289,2.0,0.4689501139322917,3.4993489583333333e-06,7,0
C1270335_V02_F00002_f386b6fd-beed-4b1f-b0cc-cb3c4fad56ba.jpg,C,C1270335,02,4096,3000,1,60.906540201822914,21.503023511798016,5.387469699824185,186.64556884765625,19.225740432739258,7.0,1.8636067708333334e-05,1.8798828125e-05,1,0
C1270364_V03_F00013_727b1ec3-f6f8-443e-803b-2f966c13c814.jpg,C,C1270364,03,4096,3000,1,32.722286539713544,37.26821634495145,1.3689173804439099,96.28495025634766,12.001354217529297,2.0,0.5889736328125,4.0771484375e-05,2,0
C1270366_V13_F00001_0238e078-3386-49d1-8979-8d1bba11833d.jpg,C,C1270366,13,4096,3000,1,65.58448071289062,44.999505493753226,10.237279785663972,548.0449829101562,32.28297424316406,6.0,0.22173787434895834,0.0025638020833333333,1,0
C1270444_V03_F00002_1397014f-d4ce-4e8a-b685-911d734a942e.jpg,C,C1270444,03,4096,3000,1,53.16885001627604,55.27686720961941,3.4670091381795576,204.94052124023438,22.839460372924805,3.0,0.5282508951822916,2.197265625e-06,11,0
C1270444_V03_F00004_b9c76f0c-db35-4acf-9610-f657bb593d5f.jpg,C,C1270444,03,4096,3000,1,48.973883870442705,53.54124152712691,2.925165275434284,178.9214324951172,21.316226959228516,2.0,0.543435791015625,1.3834635416666668e-06,3,0
C1270518_V02_F00000_bf5801eb-2fad-4df6-8e0b-5c383399f2b5.jpg,C,C1270518,02,4096,3000,1,68.8337451171875,36.19851904015771,7.321374516268387,510.95965576171875,24.901222229003906,6.0,0.09690869140625,0.00228076171875,7,0
C1270518_V02_F00005_299852a6-3a15-44cb-bc71-3486dc39ef34.jpg,C,C1270518,02,4096,3000,1,81.55406233723959,32.35246661103874,10.771085614503246,1530.8037109375,39.17912673950195,9.0,0.001002685546875,0.0048538411458333335,7,0
C1270621_V03_F00003_2599373a-4fa0-4c0e-a319-3fa366b98927.jpg,C,C1270621,03,4096,3000,1,53.619430745442706,39.68491072756236,3.6304079449181987,62.20344161987305,12.285392761230469,3.0,0.38803304036458336,9.765625e-07,1,0
C1270652_V00_F00007_11330a20-857c-4770-a918-baf71c6dd28e.jpg,C,C1270652,00,4096,3000,1,55.26292252604166,27.52800553741037,3.0358130013699536,31.899864196777344,7.132463455200195,3.0,0.203493896484375,4.8828125e-07,2,0
C1270730_V03_F00005_d664c2d3-d8b9-4cf3-a9c9-6dda79b7a110.jpg,C,C1270730,03,4096,3000,1,52.35826123046875,41.63173315746207,1.8354481647594287,22.429716110229492,6.2943196296691895,2.0,0.43287247721354166,4.069010416666667e-07,1,0
C1270757_V03_F00008_baa3f445-48c9-4cd2-b0a3-1e265850ba42.jpg,C,C1270757,03,4096,3000,1,29.88718904622396,36.983930220717056,0.7312237868702363,30.833946228027344,6.485749244689941,2.0,0.679852783203125,9.765625e-07,3,0
C1270890_V03_F00006_39c243ac-2a3e-4fdc-92c1-8e43990f5702.jpg,C,C1270890,03,4096,3000,1,34.36941512044271,22.044891713254724,2.061587498911141,33.430965423583984,8.54508113861084,3.0,0.321082763671875,4.313151041666667e-06,2,0
C1270890_V03_F00008_d2394f9b-023c-4b9e-99e9-911524b33174.jpg,C,C1270890,03,4096,3000,1,34.22236140950521,22.153346619019967,1.8128418187355815,30.760080337524414,7.939680576324463,2.0,0.3197972005208333,4.069010416666667e-07,2,0
C1270890_V03_F00009_d1ef8913-e01d-46c7-be80-fa5c86afac91.jpg,C,C1270890,03,4096,3000,1,34.73513045247396,22.405203728152262,1.9757297390106596,33.70700454711914,8.447354316711426,2.0,0.3191211751302083,4.231770833333333e-06,2,0
C1270890_V10_F00000_21ca98e5-a0eb-4160-8562-cb415f57418b.jpg,C,C1270890,10,4096,3000,1,20.026002034505208,15.982089434724749,2.5796525245785693,119.70799255371094,11.606620788574219,2.0,0.4735458984375,1.595052083333333e-05,1,0
C1270933_V03_F00006_46fde222-96c4-464f-9605-8cb869fdefde.jpg,C,C1270933,03,4096,3000,1,49.821956380208334,35.829097568852596,2.213075696277183,49.85444641113281,8.283241271972656,3.0,0.3782841796875,0.0,1,0
C1271058_V01_F00001_ef111d0b-95dc-4504-86d2-91f68c2de2b8.jpg,C,C1271058,01,4096,3000,1,42.60581160481771,28.04837688988244,3.280085584111424,55.390899658203125,10.825762748718262,3.0,0.3067058919270833,8.138020833333333e-08,1,0
C1271087_V00_F00001_ee3dae04-1bbb-4525-aa8b-4ea52c290835.jpg,C,C1271087,00,4096,3000,1,45.20634798177083,36.09948856711539,4.293833582706698,96.34881591796875,13.690389633178711,3.0,0.41832991536458336,9.440104166666667e-06,1,0
C1271187_V00_F00005_1de71d86-e0db-40b0-8cb6-d868bb595064.jpg,C,C1271187,00,4096,3000,1,44.29064274088542,20.779678185551553,2.7821276099483208,35.38557434082031,9.140355110168457,3.0,0.19749210611979168,0.0,1,0
C1271201_V03_F00007_147e0938-c5bc-4213-bd3a-798e2daccc82.jpg,C,C1271201,03,4096,3000,1,31.902847819010418,25.74896234689875,2.3396254492974187,29.628707885742188,7.225838661193848,2.0,0.47527294921875,3.255208333333333e-07,1,0
C1271225_V11_F00001_7ad0e5af-4293-47c3-9a9e-3b4f4f844703.jpg,C,C1271225,11,4096,3000,1,16.807619140625,18.39579191494248,0.5001291570498461,87.93809509277344,7.06559944152832,2.0,0.7137225748697916,0.0004044596354166667,1,0
C1271350_V03_F00009_b0532482-b0cd-4eb7-a3e0-55e28c31562a.jpg,C,C1271350,03,4096,3000,1,17.799924886067707,26.071428985012084,0.5199263576647541,12.095211029052734,3.64444637298584,1.0,0.8054922688802083,4.069010416666667e-07,1,0
C1271359_V11_F00002_4926bff7-5d7a-4064-81aa-323a84aa9062.jpg,C,C1271359,11,4096,3000,1,66.92726603190104,25.12771490218383,4.3229646906835075,92.78255462646484,15.289519309997559,5.0,0.083408447265625,2.1158854166666666e-06,2,0
C1271359_V12_F00005_26d6e9eb-ec57-4fe5-8a22-c2a1bfe46327.jpg,C,C1271359,12,4096,3000,1,98.62407958984375,29.01812118633928,5.573684356736385,136.190673828125,17.440488815307617,7.0,0.0,1.3753255208333333e-05,2,0
C1271362_V02_F00012_4c05a38d-fde7-4f09-adc5-667d0448c9cf.jpg,C,C1271362,02,4096,3000,1,64.22345638020833,27.05854957623046,3.331830998833272,60.841957092285156,10.736804008483887,4.0,0.128902587890625,1.220703125e-06,1,0
C1271362_V11_F00010_c266f766-a779-4fd8-804f-e1ee6478ab20.jpg,C,C1271362,11,4096,3000,1,59.275318196614585,22.862389009862248,3.5501259595340624,51.952213287353516,11.444218635559082,4.0,0.11315169270833333,8.138020833333333e-08,1,0
C1271363_V11_F00001_b7da01f1-5b0e-4414-9758-2d843b25ef7b.jpg,C,C1271363,11,4096,3000,1,84.11457470703125,88.12167226787946,4.5000746017973805,217.52076721191406,17.73891258239746,3.0,0.45090421549479165,0.09982853190104167,2,0
C1271363_V13_F00004_31281aef-f9ef-4dc5-849a-e131644869be.jpg,C,C1271363,13,4096,3000,1,109.84498185221354,65.92915278589525,8.245030475400647,263.3853759765625,25.256919860839844,6.0,0.222552978515625,0.0015003255208333333,1,0
C1271382_V03_F00000_a0b18529-341c-452b-8240-af9765a108d4.jpg,C,C1271382,03,4096,3000,1,22.290721516927082,32.09739233850449,0.5030873803914597,24.682126998901367,5.364378452301025,1.0,0.7674601236979167,1.3834635416666668e-06,1,0
C1271491_V10_F00001_e03c9aeb-8b29-432e-ad6b-d45c33261606.jpg,C,C1271491,10,4096,3000,1,24.246485514322917,21.109091013277997,1.5355289293688952,57.31007385253906,11.402398109436035,2.0,0.5546483561197917,4.069010416666667e-07,1,0
C1271781_V01_F00009_bfba8345-3db2-4cf4-9f99-748475e484b1.jpg,C,C1271781,01,4096,3000,1,70.92880053710938,12.048153448501782,2.85162585951623,74.56590270996094,10.6536226272583,6.0,0.0,2.44140625e-07,2,0
C1271807_V11_F00007_751a5dff-85f8-43ba-8283-934b68ab52ba.jpg,C,C1271807,11,4096,3000,1,54.74823103841146,20.452048685011217,5.794266288310266,96.5680923461914,16.73035430908203,5.0,0.059607177734375,1.0579427083333333e-06,2,0
C1271932_V01_F00003_44549c4c-4077-4ffe-8ca0-1f5b6a64bdee.jpg,C,C1271932,01,4096,3000,1,70.35591251627604,10.456769031693803,2.0207115817940515,37.07891082763672,7.590517520904541,4.0,0.0,0.0,1,0
C1271932_V01_F00004_624563a2-b4dd-493e-86db-f96289e1fc44.jpg,C,C1271932,01,4096,3000,1,70.41283821614583,10.550464003137884,2.107250300395017,41.980438232421875,7.886759281158447,4.0,0.0,0.0,2,0
C1271932_V02_F00000_4ad65ca2-7585-4a4d-a981-be02ae77e34c.jpg,C,C1271932,02,4096,3000,1,19.158477701822918,28.642935532374757,0.46937898216048135,13.554346084594727,3.951831102371216,1.0,0.7301294759114584,0.0,1,0
C1271932_V02_F00003_e2860d1b-2128-48b1-9470-fee95ed322bb.jpg,C,C1271932,02,4096,3000,1,66.93239786783855,10.221240833687606,1.8716498424699868,24.58696174621582,6.274294376373291,3.0,0.0,1.6276041666666666e-07,2,0
C1271933_V13_F00004_dc146696-f637-4066-bb0f-29f4de3899ac.jpg,C,C1271933,13,4096,3000,1,110.43484643554687,81.04732439929876,9.158751974897099,298.24176025390625,27.36240577697754,6.0,0.253970703125,0.082817626953125,2,0
C1271941_V00_F00001_6d3aa7a8-4f82-4604-ab72-643f5d85c00d.jpg,C,C1271941,00,4096,3000,1,46.96901350911458,21.849036104701963,2.1189643446041346,18.13380241394043,6.327139377593994,2.0,0.20593570963541666,0.0,1,0
C1272006_V03_F00001_86d8f036-a9e6-45ef-82a2-0f3da4db3f41.jpg,C,C1272006,03,4096,3000,1,60.97179532877604,46.36114916790834,3.8088681053856996,166.28585815429688,15.705470085144043,3.0,0.354316650390625,0.0003291015625,1,0
C1272008_V00_F00023_aa5b72d5-ce7a-466e-b222-7b08aa2f5eab.jpg,C,C1272008,00,4096,3000,1,51.865928955078125,25.337833268263175,4.420652286672639,48.75178527832031,11.303411483764648,3.0,0.21338533528645834,1.6276041666666666e-07,1,0
C1272166_V02_F00001_a73fa988-5568-4c6b-b18f-dbe386a8f531.jpg,C,C1272166,02,4096,3000,1,67.67472648111979,19.34380503961671,2.8391857167076857,25.940378189086914,7.617916584014893,3.0,0.0,5.696614583333334e-07,2,0
C1272176_V00_F00004_6c584bc5-5f9d-4086-b070-6d584efbbebc.jpg,C,C1272176,00,4096,3000,1,21.322217610677082,25.570308630540808,0.666665777743222,19.67287254333496,6.212559223175049,2.0,0.7159754231770833,1.220703125e-05,1,0
C1272365_V13_F00001_5049eda2-98a5-40bd-ac68-0299d69867b8.jpg,C,C1272365,13,4096,3000,1,69.89583081054687,56.53468852347198,15.162536905633903,905.1599731445312,44.61557388305664,8.0,0.30369889322916666,0.00617626953125,1,0
C1272496_V01_F00008_b9eb299d-452d-4aee-b36e-48ed266aff11.jpg,C,C1272496,01,4096,3000,1,87.57431111653646,12.0187224006721,2.9578716845006188,58.18583679199219,11.04485034942627,5.0,0.0,8.951822916666667e-07,1,0
C1272520_V11_F00000_7a73da85-6dec-4242-8e23-2459ddfaf32e.jpg,C,C1272520,11,4096,3000,1,27.001469075520834,36.53365854919203,0.5004608879701808,93.95429992675781,9.331982612609863,2.0,0.7153159993489583,5.875651041666667e-05,4,0
C1272640_V02_F00008_108f3d5d-d61b-4c9f-a39b-d6739e491d54.jpg,C,C1272640,02,4096,3000,1,66.27323225911458,9.974423944886173,1.9664358394813357,27.302932739257812,7.541751384735107,3.0,0.0025682779947916665,8.138020833333333e-08,1,0
C1272677_V01_F00010_54ca2719-fc2c-4555-bd61-335ca4cbbd8e.jpg,C,C1272677,01,4096,3000,1,73.09525162760417,8.964445252771569,1.819027281730294,25.5578670501709,6.273564338684082,3.0,0.0,0.0,1,0
C1273099_V03_F00003_653779e9-95c4-446b-8f45-3c04a46812fd.jpg,C,C1273099,03,4096,3000,1,56.785846598307295,48.96377170261637,6.986297895440882,113.35618591308594,18.212785720825195,3.0,0.40113004557291665,1.5787760416666666e-05,9,0
C1273099_V10_F00008_0c465685-47a5-45c5-be29-32d45b2d99e2.jpg,C,C1273099,10,4096,3000,1,21.26626318359375,13.827408476412812,2.4260531295966805,20.322416305541992,7.253634929656982,2.0,0.40413395182291667,0.0,2,0
C1273105_V03_F00001_93ee89cf-3960-4ea3-a43e-f50f406844ea.jpg,C,C1273105,03,4096,3000,1,55.52200138346354,49.27166845651367,7.212650845598379,159.39990234375,25.011110305786133,3.0,0.4106097819010417,0.0012027994791666667,1,0
C1273105_V03_F00007_417fdb31-9b37-4bec-84e9-da853aa54559.jpg,C,C1273105,03,4096,3000,1,42.1274814453125,35.83361000150856,4.151354678958341,85.49303436279297,13.87208080291748,3.0,0.41040763346354164,5.7861328125e-05,2,0
C1273105_V03_F00010_b714121e-b599-4728-8ee4-a1266955f0eb.jpg,C,C1273105,03,4096,3000,1,40.84494490559896,35.225470382425584,3.488223463800164,69.48207092285156,12.895393371582031,2.0,0.4100377604166667,8.138020833333333e-08,5,0
C1273110_V03_F00002_83a5f01e-db07-4ceb-a574-284e57c3d72c.jpg,C,C1273110,03,4096,3000,1,53.58246248372396,47.97679246237535,4.664616049315557,103.2048568725586,17.147764205932617,3.0,0.4242018229166667,0.0,10,0
C1273130_V03_F00001_210214e8-6e10-48ae-bb2c-6e769b7b13b9.jpg,C,C1273130,03,4096,3000,1,66.16141455078125,55.20119975412328,5.121389831369035,87.66039276123047,15.425507545471191,3.0,0.397111083984375,2.1809895833333334e-05,8,0
C1273130_V03_F00002_bd6dd312-8c9c-4a32-bf7b-9da7ef67299a.jpg,C,C1273130,03,4096,3000,1,66.45466853841145,56.599285046544054,5.2152463446168555,72.69621276855469,14.330798149108887,3.0,0.402905517578125,2.1321614583333333e-05,6,0
C1273130_V10_F00003_46a2a14d-71b2-473d-bfe0-695ff57410d8.jpg,C,C1273130,10,4096,3000,1,32.10978759765625,23.093356388387043,3.07386908504881,28.899864196777344,8.498525619506836,2.0,0.402843505859375,2.44140625e-07,2,0
C1273142_V00_F00001_98fa5238-6d0a-4f0f-a4eb-3f2e4859eda8.jpg,C,C1273142,00,4096,3000,1,58.32343595377604,32.75287580965899,6.500018960015422,122.04647827148438,17.56364631652832,4.0,0.23295613606770835,0.00012093098958333334,1,0
C1273142_V03_F00003_7e517a9e-bd62-4ab8-88a1-6dccf50a1a9e.jpg,C,C1273142,03,4096,3000,1,60.49518050130208,51.16426547315857,5.770939334943134,118.38050842285156,16.080883026123047,3.0,0.4037932942708333,0.00015283203125,3,0
C1273145_V00_F00005_4e8c3017-a0d0-4f25-84b2-aca1ea912c16.jpg,C,C1273145,00,4096,3000,1,48.51105403645833,24.788294692299615,4.108633656847284,59.65757369995117,11.335792541503906,4.0,0.20724348958333333,2.6041666666666666e-06,3,0
C1273153_V10_F00007_eaeae059-dd1a-4d0f-9c23-61d2979acc9c.jpg,C,C1273153,10,4096,3000,1,29.176731282552083,19.13873782207847,2.4936999449707606,24.79408836364746,7.516257286071777,2.0,0.3716415201822917,5.696614583333334e-07,2,0
C1273207_V00_F00001_ddbadfe5-997f-45f4-b3dd-0cff3c54ff53.jpg,C,C1273207,00,4096,3000,1,73.10686702473959,37.554858883947226,4.795822972454557,56.999969482421875,12.320133209228516,4.0,0.17972029622395833,3.605143229166667e-05,3,0
C1273217_V00_F00001_ec070916-f281-4ad2-ad37-5335dbbd8e40.jpg,C,C1273217,00,4096,3000,1,61.42052807617188,34.40463872297798,6.7705602020721605,245.6855010986328,19.93454933166504,6.0,0.20062516276041667,0.00016349283854166666,1,0
C1273330_V13_F00011_cc5d46bf-e09d-4bc1-926c-dddd9d282501.jpg,C,C1273330,13,4096,3000,1,35.909505208333336,31.58884375515713,7.171433605862729,314.3612976074219,20.24374771118164,3.0,0.42163818359375,0.0006161295572916667,1,0
C1273338_V00_F00009_50eb441e-8f0b-4eb3-9874-62bcd1e158d3.jpg,C,C1273338,00,4096,3000,1,47.72333797200521,35.97967926736999,3.2131232240563454,44.91250991821289,8.489972114562988,2.0,0.3979803873697917,5.696614583333334e-07,1,0
C1273338_V10_F00004_72655f19-5561-4e5b-b374-1991756482dd.jpg,C,C1273338,10,4096,3000,1,18.3524169921875,18.431720607740196,0.5699941503434407,21.858720779418945,4.53999662399292,2.0,0.6879031575520833,2.44140625e-07,2,0
C1273373_V01_F00006_721c3e5c-1670-48e9-b0d2-9e47483b0d24.jpg,C,C1273373,01,4096,3000,1,73.96471842447917,10.989982610338066,2.3091424866975743,48.93246841430664,8.721436500549316,5.0,0.0,0.0,1,0
C1293676_V02_F00002_2923aa2c-8dd0-4b31-84fd-0096a99771ad.jpg,C,C1293676,02,4096,3000,1,43.53207405598958,14.60536073074693,1.7620448400782656,14.359182357788086,4.703866481781006,2.0,6.136067708333334e-05,0.0,1,0
C1293802_V01_F00002_6dd7a775-e406-4461-aa00-e3b1dc5f456c.jpg,C,C1293802,01,4096,3000,1,49.214172526041665,21.684737589415224,3.7047653628680512,136.2876434326172,14.039419174194336,6.0,0.017315673828125,2.099609375e-05,1,0
C1293828_V11_F00000_9498c671-07ba-48d0-80b3-d7a232f2fbbe.jpg,C,C1293828,11,4096,3000,1,11.59335400390625,15.246853656514972,0.4669638583965742,25.49091148376465,4.805357933044434,1.0,0.8000437825520833,2.44140625e-07,1,0
C1293885_V02_F00008_d71f5e5e-ebfb-46bb-b9cf-86a8e64db4e3.jpg,C,C1293885,02,4096,3000,1,35.525154215494794,14.25041040435418,1.8901540405200545,16.503076553344727,6.0953216552734375,2.0,0.061016276041666664,3.743489583333333e-06,1,0
C1293885_V03_F00008_9556d9f0-8223-4b45-950d-d485a3071e19.jpg,C,C1293885,03,4096,3000,1,3.7806652018229165,7.97111889790825,0.4275218507969557,11.2217435836792,2.7033815383911133,1.0,0.9226648763020834,4.8828125e-06,1,0
C1293942_V00_F00009_7896a95e-34c5-4dc8-915f-bb6ce710ccbd.jpg,C,C1293942,00,4096,3000,1,71.89843465169271,40.67162223186525,5.936144923558576,133.87478637695312,15.622239112854004,4.0,0.22047208658854167,2.6041666666666666e-06,1,0
C1293966_V10_F00002_92ec01d0-7947-4c8e-ac7b-7a7c26918956.jpg,C,C1293966,10,4096,3000,1,9.2420458984375,10.707870148586377,0.47485475371946173,19.242603302001953,4.6067705154418945,1.0,0.8264724934895833,3.0924479166666666e-06,1,0
C1293989_V03_F00001_4364c6ae-a5f6-4d32-8b6b-8d6b9814c9a4.jpg,C,C1293989,03,4096,3000,1,22.53546834309896,30.745948133568014,3.037596127930648,76.37779235839844,12.333614349365234,2.0,0.5709290364583334,0.000425537109375,5,0
C1293989_V03_F00004_3cb88a86-c018-45aa-b30e-b6806422d850.jpg,C,C1293989,03,4096,3000,1,26.6531083984375,28.274537023372044,3.208668291659379,67.1135025024414,13.18214225769043,2.0,0.44467081705729167,1.6276041666666668e-06,8,0
C1293989_V03_F00006_45c53b57-84a6-47d2-bdee-f19841e39cb4.jpg,C,C1293989,03,4096,3000,1,22.79722208658854,23.179085628940243,3.9997219809434057,90.4192886352539,13.720666885375977,2.0,0.45284334309895835,7.32421875e-07,11,0
C1293989_V10_F00003_77191c66-2cc9-40d4-bf93-de6c4c131a8a.jpg,C,C1293989,10,4096,3000,1,18.030534505208333,13.624357738856366,2.317852506884048,13.574958801269531,5.596877098083496,2.0,0.4532622884114583,0.0,1,0
C1293995_V13_F00006_699d36c0-0e99-490c-8120-f96e2d8cb551.jpg,C,C1293995,13,4096,3000,1,24.03118212890625,15.498510171985528,2.005561222029196,13.489432334899902,4.6320977210998535,2.0,0.33958601888020834,6.510416666666666e-07,1,0
C1293997_V01_F00003_b976ff45-c9e2-4384-9572-720af61c61e4.jpg,C,C1293997,01,4096,3000,1,54.023398600260414,15.924712129635374,1.7123050751877182,17.329145431518555,5.1566853523254395,3.0,0.00014192708333333334,2.44140625e-07,1,0
C1294000_V03_F00007_37beec22-a501-4ef5-9202-657007d14e39.jpg,C,C1294000,03,4096,3000,1,20.010248860677084,19.487768807109376,2.9902158735070543,45.13536834716797,9.93301010131836,2.0,0.4587789713541667,3.255208333333333e-07,2,0
C1294000_V03_F00010_367031c3-924f-4769-9c9e-9f5287f5f46c.jpg,C,C1294000,03,4096,3000,1,20.0917685546875,19.6702904755636,2.9126015293982435,59.22806167602539,10.828277587890625,2.0,0.4545259602864583,1.6276041666666666e-07,3,0
C1294000_V03_F00012_e04cf712-cbea-411d-b0d1-6833539f5df0.jpg,C,C1294000,03,4096,3000,1,16.880045247395834,20.299606096356218,1.65194033309413,61.85358428955078,9.800771713256836,2.0,0.5710125325520833,0.00012109375,2,0
C1294003_V10_F00007_fdd77aa0-26e0-4a14-8c5a-2f5e5aa8baee.jpg,C,C1294003,10,4096,3000,1,19.777355794270832,14.702994377088872,2.610089922417843,16.380647659301758,6.52328634262085,2.0,0.433262451171875,0.0,1,0
C1294020_V03_F00011_bea4cfba-3674-45e4-8594-b9ec54883a55.jpg,C,C1294020,03,4096,3000,1,23.34582462565104,22.7839725090641,3.7591896851434474,67.35862731933594,11.830552101135254,2.0,0.43282649739583334,7.32421875e-07,5,0
C1294024_V00_F00006_2939a24e-efde-4f73-8279-c7a1a852e44f.jpg,C,C1294024,00,4096,3000,1,58.76190486653646,31.331476803982472,2.9048943555583886,40.613014221191406,7.7263946533203125,3.0,0.22444287109375,0.0,1,0
C1294026_V01_F00005_bb8c4b15-3cf3-428b-9853-68d09cfcc9c0.jpg,C,C1294026,01,4096,3000,1,65.41789811197917,22.314330311309426,2.9124865090431817,58.107425689697266,8.361944198608398,4.0,4.150390625e-05,8.138020833333333e-08,1,0
C1294031_V03_F00006_ba8253d3-984f-4461-b802-10fef1865a0b.jpg,C,C1294031,03,4096,3000,1,25.71042138671875,26.92053213886181,3.9182308635327434,53.9820671081543,11.70354175567627,2.0,0.4070631510416667,4.069010416666667e-07,4,0
C1294031_V03_F00013_22534c97-ebe6-4b5e-b0b0-279ef350b6c8.jpg,C,C1294031,03,4096,3000,1,3.8148917643229168,11.389214272194536,0.4675291964838093,22.124414443969727,3.9693877696990967,1.0,0.9445787760416666,6.941731770833333e-05,3,0
C1294032_V03_F00001_10b29499-8355-41d6-84f8-019d36f2bcb6.jpg,C,C1294032,03,4096,3000,1,16.730656005859377,21.552345377336366,1.1310139055327895,59.00815200805664,9.787449836730957,2.0,0.587645263671875,1.8147786458333334e-05,4,0
C1294034_V03_F00005_89c071e9-94a9-46c5-956e-f2ac95800950.jpg,C,C1294034,03,4096,3000,1,31.8985224609375,35.37369467875433,3.439880624704513,73.77831268310547,13.360031127929688,2.0,0.43707503255208335,7.975260416666666e-06,9,0
C1294034_V03_F00007_93fe914e-4ddd-43ad-ae94-d8c200d15e6f.jpg,C,C1294034,03,4096,3000,1,23.661232177734377,22.9627683952734,3.821596946331514,55.94194793701172,11.518290519714355,2.0,0.44096687825520836,5.696614583333334e-07,6,0
C1294036_V03_F00010_20af1f14-d147-4bfd-8f2b-5c8d4377b4cf.jpg,C,C1294036,03,4096,3000,1,25.41813859049479,23.162340366956418,4.377307175327069,91.31962585449219,13.373275756835938,2.0,0.4178623046875,8.138020833333334e-07,5,0
C1294036_V03_F00013_3b219e2b-5851-4676-9970-b8f5bc39a9ec.jpg,C,C1294036,03,4096,3000,1,7.6637529296875,16.629378650281083,0.3720863317879542,39.75954055786133,5.434950351715088,0.0,0.859741455078125,0.00011482747395833333,2,0
C1294047_V03_F00004_b2d06f2d-99dc-452c-bd3b-6d597e82f7bb.jpg,C,C1294047,03,4096,3000,1,31.07695621744792,30.738155235445667,3.514661749120537,67.49441528320312,12.63593864440918,2.0,0.4094892578125,3.987630208333333e-06,7,0
C1294073_V03_F00002_8330669a-50af-4d15-bcdf-b15f139a2895.jpg,C,C1294073,03,4096,3000,1,27.6800458984375,31.461712832064958,2.7591084573154188,71.18208312988281,11.057705879211426,2.0,0.4446614583333333,2.2867838541666666e-05,4,0
C1294073_V03_F00005_216e3d9c-29a2-40c4-8875-6e1819c4bb86.jpg,C,C1294073,03,4096,3000,1,25.305482177734376,27.16637980944341,2.345768993176696,59.09803009033203,9.872732162475586,2.0,0.43148543294270836,8.056640625e-06,3,0
C1294073_V03_F00006_cb67c080-a3ad-494d-b7a5-b53b2e65182d.jpg,C,C1294073,03,4096,3000,1,20.70787215169271,20.31927620407805,1.9481611001440797,39.19480514526367,8.093597412109375,2.0,0.4366461588541667,2.44140625e-07,4,0
C1294073_V03_F00010_6b2723be-75d8-4db7-9ecc-9eb70a514a0f.jpg,C,C1294073,03,4096,3000,1,23.005614990234374,20.94144712013849,2.793888230095984,54.38912582397461,9.85339069366455,2.0,0.407203125,1.0579427083333333e-06,1,0
C1294133_V00_F00002_3f54626e-09f6-4783-b20b-717b74946003.jpg,C,C1294133,00,4096,3000,1,37.38213891601563,18.556420643842834,1.8072975536230462,12.056379318237305,5.205094814300537,2.0,0.217610107421875,0.0,2,0
C1294147_V03_F00003_3dfc8220-062e-459f-805e-abb1fe80f844.jpg,C,C1294147,03,4096,3000,1,32.63267211914062,38.83550703841031,1.5308126223822616,102.2213134765625,9.209610939025879,2.0,0.4919156901041667,0.000122314453125,2,0
C1294147_V03_F00005_5a224b2f-f3d0-417f-8dbe-5f6f88ca2632.jpg,C,C1294147,03,4096,3000,1,24.81196476236979,29.173102789374916,1.326362657610991,59.98373794555664,7.467632293701172,1.0,0.5397771809895834,4.7200520833333336e-06,8,0
C1294205_V13_F00008_68142f5a-a591-425f-a9dc-f5f0bd55cb5b.jpg,C,C1294205,13,4096,3000,1,21.369771809895834,15.158470845451674,2.4082314538019998,19.843338012695312,6.229310035705566,2.0,0.41706591796875,1.708984375e-06,1,0
C1294213_V03_F00046_cbaed96f-b229-4665-b2ed-303d0f3cec47.jpg,C,C1294213,03,4096,3000,1,28.305431477864584,28.204321601883716,3.634879212065064,61.345985412597656,11.583488464355469,2.0,0.42814444986979167,2.6041666666666666e-06,8,0
C1294231_V01_F00005_fb167e80-934e-4bdf-b229-9607450746a5.jpg,C,C1294231,01,4096,3000,1,109.36998982747396,52.48962535784196,8.02235077501486,166.29672241210938,16.72856330871582,6.0,4.8665364583333334e-05,0.008634033203125,1,0
C1294245_V01_F00008_c1bded78-5a14-4d41-80de-2af49bc9e028.jpg,C,C1294245,01,4096,3000,1,53.30270841471354,20.668038346763627,2.4628615906578277,27.392026901245117,6.5607123374938965,3.0,0.004666259765625,8.138020833333333e-08,1,0
C1294249_V11_F00006_542f52ab-48db-4c71-be41-6ebb0e3dce91.jpg,C,C1294249,11,4096,3000,1,23.326139729817708,10.581904373885942,1.8709054896289574,14.715269088745117,6.131524562835693,2.0,0.19027229817708333,4.069010416666667e-07,1,0
C1294270_V03_F00003_b27b70fe-ae23-43cf-a498-10c59d5caadd.jpg,C,C1294270,03,4096,3000,1,35.187421875,43.78472298220021,3.2735366738507214,66.3873062133789,11.637516975402832,2.0,0.43653946940104166,2.3030598958333335e-05,4,0
C1294270_V03_F00004_cf70c2b8-44ff-4d49-871b-3b5e724a5f20.jpg,C,C1294270,03,4096,3000,1,34.0361630859375,42.46538183592372,2.446829096117836,62.975887298583984,11.581055641174316,2.0,0.43830289713541665,1.7415364583333333e-05,3,0
C1294270_V03_F00007_c03ff699-27cf-42d0-ba91-3a12c238cc4a.jpg,C,C1294270,03,4096,3000,1,22.964567545572915,24.73904325110361,2.0648636161286533,35.98026657104492,8.616669654846191,2.0,0.46067488606770834,8.138020833333333e-08,6,0
C1294270_V03_F00008_e8b915f1-3f4a-44b9-8fca-dc06bca48669.jpg,C,C1294270,03,4096,3000,1,22.21844921875,23.601751095545143,1.8110103024921604,32.60889434814453,7.899302005767822,2.0,0.45254248046875,2.44140625e-07,3,0
C1294270_V03_F00010_fe883ad5-65a2-43ac-90c7-7136caf01f27.jpg,C,C1294270,03,4096,3000,1,21.474136393229166,22.66230529755006,2.011019937923733,38.06515121459961,8.127095222473145,2.0,0.44998152669270836,8.951822916666667e-07,6,0
C1294270_V10_F00004_84361afb-2f65-462d-a7ab-2d9fb948d3bf.jpg,C,C1294270,10,4096,3000,1,18.954874837239583,14.753015433148827,2.760355421559428,23.3271427154541,6.614560604095459,2.0,0.445460205078125,4.069010416666667e-07,2,0
C1294273_V10_F00010_b1db2c78-8890-4f51-a140-5f934fdb1926.jpg,C,C1294273,10,4096,3000,1,14.246784098307291,10.452193119964145,1.4034146598628854,17.28446388244629,5.467777252197266,2.0,0.50983642578125,0.0,1,0
C1294305_V03_F00002_bb7d94c8-2cbd-4bdb-a908-7a16080320b0.jpg,C,C1294305,03,4096,3000,1,27.14448681640625,25.202327421870287,2.5716204050927933,36.454490661621094,9.864051818847656,2.0,0.4123123372395833,0.0,5,0
C1294305_V03_F00007_52243113-ce0b-44e6-ae32-724d8f3cdae2.jpg,C,C1294305,03,4096,3000,1,23.69523486328125,20.466301671684317,2.230489562196153,30.052614212036133,8.264524459838867,2.0,0.39942122395833335,0.0,4,0
C1294313_V03_F00004_32157f46-667d-4b1f-b444-db42c6e24388.jpg,C,C1294313,03,4096,3000,1,10.800654134114584,14.707791828059205,0.6604738563835604,20.072946548461914,4.512019634246826,1.0,0.695633056640625,0.0,1,0
C1294315_V03_F00002_a3f173f8-6277-4c97-a417-e1e5e3c2fa81.jpg,C,C1294315,03,4096,3000,1,27.232864501953124,26.39382188956694,2.9230599220308013,56.11252975463867,10.067270278930664,2.0,0.42853507486979164,1.3020833333333333e-06,2,0
C1294324_V03_F00003_4bf687af-353f-49a9-9328-1b0e362a0dec.jpg,C,C1294324,03,4096,3000,1,24.65483015950521,24.87082472780586,2.419083825509822,50.50065612792969,9.68275260925293,2.0,0.4333212890625,7.32421875e-07,2,0
C1294352_V01_F00001_424a19c1-3b0a-4178-aca8-fd8a80ed8cc7.jpg,C,C1294352,01,4096,3000,1,71.68503719075521,30.515041986575458,4.555822355439094,74.11122131347656,12.686881065368652,4.0,0.0015542805989583333,5.452473958333333e-06,2,0
C1294369_V13_F00005_08d0cad3-b0f5-4476-9c59-4723c1d7756b.jpg,C,C1294369,13,4096,3000,1,18.682811442057293,12.841451882653976,2.4588522303471274,16.854663848876953,6.635692596435547,2.0,0.40366341145833334,0.0,1,0
C1294466_V00_F00001_bd2b1373-aadd-4a2b-a872-602f58056fc4.jpg,C,C1294466,00,4096,3000,1,84.47524324544271,51.86649068223473,5.906689057892981,87.43501281738281,13.692339897155762,4.0,0.216176513671875,0.00021036783854166667,1,0
C1294466_V03_F00002_21845a46-354f-4e46-bb5c-92e7045cad81.jpg,C,C1294466,03,4096,3000,1,33.28452872721354,39.28650799338365,1.4280263890179599,36.14037322998047,7.497670650482178,2.0,0.5016836751302083,2.6041666666666666e-06,1,0
C1294466_V10_F00001_b8d9cde4-2c18-419c-b809-fa81dc170a24.jpg,C,C1294466,10,4096,3000,1,28.26178133138021,24.62576967608037,2.4569156365144766,20.54117774963379,7.151780605316162,2.0,0.47780387369791666,0.0,2,0
C1294466_V11_F00002_2d6b650e-be08-4d25-bef0-0f853821cc77.jpg,C,C1294466,11,4096,3000,1,34.823764078776044,10.173755101705146,3.28331562430947,19.032468795776367,8.589592933654785,3.0,0.006181315104166666,8.138020833333333e-08,3,0
C1294466_V12_F00001_74d4564d-4dcf-49b4-91f1-72060c48a1d6.jpg,C,C1294466,12,4096,3000,1,37.96134611002604,20.865814879068214,6.011813932446655,57.7189826965332,14.922218322753906,3.0,0.10833390299479166,6.510416666666667e-06,4,0
C1294467_V03_F00007_426b1d8e-70cb-46a7-8db4-e4dac28f4c5e.jpg,C,C1294467,03,4096,3000,1,37.135904622395834,39.09062969643515,2.119157211765226,35.76079559326172,7.7527546882629395,2.0,0.438740234375,3.987630208333333e-06,4,0
C1294467_V03_F00007_d6e06aa9-d635-4eb6-81fe-7b44997e9740.jpg,C,C1294467,03,4096,3000,1,37.135904622395834,39.09062969643515,2.119157211765226,35.76079559326172,7.7527546882629395,2.0,0.438740234375,3.987630208333333e-06,4,0
C1294474_V01_F00001_c44e2dbf-8388-4d5e-8a76-a5b126189bb9.jpg,C,C1294474,01,4096,3000,1,33.14497770182292,30.416368352008906,2.7235238684807914,57.38731384277344,12.014456748962402,2.0,0.37694596354166665,2.0751953125e-05,1,0
C1294526_V10_F00012_5b7d01e0-d867-4d87-947b-6b45f703b5ab.jpg,C,C1294526,10,4096,3000,1,12.311657470703125,10.865592445629575,0.7071604745283411,14.699724197387695,5.0298051834106445,2.0,0.6431504720052084,0.0,1,0
C1294529_V03_F00017_955b30ec-b3df-480a-a4c9-5f8f984fd0b8.jpg,C,C1294529,03,4096,3000,1,18.611410319010417,26.286955153524776,0.7045791858796773,31.697160720825195,4.771255016326904,1.0,0.66327294921875,8.463541666666666e-06,2,0
C1294529_V12_F00003_fad3f2fc-7688-4cb2-87b3-41b0ff0bfcce.jpg,C,C1294529,12,4096,3000,1,38.068137613932294,20.507249982521934,3.8936595278597643,79.36361694335938,12.779410362243652,4.0,0.115074951171875,2.0345052083333333e-06,1,0
C1294531_V11_F00009_e4dacd3d-e126-4b78-a9bd-a0d04b06b496.jpg,C,C1294531,11,4096,3000,1,31.972142252604165,8.265081355425087,2.1926350620575286,23.007888793945312,7.7214035987854,3.0,0.015913330078125,0.0,2,0
C1294531_V13_F00010_cb9c2a3b-fc14-4179-bc0f-29a1e98f949e.jpg,C,C1294531,13,4096,3000,1,18.28047412109375,24.708871856633873,1.2786549404294445,48.63688659667969,7.74237585067749,2.0,0.6794558919270833,2.5227864583333333e-06,8,0
C1294536_V00_F00003_e9a8fd85-11ce-43c3-bb4e-60f2bef88698.jpg,C,C1294536,00,4096,3000,1,64.49614624023438,36.70579343604535,4.770319661401404,143.64752197265625,14.067342758178711,6.0,0.23163566080729167,2.44140625e-06,4,0
C1294536_V11_F00005_5f852a5d-53c1-412b-bf65-cbb1d9771de0.jpg,C,C1294536,11,4096,3000,1,31.769333658854165,7.455207468416648,2.620182373942643,33.483131408691406,9.399744987487793,4.0,0.003892659505208333,0.0,2,0
C1294536_V12_F00003_f2549483-3809-4ede-b55d-ac93212a1276.jpg,C,C1294536,12,4096,3000,1,37.75721533203125,17.133587551044947,4.007032137235628,71.72969818115234,13.900081634521484,4.0,0.10015543619791667,1.6276041666666666e-07,3,0
C1294538_V01_F00014_83627962-903f-46ac-8e33-57967cd43f0a.jpg,C,C1294538,01,4096,3000,1,57.921157389322914,23.160964228329743,3.787068255268125,146.5163116455078,13.283772468566895,6.0,0.0022625325520833333,3.0110677083333333e-06,1,0
C1294538_V11_F00006_f8ab0cdc-9105-478b-8ddc-89904425d50d.jpg,C,C1294538,11,4096,3000,1,30.25069864908854,9.326609533260893,1.7414784217712147,19.46230125427246,6.845703125,3.0,0.04736360677083333,0.0,2,0
C1294554_V00_F00000_06312540-2ab9-49a5-8564-a3e0b1bebfd8.jpg,C,C1294554,00,4096,3000,1,55.21342325846354,31.70999016059057,8.124423057414953,147.84075927734375,21.19660758972168,6.0,0.21620402018229168,9.562174479166667e-05,1,0
C1294670_V01_F00000_569520cf-50ca-472c-9adc-7b907689b927.jpg,C,C1294670,01,4096,3000,1,23.953939860026043,33.18043455024847,0.4845932041256654,64.48706817626953,9.533961296081543,1.0,0.6097220865885417,0.000309326171875,1,0
C1294839_V01_F00001_4fe12df3-5df7-49cf-a028-051c9f894651.jpg,C,C1294839,01,4096,3000,1,42.393706949869795,42.40059577337603,3.0253607233974202,60.88942337036133,11.686339378356934,2.0,0.41897257486979167,4.231770833333333e-06,1,0
C1294906_V01_F00004_61b52282-624c-4f81-83be-59abfbc8f726.jpg,C,C1294906,01,4096,3000,1,61.273873616536456,21.73625336352105,3.402623088110163,31.982084274291992,10.485052108764648,3.0,0.000317626953125,8.138020833333333e-08,1,0
C1295187_V01_F00007_07546bee-9158-42b2-aa91-5e8c7ea1ac6e.jpg,C,C1295187,01,4096,3000,1,54.649044270833336,20.172073222254035,2.741438542355437,42.81583786010742,8.858768463134766,4.0,0.0010224609375,2.848307291666667e-06,1,0
C1295255_V00_F00004_73f9d1f6-c32a-4d7a-a6c3-cb37c876410f.jpg,C,C1295255,00,4096,3000,1,66.47748665364584,36.48987678428868,3.726860882233588,48.12153244018555,10.20766544342041,4.0,0.22129191080729166,0.0,1,0
C1295404_V03_F00007_0fa1e637-2b1b-462e-969a-8371def87461.jpg,C,C1295404,03,4096,3000,1,49.611452555338545,35.149306185194696,3.513014003088641,92.3526382446289,9.786142349243164,4.0,0.25935546875,4.801432291666666e-06,1,0
C1295451_V02_F00001_5c3f274f-4eab-4427-b66b-181a57003f2c.jpg,C,C1295451,02,4096,3000,1,35.157883138020836,14.0437141302998,1.9204179955003582,31.331565856933594,5.85430383682251,3.0,0.012923177083333333,8.138020833333333e-08,1,0
C1296057_V12_F00003_42c3b802-c062-498e-920d-81e2580eab65.jpg,C,C1296057,12,4096,3000,1,38.016653483072915,16.16044995997629,2.4946211534904004,21.257097244262695,6.6139750480651855,2.0,0.108513671875,0.0,1,0
C1296092_V00_F00005_9879084a-adb6-42bc-832e-d49697858bf5.jpg,C,C1296092,00,4096,3000,1,64.06432796223959,35.44951874607946,3.3925252910280306,37.46908187866211,9.445108413696289,3.0,0.22067513020833332,9.765625e-07,1,0
C1296268_V00_F00006_47746798-7565-4a80-8592-fad67f41dd03.jpg,C,C1296268,00,4096,3000,1,47.17939046223958,24.143209392802664,1.9815709014909186,20.14607048034668,5.902500629425049,3.0,0.22437353515625,0.0,1,0
C1296289_V00_F00002_2d72779a-099c-457a-8d6c-5f84586a1b8e.jpg,C,C1296289,00,4096,3000,1,46.66466544596354,23.685218400407884,2.3928618875601693,22.631872177124023,7.223532676696777,3.0,0.22115714518229165,1.708984375e-06,1,0
C1296446_V02_F00001_47104441-acc4-4e83-b94c-cf8a75b85087.jpg,C,C1296446,02,4096,3000,1,37.48476114908854,24.91997141771463,2.2436084004660515,39.358909606933594,7.008747577667236,3.0,0.20881681315104167,2.3600260416666668e-06,1,0
C1296455_V01_F00001_0d8561d1-1c44-4d29-93a5-bfd9563d4261.jpg,C,C1296455,01,4096,3000,1,52.358193033854164,15.374114113086886,2.052811621509888,25.218551635742188,6.108888626098633,3.0,0.0003896484375,0.0,2,0
C1296567_V00_F00008_e08e112c-ee40-4a0c-82cc-d8beb80bd9d0.jpg,C,C1296567,00,4096,3000,1,53.63262654622396,41.911698031055366,7.9432634088768825,108.74427795410156,15.47955322265625,4.0,0.3261033528645833,5.8430989583333336e-05,1,0
C1296567_V11_F00008_d11b705f-c291-4cf7-9bed-0eb0c9dd6f5e.jpg,C,C1296567,11,4096,3000,1,35.16153556315104,13.301989460070315,1.8856931870777305,25.029048919677734,6.524059295654297,2.0,0.08895556640625,8.138020833333333e-08,1,0
C1296842_V00_F00010_e333762d-1b16-4ba3-aebc-09387d6277d1.jpg,C,C1296842,00,4096,3000,1,57.09663720703125,30.836895611860484,4.942092675613315,75.27667236328125,13.208029747009277,4.0,0.22110481770833335,1.171875e-05,1,0
C1297232_V00_F00019_b47fce44-8b57-4765-85bd-f260c47cb4a8.jpg,C,C1297232,00,4096,3000,1,47.71995524088542,33.49173195638143,5.5007755359580255,153.3728790283203,17.148845672607422,4.0,0.27590275065104164,0.00033390299479166665,3,0
C1297407_V03_F00002_127c2d25-0f68-4fac-a54c-cf66074fee73.jpg,C,C1297407,03,4096,3000,1,22.06627058919271,30.527842534542543,1.0064690743063214,39.62889099121094,7.953547954559326,1.0,0.6358934733072916,1.8473307291666665e-05,1,0
C1297454_V03_F00021_ae5fb6ee-05bf-43ae-88ce-57db262b3e83.jpg,C,C1297454,03,4096,3000,1,24.471355794270835,25.167653254322122,1.8658194561863097,28.71917152404785,7.214690208435059,2.0,0.4918811848958333,3.255208333333333e-07,1,0
C1297626_V01_F00005_4d817204-1d1f-4ca8-aeef-f00a04e9a496.jpg,C,C1297626,01,4096,3000,1,67.06237337239584,29.02278218515316,3.967665540713364,62.003665924072266,11.000825881958008,4.0,0.0056796875,2.2786458333333335e-06,6,0
C1297627_V00_F00001_4774872f-b8b0-4b2b-acb3-27391ec220d7.jpg,C,C1297627,00,4096,3000,1,72.50606429036458,43.29756067522627,5.568039109359873,77.97406768798828,13.176054954528809,4.0,0.21401350911458333,8.308919270833333e-05,5,0
C1297627_V01_F00002_08304277-d9b9-4278-992a-2fbf45ac0c3f.jpg,C,C1297627,01,4096,3000,1,70.37411352539063,28.978871808948487,4.634287531113095,67.44208526611328,11.352778434753418,4.0,0.00229736328125,4.638671875e-06,11,0
C1297678_V00_F00158_266cd878-043c-49d9-853d-89842973bdaf.jpg,C,C1297678,00,4096,3000,1,50.93618025716146,27.76565188353475,3.852435349552245,46.98580551147461,10.507757186889648,3.0,0.218574462890625,3.743489583333333e-05,1,0
C1297684_V03_F00021_a4be7103-f191-4e3d-94fd-b1066c448db4.jpg,C,C1297684,03,4096,3000,1,24.64368562825521,24.130105881997924,1.6376651680705183,22.166906356811523,6.742167949676514,2.0,0.49501009114583333,7.32421875e-07,1,0
C1297732_V12_F00002_690ce01b-87b3-4403-bdc5-8138915ae7ce.jpg,C,C1297732,12,4096,3000,1,42.40950903320312,22.52356641680718,4.023331072306382,41.23162078857422,11.242714881896973,3.0,0.09927913411458333,4.8828125e-07,2,0
C1297734_V01_F00001_b975d59b-9dfa-45c8-9458-e7556446b4e5.jpg,C,C1297734,01,4096,3000,1,52.71090763346354,19.10581635238286,2.8605236611260354,33.24968338012695,8.947906494140625,3.0,0.005866536458333333,0.0,1,0
C1297791_V03_F00006_00e6301e-ac54-46db-a02e-9b80b31e0a90.jpg,C,C1297791,03,4096,3000,1,34.89173282877604,34.59071334223931,1.6153412577738209,30.2854061126709,6.726895809173584,2.0,0.430509765625,3.255208333333333e-07,1,0
C1297928_V11_F00002_15c2d26c-bfb1-4d1f-8c43-74ead97f9022.jpg,C,C1297928,11,4096,3000,1,37.39685148111979,11.317693690022608,1.8940163851032823,28.179302215576172,6.604409694671631,3.0,0.009102213541666666,0.0,2,0
C1297979_V00_F00005_93d77e6c-1d40-438c-ab55-e782374f4262.jpg,C,C1297979,00,4096,3000,1,48.65187630208333,23.966407714248387,2.4396853477111744,21.796062469482422,6.7593255043029785,3.0,0.22075984700520834,0.0,1,0
C1297980_V12_F00004_2044277b-3f43-471b-b4dc-fb9c677ba949.jpg,C,C1297980,12,4096,3000,1,44.741325276692706,18.85662939318071,3.1633956831599295,50.856868743896484,8.575084686279297,4.0,0.06236873372395833,8.138020833333333e-08,2,0
C1297983_V13_F00004_a6b6ad49-7461-4329-a002-c872c9450c39.jpg,C,C1297983,13,4096,3000,1,33.448186116536455,23.724837514588284,2.725608284295098,33.76955795288086,6.2033867835998535,2.0,0.30576806640625,1.708984375e-06,2,0
C1298001_V01_F00001_a36b32c7-68c1-4ab6-a9b5-c756be4046d2.jpg,C,C1298001,01,4096,3000,1,65.18220564778646,38.28062888839273,5.065053968129347,146.56321716308594,15.072917938232422,5.0,0.11530265299479167,0.00012320963541666668,1,0
C1298002_V10_F00006_cba74ab4-142c-4dae-ad91-81bfa3787104.jpg,C,C1298002,10,4096,3000,1,21.283277180989582,18.08480593478643,0.9596867126507023,16.437854766845703,4.679652214050293,2.0,0.5425333658854167,0.0,1,0
C1298008_V10_F00003_61301276-b02e-420e-9b9f-5fc5e31427e5.jpg,C,C1298008,10,4096,3000,1,34.360263102213544,28.913034324336902,2.024213018075151,30.904626846313477,6.293220043182373,2.0,0.470758544921875,1.6276041666666666e-07,6,0
